year,dir,prior_bars,prior_move,extension,runup,recent_pullback,t15,t1h,t4h,htf_conf,e4h,m1_mom,m1_vol,atr_pct,vz,body,rejwick,hour,mfe,mae,cont,hwin,cl
2020,-1,242,3.333872867646702,3.040742935256442,3.2738481498495524,5.097098952936159,-1.0,-1.0,-0.0,-2.0,-0.07289570420721389,2.759587381219378,0.6069679032905098,0.1111609237785289,3.3603412600851628,0.4322125813448763,0.12039045553146978,22,10.22295974981693,1.9733125975793095,1,1,1
2020,1,360,11.438622353288862,15.330868810131596,16.406840521194262,19.785619560940166,-1.0,-1.0,-1.0,-3.0,-3.7289403545220425,0.9387967498014731,2.3440931819835997,0.21213352466256172,8.98611801560493,0.7838737080560657,0.0023361177969728267,4,8.382158908970624,5.955350375316214,0,0,0
2020,-1,778,16.23301073169485,3.9513714928763615,2.3097630325214005,4.513352252432172,-1.0,-1.0,-1.0,-3.0,-2.760794134218526,0.19066036449763168,0.8746403163563744,0.140185538409827,7.4852441989216185,0.3652810682748208,0.0,21,8.442748535505755,18.30146964464661,1,1,5
2020,1,54,2.3372880000047043,5.922163935535971,7.6878016742451445,9.06896237861636,1.0,1.0,1.0,3.0,1.5760651521492124,3.623383820200225,1.3007376672827011,0.16891725137611713,4.668639965804787,0.9504303474657366,0.04287535862288188,2,7.954535861851499,2.0982561760963683,0,0,0
2020,-1,454,17.948687447712054,3.473405296427568,4.205874379700311,6.053244278400126,-1.0,-1.0,-1.0,-3.0,-7.653641213872175,-0.30685133223286937,2.5061210083328493,0.22266356425950581,2.4739518460416234,0.5041743970315361,0.0027829313543574017,15,1.9809356096856474,25.907700485459483,0,0,1
2020,1,7,4.135040102353694,3.2145318297578163,6.330073571227211,8.24463054130018,1.0,1.0,1.0,3.0,5.932402680232991,0.8899907471462997,2.046006389851542,0.23909184574125594,1.7135626327678253,0.7626520895785571,0.09504496561453578,16,25.47246206403118,0.7433422520194993,1,1,2
2020,-1,290,10.518451398327555,3.731701154280505,4.955529320608451,6.602986551985781,-1.0,-1.0,-1.0,-3.0,-10.58072324522446,2.664211768220495,7.4675263248216,0.4009784544306895,4.645632607929556,0.6122800449269961,0.057955821789590196,16,8.571428671125858,0.5743456952628736,1,1,1
2020,1,330,8.598582789966017,4.028923401194461,5.417017946149635,8.447862259436974,-1.0,1.0,1.0,1.0,5.602241000748741,2.102732438985539,3.059208343357442,0.26641401381123636,3.1437377801825552,0.6047090785601085,0.32805071315371875,20,0.5925523661299112,11.46602914492278,0,0,3
2020,-1,9,3.2064800288187922,3.989763876246657,6.348232283145219,8.26863839256723,1.0,-1.0,-1.0,-1.0,-5.602241000748741,2.1323753595181443,2.1397424408181096,0.2864057448218704,7.34282307255886,0.8810980940723873,0.0,20,3.1957664661442022,2.3511806086299067,1,1,0
2020,1,189,1.3574853241676306,3.4844292783526956,0.9738376765625296,4.300231682779303,-1.0,1.0,1.0,1.0,4.493573901467581,0.6907883238862375,1.2903721662132757,0.2632422367559787,1.1580628651853715,0.6229461756374102,0.2521246458923397,12,13.199409380246719,1.0081005482354444,1,1,3
2020,-1,402,8.429952773450962,3.389979265810763,7.3167678166185555,10.874091395969021,-1.0,-1.0,-1.0,-3.0,-6.70491892683787,3.0573114708995215,4.392315800934316,0.2860731518034033,2.389776746658448,0.47343720668291983,0.3009198423127562,22,3.726844131152381,4.469691882509867,0,0,0
2020,1,136,6.366360093636091,3.421569134131975,1.126423255011306,2.8140185713655526,1.0,1.0,1.0,3.0,5.873961746322624,1.3007034192208957,1.1058563762948368,0.21029163234786039,0.13027448584267562,0.4865591397849465,0.473118279569893,9,2.0197532342830753,5.2568361011158995,0,0,4
2020,-1,216,3.7772283461429277,3.0312523233512407,1.8341155097231285,3.639972453265632,-1.0,-1.0,-1.0,-3.0,-6.488161436922495,1.763848942933681,0.5328542751676705,0.1836971145449874,2.106276032629119,0.8866666666666788,0.05333333333334546,3,2.4975189919633816,3.029721988365114,0,0,1
2020,1,207,4.078342856631395,3.3168485372972705,2.2500245283864113,3.359777686653448,1.0,1.0,1.0,3.0,5.594903956903044,2.402311551971006,0.7595908910730783,0.1328187833315957,6.828488032200357,0.3814667424673099,0.005116543490627901,20,42.25755067821171,4.101462714095292,1,1,2
2020,-1,632,21.515811748195617,4.144926691604088,3.8515799492171534,5.383853401263137,-1.0,-1.0,-1.0,-3.0,-9.984738630513371,1.9064339026825494,1.6669300711596653,0.31197362345614804,6.4298138102173885,0.768894355610225,0.0009566762334250224,1,2.6107454255352502,2.5164346048082673,1,1,5
2020,1,129,2.872430217893191,3.1488567859236816,2.588096655808888,6.145572386072595,1.0,1.0,1.0,3.0,8.793192653492675,1.690182256564397,1.844583392464132,0.2584727033979918,4.387254019268031,0.877806477250156,0.05861315318893131,12,0.7652760678733515,6.277820554483884,0,0,2
2020,-1,487,4.605635134752225,3.2103358754128615,3.1268017133490766,5.013118569258854,-1.0,-1.0,-1.0,-3.0,-9.389435850802487,1.2643250768297232,1.290105861183604,0.23205713648700366,3.661427978187984,0.9993315508021244,0.0006684491978755518,4,1.218550940510169,3.953954091767436,0,0,1
2020,1,106,6.1170686024403285,3.1989036782058466,2.239300497729677,3.3082669904730717,1.0,1.0,1.0,3.0,8.863803249061307,2.031626910245771,1.2295285560323104,0.18196782971697614,1.0020744901996448,0.29440688383521363,0.22679778733868533,13,1.4001003660703106,5.54203835117142,0,0,2
2020,-1,258,4.569973222268983,15.947466885372387,17.19241798863123,17.516081818362842,-1.0,-1.0,-1.0,-3.0,-10.038034518818149,2.8378589167213306,2.6840986024625892,0.25872063142534973,9.801005444080745,0.6528145695364249,0.0,11,5.61743473716979,1.3013242165173071,1,1,0
2020,1,420,0.3601208246985935,3.9320428551018742,3.5507240192242087,3.7344866082759722,-1.0,1.0,1.0,1.0,5.801242016851818,1.5768011813974236,0.6519748580722035,0.1702307771421599,2.8880665124092673,0.6010482180293425,0.006498951781959873,22,1.569722921863772,7.709951263733412,0,1,3
2020,-1,121,6.613794132968748,3.2628415744597734,0.7191906905546339,2.9641697331390633,1.0,-1.0,-1.0,-1.0,-5.372556013220897,0.4583130127054346,0.7372628875999364,0.1512517454654944,1.588185498389592,0.9966536530953993,0.0,8,1.0956540477640964,4.67703967205079,0,0,1
2020,1,145,2.6045826463246855,4.294025299557858,10.52891849135544,18.06992815895097,-1.0,1.0,1.0,1.0,4.401152506161532,8.387331875872468,4.609546678027687,0.16912802134642885,2.856639685758586,0.7538028169014146,0.17492957746478976,20,5.099255840004322,2.370516219395343,0,0,0
2020,-1,152,2.486230737607739,3.147235128482945,4.219921539824445,5.3810427143750985,-1.0,-1.0,-1.0,-3.0,-5.877085184767809,2.9263211285401565,3.179588052026144,0.16595932945886432,0.20993003027485896,0.25180102915952784,0.2747855917667348,8,5.955696940199922,2.6710651077037726,1,1,4
2020,1,613,16.93157279497839,3.7865923701922024,5.167521280852738,10.142434406544664,-1.0,-1.0,1.0,-1.0,2.25068083354284,-0.419813746665478,1.8442204528787396,0.19863079298668643,1.448235715129866,0.7976256212037531,0.03589177250136101,11,6.6659170220886175,2.7132627074832203,1,1,5
2020,-1,151,1.1203725706696863,4.629285386360296,4.739413611156702,5.341041509943692,1.0,1.0,-1.0,1.0,-2.9059011949712024,3.1449893591013103,1.2788489218248391,0.20626412058537888,4.202078670083024,0.7598856598380174,0.011195807527378514,0,5.367703247269565,0.9685165885095474,1,1,2
2020,1,246,0.6327094559073124,3.521839898336807,2.6476327962340815,3.389574960332672,-1.0,-1.0,1.0,-1.0,2.216709175500027,0.591075663319363,0.6795432570945371,0.14179334081551032,5.338335578924241,0.6516129032258137,0.0,21,2.660236570256111,7.842908448127193,1,1,3
2020,-1,40,5.063868748365703,3.4109926987190207,3.3307429231306065,5.103135481856164,1.0,1.0,-1.0,1.0,-2.031106926898298,0.5274339831277046,0.8247141086393828,0.15619212102344268,0.22057495763894636,0.8713366690493709,0.0007147962830749417,0,1.1903209799259364,8.433878404986771,0,0,2
2020,1,69,6.335762593836041,3.0172652597998977,0.45729008257102166,2.2898503391191865,-1.0,-1.0,1.0,-1.0,2.2362061754024816,0.8177573169657064,0.48326036138540635,0.14014765319667175,0.34343476512142557,0.5016322089227776,0.13819368879220525,6,8.368068518421572,4.535501636800253,0,0,3
2020,-1,713,21.437666602661565,3.4734167017548354,2.224114242861658,3.5919639098502327,-1.0,-1.0,-1.0,-3.0,-6.731201955878384,2.178274356932134,1.9617688669702,0.28850986132908946,1.2038049078979183,0.40852490421454507,0.0,17,0.05278874991785668,20.195578369300762,0,0,5
2020,1,43,6.355066331905902,3.5633745385095397,0.8907823208026893,2.7673637432936764,1.0,1.0,1.0,3.0,6.576739324781388,1.0149971760270353,1.144513423339209,0.2679698152021682,-0.002077809488924582,0.9618842143114164,0.0,21,13.85320092006941,2.449958548524902,0,0,2
2020,-1,328,7.276981390597945,3.886792835701697,2.7804881258708076,4.74668121596313,-1.0,-1.0,-1.0,-3.0,-8.034005100999584,0.5628706797362344,1.5451294852642552,0.2511514301057622,2.912630485552252,0.5120023855673221,0.09393171313551961,0,1.5506485583492156,7.26750783650642,0,1,1
2020,1,85,6.897526465867146,3.020937052062621,2.0480971925353773,2.976209758638803,1.0,1.0,1.0,3.0,7.769058331147888,1.5580864218473156,1.0520486311697526,0.19443576480788877,0.572207235716599,0.5353955978584338,0.18441403926237107,7,2.4148469307061156,4.403189681596316,0,1,2
2020,-1,265,1.7349880741481305,3.351008198922346,2.4743546383643307,3.2112713465029783,-1.0,-1.0,-1.0,-3.0,-8.455421163277881,0.7076446487630854,0.9585513181681607,0.21729424742765713,1.464165199644524,0.8221614227086543,0.05950752393980146,5,8.45200346768014,1.4473749706392969,1,1,1
2020,1,205,0.29835330378292646,3.353222349982576,1.1858673144525222,3.3143917599235677,1.0,1.0,1.0,3.0,7.094782663609408,0.17670309197480694,0.8073545037517796,0.18311770753882978,1.9514975535564207,0.5009015506671671,0.0,22,4.0434418563270365,3.8948456583339963,0,1,2
2020,-1,153,2.9270116116256957,3.498136284024735,3.0634346911171684,3.6558823367963207,-1.0,-1.0,-1.0,-3.0,-7.811992842399162,0.6073113590179512,1.400638673335481,0.1671483532104991,3.599063815395366,0.6929032258064375,0.11612903225807625,11,2.2365699229314635,5.7054309488755495,0,0,1
2020,1,271,3.0718999011755983,3.4896897730619987,2.301471331711461,3.0056528585783653,-1.0,1.0,1.0,1.0,6.987015125133612,0.902996328985521,0.959982278766652,0.17321094923338057,1.1067183303429045,0.8336393683437786,0.056188027910351095,10,4.779601443682172,2.0732870738764606,1,1,3
2020,-1,156,1.508966528966262,3.342204174501605,1.3530080663170598,5.184934854743742,1.0,-1.0,-1.0,-1.0,-7.376214723740709,0.18446295513419034,1.1855034805949827,0.15593812532453233,0.53259847558145,0.7117863720074314,0.2859116022099132,23,5.817661073825134,18.643876570038795,0,0,1
2020,1,30,4.177311641079493,8.552788778875836,8.38474431486495,11.423269543986613,-1.0,1.0,1.0,1.0,6.426585620356467,4.920469815560887,2.9333960461595097,0.19758634082762466,8.597742293455463,0.920039263062518,0.0,1,3.7096429753798783,14.085017644697137,1,1,0
2020,-1,102,12.506319654729262,3.2372051507360724,1.8569773487418852,2.129319384512482,-1.0,-1.0,-1.0,-3.0,-6.47323927365865,1.2571089591575721,0.781189167253875,0.1949064744915899,0.5408713601614378,0.2757222503801637,0.006082108464216119,10,5.170655142845209,3.072633129378923,1,1,1
2020,1,516,7.234533569892861,3.093345625043719,2.150548511054441,2.664617983902341,-1.0,1.0,1.0,1.0,4.983083220889068,0.9699269197567226,0.857923761756175,0.1466901247564601,4.403230200215284,0.518819938962401,0.10986775178025791,5,18.32385169692911,1.4177417410204436,1,1,3
2020,-1,838,35.21816065940008,4.255912359815372,3.205956854758945,4.8849309517936605,-1.0,-1.0,-1.0,-3.0,-8.178875100524857,0.5669576111524923,0.5953248914142429,0.1453111133820925,6.4709923537534495,0.427426343154238,0.021447140381277836,2,3.8252331953915544,9.607973453810017,1,1,5
2020,1,71,5.92312231060572,3.3162455904918544,2.5008121845621263,4.395850496448828,1.0,1.0,1.0,3.0,7.699665999027082,0.9346135755124945,1.0013081538198068,0.14660562360647728,1.0967645027467416,0.5980803839231734,0.40131973605281823,8,4.164088212973853,4.509649941029309,0,0,2
2020,-1,540,13.95197839175298,3.4279146596445487,2.205494435131004,3.108650766573,-1.0,-1.0,-1.0,-3.0,-9.368833136711366,2.047173611902651,0.6886031346544838,0.16423106908480653,2.1840526710276693,0.3687500000000152,0.041249999999990905,5,18.30299913538002,0.4748991038568377,1,1,1
2020,1,367,12.012690475498236,3.973251438687882,4.090038002168755,5.497612748916062,-1.0,1.0,1.0,1.0,6.3712456801157895,1.6483981265211136,1.4060094301969701,0.16560684275714802,4.155512494672179,0.5355784899511,0.20423682781098576,12,32.684839492888344,1.5543245031414405,1,1,3
2020,-1,525,22.52895345162862,4.049408973414894,5.529025649744248,9.730123337167779,-1.0,-1.0,-1.0,-3.0,-9.160737806366603,0.21983921105346899,1.825498477445082,0.21403852287521474,4.253934283769798,0.9008536585365952,0.03841463414633703,8,8.941169894572813,10.97548112895807,1,1,5
2020,1,66,1.4928701995128597,5.53540904969201,7.266765235864209,10.38276587778865,1.0,1.0,1.0,3.0,7.6161926382271465,2.8883607082893263,2.6717854332197897,0.26144937508307814,3.536447338291162,0.9433606557377061,0.009344262295077196,13,3.1749104708758282,11.753791524253035,1,1,2
2020,-1,4,0.20336858960751436,3.9544092472661587,3.3359969259810325,11.299961032106062,-1.0,-1.0,-1.0,-3.0,-7.6161926382271465,0.6624918759861887,3.678142019757024,0.3135010981045483,3.328098811065152,0.8564687499999991,0.05168750000000273,13,1.484998068027783,5.521660889790678,0,0,1
2020,1,247,3.3459653059696848,3.1484383598698575,3.4959474508990165,4.317667808572624,1.0,1.0,1.0,3.0,6.8753484424052,1.3575276559779825,2.0278684430094467,0.2137214089893083,2.241190887215746,0.9652793745688613,0.03472062543113879,10,3.412775534165463,3.1355358117202567,0,0,2
2020,-1,185,1.0668920133089095,3.0037902639102008,3.242753773715677,5.804512645319239,-1.0,-1.0,-1.0,-3.0,-8.172480266251114,1.3611346318828401,1.113964353341768,0.17603176068164225,6.322194985645561,0.7987206188634218,0.04448080928294869,1,3.1314692409316005,2.0363408536325664,0,1,1
2020,1,546,13.558528261381197,4.044274266422676,3.5062832548056613,6.491572240119563,-1.0,-1.0,1.0,-1.0,3.0551325413967403,1.0226392727008917,1.2282703507286785,0.24529924554745636,1.0405480856446214,0.8861880963198507,0.039300318037245485,23,1.4574753347477496,10.162659804662443,0,0,3
2020,-1,50,6.005466702411051,3.0427167202732814,1.87413785637211,2.468878247540115,1.0,1.0,-1.0,1.0,-4.153509678109189,0.8528872037747283,1.058718001760197,0.25313151075806417,0.8075999468452211,0.7230311052283098,0.03706154864330765,3,8.571116267836116,1.9023628240885873,1,1,2
2020,1,299,2.144392896747934,3.33381876437286,1.6194027226698213,2.468791097986028,-1.0,-1.0,1.0,-1.0,2.5949115100868907,0.12584390553885128,0.9013142599942802,0.23716671520972268,2.5600629299254978,0.7569424563412102,0.0,4,2.014547340135422,5.567829233217864,1,1,3
2020,-1,68,4.275332392094304,3.492953926353702,2.9505881054311627,3.934429655901075,1.0,1.0,-1.0,1.0,-3.041910346256007,1.4669173343049398,1.0260907697288497,0.22115895782452438,2.5023524524608614,0.7150808375298138,0.0,10,2.7150467918250585,18.9191653127487,0,0,2
2020,1,62,4.752461774703181,5.57262958115913,5.860379156809821,8.638569187650168,-1.0,-1.0,1.0,-1.0,2.4223639143605005,1.1520486284330462,1.4091731300142079,0.23599888357809387,5.358083204897691,0.9380005166623706,0.0,15,18.488828819625198,2.610258519366753,0,1,0
2020,-1,362,9.688300289304644,4.549347310951392,4.656130187914493,5.8212570309375735,-1.0,-1.0,-1.0,-3.0,-4.92975320432321,1.3875365097196108,1.1793030490852066,0.2509532818150373,5.505399300291233,0.8333532576210332,0.0,21,28.68527962192905,0.63906888999149,1,1,1
2020,1,359,16.062036492385808,3.2147672495003983,1.8092143265817893,3.1814648247715662,-1.0,-1.0,1.0,-1.0,1.0993310689054474,2.139282077908897,1.8339651839253504,0.23551359871149205,8.061316477719593,0.6611745513866417,0.0001631321370048843,3,2.279487333467,3.121858926415165,1,1,3
2020,-1,199,0.022302635970492233,3.7893263321291273,2.8683365724986905,5.491888116052867,1.0,1.0,-1.0,1.0,-1.5931995169030133,0.7405953638039053,1.2671219810875194,0.19109643665401607,8.415560526431976,0.4807596557365394,0.0,20,1.087933461975617,5.983634040865893,0,0,2
2020,1,289,5.18390978920977,3.2976625429652,1.7951156750260204,2.1879182849691095,-1.0,-1.0,1.0,-1.0,1.467367391186202,0.19078328434794192,1.0141335132362237,0.13314345646388387,0.7372781486143216,0.5014814814815138,0.2940740740740256,20,19.815225940641085,3.0401527444117575,0,0,4
2020,-1,366,9.323417863462721,8.084692220612084,9.325488008977828,10.186151006865023,-1.0,1.0,-1.0,-1.0,-3.1330664292584087,1.9965111925855388,1.0387619333008475,0.19858492491665225,9.42179137630254,0.45653821857233323,0.006506632975361618,2,3.208725548346877,3.3908983536724,0,0,0
2020,1,980,29.899712857269556,3.9936333522159093,3.7729681614872685,5.06277216500695,-1.0,-1.0,-1.0,-3.0,-4.072139431396437,2.9955895014909215,2.3450456817772607,0.31695510319253745,4.300827642386439,0.8433261955745479,0.010349750178474967,12,1.6674540938408524,6.367413683768437,0,0,5
2020,-1,112,4.235905047611376,3.7294214082273043,4.528241597858585,5.410407795619395,1.0,1.0,1.0,3.0,3.289005160614121,1.7650355513527143,1.539123285647869,0.2875297841849705,3.8919507171871937,0.7385284810126597,0.08953059071728693,21,3.3144697610114733,5.5865237092011615,1,1,2
2020,1,301,0.7491640808169331,3.294405129004457,2.5446194387087435,4.2268214950696,-1.0,-1.0,-1.0,-3.0,-5.034054270000095,2.1792560593864105,1.9908573232482378,0.35038748668787345,1.537370525521447,0.6496532593620123,0.061858529819684004,22,1.283862857872573,3.241387595541503,0,0,1
2020,-1,147,5.028051247426523,3.4325582703576227,3.12894016851411,4.085057296100872,1.0,1.0,1.0,3.0,3.863157160373755,2.704760010674199,1.5588080337203518,0.24685618010988467,1.6074395324111705,0.6933810375671025,0.014669051878348615,10,2.962557040919316,3.600905829043495,0,0,2
2020,1,301,0.6012566155072386,6.945339385870724,8.198118640302775,9.080097784272631,-1.0,-1.0,-1.0,-3.0,-4.230216294030052,2.6699167039792995,2.4119722193686526,0.22422206731543254,8.62676409814317,0.7696701676801159,0.006080707573243599,12,0.5420496822314941,16.78720720206448,0,0,0
2020,-1,54,8.067605363634764,5.154950291006609,4.496577770612626,5.515691989941561,1.0,1.0,1.0,3.0,4.729254507646592,0.7506326938253367,1.0429614987758973,0.2569095781990639,5.462302679412197,0.8986966824644632,0.004620853080561844,16,3.565523825861092,5.1946389055444975,0,0,2
2020,1,122,5.575903549933914,3.1995211237264995,1.6243981048415532,3.2968101868150677,-1.0,-1.0,-1.0,-3.0,-4.8122250996436815,1.515311974711588,2.3509810308067327,0.25826897355270917,-0.2715193287788457,0.8031818181818214,0.0,2,6.655993671026039,1.2721460296203784,1,1,1
2020,-1,341,8.969694755351005,4.228181399116881,3.9116813354039435,5.054050790518924,-1.0,1.0,1.0,1.0,2.521956445780727,1.7451325741153427,1.7042042439103477,0.2016955191464259,4.10632158824346,0.7813513513513474,0.07621621621620835,7,2.8661132563169986,8.419455354770243,0,0,3
2020,1,59,6.0017517093582535,3.636728228125393,2.0913202478440387,3.638222427340456,1.0,-1.0,-1.0,-1.0,-2.5208078796023843,1.6629512108906277,1.4827392450028714,0.19672467684549497,3.82397404626971,0.6168314444176592,0.0,12,1.0379399097174964,13.23530648512522,0,0,1
2020,-1,24,4.41446909408056,3.5613235421315017,1.8758872231140613,2.8715020461139207,-1.0,1.0,1.0,1.0,2.5208078796023843,-0.7955914765065448,1.4215694003513122,0.21785425731942223,1.4475696733284251,0.8316335350043264,0.014174589455483212,14,5.128543548491156,7.1381231254045305,1,1,3
2020,1,135,2.7443495120530956,3.051862529301511,2.2799371348949617,4.418938374818037,1.0,-1.0,-1.0,-1.0,-3.0495623871337574,0.7571591871570189,1.1783400009330833,0.21793721358242896,0.6707647476206908,0.603621730382285,0.3191146881287797,1,1.6059411205646523,2.3043798915874603,0,1,4
2020,-1,105,4.278572408131476,3.480943634913104,3.163956185032575,5.3752591477489355,-1.0,1.0,1.0,1.0,2.669160624520406,1.396161708297186,1.6916605581904598,0.19157432553144468,5.784294675389689,0.41809068124858983,0.17293233082707327,10,3.8745613803486894,3.1777021223683533,0,0,3
2020,1,170,2.964292643771591,3.343539777696021,3.3125528166975418,3.7839284023178408,1.0,-1.0,-1.0,-1.0,-2.9854900316097863,1.7445271474389659,0.9928954232892478,0.1671592084088039,3.2231962890273875,0.7870909905871758,0.21290900941282423,0,10.54303257881132,0.33737704252190287,1,1,1
2020,-1,475,16.85322416715887,3.403412576931526,2.277086002134204,3.6114051786769004,-1.0,-1.0,1.0,-1.0,0.4059710023081664,0.14543606863571312,1.2316076052283667,0.1746716476694524,2.2449904261068,0.8148631029986885,0.0338983050847739,15,1.2671597118164564,6.720381531618558,0,0,3
2020,1,91,7.125124127110048,3.095974325227933,2.0208211994467704,4.788595609905497,1.0,1.0,-1.0,1.0,-0.6865807756270614,1.8590446156568297,0.974812727200169,0.14875129801099962,0.10132404387882706,0.2996005326231604,0.18109187749674335,23,1.3614418131743058,5.811516756020218,0,0,4
2020,-1,211,4.701484216621076,3.7407061711594927,5.602677941851977,10.79119920282422,-1.0,-1.0,1.0,-1.0,0.49184730758053186,3.5577612234988223,4.462450842855331,0.1576789612706189,2.160294472974272,0.44190616556129125,0.005158437730266062,16,23.125499947606972,-0.0007007727257003561,1,1,0
2020,1,787,55.87245059473851,4.332421853632887,4.709265945644491,5.660581960743666,-1.0,-1.0,-1.0,-3.0,-7.317094934072199,1.2232464710565323,1.4067319999378147,0.24861802070143937,6.82496476233893,0.858784346378026,0.019983347210654697,10,8.317723359531303,12.989238669655986,1,1,5
2020,-1,60,0.8977434378304607,4.609505258623074,6.5580178003889875,9.749597060777084,1.0,1.0,1.0,3.0,6.173386416814494,1.150623538983553,1.2604767619417518,0.3199510112901395,6.2684249706721005,0.9018705732792537,0.009322598220231052,15,5.23266394241438,7.023779336085029,0,0,2
2020,1,62,4.722245813157206,3.1094727053459903,2.016219860893651,5.021575551520325,-1.0,-1.0,-1.0,-3.0,-6.421908486166816,1.0790662619131137,1.7697774090564211,0.3512830317810248,0.08827268732021808,0.7488608952023642,0.02787456445992904,20,0.5227630738710956,5.556396932387096,0,0,1
2020,-1,108,6.312358408753868,3.244480640472677,2.3931960654059767,2.9129370245596884,1.0,1.0,1.0,3.0,6.667789608344893,0.6477727557058469,1.5362811119845332,0.29855979187768567,1.969900741075819,0.5169147496617049,0.09855660802886505,5,4.158354039890323,3.16747792088027,0,1,2
2020,1,202,0.6990521671754075,4.270803294658759,4.295847225870981,5.103373005194271,-1.0,-1.0,-1.0,-3.0,-6.918401167618874,1.0871536830360746,1.9665959318952029,0.34473337051552766,2.4253334816972285,0.9319031511483031,0.0,22,1.6672795941252117,16.594271272525663,0,1,1
2020,-1,40,4.949782190288962,3.1018615043292526,3.593647693579276,6.4171762515336805,1.0,1.0,1.0,3.0,6.200544270550141,1.1216229323521159,2.791233247965269,0.35527532763531483,0.7548391474052347,0.7742594484167659,0.050051072522979106,1,16.614640834221518,0.24426366936997396,1,1,2
2020,1,428,16.446548007839525,4.0940574961235185,3.709956297657925,4.022809693952293,-1.0,-1.0,-1.0,-3.0,-14.023272921785516,0.3403378816408334,8.670187807211597,2.1144272459012474,5.6554724872617514,0.7400569868217978,0.20654754837943765,13,0.1784894217740388,9.614815698619157,0,0,5
2020,-1,24,5.609417039404032,3.1444877092282644,1.0105514666407278,5.736709154038672,1.0,1.0,1.0,3.0,14.023272921785516,0.7225203516064399,11.634689429230264,2.5420855621338134,2.336434149857411,0.8686224489795971,0.010351255886968605,15,2.4408165663061125,4.959565491480297,0,0,2
2020,1,513,7.178888258084064,3.490227493648338,3.627067945767904,5.36898465348064,-1.0,-1.0,-1.0,-3.0,-12.265815437622155,1.1464204110709202,1.7789375516616017,0.5642723154193486,8.025981807110886,0.6753423724194332,0.044695782516859794,10,7.487139528452334,4.281854370190433,1,1,1
2020,-1,126,4.2014717621111535,3.5356982270967388,2.5543714193574067,5.344318360907717,1.0,1.0,1.0,3.0,11.73751955100621,1.0095437601598518,3.061518986551266,0.5989076185829644,0.9225735929033473,0.6849811083123512,0.3150188916876489,20,0.8272461038532896,24.397332355017603,0,0,2
2020,1,5,4.586323468014259,4.588567190881288,6.545334492841032,8.627327376522326,-1.0,-1.0,-1.0,-3.0,-11.73751955100621,6.8103181216043245,8.501541234648784,0.6109017110932704,4.9191220812730485,0.929815440603072,0.02781388094619219,21,14.915299833028747,8.465351269738314,0,0,0
2020,-1,103,5.506390009364535,3.124515118765396,2.1076904537481016,2.3562985814371746,-1.0,1.0,1.0,1.0,11.44290174823807,0.24613312421426772,3.0803117271622344,0.7926076677813196,0.25769728332004943,0.636445357647367,0.1567997945293328,5,18.696499976963203,0.11054661113697158,1,1,3
2020,1,234,1.18361921668393,3.256087310600763,2.5911209662595045,4.3468844336665375,-1.0,-1.0,-1.0,-3.0,-11.280103600744127,1.1876466526977545,5.432003825376461,1.1503136156719818,1.1348113528577828,0.8401656314699799,0.05093167701862814,1,4.502694574800598,0.6018944071208591,1,1,1
2020,-1,350,2.6929097216322986,3.1694019864840266,0.961776003427091,3.60831607189317,1.0,1.0,1.0,3.0,9.218852049368635,1.363426054900228,3.7156643382353387,0.6055028598801984,2.7494758066527556,0.5224558050645022,0.00023889154324458568,6,7.9762112242233,4.870075341722057,1,1,2
2020,1,89,0.12471815761513343,3.698546249904271,9.16154642209247,9.396016558408913,-1.0,-1.0,-1.0,-3.0,-9.937587386339844,0.37262018263224594,7.321750495378767,0.7470227156149523,3.8101618906960626,0.8386666666666618,0.13926666666666884,13,0.589667449204359,5.829077250616097,0,0,0
2020,-1,633,16.320863479115822,3.7413882866516124,3.069496628916566,4.481769660943041,-1.0,-1.0,1.0,-1.0,3.4736809966787328,2.7454594895507527,5.711829739705814,0.8772071558781279,0.4084271837507883,0.720535422788119,0.13744694743715383,18,10.329941461615979,2.9944518491193923,1,1,5
2020,1,312,0.39498001096550295,3.1933869524244516,2.4538931897551723,2.965781604205986,1.0,1.0,-1.0,1.0,-4.504747401992092,-0.1794914735361732,1.0891221634848651,0.6708979996717956,2.5395156020713467,0.9034513274336297,0.0020353982300846322,20,3.7592914764452843,5.331875163003574,1,1,2
2020,-1,185,3.901218860132097,5.562070662829288,4.6562934782221985,6.230432088816781,-1.0,-1.0,1.0,-1.0,4.567840559961531,3.3641233929729304,7.309876331646432,0.6209640225643117,8.324228036495494,0.6155903706534237,0.0022927015666748415,12,7.465427015014963,2.8261973699699503,1,1,0
2020,1,290,2.7244516447046974,3.7866856240707487,4.814274988067956,6.465612408172996,-1.0,1.0,-1.0,-1.0,-5.389068801498343,4.822369212540944,5.8468788139329515,0.5848006026134721,7.784283844664266,0.656367524518844,0.08517071012461692,12,16.637805565181143,-0.013038366173161271,1,1,0
2020,-1,560,15.216581535026299,3.359993366519836,7.125597291240628,9.20619473613574,-1.0,-1.0,1.0,-1.0,2.0738786089506114,2.1406662558878113,4.546567559908088,0.5952838805948866,1.7592124488684142,0.8820454545454534,0.049772727272728516,10,2.8666579345570704,6.8326204377177895,0,0,5
2020,1,161,5.851467925827659,3.3764944042245317,2.4527540897690394,3.558818537426675,1.0,1.0,-1.0,1.0,-1.9805099224189153,-0.22417730946229472,2.3185760457199622,0.4746549146532092,1.1803432031061256,0.37031594415870484,0.2743081067842233,0,0.8429684179241909,6.101143873380177,0,0,4
2020,-1,91,6.145470840339294,3.458178638585952,2.339213574387942,3.4735739085852924,-1.0,-1.0,1.0,-1.0,1.7939809833020992,0.9910018371226367,1.7785228503037547,0.42370589238267686,1.2863064121758716,0.4374206651434458,0.3810611830413834,7,2.2352725038162644,4.556143536338643,0,0,4
2020,1,148,4.906580343236773,3.6342904305892128,3.1561991533741898,3.588348128874937,1.0,1.0,-1.0,1.0,-1.9970666664278836,1.0340533610501512,1.496161506785777,0.3350555197335216,1.8115870309540427,0.5556774547449189,0.14248491497531976,20,5.646835532751906,3.067279611090088,0,0,2
2020,-1,108,2.1609535463768217,3.1357676108156376,5.681145100698168,7.786700945414386,-1.0,-1.0,1.0,-1.0,1.4748856500352032,4.982185641730661,7.018134878462968,0.3395453539402008,0.9638286631295074,0.8695652173912751,0.02405180388531171,5,2.9422827305979746,3.637634681841849,0,0,0
2020,1,862,29.336125801982217,6.285205183560556,5.679763582453973,7.337822382304319,-1.0,-1.0,-1.0,-3.0,-4.098661347047458,3.076609226490541,4.177084229537736,0.34376130776591896,8.588026493729446,0.6474820143884892,0.0005755395683474175,5,12.13808978512912,0.44685608695596835,1,1,5
2020,-1,374,10.563878495543234,3.5698497808630907,2.1008164150912467,2.865089409329448,-1.0,1.0,1.0,1.0,2.4205475073961167,0.5578860450092173,2.0369641716884037,0.3379175827189142,1.3168551231086323,0.5647475312092314,0.1619154089808179,12,0.20321439638976285,7.63011663502004,0,0,3
2020,1,391,1.5724382051793466,4.50098452401436,6.439834832933167,8.001740967079842,-1.0,-1.0,-1.0,-3.0,-3.101051363066479,2.8935960791306115,5.122839478277395,0.2995855171013661,3.932873351917869,0.4824072816193503,0.0,20,21.662890303571157,1.0337227718577056,1,1,0
2020,-1,503,14.377082562778307,3.7633555729443695,3.3222819819436524,5.3770886093218015,-1.0,-1.0,1.0,-1.0,-0.3816364747618716,0.637715755806717,3.1451607183621193,0.45213984230647,1.145769535162415,0.7501977848101264,0.21756329113923878,14,4.56415840392078,2.721691640448353,0,0,5
2020,1,229,2.0426468784934833,4.778835655290017,4.987313040818262,5.16651886422471,1.0,1.0,-1.0,1.0,-0.7579296286046558,3.786525542675512,4.086161376882498,0.29287764827776486,9.183201279671074,0.750093761720217,0.0,9,2.980107982552795,10.483291078993553,1,1,0
2020,-1,23,4.217466247983461,3.1660509857169,6.874588738290854,8.966781115734788,-1.0,-1.0,1.0,-1.0,0.7579296286046558,5.068250804580594,6.0372388806464246,0.35252916615651686,6.992984876978298,0.38463802236610234,0.1865067686874591,11,1.2897541090222944,4.738287703386114,0,0,0
2020,1,105,3.9326701923680774,4.15070407732413,4.729951900932667,6.053869443953446,1.0,1.0,-1.0,1.0,-0.6749771315522305,0.4062259417313868,1.3373227523107865,0.29934955875250024,7.471603051170932,0.7032956025242921,0.06821596714414911,20,8.890765817503919,5.370903862719856,0,0,2
2020,-1,249,4.304217496914308,3.415721084736174,3.1602737359136635,3.946393346500384,-1.0,-1.0,1.0,-1.0,0.49638221187298476,3.198513563081876,3.772968778130548,0.24465886361541545,7.07728660498392,0.5747581354441497,0.015098211668142056,17,3.6426377009876765,9.672794775704924,1,1,3
2020,1,86,4.079288713384594,3.387218484763265,3.111387259040692,4.407614989303194,1.0,1.0,-1.0,1.0,-0.5387188113412956,1.4882065821398014,1.8930905439014463,0.26538958933686485,2.3708235946337526,0.7335773454055102,0.07994606048931915,0,14.322407462428862,2.754965949444483,0,1,2
2020,-1,524,19.01901281071601,5.2585447636383,5.208906327926469,6.9091186875100705,-1.0,-1.0,1.0,-1.0,-1.6440180536243738,1.800595780494653,2.758784800817477,0.3248424170403305,5.714148202987051,0.8268039358600566,0.04336734693877741,20,5.268390223718572,8.215624686455175,1,1,5
2020,1,86,4.765027936904116,3.264742171314105,2.7867168706420093,6.405516703114239,1.0,1.0,-1.0,1.0,1.2137918479346363,2.033968314089434,2.783210156555291,0.3232561363629088,0.29263410538062484,0.2964967245799086,0.29421817146111523,3,4.278377790020643,4.48935817515955,1,1,4
2020,-1,298,1.891096567282025,3.477999189780183,0.6435949746847465,3.748404398393095,-1.0,-1.0,1.0,-1.0,-1.5375388941527601,0.28909088904105684,1.3459404584699493,0.25735357871684394,3.181024573662049,0.8211251435132048,0.022962112514351225,4,7.456047781722811,5.363291455706221,0,0,3
2020,1,816,24.392747013320776,3.1622052427414986,0.7110878464322516,3.1410217083384606,-1.0,1.0,-1.0,-1.0,-0.4224942080535552,0.8724023593485117,1.1014517073149064,0.22063915509413107,0.4584470708867012,0.8081632653061148,0.03928571428573583,0,1.1833922624713764,7.522006960178096,0,0,5
2020,-1,49,5.1205357347783185,3.4815817878204083,1.7686304815135119,2.5639749815843937,1.0,-1.0,1.0,1.0,0.7551616071933249,-0.13911491349678437,0.7705710644582376,0.2186006432096552,1.3953667149618438,0.7052686489306171,0.0,4,0.4724885547031329,5.6644704903352405,0,0,2
2020,1,99,6.758408905186608,4.594297444208479,3.3399889935138045,4.755917377723909,-1.0,1.0,-1.0,-1.0,-0.5588721467585523,0.4068378456550861,1.0907741247412175,0.1739487581303331,5.143114690899172,0.7616649882510784,0.010070493454185373,12,23.694480998702343,0.8343714697761244,1,1,3
2020,-1,139,3.577268743114106,4.374377978993866,3.609616386003938,6.229299759452029,-1.0,-1.0,1.0,-1.0,-0.7675870841717403,1.5385412842027613,1.3192366575638166,0.30463826536526056,3.9671538166954843,0.7177187153931269,0.03222591362126078,23,16.29369800387564,0.022357929644432065,1,1,3
2020,1,253,4.407818609590222,4.173353199094868,2.376978774728466,3.732610595384501,-1.0,-1.0,-1.0,-3.0,-0.9013444261305193,2.190003579815421,2.435313239396338,0.3080547386043233,2.3052229042637356,0.6615728021978003,0.007039835164832693,21,3.3395295253167,2.9042479543610256,0,1,1
2020,-1,137,3.3883955966187,3.308946759019202,2.554865787381828,6.596239221269801,1.0,1.0,1.0,3.0,0.6569168498437583,0.31349053071428423,1.388933434694035,0.26674244831424315,0.3513951248897856,0.9239373601789896,0.021252796420587628,8,0.525594544163298,9.804082845920902,0,0,2
2020,1,66,5.432027586448274,3.021616183497975,0.9531152400470838,2.993982363820574,-1.0,-1.0,-1.0,-3.0,-0.6088027450818178,0.061276222692779665,1.0765858995165583,0.2589251873094495,-0.1904808520190814,0.9749869723814709,0.0,13,5.109460627633007,3.2834511477312636,1,1,1
2020,-1,235,3.3305261072516634,3.056672491994743,0.4523539965414449,3.2244183796679082,-1.0,1.0,1.0,1.0,0.4157954832142446,1.2447623877303224,0.7837070532377693,0.20976472934358575,0.6324069735787223,0.528120713305951,0.33539094650201934,9,10.960509413112156,2.5053989098567007,0,0,4
2020,1,258,8.062336338962147,5.295046834416589,5.725610398550136,8.108488461932957,-1.0,-1.0,-1.0,-3.0,-1.5030283431464402,0.20398167107213686,1.3818174668676553,0.26869191096154327,5.537142443549508,0.6456581643467836,0.027979933582986248,7,21.892039759162266,0.699424435021072,1,1,1
2020,-1,850,32.707655041505035,4.771784430346058,5.495964781176947,6.9412516278908205,-1.0,-1.0,1.0,-1.0,-1.5144473491316606,1.0816457576136225,0.8807958190280566,0.18083281698945264,7.479248145418071,0.6414751469802256,0.0925708177445199,5,5.2603791503989195,3.2641009106482257,1,1,5
2020,1,193,0.9453165673173061,3.198080328242004,2.244810617483185,4.038466584195,1.0,1.0,-1.0,1.0,0.9636637801805619,0.15927842022685712,0.5894170864232005,0.165162159507748,3.304435536770118,0.6300000000000042,0.0025000000000020986,21,2.4168396805810675,8.335820042757872,0,0,2
2020,-1,25,4.694790034459525,3.112310495991713,4.4762159106437505,6.005475839424172,-1.0,-1.0,1.0,-1.0,-0.8894098195155173,0.15687104689999992,1.0786830134519332,0.18548070430294356,3.5029739557251025,0.3550488599348565,0.0729140566274083,0,0.29370897887742775,7.944562250359196,0,0,3
2020,1,48,4.103829932261586,4.170441295543,2.856726879328364,4.035906650087922,1.0,1.0,-1.0,1.0,1.099555911723875,1.2550553772115693,1.4950169917338216,0.17582512940083703,3.6529706795219385,0.8586605957123921,0.0,4,0.26379507262799373,22.83406989446014,0,0,2
2020,-1,75,6.682449859760856,3.4939968323775177,2.908539400927406,3.250720506918897,-1.0,-1.0,1.0,-1.0,-1.2327233753359264,1.232307081092221,0.7673774268167769,0.17015072014911561,1.1897252778416185,0.4740484429065918,0.36925358378643136,10,24.024585043125292,0.6860152608041568,1,1,4
2020,1,524,17.067859875627025,3.001956237938244,3.0777070086851435,3.923700526886384,-1.0,-1.0,-1.0,-3.0,-0.5825197144482223,1.3839730130518448,1.333856720767964,0.18323205450591312,1.3962862604754507,0.10008410428928234,0.3473507148864588,5,15.970996436687049,1.4387429523757995,1,1,4
2020,-1,292,11.509942009676411,3.134104861450612,5.572016192209485,6.548547154130428,-1.0,-1.0,1.0,-1.0,-0.8871469890484287,1.3804346396896192,1.636702523753579,0.18395446657585743,1.4715863184279896,0.15660377358489327,0.15141509433962566,6,1.695998832680034,29.35305398899628,0,0,4
2020,1,65,3.7229813134234537,3.397797054061123,4.14551387106291,5.21358228065165,1.0,1.0,-1.0,1.0,0.5687625909190005,1.0919022841233124,1.0205644089925583,0.1794955092997221,3.763892005159974,0.6988062442607741,0.07162534435263479,11,53.394030867042886,1.4264386158828928,1,1,2
2020,-1,319,18.14381828216954,3.6156702002911985,2.8900804909505755,4.400950347608651,-1.0,-1.0,-1.0,-3.0,-2.9616386754188735,0.956592629931806,1.4995635869658046,0.25144160754303896,6.453719810083835,0.3453086419753118,0.12395061728395017,14,0.25422004318546726,6.2072506544527615,0,0,1
2020,1,188,8.54017941190565,4.565386951573667,2.1496697834699385,3.6745625362579313,1.0,1.0,1.0,3.0,3.04936119344017,1.4525162738677577,0.5573685032754399,0.1695168160737403,3.0713836764393134,0.8979999999999927,0.022400000000016008,5,3.1277851348745327,4.134760349119748,0,0,2
2020,-1,398,4.328562763645131,4.475557277401617,8.918170363312449,9.827950385884822,-1.0,-1.0,-1.0,-3.0,-3.7424155961245265,0.3479547981168427,1.246106136279331,0.20577709026628838,6.468818797637281,0.9020337301587272,0.07432208994708812,15,2.8450010222913655,8.859370660149045,0,0,0
2020,1,58,7.534597850635402,3.9130918019422025,2.111615690319592,2.683992547856333,1.0,1.0,1.0,3.0,2.992241108881502,1.7111559945612165,0.6269520338630321,0.19257071697666792,0.6502479597922752,0.6220351951032905,0.00038255547055157435,19,10.012860638309554,4.625864211622905,0,0,2
2020,-1,1032,20.383894875094466,4.669213588129365,5.063954466095003,8.909247402844631,-1.0,-1.0,-1.0,-3.0,-11.469512094066314,2.400486561910642,5.345541322599726,0.6593817445217407,1.8093159259632854,0.9877976190476234,0.01220238095237662,9,4.280930221138427,5.63187951223539,0,1,5
2020,1,289,6.633127065669561,3.3384801961110715,2.85477943140337,3.0063023396855466,1.0,1.0,1.0,3.0,8.0668092103688,1.6901768167951705,1.7506348067279938,0.35917034478982757,3.006450457132946,0.6090342679127775,0.03364485981308337,10,5.9605284831498935,6.870293356893825,1,1,2
2020,-1,72,4.002423454441525,3.014644422536315,2.877052390734058,4.596990359328931,-1.0,-1.0,-1.0,-3.0,-7.540129221805392,1.4525245297942115,2.5867800787715445,0.41646272432064124,2.670228065469541,0.5073649754500789,0.018166939443544607,16,1.1866495469409675,5.520860104295519,0,0,1
2020,1,89,5.6810904360617975,3.503612203478553,1.8004776142970953,2.8256732535385893,1.0,1.0,1.0,3.0,7.502646730110362,0.7485939049899355,1.2720522427843928,0.34761308361111404,0.5627815279397385,0.8041379310344727,0.16206896551726646,23,0.03168375044012123,4.623564439228329,0,0,2
2020,-1,444,2.543942338718241,3.2371493337813826,4.009099517471683,6.115728293341878,-1.0,-1.0,-1.0,-3.0,-8.496315436470635,2.029897857525894,2.6706190049521985,0.28514590398961176,0.93724969872218,0.3130522088353374,0.5104417670682634,12,8.713747040369327,1.8962010131018803,1,1,4
2020,1,306,5.698446881335218,3.531016253838232,2.868853201549982,4.358533944067935,-1.0,1.0,1.0,1.0,5.9189867721662734,1.7612613259400574,1.1165347590656363,0.3115430353652117,4.843590298265759,0.688942665673877,0.08786299329857414,13,4.240028350592852,3.086234627617742,1,1,3
2020,-1,243,1.3752690664595701,3.4849089348279363,8.21108449120422,8.535323751628265,-1.0,-1.0,-1.0,-3.0,-7.486955347316443,8.51416807183831,7.709942053871813,0.3297199298353926,4.573621549098382,0.3732860740602627,0.030780710754587253,10,0.5869967119329107,4.293078936482958,0,0,0
2020,1,130,4.543564359362836,3.335382531335966,1.8529573634382968,3.3103348954795275,1.0,1.0,1.0,3.0,6.644089871745172,2.6574890688369335,3.006625133805283,0.2682817485739208,2.414046042950241,0.7012513034410801,0.00017379214459885517,21,3.8254603632274953,3.10569601103169,0,0,2
2020,-1,324,5.758229909136695,3.733974755582328,6.89449326431444,10.288242539346156,-1.0,-1.0,-1.0,-3.0,-7.350873950212161,4.771444986559416,6.343368114247965,0.32132782483622147,4.565904227447805,0.3468652037617562,0.010266457680246763,0,1.473655633023955,9.399468555151715,0,0,0
2020,1,31,5.817340921706934,4.032369987882294,3.2960453567177384,4.727730609907403,1.0,1.0,1.0,3.0,7.350873950212161,0.6877382163843134,0.9690518857603966,0.31109184572700876,1.075429863873942,0.8058011049723818,0.00414364640882975,2,1.6452667875923852,3.417304550443092,0,1,2
2020,-1,542,19.08899160019249,3.405864441737102,2.450637638949152,5.345369508638438,-1.0,-1.0,-1.0,-3.0,-10.323221621130296,0.6034192919944315,2.071590398395788,0.28840685589849935,5.4611384622051045,0.4655701143016457,0.012452374314656057,23,7.448639323224871,3.6000580008647822,1,1,5
2020,1,714,26.386093038232186,3.0533205745603214,0.32663821448639724,4.282224461798865,-1.0,-1.0,1.0,-1.0,2.3828038688398685,-0.9058220625967498,2.836548393393272,0.44865032784840253,0.45979355031738334,0.5436649964208954,0.0,11,8.969267779661434,16.65778990345133,1,1,5
2020,-1,64,0.6061186115816688,5.355061400724316,7.641121497015175,8.066778218343279,1.0,1.0,-1.0,1.0,-3.281768002739739,0.7421988805970937,2.296880159763482,0.6252416526763821,4.8497371156303,0.6807595341950441,0.01940853975749473,16,6.552704840887134,5.890133083240715,1,1,0
2020,1,197,5.999179579157329,3.1474122616585403,1.5316173918470233,4.370938620718352,-1.0,-1.0,1.0,-1.0,2.061319622014348,0.8815913769560288,1.9141196910115572,0.46657383187929097,5.915594479574095,0.7076380728554534,0.02408930669801507,9,3.6222885178546216,3.8352497792349074,0,0,3
2020,-1,786,19.700343913362214,5.665235593225599,5.861804818788626,8.321041741463185,-1.0,-1.0,-1.0,-3.0,-6.508350818053098,1.242151601308588,3.738587982778679,0.4455238579875699,8.213544199795145,0.5308908580931829,0.0,2,1.3145635212087663,7.21139477422208,0,0,5
2020,1,321,3.2428418754430446,3.2289235049268057,2.6606466203458505,3.6385057760815704,-1.0,1.0,1.0,1.0,4.286601168287034,1.4527230189431843,1.9156733201090526,0.36587542844879833,3.181419079463064,0.33499501495513057,0.22465935526753691,5,0.9011867585042397,6.508571033641731,0,0,4
2020,-1,136,7.198308636502744,3.2584524191029884,1.8266787048314588,2.620736731879723,1.0,-1.0,-1.0,-1.0,-4.071463726414384,0.9755603243731398,2.226803667458345,0.31031560205713665,-0.09664839039525355,0.31964285714288315,0.6057142857142546,16,2.5579025749567834,5.727920315981627,0,0,4
2020,1,95,3.086843589416523,3.0789641071282396,4.550982555495941,5.772086308582498,-1.0,1.0,1.0,1.0,4.018460615851185,3.217033577982855,1.8524303833533735,0.284937056443004,6.108809824705928,0.6255261062450219,0.06688658855646923,0,3.6833172066705715,1.5145243151145635,1,1,3
2020,-1,387,7.494613816255477,7.669642377463243,7.648763240510022,8.497896983903527,-1.0,-1.0,-1.0,-3.0,-5.455476176264962,3.1384016334685882,4.473713115540989,0.3197380064600975,7.690374985482143,0.6568748260921421,0.001669515443018139,8,0.685472971684988,6.366043244213336,0,0,0
2020,1,282,6.031118889379206,5.521199924656155,7.037134469620137,8.61025354545531,1.0,1.0,1.0,3.0,4.244994058102373,4.486388377929487,3.478011326386779,0.26734290878812544,5.679265275094735,0.7414638576098836,9.081002542879014e-05,8,4.782878941586846,8.418923081354707,1,1,0
2020,-1,372,2.2278580411464954,6.5404559047119974,7.711816296276351,8.237485475381671,-1.0,-1.0,-1.0,-3.0,-4.700595672830146,2.9419741180894987,2.680811564360873,0.2253801424967044,9.536851590648352,0.6200662083015013,0.0011713776419636516,15,14.964018503616327,1.478617787623811,1,1,0
2020,1,580,18.019513809804067,3.4364084884244264,2.770355038216613,3.3979149534370547,-1.0,-1.0,1.0,-1.0,1.7956306421666077,0.11104238551260544,1.2542771108770232,0.2581063295843044,2.8247844326861538,0.6924613080379465,0.034947578632043286,15,2.2888469610789706,3.4029657374630076,1,1,5
2020,-1,220,2.181098613956354,4.094125088975082,2.9005039653867573,3.730973447875725,1.0,1.0,-1.0,1.0,-2.1541577745554292,1.924334426984242,0.8762201698321718,0.19613882550264428,5.786873252121944,0.5588341781318052,0.022085445329459632,9,3.2509978061145817,4.512329143765925,1,1,2
2020,1,131,5.101720291355415,3.0694316531335533,3.178333884026352,4.154153016064334,-1.0,-1.0,1.0,-1.0,1.7717817517039243,1.285188059491053,1.5049166604145943,0.1916499378046548,0.03948374635682802,0.5002865329512435,0.1598853868195276,20,0.5904638060101672,6.979338690754425,0,0,3
2020,-1,39,4.277882533363493,3.6389581770743553,2.481113228054906,5.766198622421217,1.0,1.0,-1.0,1.0,-1.7609841343429957,0.7670496646063972,1.1895132431439372,0.1868455099667032,5.055246543701627,0.6227897838899646,0.09680300053581165,0,0.010555433255745936,9.75204750237613,0,0,2
2020,1,71,4.7468314485077325,5.433597753968529,4.708022077329822,6.234311937264166,-1.0,-1.0,1.0,-1.0,1.810053981884538,0.5328820488234107,0.5899932997271096,0.16941011174617684,7.349347421139944,0.9559007767476767,0.0,6,1.046580583406473,17.30452601098564,0,0,3
2020,-1,66,4.673122740013248,3.372491667773896,5.251511153540677,6.35140779407177,1.0,1.0,-1.0,1.0,-2.0947227777945607,-0.5479802931925281,1.3462912023345193,0.1705981898847675,1.082250526500694,0.9501003728133139,0.0020074562661229526,11,20.487092800036454,1.6744504347422349,1,1,2
2020,1,379,11.91354865137417,3.899124387104093,1.926398564666699,2.832069561369204,-1.0,-1.0,1.0,-1.0,-0.19988135099610926,0.1356083564417432,1.597661493533497,0.28049234402210815,1.697004362371482,0.7083567810917335,0.050928531232399904,19,2.116961010818941,4.260688654535578,1,1,3
2020,-1,207,1.9506654879022787,3.3106279174766446,2.571682566666629,4.348481430909096,1.0,1.0,-1.0,1.0,-0.2060519545277945,-0.5832126137021519,1.1352596776352637,0.24983985121873653,2.764295999160827,0.7730564944471362,0.08208594881698769,12,5.620930898581877,1.9066313821712115,1,1,2
2020,1,240,2.9643189135345085,5.73774581328015,5.863509219223354,6.076950498401032,-1.0,-1.0,1.0,-1.0,0.1033455017022467,-0.12409658061605676,0.5580761322667935,0.17359070965277631,8.943661044595256,0.8482260974143231,0.0,8,19.11750333468754,1.8087697525483442,1,1,3
2020,-1,606,22.316048057926363,4.31513547297122,3.8712382887448458,4.484832402615015,-1.0,-1.0,-1.0,-3.0,-3.24377308918384,2.064594057755639,1.8950732525091851,0.2249857512668439,1.8160891854183776,0.6436832740213762,0.013345195729505259,10,2.6554304773360227,4.745633610210517,0,1,5
2020,1,210,3.425985672340862,4.419504472823379,5.699303268006304,9.02408742766284,1.0,1.0,1.0,3.0,2.5278504321361424,1.8646615492376024,1.5990229956228372,0.18441746326279046,3.8436656695899174,0.8404765844779187,0.012907496276664439,4,6.412859696424402,1.248723749731723,1,1,2
2020,-1,194,0.01634077566562718,3.6184986613756434,3.7458085756559174,5.356631961462416,-1.0,-1.0,-1.0,-3.0,-3.1693225058122403,-0.1454055592030999,1.0312627036908117,0.16833830129503025,5.238124173826415,0.43827581503204777,0.031510025917330604,20,3.8884761170442994,18.925760677639108,1,1,1
2020,1,22,5.039402234437737,4.010137364602997,6.794835179660756,8.098772609522157,1.0,1.0,1.0,3.0,3.1693225058122403,4.30899012600314,2.6531249497519167,0.18191043868577314,0.7352078039067586,0.8714778608395775,0.05204140310521999,22,10.512492909203875,3.158745342205989,0,0,2
2020,-1,128,1.6031363149059148,3.0372933811296803,1.760508885245948,3.672198633146287,-1.0,-1.0,-1.0,-3.0,-3.220984363168473,0.3669357652283024,1.0189602336628174,0.20381855492374876,3.49214564512389,0.6583998274746631,0.00021565667457878167,9,3.7557866869005827,6.6648573478081445,0,0,1
2020,1,37,4.76292533885165,3.2451320414480893,2.0928330419982264,3.6545446506259944,1.0,1.0,1.0,3.0,3.324633848945381,1.5922619326628258,0.6043920900261197,0.19355976215338966,2.9077052486543464,0.8126943005181478,0.1432642487046317,12,0.42918903706705247,10.40568820369064,0,0,2
2020,-1,34,5.488432763192367,4.739884080706877,3.600662997421163,4.7600296495587715,-1.0,-1.0,-1.0,-3.0,-3.324633848945381,3.149521812900024,2.431792380245818,0.21194416894990165,5.937421002785997,0.7969354838709654,0.008064516129032258,14,2.5952474821595093,3.1492722854156243,0,1,1
2020,1,159,4.312175914073073,3.021587784999519,1.2621122875360693,2.9352365421964572,1.0,1.0,1.0,3.0,3.0520350483470278,0.8193767352810589,0.742096991721783,0.2119080239377252,1.1172294661859743,0.9037378392216613,0.0,4,1.9436824920119335,3.723748709341248,0,1,2
2020,-1,415,21.26371180520618,17.506001002967515,22.308428102676142,22.873393258153047,-1.0,-1.0,-1.0,-3.0,-5.693104597183786,1.3281656939772108,1.3791478902184815,0.2780672109568597,9.859769302447141,0.7048826679710534,0.006659893893215304,14,11.856385030287969,2.399881886354841,0,0,0
2020,1,394,2.1609397852918493,3.017570278856687,0.48157384640955864,3.6376024469863797,-1.0,1.0,1.0,1.0,2.5724467857971325,1.3191437011072962,1.2616692988949063,0.1691559102448742,1.090920134375891,0.4857456140350257,0.0,23,4.331707608265518,1.8009879051948798,1,1,3
2020,-1,116,0.15388796618851647,5.2172904559098106,6.254200168460922,6.6523766549667425,1.0,-1.0,-1.0,-1.0,-2.885351509130153,0.9716682358301347,0.4215610754030995,0.15179290654270108,7.828739131593483,0.901590338395317,0.031448044959933336,9,7.356258832152073,22.201962045668623,1,1,0
2020,1,48,5.303461758732913,3.2889816105322467,1.0928698265425973,2.405372087959358,-1.0,1.0,1.0,1.0,2.7147325603285286,0.9663343618567498,1.154960612939951,0.19538713053514475,0.37192611742934817,0.6182626896912508,0.036891679748819434,13,11.291224091664294,0.02910791305557598,1,1,3
2020,-1,260,2.0951747267824334,3.54762018778964,1.6336221432274136,6.144271137887711,-1.0,-1.0,-1.0,-3.0,-3.3979657771085066,1.224380352747019,1.082515070914434,0.21822851292282114,2.577168580590055,0.28679103071414036,0.07669116261540854,10,5.634059479505556,2.325242391256576,1,1,1
2020,1,301,0.6177941775046564,4.541300433011045,3.3736021752483647,3.7297192011348232,-1.0,1.0,1.0,1.0,2.824082460952301,1.8821212893896708,1.9480577777356571,0.1568724341575764,5.265983385568608,0.6015365448505243,0.00602159468436576,12,0.6637024497183063,9.238711866781399,0,0,3
2020,-1,60,7.234345525392284,3.613436897519735,3.4608520491966384,4.402182010225904,1.0,-1.0,-1.0,-1.0,-2.5813501092349975,2.7538415960048197,2.4900472559642624,0.15294385261815452,0.11620001582952359,0.5747999999999592,0.058000000000029105,17,1.1701916592245591,8.22948523093763,0,0,1
2020,1,46,5.701907077315687,3.5247247793347927,1.7102059120786477,3.736085806215453,-1.0,1.0,1.0,1.0,2.6004716263637246,1.0150894416254246,1.096193934449994,0.14084858572454045,0.6337151216045476,0.8285144566301706,0.10269192422729527,20,1.9321298484210987,5.211916604005034,0,1,3
2020,-1,138,3.3419348704710283,3.8580113906323548,2.543849362640474,4.8170436400166645,1.0,-1.0,-1.0,-1.0,-2.562091776385396,0.17214623332810894,1.3496000160894028,0.13491281898584132,8.130772616531988,0.7454581358609881,0.007109004739312149,8,18.470089052236386,5.055312646702312,0,0,1
2020,1,136,1.058997108228835,5.115517556418429,6.81676858803856,7.61626938105653,-1.0,1.0,1.0,1.0,1.631062964733728,4.293828597597628,1.9471287718573427,0.19715098274492604,5.425721544590601,0.6854647401337056,0.0017252533965910594,19,8.77980043002818,0.5573392519002299,1,1,0
2020,-1,344,9.959433090302632,3.795843789529593,6.9441499020134785,12.760682519989613,-1.0,-1.0,-1.0,-3.0,-3.0417945935116077,-1.0644699585163158,1.9151234333823777,0.20406467763066,8.247154168573047,0.7046726496009582,0.0006954333211879568,0,0.965948079202401,4.575035139338098,0,0,0
2020,1,140,5.693074650749066,3.166093138247407,4.636649721779835,4.9980023131777465,1.0,1.0,1.0,3.0,2.6325041181951794,4.305609693035353,1.2054525512737464,0.1449961877796868,5.2691874876984786,0.48859825620388503,0.0016767270288153217,12,1.147825878558041,4.520450064938204,0,0,2
2020,-1,507,8.1931088373839,3.3248767674057293,4.608725828566331,5.381475675043341,-1.0,-1.0,-1.0,-3.0,-3.438937251747053,0.179639017291134,0.5502883274486403,0.18748480479167445,9.14562182597541,0.6851456458746437,0.01448833307914934,6,11.130538486360136,2.5104839973639015,0,0,1
2020,1,348,17.676921252237424,3.3037980603262516,1.5428231326824984,2.052055604580962,-1.0,-1.0,1.0,-1.0,0.6537145944619979,0.8519813638452339,0.676831657866533,0.18812145620186993,1.1883954766555527,0.5457048458149744,0.0,11,3.4307366973664806,11.177904853454255,0,0,3
2020,-1,48,3.927899063227985,3.0422704820281115,3.7091063751758915,7.096763777384397,1.0,1.0,-1.0,1.0,-0.968925757500595,-0.45205894238346833,1.6306603828361415,0.20550667602262582,2.303563233868462,0.4145864661654092,0.32360902255639756,15,4.987125275764266,5.1618483465545815,0,0,4
2020,1,341,5.037814849751777,4.326778251400356,3.6345634882798783,4.2035213689781985,-1.0,-1.0,1.0,-1.0,0.6249267797140213,-0.1295958460461241,0.45575877102548773,0.11850184575301266,6.318315238115591,0.6124418404273733,0.03756677580562238,19,1.1094233479657623,12.246395447770674,0,0,3
2020,-1,4,5.9540521073101464,3.936610414267036,4.637410229348135,9.365811066919415,1.0,1.0,-1.0,1.0,-0.42329360866034205,7.616922232700291,2.6410033276307816,0.1371216169561706,5.45808997831102,0.362244897959177,0.041135204081631925,20,0.6781522253884495,7.818193029622293,0,0,0
2020,1,47,6.40764576027368,3.156058942894108,1.0741009491030804,3.3995596752859574,-1.0,-1.0,1.0,-1.0,0.42329360866034205,1.2165347882124815,0.8673056139361662,0.14001735545732902,0.30367260475441016,0.4661803713528308,0.43700265251990567,23,0.6381245807170015,6.904719162983558,0,0,4
2020,-1,82,5.63756942741509,3.7189214860698203,3.512437779987502,4.339579015075805,1.0,1.0,-1.0,1.0,-0.5994546681835811,1.7085701211702646,0.5413737797592091,0.10967540263050247,5.719543878846804,0.8727699530516798,0.040845070422488784,6,8.401502639030376,4.409478274378975,0,0,2
2020,1,391,6.303115284280432,4.310868258277471,3.5415061117430073,4.375667724712043,-1.0,-1.0,1.0,-1.0,-1.346440543505096,1.383851541034793,1.0925225686446338,0.25603647045546096,1.8954763150781062,0.9269455885541071,0.02167786689789762,15,8.668466141428627,1.706182300656773,1,1,3
2020,-1,428,10.11083558265999,3.58628141130758,1.7451952768374313,3.666338440588227,-1.0,1.0,-1.0,-1.0,-1.1002740227790468,0.03825568945584404,0.764380472330533,0.16341065730382312,2.189507341409787,0.7387875800886711,0.0,3,0.6174407396847041,6.756139155792694,0,0,3
2020,1,57,4.543900399212874,3.124306276675488,2.3800698849947652,3.3879896099111226,1.0,-1.0,1.0,1.0,0.7067593199679132,1.8096952491759701,1.4390673997445687,0.1462508322379838,6.647992361155865,0.7098750306297404,0.0,7,3.683253335456855,11.690575683223859,0,0,2
2020,-1,74,4.366113342198629,3.1021549536887627,2.1047310696675643,9.43428276328604,-1.0,1.0,-1.0,-1.0,-0.8118472239889881,0.7270144915916467,0.9989328560708601,0.14745385505519384,2.094579149430422,0.5993779160186828,0.005287713841370908,13,14.85168376506917,1.5061510146887274,1,1,3
2020,1,238,0.7076020240901486,3.8474016421124997,2.94110396053861,4.015705349710391,-1.0,-1.0,1.0,-1.0,0.5524747925029093,0.1973898680353292,0.5519281124404822,0.12399801845210617,7.480575481806125,0.9199823165340628,0.04575596816975506,9,1.091631522122269,8.51762099515552,0,0,3
2020,-1,46,5.05613497122068,3.3876060791317477,2.7304950278508535,4.756426299273215,1.0,1.0,-1.0,1.0,-0.4955811760263387,-0.3189538740341936,0.9543277885387504,0.12869839572920747,1.1410901678432168,0.9246473645137113,0.0,13,9.32491373519856,4.136310842675199,0,0,2
2020,1,236,2.680466091514671,3.7736367937910327,5.139157806835758,8.03820267834519,-1.0,-1.0,1.0,-1.0,-0.3486104915693646,4.457120236351608,2.5175597565095567,0.16652599358900927,8.203393047875954,0.4835532260979603,0.0,9,1.50704316733226,5.4868386732601975,0,0,0
2020,-1,97,4.7819484689055525,3.4041048664443125,1.7902182892950764,2.891891082707431,1.0,1.0,-1.0,1.0,-0.17803728651480755,1.3423457434131356,0.4915567943412142,0.1560645664064701,0.33930127795262743,0.983116256632795,0.011095031355589344,17,3.3738729298253363,3.0729785481245315,1,1,2
2020,1,333,1.379508721536771,4.859762479198165,4.211463636179935,5.501826559131776,-1.0,-1.0,1.0,-1.0,-0.42514195378264474,0.5183999164378138,0.3353501090181071,0.11879214841138847,2.3631323400035495,0.9480836236933887,0.003135888501747151,21,4.434778363948254,3.2056468986103446,0,0,3
2020,-1,257,1.7218315026020783,3.7960461747842236,3.2795257965446387,4.888714116733388,1.0,1.0,-1.0,1.0,-0.15701165194662953,1.7255796546258793,0.9878855413354565,0.10007557730805372,5.60654698539467,0.6753633991799862,0.01043607901605127,18,4.444578140361355,8.582337707673327,0,0,2
2020,1,88,3.7627921463238683,3.2331044603400083,3.4256459700131914,5.053178999703076,-1.0,-1.0,1.0,-1.0,-0.3637562506541493,2.081667805065571,0.5958072453468987,0.10641789113812872,2.9615895051057044,0.6154566744730302,0.14894613583139282,1,8.53200576538456,0.2769415019694586,1,1,3
2020,-1,643,25.978534664575204,4.079057322517146,5.6049881455816175,6.330084909368549,-1.0,-1.0,-1.0,-3.0,-2.0215402241895486,5.245420641229795,1.360580596463038,0.1058215581299182,8.242379296601518,0.792909211398279,0.15208747514910873,7,34.16317506883943,1.8211046265528903,1,1,5
2020,1,452,20.922380509691273,3.0749393068758124,1.7125353527561653,2.591530133815657,-1.0,-1.0,1.0,-1.0,-0.6096077280271982,0.6647189558485116,0.40293200705340176,0.1678459728589694,1.523146954093036,0.8808550770197757,0.00031436655140579814,21,2.8604141892017183,7.999940847865754,1,1,3
2020,-1,38,4.6931324872318765,3.487175572752387,3.3274352127137816,3.7150144750434846,1.0,1.0,-1.0,1.0,0.8366912289012012,0.10718368579835003,1.0394654067486058,0.1777606551742268,2.982531097842001,0.4606532408191081,0.18514130986628302,0,7.041838363999524,5.80329643106593,0,0,2
2020,1,678,11.919431977254918,3.2239246990486596,3.7616083260632736,4.425808397623434,-1.0,-1.0,1.0,-1.0,-2.216126010840601,0.7031744499877048,0.4084534100173068,0.16777841995120876,7.759957905782546,0.6934294609208463,0.00016385384237617846,8,8.200569200351431,3.1638282616591415,0,0,5
2020,-1,343,0.5981428094285114,3.917135497723873,4.638216120896911,5.316646555751914,1.0,1.0,-1.0,1.0,1.6391202942113963,3.5554797217742493,1.654404904623511,0.1376230854333203,7.714632864231238,0.47796689204943527,0.003497318722304459,13,2.2673225420482392,14.673366422972375,1,1,2
2020,1,33,5.5527698911322005,3.64264687886402,4.485216658499834,6.047726389897882,-1.0,-1.0,1.0,-1.0,-1.413396649660444,0.9717321912411536,0.9550001373245238,0.14653548681130613,0.809049131391662,0.9490555237549412,0.0,16,6.852497288343944,3.001840243646382,0,1,3
2020,-1,246,2.0765883958340594,3.168580366116394,2.7565332688063577,4.435600551138989,-1.0,1.0,-1.0,-1.0,1.1741227984576483,2.20678058292751,0.73006044838081,0.1134042133781101,1.6735540666741702,0.19373219373216014,0.7250712250712946,12,5.1300534939470745,6.866185850967113,1,1,4
2020,1,240,5.366069264772761,3.1672972371185066,2.4204666226666802,4.209507169855096,1.0,-1.0,1.0,1.0,-1.2501375341443837,2.3522243558330294,0.7459409549727765,0.10358988340481905,0.04908836800031514,0.6925207756231571,0.08587257617738232,8,12.418046151072533,3.994822304192394,1,1,2
2020,-1,258,3.349656625706329,3.568561714773731,5.397139531558673,6.273724767362877,-1.0,1.0,-1.0,-1.0,0.45750181382996336,3.509676712734512,0.8012323136646312,0.1027374664316158,6.502363602377224,0.3114705882352984,0.18676470588236363,6,2.441311055271418,6.769185987600136,0,0,3
2020,1,81,4.725588659265902,3.041296250782029,5.510044755407112,6.373051194953861,1.0,-1.0,1.0,1.0,-0.7542022018968936,1.2771858730190069,0.618088675322463,0.10329014244397454,0.1440290147149362,0.5228539576364585,0.3556298773690905,12,1.478841131844795,32.24543963685188,0,0,4
2020,-1,26,4.037301770605822,11.753046472754539,12.646470564488968,15.285253946006248,-1.0,1.0,-1.0,-1.0,0.7542022018968936,3.3163535515029796,0.9563171444379829,0.11956350112445834,8.483841497000782,0.9756357816112413,8.892050507041043e-05,15,14.194041571362199,5.495625222385788,1,1,0
2020,1,606,2.2427117208606573,11.457942657199098,10.943080808822339,12.754718543135734,-1.0,-1.0,1.0,-1.0,-1.6797543143580018,-0.424901016329592,0.3622963884464086,0.07752919053399687,9.59750399075775,0.8253438511326803,0.0024271844660172298,17,5.357432584442957,6.625297250758393,0,0,0
2020,-1,149,8.439986695884814,5.001959569813868,6.315005263660918,6.757412412075634,-1.0,1.0,-1.0,-1.0,1.1460676172502648,5.121142377152879,0.7583624738927656,0.07716455193878786,6.926839971767228,0.4897959183673458,0.0,5,13.44917731180573,0.4195732310772049,1,1,0
2020,1,241,0.4971283164897358,5.074459751633241,3.088409666192199,4.224702961025904,-1.0,-1.0,1.0,-1.0,-1.546309501067771,2.1538490691785,1.2049818780652246,0.12362526754277747,2.421373143238361,0.6989628820960472,0.0,2,11.208468078569657,3.2632923061002876,0,0,3
2020,-1,382,11.522221571661127,3.350451355737921,1.4449498529221558,3.494317215299991,-1.0,-1.0,-1.0,-3.0,-0.07778718810659005,1.334510313629184,1.085346504704487,0.11882182537305903,0.6572740043560726,0.5452322738386529,0.032599837000784185,9,1.0638842134764213,5.823558145404672,0,0,1
2020,1,194,4.595140161590547,3.729407551025538,2.810661659722395,5.111472318910864,1.0,1.0,1.0,3.0,0.05423288636091719,4.799322874598988,1.8182519357568698,0.09965120192984285,6.222368282215527,0.44428812605516277,0.04952166572876126,2,3.239498200425542,4.105812824213953,1,1,2
2020,-1,390,10.661118509506629,3.272256696177212,2.3205589184730697,4.0856217240282025,-1.0,-1.0,-1.0,-3.0,-1.2899055960738666,0.09262166531124162,0.4420756977369394,0.09208588877272753,1.1294084202000387,0.999442896935921,0.0005571030640789901,10,23.155722101524884,8.233867226965824,0,0,1
2020,1,28,5.323486683965217,3.098073379684962,1.392772678944331,3.0400272794736933,1.0,1.0,1.0,3.0,1.276048363998743,0.31441172273487455,0.253166813901849,0.09260728162581705,1.6305439663745547,0.9062792877225874,0.0,12,1.719472443141201,29.307834635860733,0,1,2
2020,-1,17,5.10090304185447,3.189785555556842,2.0907990494818303,5.109524893604903,-1.0,-1.0,-1.0,-3.0,-1.276048363998743,2.031434593195771,0.6394416519554526,0.09909392867797236,2.2093162975369425,0.5814102564102241,0.3480769230769336,14,21.47487724741019,2.574700478975291,1,1,1
2020,1,305,13.292740140113445,4.1068830286639715,4.709607798643065,5.818155833119053,-1.0,1.0,1.0,1.0,-0.8915879403811192,1.0572084229724297,0.8499893783325273,0.11001605534570369,1.3755379757421726,0.9444866920151102,0.0,15,7.510978519306458,3.332529494946239,0,0,3
2020,-1,210,1.8360091931889846,5.188347637619323,7.262465137233308,7.56932986134186,1.0,-1.0,-1.0,-1.0,-0.09809672545085917,1.3850711573370358,0.25531644901054107,0.08382797881088824,9.598825560922622,0.6062935034802627,0.014211136890971128,9,4.4450067420434705,4.759640193344576,1,1,0
2020,1,170,3.4205478732366377,3.1769209204378583,4.06190059946849,5.399624055408022,-1.0,1.0,1.0,1.0,-0.5005308197799521,2.3886782042498185,0.31898469205679203,0.06881938673198236,2.2737919608579444,0.683397683397673,0.0,23,8.042060165201477,2.170853222858261,0,1,3
2020,-1,171,1.3392379296555408,4.689449985503669,6.252096031777611,15.695172827548589,1.0,-1.0,-1.0,-1.0,0.10922589373090975,11.851457537005928,4.062078621934505,0.09360369743464438,1.9577374228440498,0.8468877782826466,0.03316674238980265,13,6.799386337229877,2.8697955635477683,1,1,0
2020,1,98,4.287257644383227,3.1279020444218437,3.718223715666492,4.352650656352436,-1.0,1.0,1.0,1.0,-0.35410550195052987,4.004888091902121,1.4312926295244757,0.09414652417369163,0.04488008598038126,0.5878644602047933,0.0,21,8.435698544059266,0.10210487833819896,1,1,3
2020,-1,259,0.2711276751341996,3.542206440092795,3.2390994497008636,4.354537261469238,-1.0,-1.0,-1.0,-3.0,-0.3118614566668067,2.261252398519896,0.5183810845495475,0.1048095322496997,1.7942971368733351,0.3747657713928743,0.2873204247345597,19,5.680279429615479,1.946346200202087,1,1,4
2020,1,269,1.6213121155939136,3.9662229834243563,2.5075630941178746,3.818538166726701,-1.0,1.0,1.0,1.0,-0.3542612828517202,0.45766000324283007,0.33335576612405,0.10858164657574332,4.098022887020233,0.4634258197661242,0.07819307498279773,17,1.5745626251441605,2.3215598023288124,0,1,3
2020,-1,175,5.927866793043269,3.5647107341218733,2.225980654136167,2.7275460704186263,1.0,-1.0,-1.0,-1.0,0.2862354616254949,1.2003973396376753,0.19529942962765864,0.07162294959712068,4.934783911123246,0.42651296829974167,0.1412103746397147,8,3.6367280938915014,5.152031466346294,1,1,1
2020,1,619,13.350858238521786,3.0063964750647063,3.9098827102575746,5.666193660319718,-1.0,-1.0,1.0,-1.0,-1.4254125812460121,3.6750430897967776,1.2055493077018706,0.06803256566683992,2.8643473153924934,0.6940170940171193,0.2307692307692786,11,7.700748011810755,1.735402486371056,1,1,5
2020,-1,169,0.08383367896382124,3.107988081364194,3.712374001078684,4.259115385626382,1.0,1.0,-1.0,1.0,0.9637157282532224,0.8101466105537465,0.32985970110537804,0.060095162454560744,6.2983283925522064,0.4082840236685876,0.2667273554847643,2,1.5727927162157302,14.468599506413808,0,1,2
2020,1,83,1.5245912338164933,3.270726162265582,5.715001151181758,6.541560061376277,-1.0,-1.0,1.0,-1.0,-1.167957829747934,3.5405968040427886,0.3732047298590739,0.049294341572166264,6.8268985678452605,0.7584369449378151,0.0004440497335798439,8,12.283152920124783,0.0,1,1,3
2020,-1,219,0.8060880263467958,3.0199818982765874,2.4393107638014775,3.779984583077813,-1.0,1.0,-1.0,-1.0,0.7152203042758801,1.1167780193892751,0.26964406499238824,0.05190777806694289,2.7589859863429176,0.41059602648999644,0.09105960264903729,3,9.561508886928424,1.8815736176347002,1,1,3
2020,1,200,1.0883396536560586,3.2794529851928353,1.7248415449643573,2.901584239080001,-1.0,-1.0,1.0,-1.0,-1.2359609342849704,0.3929787286338387,0.4561385615341903,0.05554222424630615,0.1144945975701677,0.9731993299832792,0.0,19,14.696514348379619,1.3417617029732978,1,1,3
2020,-1,179,3.7663134394190263,5.213353032821115,6.136218294307634,7.241375945493311,-1.0,1.0,-1.0,-1.0,0.5477926174760004,0.7518913104589238,0.6178009528371694,0.054763204738874,9.607646770969902,0.5690408357074898,0.0,10,2.1345102649252135,10.000280334644108,0,1,0
2020,1,76,5.6185263142797055,3.3903494312116296,4.650304835988235,5.458170975107889,1.0,-1.0,1.0,1.0,-0.663721587387363,2.016303610729209,0.23767996029055405,0.05361458850432871,0.7480504125158833,0.77305699481878,0.002072538859960448,17,3.0426918154283316,8.898706416836587,1,1,2
2020,-1,29,2.8671553208727296,3.6999511178691455,4.842306764140477,5.59915853907792,-1.0,1.0,-1.0,-1.0,0.663721587387363,2.1735214341523457,0.516292761939275,0.056567820906586165,4.914374671285246,0.8177272727272628,0.0004545454545553763,19,2.12381875620197,7.4333656467068945,0,1,3
2020,1,123,5.923465627671019,5.472569342138458,4.158681385496049,5.586440859200157,1.0,-1.0,1.0,1.0,-0.5410696610953084,1.471162008171825,0.2565213127007568,0.053207220768283735,8.036905185386019,0.6809662640566521,0.0004164931278724776,5,48.66433399284898,4.853156665981542,0,0,2
2020,-1,314,15.91115281764916,5.6684942887387955,6.3676431128549025,7.166811083774518,-1.0,-1.0,-1.0,-3.0,-1.4925709803867795,1.4905274226795222,0.5026460639424251,0.08784659294776946,9.660205714563318,0.5039582280613049,0.00016843523665518182,7,1.0867705331954505,6.702975462061541,0,0,0
2020,1,116,7.752224242666829,3.7668163940709003,3.6213207335012227,5.418420774288876,1.0,1.0,1.0,3.0,1.2250962683567315,1.4208077147201028,0.5911642134244663,0.07480791479334063,1.3330887585973106,0.9565217391304028,0.043478260869597204,17,25.413478257492578,1.7071736686114782,1,1,2
2020,-1,441,16.79132851733632,3.4303903554689845,2.3041374518067452,3.0191809539973757,-1.0,-1.0,-1.0,-3.0,-3.599936862869383,0.3193346851129199,0.4799893078973786,0.10766800458484353,2.620534780501757,0.5879120879121436,0.08058608058604276,6,4.9799414443153545,4.287334504949394,1,1,1
2020,1,126,4.305438374692816,4.105431177771299,5.1333686479125955,5.281069801023527,1.0,1.0,1.0,3.0,3.388786599608276,3.8213094976984587,0.8444332112098738,0.10390911082184236,5.946700502379795,0.6571164510167073,0.03558225508311637,16,7.22328972594309,6.341101886274535,0,0,2
2020,-1,1072,21.50450573802463,3.752713616992134,2.8392756388674014,3.2054385509941996,-1.0,-1.0,-1.0,-3.0,-12.879684575504315,1.4989929865822706,2.765257974453646,0.49609384734282225,2.8858662503781587,0.6022273586887953,0.0007354486236573728,10,1.4712713292532584,10.217193530992319,0,0,5
2020,1,18,6.032303449331703,3.1921753067700145,2.7414060375027005,5.31319963083105,1.0,1.0,1.0,3.0,12.879684575504315,-0.2197296474088041,1.8788265618655544,0.4796854288033614,1.1132971336302866,0.7754346426271644,0.14391500321958137,11,3.2714212894767845,3.214316542385742,1,1,2
2020,-1,436,2.28539170338869,4.036360013931992,3.1119122830785053,6.570111768828629,-1.0,-1.0,-1.0,-3.0,-11.85258479469547,0.2908328133699046,1.5174867058445565,0.35007262392782934,3.7891118432162294,0.7916423995340661,0.021767617938262734,0,2.576906342519241,3.4454797908993275,0,0,1
2020,1,222,3.521010215388895,3.179707916571262,1.0478506512965673,4.036027360332238,1.0,1.0,1.0,3.0,10.563199116565652,0.8196357639953361,1.5684600670602766,0.21740588667732078,-0.20866537185163744,0.79936305732485,0.0,18,3.899297144860587,5.371011464119346,1,1,2
2020,-1,84,3.566070754378156,3.5122364050147383,3.227425212451308,4.988462756464006,-1.0,-1.0,-1.0,-3.0,-11.011497253938467,2.0521551998438055,1.4689490625380202,0.22547107371787248,2.2480178898045367,0.7760449157828944,0.0,1,0.6619531451250732,8.773704582673151,0,0,1
2020,1,60,5.8792097161020385,3.480957560022186,3.5620378943326045,4.476747901069428,1.0,1.0,1.0,3.0,9.933198195066263,2.1554225387752517,1.3763489165597895,0.19208450215172693,0.7657581533907447,0.8312580506655155,0.06182911120654596,6,5.9091388778767175,1.5203078895202,1,1,2
2020,-1,553,17.61968700803232,9.173490172655079,15.195589982626528,17.21755626964502,-1.0,-1.0,-1.0,-3.0,-14.924823809992173,1.8621643777656987,4.663476021871451,0.4128664647104152,8.872161162298731,0.7264922711058259,0.01595719381688475,4,18.305059513850594,1.5978506940378174,1,1,0
2020,1,398,2.759183013283908,3.0852290260716626,1.1116838684835442,2.65864101635492,-1.0,1.0,1.0,1.0,7.660184348428274,0.16861073783485614,0.8967177287808739,0.21677109921927157,1.7816924232234645,0.3851570964247518,0.4382448537378401,13,8.002489023862916,1.0066460912040474,1,1,4
2020,-1,98,0.6217485742272422,4.118000747139437,5.2513619438503,7.892532596361623,1.0,-1.0,-1.0,-1.0,-8.498220829955775,-0.19042400129155881,2.2697620094016924,0.24783144054382664,5.426871553080478,0.6157570685635704,0.07741048478690095,21,2.2060186955781984,8.142889061650097,0,0,1
2020,1,34,5.783164231224165,3.4070957213629907,2.788025915939636,6.060867994975951,-1.0,1.0,1.0,1.0,7.251117480191772,-0.49208747153595733,1.307624993372169,0.26331180897767126,-0.1131400146426554,0.7655089820359072,0.0,0,0.728889135314909,6.6425807950650935,0,0,3
2020,-1,130,6.258472262471463,3.4280830908740496,2.356282869841626,4.0534491943526065,1.0,-1.0,-1.0,-1.0,-7.532386192666039,2.548219554021854,1.753461120269966,0.22782793860729048,1.8671763862810107,0.9777728384085351,0.0,11,6.896819974923195,3.0565452161591433,1,1,1
2020,1,219,3.8785679209562285,3.535473605531373,2.1866099298240793,3.0719127196795233,-1.0,1.0,1.0,1.0,6.864531910174691,1.80919149093986,0.668813726678478,0.17115410004732756,1.269016603366153,1.0,0.0,5,17.79712142598875,0.6209020150943875,1,1,3
2020,-1,648,20.76377916420135,3.128423357489592,1.2014239346958144,3.278753922913243,-1.0,-1.0,-1.0,-3.0,-8.852377159799058,1.1019313346229545,1.2469497814490662,0.18793675818567426,0.38189123572658995,0.4282091917591046,0.4690966719493052,11,18.93036090310326,1.9730554580363158,1,1,5
2020,1,260,3.8886899289737116,3.207762096572912,3.370639100949458,5.412591269804038,-1.0,1.0,1.0,1.0,7.125699068878667,0.37175214581314947,0.6794657527138833,0.18113966453509608,5.454099252431616,0.7858262778300391,0.0423330197554214,9,6.5933312044796315,4.939917156643263,1,1,3
2020,-1,245,0.4376811086247181,3.2080127537102383,2.526676431492777,3.592574904231807,-1.0,-1.0,-1.0,-3.0,-7.657448450734713,0.01239871603122001,1.1535006002160635,0.18652324027879613,2.1037299997439454,0.5586041555673643,0.22749067661163225,5,2.0264037027072748,3.5884328117211566,0,0,1
2020,1,218,2.629325494512398,3.183486731862853,2.317156541013353,3.231329362561027,-1.0,1.0,1.0,1.0,7.0914728054116205,1.1514231904217667,0.8921411729889513,0.16811021820212949,2.640756601945028,0.5136966958486469,0.1485456085851522,0,19.33823217952406,0.15329272188086293,1,1,3
2020,-1,124,9.610144362950297,11.840256707273594,15.464951501966066,16.604188210457075,-1.0,-1.0,-1.0,-3.0,-8.574690722229436,0.0665568313648061,0.5758545733177857,0.2553148582805668,9.165947561051844,0.8372576916236883,0.01127512004268208,10,4.967941591648504,15.373581593026316,0,0,0
2020,1,48,12.986069037860775,3.27932773411597,0.9322512235494329,2.7509707331701034,1.0,1.0,1.0,3.0,6.889184303221838,1.6812806555726458,1.0086262994694237,0.2719658538815156,0.13875920433518005,0.28558619143690056,0.575431517596969,14,0.529730095385364,6.346006763337642,0,0,4
2020,-1,192,6.20328496126956,3.187993422484337,3.216157804529345,3.3207417109534116,-1.0,-1.0,-1.0,-3.0,-7.195427046285104,2.5298595894349547,1.2931611448075837,0.20935684958171497,7.5671959841721765,0.3486196141850571,0.09079357745178016,6,9.457952343745708,0.7957294895754248,1,1,1
2020,1,334,9.468092143745409,3.26789133801285,0.9517493060419238,2.3934431464358528,-1.0,-1.0,1.0,-1.0,4.389299046480688,0.07615594929333352,1.0908852015748853,0.277632291198434,0.4776216947076223,0.899749373433591,0.0,10,3.4396169894109887,2.8136636021915598,0,0,3
2020,-1,262,1.250645308831425,3.3450149951372112,2.120659436714167,4.521783954127428,1.0,1.0,-1.0,1.0,-4.553083454736795,2.0318643454595864,1.5048048408682198,0.18266136001202343,2.600291458754679,0.49267846247709923,0.000305064063459978,8,9.807692158730932,7.493378261533943,1,1,2
2020,1,38,2.353281477507513,3.564744990899903,7.95608219873692,9.19526425688493,-1.0,-1.0,1.0,-1.0,4.553083454736795,3.3745588459539917,2.124863727763343,0.22948761858803812,3.2884875755545764,0.6390413851351273,0.0028505067567613854,11,0.8218643053131217,7.993268929187549,0,0,0
2020,-1,589,10.420431064279539,3.6264293771216667,3.6876976451495866,5.965656506049021,-1.0,-1.0,-1.0,-3.0,-5.754942402668029,1.9593814240167138,1.1119816385284909,0.18972215774261225,8.794000466993223,0.35361144521110965,0.0417167816674063,12,2.0635890584690575,6.018913304565161,0,0,1
2020,1,108,6.286857825115867,3.085797869410784,3.0262869030935176,3.5999277736829773,1.0,1.0,1.0,3.0,5.605274152553413,0.6229855104441008,1.0798926169719705,0.17718297582083603,1.347700254001839,0.6536945812808331,0.1251231527093175,21,3.00498835591813,8.73287764294309,1,1,2
2020,-1,158,4.530975323211904,3.3743036911730484,4.093202287352189,4.379682523750912,-1.0,-1.0,-1.0,-3.0,-5.5979153836146045,2.071042692759224,1.4459447897016324,0.17349380674025922,5.191542522034107,0.45257092198580917,0.022163120567375492,10,5.966792794225415,4.818919683476322,1,1,1
2020,1,149,4.845209552974024,3.4332640149109137,2.7565939282606458,4.197218001816411,1.0,1.0,1.0,3.0,5.196842157571504,1.1977361470168826,0.7349593158070346,0.15953642213582223,2.7982429856689075,0.833711691260009,0.019296254256432815,22,1.5568628177163966,7.226788890345598,0,0,2
2020,-1,444,13.209460329865985,3.0463420341929934,3.2620564940473424,5.009181873340828,-1.0,-1.0,-1.0,-3.0,-7.067222664053947,0.762639643072533,1.0172272902085826,0.19540251614323526,4.657400422918184,0.7459450230493551,0.02680553184223522,11,15.884523005059085,3.849890075160259,0,0,1
2020,1,610,17.519634808255873,3.349184482415848,1.0924221979901871,2.2380371810945037,-1.0,1.0,1.0,1.0,3.9110099732697683,0.059644593833745964,0.5873534440716799,0.17142367183256005,0.3613364699484637,0.5143626570915076,0.2634649910233675,14,2.1646508386687477,1.6100668012759354,1,1,3
2020,-1,230,3.0334748220108443,3.2726728483658944,1.9897709431835668,3.7950419748842554,1.0,-1.0,-1.0,-1.0,-3.9038685148275603,1.9119686455990825,0.6579656811083747,0.1260416278479022,3.4400432759035953,0.5539823008849428,0.027256637168157048,9,11.750085603571605,1.0006090089918676,1,1,1
2020,1,346,9.887539498894837,3.103476791045653,2.756253546976561,3.20719506975814,-1.0,-1.0,1.0,-1.0,2.156829537588637,1.2567169140234502,0.472724716575881,0.15291765259592688,4.67539041789692,0.6715741789354859,0.020385050962609036,14,3.2763544304838628,3.961200783037515,0,0,3
2020,-1,181,4.202065283737556,3.1807820177342743,1.3417411176404033,3.1778871227119394,1.0,1.0,-1.0,1.0,-2.333335364074744,0.48514051394155583,0.25648436049241446,0.11484291676665433,1.4593013756772328,0.31394275161585034,0.11357340720217651,5,3.6911049815066472,7.811145710099465,0,0,2
2020,1,91,0.09347323399950984,3.7126751294188263,5.580811774194929,7.718437371394767,-1.0,-1.0,1.0,-1.0,1.8812580398479137,1.0199090986227093,0.49872804511568086,0.11214078974865632,7.739616219591521,0.9484635524321373,0.013228606862327831,13,6.526270550877605,4.506635757250734,1,1,3
2020,-1,449,5.389998417229992,4.704617434260926,3.025007063132377,6.65626232181272,-1.0,1.0,-1.0,-1.0,-3.045280156917898,1.6365239475819953,0.7264431051946112,0.1098287476926748,6.9325714715691005,0.8938931297709704,0.0,2,12.90887867281074,1.5662710450531256,1,1,3
2020,1,422,12.338217050292007,4.689260503699873,8.79345294499262,9.938677630395155,-1.0,-1.0,1.0,-1.0,0.6678427192548387,3.5682370402289676,2.9088764315240394,0.1972117812220039,6.297926868329048,0.8125871126835927,0.02637504020586399,14,2.990038997368185,2.3672982312988786,0,0,0
2020,-1,145,4.447939752752198,3.2354653706314127,4.12299162775807,4.870825204617595,1.0,1.0,-1.0,1.0,-1.1325337862757403,0.7909633913190091,1.2922154182125474,0.15512795307212748,0.04266497847339893,0.8563157894737072,0.04052631578949666,2,2.9415164764286774,3.7997418379118266,0,0,2
2020,1,134,3.191452581305904,5.937596492353569,9.279153452385616,11.824402825080005,-1.0,-1.0,1.0,-1.0,0.19519663809769885,7.268867184742976,3.0314663447198114,0.17126937713858795,8.323486204495477,0.670827858081463,0.0015330705212574965,13,4.149091245245078,19.29378151425845,1,1,0
2020,-1,10,6.169292009176338,4.956077582461279,7.940504022868703,13.048233547558619,-1.0,1.0,-1.0,-1.0,-0.19519663809769885,2.21451840832733,2.9181095545259748,0.21313373214525605,2.5104652625530663,0.8185290373126967,0.12750954852610286,14,6.177195491623479,3.8136382671518008,0,0,0
2020,1,191,6.243553702185079,3.0322990531479275,1.5544095594265956,1.6736206960281317,-1.0,-1.0,1.0,-1.0,0.5976963469057579,0.8027624749463407,0.535892033492847,0.16919343363496434,0.7779132715446349,0.17898022892813775,0.352757544224812,6,4.323217784320542,2.240132749530408,1,1,4
2020,-1,347,4.830181314207756,3.254210299671457,5.512220805334276,6.956802809490771,-1.0,1.0,-1.0,-1.0,-1.632702981964797,3.490149131549734,2.4734656298216344,0.11708540282842998,0.3556693818610788,0.5410367170626458,0.29751619870410845,10,2.881710024803519,6.663861257564265,1,1,4
2020,1,78,5.127078346181036,3.073399030562296,1.4930981699360943,3.2214900203483365,1.0,-1.0,1.0,1.0,1.2536964973245357,1.7441240641986109,0.7327299186781034,0.11939891027560134,-0.09195169260893024,0.4056147144240599,0.42884801548889856,17,1.249089908701243,5.44007703841966,0,0,4
2020,-1,456,10.091671751906603,3.3185378871821096,4.91220718886638,5.077890109304397,-1.0,1.0,-1.0,-1.0,-2.3082400814276487,0.8721674339258657,0.3788726710021219,0.1033727833113867,4.001899866138026,0.8811382523294019,0.01787962729788825,7,3.5992324877066344,13.754180128825771,1,1,3
2020,1,50,4.426994831084581,4.112232298955822,3.867121272021437,6.611481301776344,1.0,-1.0,1.0,1.0,1.9259517291468595,2.7265525433377498,0.8858098748541549,0.11344461817445094,4.0155244597115365,0.7872917473847388,0.0003874467260836294,11,6.489409274093611,2.267374884550395,0,1,2
2020,-1,123,1.7069147697058709,3.6710169873931924,3.9079185860701924,4.645658687330807,-1.0,1.0,-1.0,-1.0,-2.5658199944559006,2.6187320015854745,0.7247339258322096,0.1265861617316823,4.165713701231459,0.6424710424710416,0.00019305019305440287,21,7.35093195653458,8.575295473254096,0,0,3
2020,1,77,4.700844292350223,3.416371674555313,2.305397233201485,5.583089208724518,1.0,-1.0,1.0,1.0,2.3128287541397308,0.9438618270228787,0.7453027713822418,0.14014961611327348,0.325849941907415,0.7710100231303396,0.0763299922898868,4,14.480985523936706,2.096092232351387,0,0,2
2020,-1,276,6.328264220201185,3.175363102093513,1.8805799365929343,2.7700247659137216,-1.0,-1.0,-1.0,-3.0,-3.6210361163393316,-0.13295128170060266,1.3095218389605665,0.18329385656092786,-0.09853419805740245,0.44242768009079075,0.19739081111737733,3,26.904210641689875,2.4649539320597254,0,0,1
2020,1,775,28.05843209774391,3.025409164169006,1.7898947896564619,3.3471602529535422,-1.0,-1.0,-1.0,-3.0,-4.980410386906147,0.5313152338448522,1.928007692156358,0.4481138044910811,0.27414621833552055,0.7045088566827656,0.0962962962962887,19,1.360733791027934,4.024993979759424,0,0,5
2020,-1,157,6.6991598466363484,3.5577333934368833,1.010346563622059,3.0798170934078746,1.0,1.0,1.0,3.0,4.886876081506952,0.5449801946636572,1.654273266998606,0.3257238374541342,1.1085055579244778,0.6312598840273744,0.2575118608329021,8,10.30363144055334,1.739033369884671,1,1,2
2020,1,327,1.2348255471931002,3.021705223757739,0.9526480960684087,2.7731048848982187,-1.0,-1.0,-1.0,-3.0,-5.036692231692869,0.6691384165005514,2.091719106359311,0.36520114998262176,0.5531700049122761,0.7521657250470769,0.16572504708097013,12,0.19095514600143795,4.528136930111915,0,0,1
2020,-1,205,4.954834615850148,3.3177058057012396,2.5710653848569662,3.8736250003639383,1.0,1.0,1.0,3.0,5.204139158824795,0.6035868888105776,1.341719237586281,0.24313182022895888,0.6831958539487981,0.8377976190475992,0.03005952380952998,5,10.774393682331066,1.7468812272703709,1,1,2
2020,1,132,1.1585297310760139,3.2288453305865668,1.84379146478572,5.208572377669235,-1.0,-1.0,-1.0,-3.0,-5.303830086969431,2.0994988187508117,1.998742838607078,0.33517010973299377,1.861473725923063,0.6890390390390265,0.15720720720722384,16,5.508046335337276,4.155602113658314,0,0,1
2020,-1,198,1.5307276985725722,3.4660071103500214,4.135416942926181,7.218900189114075,-1.0,1.0,1.0,1.0,4.483125945100504,1.9014631973556404,1.7467791641973462,0.23658935990491375,3.491156853729123,0.71718658034141,0.00029429075927658643,8,10.250430961144529,1.590992568595145,1,1,3
2020,1,275,0.7417474761132848,3.276036865094526,1.2418542445159768,3.851573887791069,-1.0,-1.0,-1.0,-3.0,-5.352650193391722,0.05564294351581466,1.1342755608234327,0.2744661069604406,1.9508992170482544,0.6082978723404286,0.23404255319148937,7,3.9525260056790663,1.2382743821795097,1,1,1
2020,-1,307,5.0426206758463845,3.0858151933872366,2.6037865573552694,3.007058340727836,-1.0,1.0,1.0,1.0,3.839577969041526,-0.5368272952089865,0.8236691285944806,0.19844658234791038,1.2728106707525448,0.9052859107879787,0.07643937905284855,9,0.0,12.342873985103166,0,0,3
2020,1,40,5.457001980888713,3.4364641137777037,2.687205848100991,5.146281214719615,1.0,-1.0,-1.0,-1.0,-3.7211305631679767,2.1899939676599365,1.3142378732049305,0.19161457869378057,2.6949051264673987,0.76729559748425,0.05697373288941309,12,6.122760251351475,5.691175653933476,1,1,1
2020,-1,73,4.159304163826977,3.1519491485704636,4.667361059682936,4.967277101056855,-1.0,1.0,1.0,1.0,3.0450670633601855,1.9707273531859442,2.05533912851935,0.22194041814308646,0.013143848172066503,0.2659323367427301,0.4661683713611459,18,0.4773187949830496,5.252702323447849,0,0,4
2020,1,328,5.943659815772615,3.8847288840301415,2.422054042574058,2.772404956084473,1.0,-1.0,-1.0,-1.0,-3.3605163296477354,0.7158024718145671,0.6194779212280813,0.13336448919922533,1.5287899127207314,0.9702048417132497,0.0006207324643214101,22,2.9924600753139474,2.610982944281157,1,1,1
2020,-1,186,4.784077587994765,4.242353054730673,2.8840586289213777,3.375605822313513,-1.0,1.0,1.0,1.0,3.227621648511281,3.0277362416496802,0.8646607755803939,0.10280581575215633,7.140306956704424,0.6836071837982182,0.0,13,1.8073812187801357,17.73161971855458,0,1,3
2020,1,20,4.859394155359837,3.188459306160509,2.1732266254953583,6.662988749257252,1.0,-1.0,-1.0,-1.0,-3.227621648511281,0.08668154034329756,0.5576670887568276,0.1103650032894559,2.6837839707268736,0.9612690564482698,0.0,15,9.493338986482835,1.7529121876734044,1,1,1
2020,-1,244,6.103787739559552,7.4252347864593515,6.199384038353872,8.166655239858226,-1.0,1.0,1.0,1.0,2.0317362686047615,1.6025983742521297,0.7379249334286614,0.1341918210590569,7.610007744078306,0.5846894494168688,0.0,11,11.409741707226578,0.7295507013250963,1,1,0
2020,1,245,0.4197866756855741,4.306577182710221,2.3604872107829498,3.8828461189921923,-1.0,-1.0,-1.0,-3.0,-3.0258905544406867,0.1977997044287337,0.550239753957469,0.13313405171710568,3.765531489436049,0.8797090153286297,0.011431540659924962,7,21.417068228352633,5.42037803957555,1,1,1
2020,-1,486,14.375982291449734,3.45931064855025,3.5984113433168416,3.9613876746711445,-1.0,-1.0,1.0,-1.0,0.41932071150019434,0.9963296425626215,1.5813059815369994,0.21173904298466306,3.211438965892404,0.5505594257969071,0.0,0,1.4744257547349873,10.696320771771251,0,0,3
2020,1,76,5.440191164058814,3.6687005797585677,3.387509931618967,4.068680149482439,1.0,1.0,-1.0,1.0,-0.44045880986889513,2.89465176514441,0.9756140312372249,0.18114853058302557,2.969904348412457,0.7741034000931389,0.0,6,5.843696633429076,1.0459554654253824,1,1,2
2020,-1,254,2.328287350200996,3.3369341159150347,0.8273057440797276,3.076570827370107,-1.0,-1.0,1.0,-1.0,-0.5636466411018174,-0.4005824635011126,1.3577894102391304,0.2084438490421921,1.423170937018525,0.6973333333333358,0.19866666666663757,3,4.287509811367382,2.58654447948935,0,0,3
2020,1,205,3.235697033974392,3.479691462367606,1.6703385911752586,1.9610951277766135,1.0,1.0,-1.0,1.0,0.3397751336813263,1.4220032598393435,0.8747661021975311,0.1663323608021522,0.45060213203681454,0.610421836228353,0.0,21,1.729149459637053,3.7188255702177093,0,1,2
2020,-1,221,1.9020746859477113,3.555781040340941,3.620514801217714,3.9078249782186916,-1.0,-1.0,1.0,-1.0,-0.6982395643760675,1.2238958735404646,0.5307278119366287,0.13556965008941113,4.969244633398225,0.49827970046545533,0.02327464076100822,15,5.116018481975218,3.5554634403872365,1,1,3
2020,1,108,4.098520830516738,3.6911003373064766,2.192376780291578,5.353381712329933,1.0,1.0,-1.0,1.0,0.4179549252481267,1.2399766372119814,0.5273500693822909,0.13199265119723505,1.4523230513579855,0.6980830670926584,0.08892438764643315,0,1.1746604067219948,5.392790566469498,0,0,2
2020,-1,91,5.329882131171628,3.343332312821965,2.197679367121756,4.7884130774541225,-1.0,-1.0,1.0,-1.0,-0.20478468147396856,0.408330825001123,0.9216855111766064,0.11266958732408354,4.443791660318659,0.2668929342795333,0.6720148102437752,8,0.3245552460535582,23.89476839161412,0,0,4
2020,1,35,5.865352243147216,5.1925416983180925,3.582017932589479,4.964954292878831,1.0,1.0,-1.0,1.0,0.20478468147396856,2.318127539633264,0.5937347740303768,0.1069463867751606,7.312680697715419,0.932988286570439,0.01661672568779018,10,16.156951876980553,1.784626183093342,1,1,2
2020,-1,169,4.398149554961051,3.848239785550697,4.684710560777733,6.864821742285001,-1.0,-1.0,1.0,-1.0,-1.2791338993346517,0.44562457956952295,1.1436193991599193,0.12971572910874662,9.154667777072005,0.6645301074298121,0.0,1,6.031125874872185,1.0844367475023955,1,1,3
2020,1,283,2.6401830232272303,3.0602219959135657,1.7492174694705536,3.4573825304166004,-1.0,1.0,-1.0,-1.0,0.2745766976178894,1.0910255811824843,0.6164488068230575,0.1425040429472467,0.41177453049890483,0.3511777301927192,0.0007137758743910151,0,2.615166711782695,6.730029222473329,1,1,3
2020,-1,90,3.512798318475328,3.5888101218608828,1.883031603712198,5.625485372336386,1.0,-1.0,1.0,1.0,-0.15353934492589158,1.432804136144346,1.0730870353902384,0.12859648488526537,3.962917820382004,0.6633876421764369,0.09375960651709284,8,42.08489781792079,0.9128983002799514,1,1,2
2020,1,449,20.06509068322413,4.184240087731867,3.6973227678706095,5.766625258084257,-1.0,-1.0,-1.0,-3.0,-2.212518748799709,1.8959066527973327,1.2795689511733848,0.16453560330569988,0.40209978751742376,0.930537772087065,0.06946222791293495,21,0.8543361895843038,6.559896285095471,0,0,5
2020,-1,104,6.8642668746383775,3.2657832747800164,2.9805369324087936,3.1773302060933566,1.0,1.0,1.0,3.0,2.2949906216937817,1.2972088133309319,0.8052865530420723,0.1304223690209367,2.5718107783186017,0.7221679687499939,0.09863281250001465,6,4.9646243409744795,6.624149708612937,1,1,2
2020,1,89,5.2306794935742325,3.36148304670059,1.2043095721916384,2.484248633067642,-1.0,-1.0,-1.0,-3.0,-2.2680587213830323,1.5095104531578118,0.8051300038974576,0.13197218131172744,1.847987655466881,0.3254237288135583,0.0,13,0.5135602422084781,27.931770873218586,0,0,1
2020,-1,56,4.784622090861813,3.835821643673493,3.440757290522805,4.961487055963812,1.0,1.0,1.0,3.0,2.400652197508021,0.5423474802546844,0.8783257730194115,0.12425308934116412,2.230183898114263,0.9388417373938902,0.0,18,22.261815520096857,1.5330871429152366,1,1,2
2020,1,201,3.5293329182107014,6.412931268460152,6.431130766081788,7.2339972430085195,-1.0,-1.0,-1.0,-3.0,-2.9790634199405015,2.517910082382431,1.3638721170273256,0.15210780859960654,8.547913150925224,0.7545662100456579,0.1310248604769141,11,19.74181183092024,6.12272408327178,0,0,0
2020,-1,272,9.930873466966968,3.2284860128669957,2.864908630781519,4.419120116933255,-1.0,1.0,1.0,1.0,0.6683415253328835,1.5219311628922418,0.9572793141823591,0.16352601055880425,4.545868643528555,0.5184444444444428,0.020888888888900208,9,1.2013759794333256,9.04010841721866,0,0,3
2020,1,96,4.040950531637112,4.377605588336349,2.984259054085654,4.171768829767579,1.0,-1.0,-1.0,-1.0,-0.9194299394973627,-0.6494719237240418,0.5878247134669891,0.17488702614741614,5.512115664316538,0.7342598187311205,0.025981873111778082,17,2.1304694266955426,3.55345213901233,1,1,1
2020,-1,444,0.47905227176132503,5.141811747803599,6.55032328516202,8.431319983001346,-1.0,1.0,1.0,1.0,-0.0016888254680014635,2.034110424612054,1.0876605071551166,0.11434446024939478,8.902423336169417,0.36051546391751904,0.024329896907222495,6,7.834347152037163,0.8180738794695253,1,1,0
2020,1,110,3.146540280404749,5.412062468768065,8.911143591026669,9.37623305388336,1.0,-1.0,-1.0,-1.0,-1.0227165320367573,5.24371938463127,1.8014132093331556,0.12609924167044131,2.2513741846083537,0.9279959718026025,0.05211480362537117,15,1.2707040157925105,4.364175450989933,0,0,0
2020,-1,377,5.800679868755529,8.683801102208346,8.555812199775136,9.824212744621848,-1.0,-1.0,1.0,-1.0,-0.5913814692233992,5.922222932995518,3.1621091426330095,0.1343721573441037,9.805084811264722,0.710860366713685,0.11484988917993438,23,7.615255074443306,1.5900059288953758,1,1,0
2020,1,287,3.0545715460237775,5.351203168177096,4.918988491004466,5.179313569359399,-1.0,1.0,-1.0,-1.0,-0.2809560493865642,1.2789652217653695,0.6668148361911427,0.13596848118846513,4.731022399575303,0.6437782615977403,0.05007536426058994,23,2.957374454105334,10.275703745613491,1,1,3
2020,-1,61,5.484645829852683,3.7836880424400565,3.799189616276468,4.354263831471811,-1.0,-1.0,1.0,-1.0,0.2525439689875338,0.951711800938209,0.840524329957561,0.13846163915416732,2.2873240701906887,0.8641075931633428,0.0,4,3.2522088282772224,3.5786437251842305,0,0,3
2020,1,131,3.3911444124296604,3.090319359849774,1.8650186775086746,3.0965512008992118,-1.0,1.0,-1.0,-1.0,-0.6773133594513535,0.5670070145810738,0.6186742160300042,0.12569697345901068,1.9334880099998788,0.8212749315604317,0.1642549863121148,15,1.535724009983323,7.307240637887336,0,1,3
2020,-1,42,5.495242039923482,3.5086767371872627,5.451401044281595,5.582168151971762,1.0,-1.0,1.0,1.0,0.006896813775226822,1.0920223623280774,0.6098240373261781,0.12369697547973602,0.876730888613002,0.5243553008596108,0.17550143266468923,18,1.433147029944338,11.70176644017253,0,0,2
2020,1,60,5.335972898249964,3.3668745649529006,2.8314575660393895,3.6001929355104085,-1.0,1.0,-1.0,-1.0,-0.4825694386103332,0.6626115666705895,0.8445632765242309,0.12117679900981954,1.180030053468333,0.5963553530751577,0.0004555808656135739,23,5.514374632400229,1.311597298708844,1,1,3
2020,-1,194,2.7807374422783675,5.335761885390203,7.795397495358747,8.33564003318729,-1.0,-1.0,1.0,-1.0,-0.8690119660290104,4.492875590743886,1.2124094309249296,0.14152743711112933,6.730777994187899,0.6049651567944353,0.05775261324041151,15,20.29787170109253,0.5974214925622781,1,1,0
2020,1,588,18.80848437525404,4.546283788844735,2.9561066186877847,4.5994717300335815,-1.0,-1.0,-1.0,-3.0,-1.5275367275893375,1.5684829829746618,0.4183002932894106,0.09692944161574173,8.31135718356297,0.5146721102321973,0.03010972186783046,16,1.1547443868447507,6.257466204388355,0,0,5
2020,-1,758,12.537127616829737,3.2642465059729675,3.369526020638025,5.5865535548976775,-1.0,1.0,1.0,1.0,0.23116628001149617,2.7709186310138345,0.9520187979965831,0.09454114022073627,3.2390356471924924,0.28638132295721297,0.2599221789883308,8,8.72973124502048,5.108157956778333,0,0,4
2020,1,412,5.791708051077533,3.1857363929081974,1.5688237235551477,2.7400106092916063,-1.0,-1.0,-1.0,-3.0,-0.802317956413038,1.8492273110519444,0.7262151942219692,0.09945068956067747,7.30192502525654,0.20877981334257906,0.0,18,2.7362325870794706,3.214152396904325,1,1,1
2020,-1,148,4.511299007984641,3.2844894544922676,2.0657927174241544,2.668053649649621,1.0,1.0,1.0,3.0,0.7213508982229226,1.163206868331029,0.34942086413994966,0.07500498225786356,0.5059144457407219,0.8219354838708363,0.1535483870968399,6,10.156709416527088,38.17630205669827,0,0,2
2020,1,77,3.206618293818099,6.010691185046697,4.878134514932793,8.194592772406684,-1.0,-1.0,-1.0,-3.0,-0.9941377291165965,3.263559647198342,1.357332355520612,0.10570366654330594,7.746425577071626,0.479856115107921,0.04052757793764046,13,24.62541120667012,0.0,1,1,0
2020,-1,701,43.31485442751121,3.1864204795154407,4.189839513398647,5.913682935137313,-1.0,-1.0,-1.0,-3.0,-4.58984740876225,0.10429305515304944,0.6295505698993362,0.1280511774790416,2.976641891335029,0.5768156424581031,0.05470204841713948,23,0.985152284792804,8.28206379689162,0,0,5
2020,1,27,2.917283631937167,4.166933242621137,4.562438130710577,7.36708532898217,1.0,1.0,1.0,3.0,4.086130977262982,0.9042510155761183,0.3746606438100094,0.1325679440605289,3.7625966366956862,0.8287820862916315,0.02239213544510408,1,0.987225212715589,5.379383558414064,0,0,2
2020,-1,231,3.70436706464422,5.624894736029028,4.404993175526242,4.9286119212191,-1.0,-1.0,-1.0,-3.0,-4.2166452093027935,0.8850235083541459,0.8498909595310904,0.13163053428306065,4.134225563606529,0.6710693825588793,0.17361553150859055,21,0.08682110307765917,8.40145604432314,0,0,1
2020,1,199,4.502096305015645,3.2930480711537102,6.795457392720958,8.467794785373567,-1.0,1.0,1.0,1.0,3.337337171929123,4.357210302169791,1.4251395841040277,0.1348524707781001,3.200080124407181,0.5337962962963045,0.16543209876542386,13,21.31855868897593,0.5500681575677494,1,1,3
2020,-1,247,3.0148100065698316,3.354096011647298,2.8124282360181763,3.82659833760938,-1.0,-1.0,-1.0,-3.0,-4.6070471745184145,0.9344912321009677,0.7524922254615282,0.1547970521092459,7.749458559005955,0.2236858612470169,0.08154560281018595,10,6.752089015276631,7.6068410741428005,0,0,1
2020,1,5,5.806864311136964,3.023694896670969,5.350126660642344,9.233463833890092,1.0,1.0,1.0,3.0,4.6070471745184145,2.282321184460762,1.4259926434590728,0.162333770481375,1.7986027138336196,0.343057176196033,0.0,10,0.06029363844142356,12.651526204297435,0,0,2
2020,-1,29,5.322778684163488,3.145461885451033,2.6713976158552204,4.151540158783411,-1.0,-1.0,-1.0,-3.0,-4.795050698477204,2.141428689003,1.2228180471515793,0.16169281265006727,1.9278989909018682,0.43940298507460734,0.0,13,6.70770737930096,0.9250890893301803,1,1,1
2020,1,295,1.2557764672938674,3.582553414482429,4.0827740482067085,5.174492623331478,-1.0,1.0,1.0,1.0,3.631845615540448,1.372234983917857,0.9608553853237943,0.13077687827461706,8.104678208082264,0.704302512025666,0.0,13,5.6106465317808,12.362362386737445,1,1,3
2020,-1,11,4.5245617618129845,3.655389560159253,9.297013845528184,10.986048357035457,-1.0,-1.0,-1.0,-3.0,-3.631845615540448,6.109344590081373,3.31087291263948,0.15631691178709356,2.797938380646454,0.6119791666666512,0.3443509615384712,14,4.197233859482777,3.0535580561606657,0,0,0
2020,1,310,3.372055438807945,5.534686963919789,3.39810674330975,5.310653732345381,-1.0,1.0,1.0,1.0,3.6500008051838284,1.1160007658977598,0.6503715540194929,0.13734575534522017,3.7379321565837356,0.6486382815496605,0.00012786088735734763,16,12.115762786355823,6.150649453111145,0,0,3
2020,-1,141,1.0080996101420723,4.933364318127954,6.581974000036667,8.867610752486048,-1.0,-1.0,-1.0,-3.0,-4.368088433769265,3.6108912896092136,1.6183266170947548,0.14375465120964973,6.630734723074601,0.807270135424084,0.04946543121883367,4,12.871293628401846,0.7899835126749872,1,1,0
2020,1,316,3.386755516659648,3.468693230834298,2.6683013624234833,3.914131438386329,-1.0,1.0,1.0,1.0,3.0147287529954916,-0.07237857122731292,0.38643901785375573,0.10348256985596542,2.7960081760915507,1.0,0.0,6,0.016984731778696274,5.984570242201804,0,0,3
2020,-1,98,5.977755827665088,3.9250531518332608,2.9742882051134196,4.455395186820647,1.0,-1.0,-1.0,-1.0,-2.866092035629669,0.7435010421198092,0.5096609919972075,0.08797759626022254,5.175910001436593,0.6309425666392227,0.23083264633140343,14,4.692855273561638,12.823850870828508,0,0,1
2020,1,5,5.009250643954336,3.953919115183629,5.37925698972024,11.353442976228909,-1.0,1.0,1.0,1.0,2.866092035629669,6.576522240751737,1.515357322453431,0.10233871922842928,5.419684811556435,0.3892857142857143,0.012999999999997921,15,0.5794762955731201,7.024969669147907,0,0,0
2020,-1,1556,39.012434487330616,3.2503749581182055,1.1522427724340336,4.101785065018149,-1.0,-1.0,-1.0,-3.0,-11.421472837466755,1.1969745204095807,1.5765482727396487,0.2969892313125063,0.35570288972757924,0.5481236203090579,0.2222958057395115,0,0.1947489490260469,4.03258759187836,0,0,5
2020,1,315,6.80595129242972,3.1718015639310506,0.4808525904121852,1.9640941180241713,1.0,1.0,1.0,3.0,10.450933717873793,1.1273051451335165,0.37900821549567243,0.15705202846082464,-0.1320612997678343,0.4488188976377138,0.5266841644794649,2,1.2200225255209485,4.31983066187846,0,0,4
2020,-1,322,7.399805138265021,5.262934992474793,11.197941696750311,12.224266958645593,-1.0,-1.0,-1.0,-3.0,-12.121317107547394,10.249113272956668,7.571624172346096,0.2101106742245491,8.463289338707854,0.435022326575963,2.09639210922586e-05,5,3.5580497561490976,2.2399548840864747,1,1,0
2020,1,231,3.4274111613807112,3.982870629616022,3.9915166096426415,6.792080564107403,1.0,1.0,1.0,3.0,9.585656654566929,3.0157031307283275,1.107166623042791,0.1340054152560568,6.901855568738189,0.7518987341772212,0.020837390457637807,1,3.4684784943178366,14.441441703278114,0,0,2
2020,-1,89,4.055765607518095,4.04553095301759,3.084609237711839,4.791923592205515,-1.0,-1.0,-1.0,-3.0,-9.464316958844373,3.400111926066052,1.171901266498173,0.15088352556278628,9.044468677164925,0.17599034094176122,0.0,8,2.672851197699235,13.623775944236174,0,0,1
2020,1,31,6.8486425649603655,4.021528618893287,3.499151441318487,4.0573999619254035,1.0,1.0,1.0,3.0,9.464316958844373,0.6873821689997455,0.8086899491395001,0.14701324844037766,0.8829836424214557,0.7558793456032491,0.004089979550098446,11,5.430235609540627,21.032194263387517,1,1,2
2020,-1,57,4.537582951032977,4.775357381901359,4.344837491991544,10.044135228586303,-1.0,-1.0,-1.0,-3.0,-9.931217709666377,3.392886521624759,2.4569562274115517,0.19111990322102249,1.4371988863184582,0.6949049429657872,0.06676806083649305,15,9.956230395801683,4.498469332775632,1,1,1
2020,1,104,4.6366522423215875,3.106011601183598,2.4290069835483323,2.6654977470670715,-1.0,1.0,1.0,1.0,8.90729428714842,0.8151556519680844,0.6290502143118654,0.19161413630021573,-0.1281411780719729,0.9022892238972633,0.0,0,2.4584687958385345,2.5173924204189384,0,0,3
2020,-1,416,11.953474679097218,4.058403614239981,3.6398674392438926,4.085306705583805,-1.0,-1.0,-1.0,-3.0,-11.360138065273897,1.6989611150381219,1.5548137084535059,0.2749476403960592,6.076188665943496,0.4849502913952649,0.04593760713061852,11,16.311548857890998,1.1639158055665226,1,1,1
2020,1,327,5.4742087788589835,3.847487348895868,4.2105902022571,7.045711126978558,-1.0,1.0,1.0,1.0,6.735711137829519,0.8164212802543048,1.204755930811471,0.2549476093283887,2.4901990884559075,0.6449679685885411,0.0,14,9.165870597573338,0.5539553135720223,1,1,3
2020,-1,185,0.1688371609525048,3.738778469916237,4.2138828501616015,5.380295596132141,-1.0,-1.0,-1.0,-3.0,-8.331880483521026,2.12281040290223,1.516185060176067,0.2776349340790848,2.473448488365709,0.7146383608985577,0.19550728215255567,5,5.166471326482773,1.9339036606054072,1,1,1
2020,1,115,3.4915199567415836,3.427754490199468,3.137066754821672,4.789016171687261,-1.0,1.0,1.0,1.0,7.5850336796611035,0.01590509553857731,1.9310526542284099,0.28588245216748154,0.3443602007694002,0.7035650974985038,0.295253102225717,15,5.084220597919715,0.7933618954995239,1,1,3
2020,-1,441,7.191462632872442,3.3888097131847283,1.599792285732809,2.7424548445211108,-1.0,-1.0,-1.0,-3.0,-8.217545597560855,0.11851965249398232,1.152893453642308,0.22656284015558492,0.07188879412605066,0.952449223416971,0.0,4,1.2044543336265097,5.30147546740208,0,0,1
2020,1,119,5.369298469615329,3.049836429199666,2.923214257479744,3.159354459749351,1.0,1.0,1.0,3.0,8.105601765308586,1.5494847732610793,0.8859410622651926,0.19407854331204238,4.323250845301194,0.7310850439882706,0.034017595307913255,14,1.7443784925951051,2.237922706817354,0,1,2
2020,-1,105,3.6320103424061294,3.5232060845651594,4.543962967141914,5.454700195220983,-1.0,-1.0,-1.0,-3.0,-8.47838713947414,2.593529276964163,2.03875715775309,0.1803281545092607,4.995032412003553,0.45013759664527053,0.0689293670554351,22,2.3088485154905225,5.500075003737411,1,1,1
2020,1,258,3.388798694620132,3.3738146380556846,3.6012288448879195,4.8758097464947046,-1.0,1.0,1.0,1.0,6.6897322415841085,1.8862550860860883,1.325217940091336,0.21814349896251492,1.4874368825393331,0.9855296160524792,0.0,20,1.9743903523307518,11.239638915830463,0,1,3
2020,-1,46,3.9602987483011685,3.0022308828823765,4.094972711747017,4.223865217166146,1.0,-1.0,-1.0,-1.0,-6.6002199378586806,2.0470432990622864,2.0145595981821054,0.21828389895976866,2.084257291288402,0.9047450424929313,0.02691218130309188,0,6.609906953368936,5.511089842526385,0,0,1
2020,1,160,2.1718776399177964,5.082450930797483,4.818677529532406,6.065739510620342,-1.0,1.0,1.0,1.0,6.283686195043387,1.5711408131311038,1.058948738516696,0.23399478919388464,5.761707315629138,0.7374163153979739,0.09236300520703981,13,4.074695243775468,0.9204356117312253,1,1,3
2020,-1,220,1.6332967749635983,4.392952995408205,4.713913465298968,5.288841929090867,-1.0,-1.0,-1.0,-3.0,-7.722145960995044,1.9077715763580647,1.4568514870420948,0.2941884207949658,7.412595677765575,0.5944626935710937,0.0,7,2.0852405412834893,7.980257046328858,1,1,1
2020,1,69,6.124086219240126,3.2944167203409744,1.726727159958789,2.6028643795734343,1.0,1.0,1.0,3.0,6.610250277842358,1.138736379696232,1.3373208337388425,0.26821392143062955,0.6048804078535521,0.6179520414776494,0.21500324044070296,13,11.179220490055382,3.7180703494144063,0,0,2
2020,-1,657,25.95756255713393,3.535841178621494,2.5056254743359654,4.247607356595838,-1.0,-1.0,-1.0,-3.0,-11.977544500940459,0.6391311299705837,1.4237574993959543,0.38333704558422466,5.395218587573754,0.5652595579602872,0.060538002143844576,20,1.6449678897975075,8.551749275700542,0,1,5
2020,1,63,7.443485521433757,3.418705753733354,1.8686055166306497,2.436921307892053,1.0,1.0,1.0,3.0,12.334065348131885,0.7240663681857397,1.1084436764238426,0.3334058271396387,0.9978390671026368,0.7168303645746579,0.00016647244881335654,1,1.295515567176526,5.693852026965684,0,0,2
2020,-1,153,7.193502365640528,3.2921283691934704,2.986463286478257,3.540999165617221,-1.0,-1.0,-1.0,-3.0,-11.713249432928514,1.2882536767062298,1.4302071401640506,0.23932694897295298,4.416523564538458,0.4774123599566428,0.16865437899048263,14,28.523871458371275,1.68449768765839,1,1,1
2020,1,248,5.994053560018561,3.0073408061142395,2.7400196936518837,3.949805302856808,-1.0,1.0,1.0,1.0,8.201492255620078,2.0189307794542577,2.3656945445588256,0.2848398611800818,0.9582954467343104,0.6816037735848842,0.005727762803236896,10,11.930685716959124,1.3364368490585157,1,1,3
2020,-1,256,3.7534648248398375,3.048394961066416,2.810094975184066,4.444455780693698,-1.0,-1.0,-1.0,-3.0,-9.058225397056452,0.6216534488185106,1.777000930757471,0.26843015435005885,1.5120655133880367,0.9546101815592546,0.0,8,10.760762370445669,14.794431228249174,1,1,1
2020,1,34,4.558816055293292,3.2303312175940264,2.3680542857880407,2.7823638530165935,1.0,1.0,1.0,3.0,9.058225397056452,-0.21171920993443988,1.3563034912957526,0.2738068651256466,1.0551481209966345,0.8226139949940213,0.09391663946021607,11,7.916322474394467,16.70241287681296,1,1,2
2020,-1,32,4.079168472108696,3.2701736073809817,2.7857652240671693,7.132498882085537,-1.0,-1.0,-1.0,-3.0,-10.789754812678854,1.1479834311413866,3.485446169067666,0.38271612969162666,1.5683595546868727,0.527622377622376,0.08837412587412984,13,7.069037908504386,4.422543794026107,0,1,1
2020,1,417,4.724126153296871,3.0639470114654834,3.779061968355607,4.034145664291057,-1.0,1.0,1.0,1.0,7.696749538610406,2.665165113342994,1.1255840769962617,0.21730601379762274,4.641364384017847,0.3818377795742347,0.1595257343034217,0,3.390761260257103,2.553226502173842,1,1,3
2020,-1,284,4.38991798633653,3.1080318310178328,4.123289564999343,5.539155418755725,-1.0,-1.0,-1.0,-3.0,-8.700043724377025,3.0374520424264984,2.2286110324382147,0.2895694570563607,4.791453163572777,0.4438205603010533,0.007287497759997403,0,0.40183282515120755,9.339110768055068,0,0,1
2020,1,72,6.528473512319519,3.4511247027607452,0.894266012777953,2.552084866503177,1.0,1.0,1.0,3.0,8.386429341049968,0.925630475228376,1.0722275988030845,0.2291670801708759,0.3732429792221294,0.5596034124971175,0.12381830758590504,6,10.665697392819649,5.009381957239093,1,1,2
2020,-1,399,7.464087469111061,3.1027893985401502,2.868611768618426,3.2339236024541034,-1.0,-1.0,-1.0,-3.0,-9.635177029015663,0.9735464374904842,1.3576757574815856,0.2617735266338602,1.2880749073113855,0.3552963430012248,0.0,15,3.272140110087346,6.2084022183049745,1,1,1
2020,1,81,6.490040914975043,3.13420476192124,1.8074990297128037,2.703017674670666,1.0,1.0,1.0,3.0,9.653126312653963,1.5266810613306787,1.207626400989098,0.22306391117799107,-0.47156883155745155,0.773734177215166,0.07436708860762796,22,0.4175794661843847,7.81054680902601,0,0,2
2020,-1,72,5.963744629289443,3.150041565872437,1.1119433037290998,2.2796254816467836,-1.0,-1.0,-1.0,-3.0,-9.124658880245924,1.695856445865724,0.7893336866422214,0.1969145989223593,2.596557149424691,0.6639933628318672,0.0002765486725724093,4,12.073292076371654,2.282774570583948,1,1,1
2020,1,227,1.8309921843434778,3.0441252814578736,2.9982998174478372,3.868306378342713,-1.0,1.0,1.0,1.0,7.640028199298664,2.5755554317970417,1.2097744902675427,0.20169305517886543,0.02336148188343062,0.44681861348528407,0.11870845204178825,23,1.988586424902622,6.500222716760691,0,1,3
2020,-1,50,5.357598524316772,3.306375114432709,2.6761944696481352,4.418340989738569,1.0,-1.0,-1.0,-1.0,-8.26351560017195,2.2223673642601756,1.1016433888134798,0.2054726390086615,2.0370421749595886,0.44851463033280614,0.26066562430198703,3,0.48571719161712984,8.571912481964677,0,0,1
2020,1,46,5.808523707312274,3.139244614732937,1.6159468440036782,3.0448242402157115,-1.0,1.0,1.0,1.0,7.660916991483437,-0.08822751626341022,0.6464102812484296,0.17924489967187968,0.20690963543520052,0.7292080613113542,0.0,7,3.008035072375439,5.392042561950434,0,0,3
2020,-1,126,3.93800848174014,3.119038057998984,2.1061595934080595,3.115076366512325,1.0,-1.0,-1.0,-1.0,-7.839834012428283,1.6545535283386592,0.9596358682323666,0.18849315757277296,4.852042317684128,0.48998880736226474,0.0,17,4.9665902993152855,3.885346159258979,1,1,1
2020,1,137,3.9936937645048904,3.2465948684587835,1.5230402234878837,2.5988069611019458,-1.0,1.0,1.0,1.0,7.578538832145512,1.5205181723059107,1.0314167203975728,0.17260211618288201,1.8277189248373236,0.7862623310193573,0.0,5,12.304533305898067,0.005414933243010802,1,1,3
2020,-1,698,18.09604706489232,3.351357712635909,3.0867941373410117,4.383059777229523,-1.0,-1.0,-1.0,-3.0,-13.489349792879764,2.0925004450407867,3.3164680067499486,0.49625028548358996,1.4714271392134164,0.2971323529411754,0.2161029411764663,15,3.4852749483302805,4.918110204866032,1,1,5
2020,1,134,5.659232915738939,3.1023646275070336,2.964941039974855,4.32070637799097,1.0,1.0,1.0,3.0,11.103700676547337,0.6729023108420443,1.9557791102160271,0.41820320612095857,0.7389437142959362,0.21205412054118225,0.3568265682657109,2,0.6204642034993783,9.082726042847945,0,0,4
2020,-1,65,5.809518042718632,3.136958537218056,1.7437419821937052,2.660952442366461,-1.0,-1.0,-1.0,-3.0,-11.410452618977528,1.9724816819856217,1.915978639299002,0.3650925908421481,0.7730896016362451,0.9607495069033221,0.0,7,4.086307140861161,9.176926294836617,1,1,1
2020,1,68,4.469382234639456,3.6672008146430652,3.7583373231588064,4.296916661349846,1.0,1.0,1.0,3.0,10.610507544865326,1.98088039804744,3.067104858871693,0.37026184968830117,0.8023361229415011,0.8555379167175255,0.004640371229710848,13,3.341896060825379,1.7075293606356972,1,1,2
2020,-1,717,12.281973427872803,3.764456023820769,3.7943987810855226,5.702278148522074,-1.0,-1.0,-1.0,-3.0,-11.549652620291377,0.4606171165194328,1.9018942274728003,0.2605836256907086,2.195406143883654,0.9306034482758878,0.0689655172413703,1,6.7404133782380455,2.7127141310258462,1,1,5
2020,1,188,0.3809115269530715,3.407029589370791,2.1738942594092134,4.901165437402856,-1.0,1.0,1.0,1.0,9.539581137498653,0.725590220876936,1.4175018596169577,0.31139512845538186,0.35424014346621613,0.6443103448275687,0.29396551724136677,16,2.6589423618508863,7.15151877715418,1,1,3
2020,-1,91,3.6455125582939583,3.7617016131832908,2.887452885681386,5.220911451377553,1.0,-1.0,-1.0,-1.0,-9.711389330313017,2.8623211018511157,2.934651939927554,0.3046242722895132,5.269990537616147,0.6049877684153476,0.22886653982058092,0,4.6793119459445744,7.335574594978479,1,1,1
2020,1,95,5.758782936789036,3.3562891390674174,1.9727123682389593,3.114323577702962,-1.0,1.0,1.0,1.0,9.61273605879704,2.2255108532146397,2.324559820727508,0.31415524058989636,2.05401358881538,0.3267351540966951,0.09809571535958124,8,3.0015971566607607,6.664693447710152,1,1,3
2020,-1,89,4.0718767246297585,3.100086126505894,0.4915936646702965,5.38391065296559,-1.0,-1.0,-1.0,-3.0,-9.90244590484411,0.39768782204802433,3.429057591215928,0.35805452816654953,1.5925272219853719,0.3755595344672947,8.95255147899481e-05,15,2.6091341371622105,2.7808719115215705,1,1,1
2020,1,205,3.9840545320986522,3.504596893075713,1.7795481001483762,4.3126440656276435,1.0,1.0,1.0,3.0,8.671320795413571,0.27425950596226284,1.068635142469403,0.2872147891470036,0.46308871089614945,0.859044635865317,0.09488384233882188,8,15.597336781457834,0.40175497066442517,1,1,2
2020,-1,228,5.535313990552774,3.312902763091312,3.2371032288258874,3.477255315648418,-1.0,-1.0,-1.0,-3.0,-10.50052601617945,1.9120193864361832,2.069434763885254,0.3322180016228289,4.196751934335878,0.6929717237629244,0.0,3,3.4515475457159392,8.536895724655725,1,1,1
2020,1,56,5.4378367071483265,3.2505528409944957,2.1689859619484695,3.6734497334780727,1.0,1.0,1.0,3.0,9.657037756777633,1.8159974807104722,1.4029517225425485,0.3167354743052011,1.1805369154306726,0.3150881215073983,0.18999856712993599,8,5.758425096885211,4.815895231058625,0,0,2
2020,-1,96,2.7965202250629955,3.1691563877740356,4.055854493795733,6.086332215147789,-1.0,-1.0,-1.0,-3.0,-9.870251732156854,2.500727578180597,4.019170032635048,0.3519544761260216,1.2920415315381066,0.7312592319054592,0.0269571639586586,16,6.439197857280205,3.052617865845314,0,0,1
2020,1,682,27.244919089324455,3.3792365146588788,0.8210020892584311,2.5639843149611155,-1.0,-1.0,1.0,-1.0,2.8680483193962516,1.1325192812712355,0.9826601295583494,0.3795905327334092,-0.04885917608767811,0.8598726114650002,0.0,1,0.00015322920663065348,5.008756307144574,0,0,5
2020,-1,996,25.524101623976392,4.089284536188452,3.8384411702737466,8.883560560675752,-1.0,-1.0,-1.0,-3.0,-7.528632786053332,1.638765227934202,2.8180485566204014,0.4422153866955331,2.6285342182920246,0.7640076126576555,0.03228928099093078,12,12.578487594169884,4.576953323429991,1,1,5
2020,1,235,1.1480991946084242,3.0706923119303524,2.932568182075653,3.744206430192124,-1.0,1.0,1.0,1.0,4.991499439766285,1.7614894380685084,2.669324531952078,0.4603544808477388,1.9932319631274171,0.8452413416962048,0.026656667575673892,7,2.5995127107506546,4.55890960595883,1,1,3
2020,-1,528,2.199660838766512,4.113316851499966,1.5692227395907663,3.6994712440367206,-1.0,-1.0,-1.0,-3.0,-6.304218710288837,1.2709104671917901,1.8268881561052657,0.22772862444380487,6.325248936207031,0.5303775314609734,0.023668639053255336,3,9.587378229870497,6.627617967751922,0,0,1
2020,1,340,4.678297430877356,3.6316059938964775,3.1261784141789057,3.7913412454078337,-1.0,1.0,1.0,1.0,4.654115602225878,0.513910737051169,0.8749569991521373,0.24123552265923154,3.6234742188036053,0.8695212407282382,0.08010788941335857,8,2.626980443517868,2.6510931392285833,1,1,3
2020,-1,296,0.023134327522501667,3.7441442216365854,3.9742339491370067,7.048359918219114,-1.0,-1.0,-1.0,-3.0,-5.294140103597484,-0.0051604520988318215,0.9188772987443876,0.17268101884623374,2.0921073574534472,0.7443189196208402,0.041942604856507346,8,5.147387873767529,6.074282969901202,1,1,1
2020,1,86,3.63835586743505,3.3644152908946015,1.9977583230912128,2.953895293081793,1.0,1.0,1.0,3.0,4.947605429162325,1.8334002892706236,1.5888560755672174,0.17785308639739117,2.9588573519631787,0.7595323502059461,0.0,16,7.119795196010635,5.326965188594286,0,0,2
2020,-1,238,1.9581598582478412,3.7556298548045577,2.865310568674362,3.9263055516293672,-1.0,-1.0,-1.0,-3.0,-5.4399596263604835,1.468332112641553,1.3738575422647203,0.1676524541945009,4.969730344971137,0.5838033843674436,0.13053988718774454,11,6.413402614615094,4.831271860620402,0,0,1
2020,1,156,3.8018121772829527,3.015279817696759,2.5223435896032265,3.0692870052763306,-1.0,1.0,1.0,1.0,4.770350646472955,0.8853240624512527,0.7632010996294846,0.15909706385624608,-0.26552726211986477,0.8870765370136356,0.0,0,2.671985217069506,7.53109063994256,0,0,3
2020,-1,93,4.176754371182178,4.117775049872385,3.5172668388903436,4.975680475566138,1.0,-1.0,-1.0,-1.0,-4.6709981685331075,1.8207950513043967,1.2229136990666656,0.14758256775061748,2.504325656297813,0.8311354883883677,0.0,8,15.946863840442136,2.023282137905383,0,0,1
2020,1,438,12.447553561609908,3.210945803900371,4.145944003458058,5.324037294003814,-1.0,-1.0,1.0,-1.0,2.0208745065017943,1.9828287650526173,1.09673500597697,0.27291814718125906,1.461448172209419,0.6979925650557426,0.19657992565057494,21,3.399566947373095,3.622765827781233,1,1,3
2020,-1,153,4.077604183301797,3.619483745996927,4.835332944092729,5.887890491610166,1.0,1.0,-1.0,1.0,-2.186473546700254,1.4328282173614166,1.2205412823987314,0.23360112456037163,3.017183519323553,0.764674493062972,0.0,9,7.5265845681532,1.2424592103054883,1,1,2
2020,1,120,2.1165036863618565,3.2420006386039772,2.4808850597442706,3.98920310835146,-1.0,-1.0,1.0,-1.0,1.6194047812399588,0.03345956739491699,0.9972691431240603,0.24613303588732421,2.5123973839508538,0.7687011319873963,0.10829735091608096,19,0.8511065533429432,15.338026610243775,0,0,3
2020,-1,54,4.517962625383242,3.963463801712978,3.3197296155217955,6.075570965747742,1.0,1.0,-1.0,1.0,-1.9084359491676441,-0.2545213791413591,1.1027807337956732,0.2335084180858218,3.0973709499784037,0.6687884422829512,0.05092261479043768,0,10.239832607951614,0.917589248475218,1,1,2
2020,1,257,0.7019427250547761,3.084046329403342,3.386004485033309,3.650272803581723,-1.0,-1.0,1.0,-1.0,1.1033514656022156,1.4699197396860408,1.4234460526722106,0.2588603596617173,1.6793905476290294,0.5382909773153185,0.2249701517994559,21,6.104832779251891,2.277101346911185,0,0,4
2020,-1,583,24.371254329103706,3.7634148547539628,4.845437044064473,5.561591486624337,-1.0,-1.0,-1.0,-3.0,-4.092855226874133,3.816029857504923,1.9539803249848504,0.20083880485980585,0.7503276034354958,0.6017431519032301,0.0,22,0.09482366796144717,8.804980041041372,0,0,5
2020,1,53,5.482432707606184,3.3831625184709475,3.63511913222583,5.821525813223006,1.0,1.0,1.0,3.0,3.9971986741156775,0.714803563948337,0.9461735288350825,0.20229809484047126,2.09181798933247,0.7056147832267299,0.0,2,1.8660380812124395,6.1490764152447746,0,1,2
2020,-1,317,1.8866129263908211,4.226111312117283,5.988130463071915,8.659788720526572,-1.0,-1.0,-1.0,-3.0,-4.661149334284288,0.8006460057287356,1.4295303837206534,0.20883962420293767,6.045786038034755,0.4132845420270605,0.13090485695276394,5,1.29839235775632,6.589622930445266,0,0,1
2020,1,85,4.619032622569028,3.2828235794910396,1.5732972188464085,3.4789884776666207,1.0,1.0,1.0,3.0,4.038715352139598,0.16315774504120112,0.6299976134125418,0.19909314243642262,0.263345518802197,0.9150608519269695,0.03651115618662502,12,4.610217180011217,3.0382163497762313,0,0,2
2020,-1,883,34.17869529296247,3.5181684630265124,2.834448800852144,3.957228084280007,-1.0,-1.0,-1.0,-3.0,-10.845243815595143,2.4412225309965727,3.2747762270523824,0.43371109512718026,3.259081975081212,0.6994964864715242,0.03375200575445248,13,2.3598467425750496,5.151131348490327,1,1,5
2020,1,90,4.190823105587797,3.5631033984890212,4.1417074355032435,5.4190955993305625,1.0,1.0,1.0,3.0,10.242435796844424,0.04417369259643146,1.883951964880452,0.3412304462340412,0.9488668075894734,0.9695568175165348,0.0,21,2.104739722693688,3.5123415234893733,0,0,2
2020,-1,357,2.8198688245049626,3.036329305633018,1.547411553609475,2.4537423373703855,-1.0,-1.0,-1.0,-3.0,-11.8697109164317,1.578567916410657,2.4839526340447233,0.35815394532586,0.1339224493399537,0.20238663484487568,0.32210023866346504,3,2.4581751515143457,6.239964645261383,1,1,4
2020,1,63,5.3680580820571056,3.5812054404167992,1.9100155408797057,4.917190834976128,1.0,1.0,1.0,3.0,11.086466569199127,1.6388073996980297,1.8793717620650046,0.3116057390807896,0.877579610708421,0.8239283776451631,0.15500090432265973,8,2.09303284697863,6.51161278980452,0,0,2
2020,-1,162,2.804324336780311,3.7405917193212863,4.895201245234149,9.932600830551063,-1.0,-1.0,-1.0,-3.0,-11.398098493418052,0.582741947169102,3.7456276871939376,0.36549487039014855,2.0622136421824178,0.5493273542600869,0.17454294584340094,21,3.7493118254388706,8.748589158398088,1,1,1
2020,1,67,5.103782988104997,3.144727581945718,1.2819650653343333,3.2043137261907377,1.0,1.0,1.0,3.0,9.973305099870782,-0.7089718902017473,1.5405550881112478,0.34860095638975624,2.8270839175381974,0.411776374516477,0.5294078751611744,3,2.3658017230754047,19.004275613463946,1,1,4
2020,-1,75,4.434527890685007,4.057664399426531,2.779540675652706,5.796995600887587,-1.0,-1.0,-1.0,-3.0,-10.871697791568007,1.5610021458930396,2.57131608917202,0.3522681184380285,4.0086869802661225,0.9142294903983205,0.024699735359974506,9,18.476190578237727,0.7627785101107318,1,1,1
2020,1,313,4.606373072180608,3.214787726479275,1.9954742474013571,5.302789066635158,-1.0,1.0,1.0,1.0,6.962166500132942,1.984033210078135,1.8916457074116897,0.3920638671974924,3.0571684891061635,0.7530410542321369,0.024138367967570365,11,5.764936009790511,0.7915120392668996,1,1,3
2020,-1,279,3.932903497388747,5.546472544010072,7.170575849982604,8.352318095741385,-1.0,-1.0,-1.0,-3.0,-8.33859606493502,1.3786476566726629,2.7377186168621996,0.3449359725754307,7.90809332398405,0.935548239050193,0.0022947221390757703,11,3.5698411347438297,14.448400146073311,1,1,0
2020,1,20,5.820194903371345,3.1127785383224986,6.551835001512629,8.492280815464317,1.0,1.0,1.0,3.0,7.132279384567018,4.090154909236341,6.117345120816351,0.40506305254728897,2.092450885839315,0.5152999288375507,0.02201850223951782,12,4.851218402014092,4.34538545511632,1,1,2
2020,-1,107,4.036322997081958,3.2703660971563235,1.7692794244276575,3.5277168866015285,-1.0,-1.0,-1.0,-3.0,-7.888474760738509,0.2188269695118415,1.867763487275293,0.4008566865540069,1.4391323963289648,0.786923195637644,0.01368383147281168,21,7.158378741533691,2.5829633242676153,1,1,1
2020,1,279,3.367216405661022,3.7902786360203025,2.2326681065300455,4.081129464326478,-1.0,1.0,1.0,1.0,6.872507567227671,1.0831071615347991,1.073842046953059,0.29838340826460596,4.364615452505295,0.6222094550229611,0.012639527248858104,20,4.044131777411405,2.5046011053559925,0,0,3
2020,-1,862,20.619844727922757,4.719817347148733,3.804061873249271,5.697854135625905,-1.0,-1.0,-1.0,-3.0,-11.738212709569634,2.015306569321731,2.8966876655724887,0.5850875036658332,5.099517282024091,0.842611502734044,2.1960164258513543e-05,20,3.2219054740245188,6.7682979448088085,1,1,5
2020,1,197,7.84787525006612,3.9839396471468405,3.1682652067226766,5.468039059164429,1.0,1.0,1.0,3.0,10.587831634527909,1.8563618025171658,2.9375320671640024,0.43355305133402267,2.7778710623067027,0.8521212826630784,0.02938951289066437,13,0.9467035126503628,6.19171177181937,0,0,2
2020,-1,104,6.304481047293694,3.003044667908961,1.3229956027626288,2.5022171837572476,-1.0,-1.0,-1.0,-3.0,-10.56900142824171,0.8903248759866285,1.5941307030213638,0.3815635446284728,0.06838283893905785,0.8858795316687796,0.0,21,7.9446425343657605,4.559480249669139,1,1,1
2020,1,170,1.8258654627512476,3.007267545707115,3.744840980195074,4.142064469090178,1.0,1.0,1.0,3.0,9.87754314362564,2.4994453867127295,3.3737438154349686,0.374832986251857,1.7483593284457017,0.7398311093921207,0.07806355959518148,12,1.128181850389123,7.438436871964432,0,0,2
2020,-1,51,5.247656893550767,3.197096232966921,2.251957551495789,2.7695575553992033,-1.0,-1.0,-1.0,-3.0,-9.271381474787221,0.8009671774562922,2.649685111047533,0.37605167287357516,1.830391033506016,0.4329243233722823,0.3446838489989933,16,1.574035399776248,14.0482659430032,0,1,4
2020,1,56,5.608482912281672,3.044514090061341,1.171623485468853,2.2138450101789107,1.0,1.0,1.0,3.0,9.726363239411311,0.2268167394274676,2.2795933500434704,0.3592225557738369,-0.31219542092534025,0.7794916997208982,0.0,20,13.804077796389596,1.844080967851475,1,1,2
2020,-1,482,12.585463920158762,4.6419340812236225,5.389832576395353,5.938941964083848,-1.0,-1.0,-1.0,-3.0,-11.520988519534946,3.174328922225366,4.693327724296388,0.4243775898909498,6.481821146571416,0.6203439153439195,0.017698412698409233,13,3.7375079675819705,7.362845728124772,1,1,0
2020,1,94,6.980741482626392,3.5434418397425693,2.269672953103184,2.555723534662717,1.0,1.0,1.0,3.0,11.10994137897421,0.9955988780683721,1.7172296040843658,0.3716989755213068,0.08579171918430244,0.7981217013350018,0.007683949084119541,20,3.6028532119328673,4.152070328527209,0,0,2
2021,-1,261,2.075261607807023,3.648369494168602,3.844228042134846,4.563236180552821,-1.0,-1.0,-1.0,-3.0,-11.028078576791797,1.237345067327467,2.952243914177553,0.30172047733244006,1.6367960881422838,0.4034408364219733,0.3361730375615439,18,3.152971095024252,6.856723065458618,1,1,1
2021,1,128,7.703013219379811,3.3807526099016503,2.122753366369165,3.569539139959946,1.0,1.0,1.0,3.0,10.960377154812596,0.12611000019558852,0.8787355273332306,0.24253764733156366,1.0136664692854702,0.6593324829931727,0.22534013605442532,5,20.658988901838505,0.5063820053361587,1,1,2
2021,-1,427,16.022499009063484,3.410483310572762,3.386155498306712,5.2146047419628605,-1.0,-1.0,-1.0,-3.0,-14.55579740163037,2.7887899018387645,4.5411509977671605,0.6702911099882721,2.3887825347783815,0.7854352072932532,0.03139244627740336,16,1.5606223689717242,5.493321481065363,0,0,5
2021,1,373,3.2776978119825726,3.093110891920735,2.6511278940279586,4.975518004369593,-1.0,1.0,1.0,1.0,9.986459186908773,0.8155174839457846,3.476795342980622,0.672413431952009,1.4581930634793259,0.9541609510745356,0.012345679012337978,0,2.8566059700630846,10.964789278935758,1,1,3
2021,-1,47,3.688606215756397,3.1566623361452963,3.2692403815078976,6.331351868035831,1.0,-1.0,-1.0,-1.0,-9.986459186908773,2.3836477539372942,8.226829471714241,0.696095924965108,2.348225656582544,0.6921697083138358,0.22921541101231813,3,6.063294588929354,2.9102967287987727,1,1,1
2021,1,132,4.308348180676241,3.9150147192621603,4.081919308591838,5.995548489327205,-1.0,1.0,1.0,1.0,9.196744259750519,2.486983690317973,3.410542314704961,0.6471941262383878,2.060215138327638,0.7620751830401051,0.10105452955961511,14,10.014994794037273,2.8503904137501905,0,0,3
2021,-1,712,18.410768510787907,3.0960334360499515,2.880363744193632,4.56998742865424,-1.0,-1.0,-1.0,-3.0,-14.506280998179403,1.3764263425202345,3.6949219297281637,0.8360890085548522,0.5574776278171463,0.7874077290490706,0.15610073816760503,2,3.5547522651680157,6.752047489572786,1,1,5
2021,1,93,6.044490544747114,3.2809885603164135,2.1612045677449276,4.424640876321081,1.0,1.0,1.0,3.0,13.22106575574561,1.2559296487149916,3.1080707305573747,0.7321759777861417,0.15507932144417919,0.4451360741169663,0.5414012738853456,10,8.96201651787784,0.43307700957064804,1,1,4
2021,-1,243,0.09311810817108006,3.1190527014193834,1.6106916007970604,2.6591847207659107,-1.0,-1.0,-1.0,-3.0,-12.940680963248617,-0.998078025261025,4.136572677080151,0.7598940352660924,0.7570427222357894,0.6392810151424052,0.13146450792800693,6,1.6236106896784486,7.794237324482025,0,1,1
2021,1,61,5.437935814154644,3.699211191870176,2.572815081087143,3.1351547735439618,1.0,1.0,1.0,3.0,12.136951269279221,0.9990848997204843,1.838671034750677,0.6573356726279943,4.898013054732305,0.69765539803707,0.05495862467124864,11,1.55179857895402,4.700086943999452,0,0,2
2021,-1,278,3.882732639753741,3.546216050089076,4.061867451271988,5.849298792440635,-1.0,-1.0,-1.0,-3.0,-12.521770866696732,2.3741327060121904,2.1567198739175075,0.43289981482248124,5.168647599574485,0.6513792776566439,0.25287704995734867,10,16.539672666448695,3.430114842676416,0,0,1
2021,1,447,10.063604505075961,3.280540377526616,0.5314401867233021,3.116527230578006,-1.0,-1.0,1.0,-1.0,2.925181594844571,0.4881712363682016,6.009279391079341,1.329184468197415,-0.48507536596723955,0.6656777014365806,0.2299734540912035,23,2.4782822432471545,3.8036105820177406,0,0,4
2021,-1,167,4.120743954853653,3.570881440007056,4.262141565821352,4.637163640888465,1.0,1.0,-1.0,1.0,-5.097110624317631,1.4981343321056604,6.410430025602839,0.928710358455863,5.4054489653082145,0.48368123393316675,0.1613573264781473,13,4.392260317388522,5.064207870830979,1,1,4
2021,1,216,2.535092469841068,3.1572728274939004,3.012596936657041,3.8593990528513573,-1.0,-1.0,1.0,-1.0,3.570626311952871,1.3489048142379283,4.946249752851192,0.847443104792465,-0.5069346943732257,0.46375314254226807,0.17928849399042088,7,1.5615695765161286,2.8059310538686706,0,0,4
2021,-1,553,18.236227599530725,3.3643009396692225,2.8798571477499113,3.321161481331003,-1.0,-1.0,-1.0,-3.0,-6.470478176794789,1.2144742205438814,1.483355814872015,0.5228980141616139,6.13721294491572,0.7022906611507048,0.009142215071872371,5,5.016754466528609,3.0760757696062755,1,1,5
2021,1,322,4.152713879453743,3.7108955142119746,3.3716200057420354,4.81256031158997,-1.0,1.0,1.0,1.0,4.422243736109824,3.8546002137710516,5.273490266552413,0.6063649269502167,3.1463576536547038,0.757789855072469,0.038115942028973906,8,2.1993415136717442,3.48301636755226,1,1,3
2021,-1,130,4.897258814212507,3.2455353847655837,0.8238258404714563,3.9109318250625353,1.0,-1.0,-1.0,-1.0,-4.986601328780112,0.08328542673139551,3.0096990915953628,0.5953927103344434,-0.06221098388876454,0.4170729280668845,0.5522833548900535,19,4.549616322697781,2.3336957683977446,0,0,4
2021,1,307,1.2502605939242972,3.0237325377759667,2.2022316475779573,3.4722236762168843,-1.0,1.0,1.0,1.0,3.371989744373413,1.4810955793184928,2.451852628345246,0.4885375727826073,1.4525927122882676,0.4381203548309626,0.0,21,3.917905337694066,7.519542349331618,1,1,3
2021,-1,76,3.3031762430409985,3.6408227655210963,3.1801731461840426,5.233532242306939,1.0,-1.0,-1.0,-1.0,-3.4939744970045754,2.5403793910504877,3.760729903072347,0.4828289763960677,4.523028340521678,0.895245533535084,0.05337791662599472,3,2.7427635654756686,8.427502871909335,1,1,1
2021,1,50,4.493195309836112,3.4013772290625948,4.86855966579138,6.6631712049722065,-1.0,1.0,1.0,1.0,2.9342971452996314,1.3557448935487417,3.1685259269931585,0.48599539168444744,2.3488693394804603,0.9143643873336238,0.0029830197338295127,7,7.268145528967215,2.4685199158489626,1,1,3
2021,-1,119,2.8890263008003503,3.6447540016964504,3.7999503964549035,4.449949249160682,-1.0,-1.0,-1.0,-3.0,-3.7821445178387973,1.7322540961775799,3.585734028358326,0.5042553641245995,0.02317409214409688,0.7164223751121902,0.2835776248878098,17,0.7012470463945881,8.516178345141123,0,0,1
2021,1,74,6.931830091610487,3.6376994009567007,1.2491322620320673,3.0185298712761948,1.0,1.0,1.0,3.0,3.4143474822678765,1.9915272949495024,1.7644132317483834,0.4175339942611248,0.3744538603331383,0.7757978182803514,0.09065654854667873,23,4.432001055789307,3.4557457193843737,0,1,2
2021,-1,238,0.6634709998475492,3.0414691298460075,0.35727223486866194,3.9515374215655963,-1.0,-1.0,-1.0,-3.0,-4.290973728083233,0.9709672269509722,2.702330461562334,0.45280760693912875,1.9217590602511727,0.4747589336358389,0.011202495745900003,19,6.015050837727722,2.1118637745056192,1,1,1
2021,1,336,5.450637500559916,3.473225677322399,4.0401998052886325,4.766304726579771,-1.0,1.0,1.0,1.0,2.481833490858352,3.3900746713484775,2.669447637343488,0.49099258503563714,0.1722029287027167,0.6745010091948944,0.20569634447185325,23,0.17559138972120703,9.645428490364225,0,0,3
2021,-1,37,5.879114864468971,3.351744539420498,1.0000523316081507,3.6530889980686347,1.0,-1.0,-1.0,-1.0,-2.659624015617093,0.3457555663348664,2.5917817278052087,0.4994945387228525,1.1221378057091969,0.6938251139660018,0.2768338168255371,2,14.255430660485137,3.285024254103762,0,0,4
2021,1,419,10.859080006310815,3.043423940298212,2.7269408010234484,3.6298657444190465,-1.0,-1.0,1.0,-1.0,-0.1388175255353215,0.486946211271553,3.0671445770135066,0.7733037871582917,4.239416580438233,0.80986283592581,0.05317135595969779,13,6.3541197462238355,1.1529175751742522,1,1,3
2021,-1,262,0.07292717042508992,4.521712667723472,2.95178196043874,4.101886666619042,1.0,1.0,-1.0,1.0,-0.6993028443113798,0.7889670591974942,3.1054005548256027,0.5595129707950532,6.458346178549355,0.8150984682713383,0.0031287189527448656,11,2.4160283135052714,3.3664394514007507,1,1,2
2021,1,211,5.541140742179079,3.553055404428311,1.828883371716259,3.0511785660689075,-1.0,-1.0,1.0,-1.0,0.37088142433617843,2.3331195933375146,2.3512621051462097,0.4128532065543835,2.2391267220692006,0.437620150835517,0.0,4,3.3672242028448554,3.303244051651429,1,1,3
2021,-1,118,4.654749216086254,3.001033617015671,1.6716135117082989,2.4981335258307458,1.0,1.0,-1.0,1.0,-0.638269012314307,1.3874144145359846,1.6807903861113722,0.3722769140071028,0.7426844388576347,0.09865079365079596,0.508174603174594,14,9.97563390665806,2.1910017339647974,1,1,4
2021,1,115,2.5451988097829132,3.481438053298233,0.9629281907432254,3.717509144084968,-1.0,-1.0,1.0,-1.0,0.2044336449756468,2.505640809958043,3.6923405118043386,0.4017224015689238,1.6786459565942085,0.41915708812261326,0.12731253420907668,0,10.315994093071273,0.6656591364694302,1,1,4
2021,-1,250,4.733455848247168,4.199691643933587,2.8868195747212284,3.7096836727209146,-1.0,1.0,-1.0,-1.0,-1.0156681294519612,0.4745094897820945,2.7530291196244083,0.47382375995512743,1.423274723961878,0.80625960529847,0.007537872319655808,21,9.583905072845935,1.2731443585442177,1,1,3
2021,1,310,3.5339799877572884,4.225888372207377,3.242286586335605,5.059532400822543,-1.0,-1.0,1.0,-1.0,0.11339844206520573,0.453428183045345,2.2290664915267455,0.5238241735834903,1.7061064754850133,0.9680614681756807,0.0035302668466425445,22,0.9768147565276997,8.317309193741929,0,0,3
2021,-1,79,7.759290834787141,3.1200359888314315,1.460614172865759,3.16436809645952,1.0,1.0,-1.0,1.0,0.19009194694478795,0.5493214812024065,2.0314436986679363,0.5000272421575702,-0.39845689455038086,0.1984370884186378,0.21266133988937824,5,7.658521647539676,2.373371197442736,0,0,4
2021,1,185,0.6023632486622078,3.003292817738559,0.6465664033955989,4.836815888198291,-1.0,-1.0,1.0,-1.0,-0.9682868741824446,2.0993181556743328,4.229961406692211,0.6657750128213289,-0.07686058436683453,0.6806650576562047,0.0,20,0.6740504769744651,8.049022941814732,0,0,3
2021,-1,28,5.88428434396356,3.053881104242745,1.4206024404629731,3.9025115404816457,1.0,1.0,-1.0,1.0,0.9682868741824446,0.7583957163235878,4.059234067103575,0.6940146082576487,-0.19862513556611563,0.17294900221729384,0.6412601626016223,23,1.898726450727453,7.9387167504004825,0,1,4
2021,1,54,4.6264908851956354,3.237344354932131,1.4376513314194421,2.728578426816064,-1.0,-1.0,1.0,-1.0,-1.221226475574535,1.3200694579139225,2.9156955538408944,0.6452491185004582,1.8935952527690172,0.892660494947663,0.0,3,2.1245472430819063,3.1550634376984568,1,1,3
2021,-1,330,5.678705900855498,3.6335195395419944,1.2710834833589075,3.9294492521925957,-1.0,1.0,-1.0,-1.0,-1.315814558114796,0.6136508845696643,2.915612408711649,0.5231038687821701,0.4012950694500722,0.643605582246627,0.3228551818805836,7,1.9810031134023784,37.56743381049839,0,1,4
2021,1,18,5.399588369858103,8.6421348037053,11.603230932074688,12.685059410049265,1.0,-1.0,1.0,1.0,0.21139387090876738,8.075252509990888,7.368373803050212,0.5725698633287613,7.958941174327681,0.8293534910366254,0.0030110802162931433,8,20.68101590689819,3.4662389016736124,0,0,0
2021,-1,129,0.14357388845651936,3.1467916787881918,2.715769256013589,2.960905927171574,-1.0,-1.0,-1.0,-3.0,-3.6562561609064086,1.4210609577352449,5.230692288679493,1.0103490842150173,2.92885260323866,0.14684206647504752,0.26302601518166685,19,3.915170510051233,2.7912512222059305,1,1,4
2021,1,317,0.0628046788631224,3.138697688954206,2.7843605501646906,4.296481140599542,1.0,1.0,1.0,3.0,1.4842436864820894,0.6785534210336682,1.3203635293249296,0.485139540379015,2.3201557902847476,0.9386693765317593,2.9888218070527875e-05,21,0.6260878525229205,6.077332148060186,0,0,2
2021,-1,55,5.308582748014698,3.1537191372362066,3.0567970183930524,3.5921081051933803,-1.0,-1.0,-1.0,-3.0,-1.4412884989343766,1.3079903614821433,2.063939277862369,0.45674066653289497,3.038784094043097,0.7175422828662483,0.15871394721790477,2,3.187395527747046,2.7909264943801912,0,0,1
2021,1,285,1.8392788501615127,3.914595451057606,2.106796899759974,7.615575277007504,-1.0,1.0,1.0,1.0,0.5752174367099271,1.0381460040517383,2.529202169369925,0.44216659556879734,4.276907921147092,0.6319000000000051,0.008099999999994906,2,6.803694564656925,2.6704165678380627,1,1,3
2021,-1,164,2.5729548053356224,3.6489772657629795,2.5695590274199716,3.3888557529971415,-1.0,-1.0,-1.0,-3.0,-1.3443189365800179,2.110520716723755,2.9373347617171217,0.46154299037877355,0.6770870632637612,0.8556180493417063,0.11248881503258752,15,0.11186476095277276,6.163075703257746,0,0,1
2021,1,167,6.539533880049409,3.0538512209310094,2.4610513503029474,2.657373558812412,1.0,1.0,1.0,3.0,0.8624590243463807,0.5018831437897432,2.1866029311657376,0.3422256343756344,2.041987002904012,0.8240130006691545,0.10854602810438295,5,13.756259461877132,1.3782812640166235,1,1,2
2021,-1,683,17.46445037691924,3.649475663102744,4.362790931604238,4.9589867874770635,-1.0,-1.0,-1.0,-3.0,-3.383124554817138,1.6641021401579432,2.960861414121213,0.47723374086353726,1.5121849137010184,0.7254633503207192,0.17045713851069347,14,3.8079313217385873,5.426461119039071,1,1,5
2021,1,199,3.914412809338808,3.1500095009457603,2.159852853198822,3.145703994203548,1.0,1.0,1.0,3.0,3.3225396398537037,1.1471218351285106,2.455047213913143,0.40289140570312015,1.4226035965275519,0.9115082048908961,0.0,7,4.3170760687849254,3.3690259684628967,0,0,2
2021,-1,478,13.877958915269042,3.7036897674729485,5.9242626515822145,7.68796398529187,-1.0,-1.0,-1.0,-3.0,-5.20919984945136,3.2195178068940518,4.6451437125126995,0.37031422992095875,4.566304476516394,0.6751837007348066,2.0875083504586776e-05,23,10.214371021476829,1.4128361801348923,1,1,0
2021,1,373,2.810209824110115,3.11992374037749,2.183174311307036,3.410109537857972,-1.0,1.0,1.0,1.0,3.2094954653759302,2.2875154920754484,1.7504443968300896,0.3863590342845675,2.634162813496447,0.49515972894481597,0.2048126123634496,6,39.423881640577214,1.2325609409892546,1,1,3
2021,-1,551,28.1558864936632,3.4577766879046403,2.7568689634953873,4.792183868555814,-1.0,-1.0,-1.0,-3.0,-8.059327173731756,1.9070175400145328,2.5882411833879697,0.528448284173939,2.305057034558058,0.78130769230769,0.16603846153845483,4,0.014864170940404486,7.3339985037381865,0,0,5
2021,1,72,5.649673195771766,3.450741567169355,2.1232620356760648,3.600705175870079,1.0,1.0,1.0,3.0,8.227319892272433,1.255367831359495,2.5281436790594682,0.4508659114221947,4.5724068279363,0.923111612175877,0.019797068771136045,10,0.7350654608033853,16.631453683926544,0,0,2
2021,-1,28,4.800220228896311,4.145143212854631,2.849554299886715,4.6315642046263825,-1.0,-1.0,-1.0,-3.0,-8.167678538245923,0.7461458474633644,1.9408818338595064,0.4903037455298281,6.125044724405111,0.6418587163268004,0.0845423983721825,12,8.455357170131647,1.8404320656890747,1,1,1
2021,1,258,0.5792488189719065,3.331834761454894,2.982637739734619,4.196262751074912,1.0,1.0,1.0,3.0,6.341340048695348,1.9916841139943673,2.747424832768841,0.42569778414340814,2.35565282548541,0.4449442060085717,0.25084978540774233,10,15.633135739298693,1.4398426564625688,1,1,2
2021,-1,343,7.747861902452588,4.590207501626214,5.864185854780679,7.494053996473685,-1.0,-1.0,-1.0,-3.0,-7.756056159806944,1.950239989066768,2.273250237928254,0.4617679682610511,7.585352308715813,0.774430369740923,0.0,14,2.0478116716776937,8.000274492840608,1,1,0
2021,1,150,8.518729346885198,3.3706164946489903,1.8054504637689461,3.3702721350518186,1.0,1.0,1.0,3.0,7.315805561444797,0.14344022616264426,1.3566514971434265,0.3531143147345832,2.50642207758613,0.6551130864905486,0.0,3,0.016982105257253712,9.76476928453275,0,0,2
2021,-1,58,5.959209246410575,3.9660274585456685,3.637917335907307,5.276310945282812,-1.0,-1.0,-1.0,-3.0,-7.664290687425661,0.7038581718686902,2.451011917971842,0.3402764562740506,3.804287390889146,0.5822571428571454,0.3428857142857201,7,4.8989987000393365,3.8987057630717405,1,1,1
2021,1,195,1.487420009177671,3.0682793478968966,2.7209025678868266,3.522514852537769,1.0,1.0,1.0,3.0,6.914826568296829,1.89627352980389,2.619851014292621,0.33280451593968813,5.719881497082782,0.8296874295250481,2.2551982323840023e-05,0,12.029356368854973,2.128571073264316,0,0,2
2021,-1,302,3.867333715525819,3.278288743814715,4.205670500469231,5.186425665807808,-1.0,-1.0,-1.0,-3.0,-7.554854439237705,2.4487098102946616,2.872593567366146,0.3492727350011861,3.130058138227074,0.2587176144696155,0.6337787192439291,1,17.081169168334725,1.1485284157772613,1,1,4
2021,1,179,0.25639817187292113,3.5325973504780164,2.834424560788674,4.551523726055283,-1.0,1.0,1.0,1.0,6.740230779674437,0.848639210093345,1.3099118309162607,0.3730962883106666,4.104953551109603,0.6263729219197458,0.0,16,2.210376735091534,5.380933382750042,1,1,3
2021,-1,94,3.1001456272296695,3.0502181853129593,3.4920803003878564,4.744772680743899,1.0,-1.0,-1.0,-1.0,-6.63676331894032,0.7881807231406847,2.164144014081041,0.3638759337976221,1.8353485840902668,0.637232717195085,0.1577890213826194,0,3.340666714154583,15.08591139457182,1,1,1
2021,1,38,5.260275552269367,4.308219220107783,2.235992368472553,3.4555146035211695,-1.0,1.0,1.0,1.0,6.63676331894032,0.9368769517089677,1.8121334379139378,0.3712351856079633,2.899500542539551,0.9738129259177872,0.0034622994064685735,3,7.182315172224006,2.246769030243081,1,1,3
2021,-1,164,0.8872202102970668,3.0817948733843616,1.9547562490648198,4.498956770965725,-1.0,-1.0,-1.0,-3.0,-6.993493942176393,1.1447023065581143,3.313290881526773,0.5122541786040298,1.936268801680381,0.760730416055986,0.009391918164696676,16,1.956495499989953,5.704298109778251,0,1,1
2021,1,85,4.514285307975074,3.196448119947737,1.470067348774142,2.4463915371178837,1.0,1.0,1.0,3.0,6.974059580285285,0.5543770267704766,2.0351558618385197,0.41786148335471346,1.9920481735748339,0.836640987704724,0.04833937044027663,0,9.05577529390296,2.3981189380505294,0,0,2
2021,-1,432,12.388450861075706,3.663350526765518,1.6054600960838086,3.5486267174196873,-1.0,-1.0,-1.0,-3.0,-7.960350943212548,-1.2294443677948657,1.9135408618273213,0.30970853953377947,0.5513660300610526,0.9402060163335965,0.05339188246396706,12,2.006337013881163,7.06922669039004,1,1,1
2021,1,31,5.537334568498485,3.161672782413679,2.7066628494253164,3.6655509118273977,1.0,1.0,1.0,3.0,7.960350943212548,1.8236183265075547,1.6728712328174478,0.3132920191289271,1.7393764743399271,0.5847973229903538,0.1838162597916087,14,0.12724176197014894,4.8947209719714175,0,0,2
2021,-1,125,4.852730529547968,3.1524854877957966,3.8696199177436243,4.081507327640156,-1.0,-1.0,-1.0,-3.0,-7.87998325651074,1.7396694166247983,1.3531499196183367,0.298169532572935,4.756277380780825,0.5570401150711127,0.1392999840179062,1,3.979412562711563,7.110753595664924,0,0,1
2021,1,95,4.671777795620791,4.044218212540304,3.060812996163167,3.727884026292064,1.0,1.0,1.0,3.0,7.893266937072008,1.8730175527088715,1.1754387796646177,0.28494371247744216,2.943077297797276,0.7158179631114567,0.029270248596638838,8,17.729533904844192,0.004762397500160364,1,1,2
2021,-1,452,16.06112996994074,3.85241631894629,3.021861662298837,6.208353688532445,-1.0,-1.0,-1.0,-3.0,-10.72629551322459,1.41571967401025,4.938312846164656,0.3970094967450346,2.701624426168522,0.3127694199783889,0.2248406772923186,22,7.745598203711043,6.571763328205795,1,1,5
2021,1,138,6.22693968360564,3.717779883900053,3.0347940071542627,3.6893088963176193,1.0,1.0,1.0,3.0,9.66592569975357,1.3752548276424188,1.6402836887631844,0.33928986542922807,4.862666345461677,0.7621952572151021,0.01062579027928939,10,4.356455226823693,2.5325782107509047,1,1,2
2021,-1,169,0.22844331339135013,3.01385360076846,3.5944379130930897,4.424291095178528,-1.0,-1.0,-1.0,-3.0,-10.172602314376793,2.632652806728167,1.763035304677859,0.3389179237997262,4.158311613035486,0.6778441518065322,0.09486797983611597,0,8.399017797533915,2.917520752361934,1,1,1
2021,1,597,14.187020409509422,3.4893176933539007,2.0649209653722953,4.139682118901403,-1.0,-1.0,1.0,-1.0,2.887290806591084,0.6875113814380914,4.460250355781152,0.9834963721978243,1.058040048209537,0.6876666666666642,0.25913333333333866,1,2.465108864382775,1.4147801387987384,1,1,4
2021,-1,153,2.2999780192068506,3.0800583124462437,1.8030538293991292,2.9658702561970434,1.0,1.0,-1.0,1.0,-3.6255165483613134,0.4303276246328136,3.226042107132585,0.7408276909963746,2.2042265861070955,0.8813822714237642,0.07508931575322009,14,2.2427799024495605,3.7952291265298186,0,0,2
2021,1,118,4.975543506109968,3.0109448042309297,1.4835270286071272,3.48862309744752,-1.0,-1.0,1.0,-1.0,3.0887283676643786,2.519899638217596,2.643333645051439,0.608215298607802,2.5433987980701525,0.1444682764823994,0.014529855393333992,0,1.7691256403782594,2.696497255111409,0,1,4
2021,-1,105,4.499197310942657,3.414225377577906,3.665412034376686,4.584341115157212,1.0,1.0,-1.0,1.0,-3.4621455402326604,1.5605890238231248,4.28179655961962,0.4956085688376329,2.4963053976340017,0.35715183983500254,0.3828818632259407,9,2.342398833594287,12.257218306724344,1,1,4
2021,1,33,4.751179455206696,3.0990381425611293,3.211421606473276,4.192915468168206,-1.0,-1.0,1.0,-1.0,3.3778406927516125,2.4729202858590944,3.3251775539263915,0.4925275794749224,2.9290991211723463,0.6340858671538597,0.0,12,6.0538355301346725,5.511212559974422,0,0,3
2021,-1,82,2.994392944166238,3.1822109273951864,1.9162526817596053,2.5814706601467163,1.0,1.0,-1.0,1.0,-3.660027029654722,0.2981232648948231,3.9146404044483614,0.5661116162574994,0.8639472611397839,0.708230795106488,0.049289166651919514,18,12.207728112538978,2.340834789476871,0,0,2
2021,1,258,4.385929628095114,3.0453685864591793,1.0035143008866492,4.942108861244017,-1.0,-1.0,1.0,-1.0,1.5714864226119718,0.2927307884889898,4.346547663162382,0.7337499317507035,0.33755188227754124,0.5751666366420497,0.21547919293820086,16,0.9747801213170482,8.546633162285518,0,0,4
2021,-1,50,5.791203292817531,3.0422281839376457,2.7505256020859683,3.5030968446027475,1.0,1.0,-1.0,1.0,-1.2003581736121312,1.4239836555179939,3.8277217420064997,0.6929863712736769,-0.026630315205385807,0.14217359298667565,0.6051662986013526,20,3.4969120977460664,6.098816358699965,0,0,4
2021,1,61,4.07903447856242,3.3043770904636562,0.6664397454649125,3.2471420835358784,-1.0,-1.0,1.0,-1.0,0.7816399434706041,0.11892727775496864,2.2154582879492355,0.6623742727469497,0.7476719860153671,0.8416532273187526,0.0021940516821030067,1,1.6828997040774494,5.311363853380681,0,0,3
2021,-1,96,5.35180411523037,3.2816344013452188,0.8261417827610961,2.084108287132127,1.0,1.0,-1.0,1.0,-1.2719855598783616,0.99775706940167,3.553439397095703,0.5768230161077517,0.8280099137209423,0.5544454986884028,0.283027292515486,9,0.21800859731764205,5.982846171133696,0,0,4
2021,1,438,4.415365420887545,3.0274924821070206,0.5974316192670855,1.8536863842225952,-1.0,-1.0,1.0,-1.0,-0.37082057848780003,-0.1081469010721957,2.3840572168488285,0.5483797388137587,-0.689568928932944,0.7338070229636661,0.14725568942435574,22,5.944766243804075,2.3179623155346114,0,0,3
2021,-1,510,16.33755418346007,4.660656883717793,3.579466011059591,4.381366501031018,-1.0,1.0,-1.0,-1.0,-1.9638399001418336,1.0200022986088157,1.1238631786148294,0.40879373812234726,7.576924660822248,0.7402588617299485,1.1274465592627941e-05,16,4.28151837302046,4.451694312934106,1,1,5
2021,1,139,5.233340960318673,4.136530215194892,3.2742658766937787,3.4828897637382465,1.0,-1.0,1.0,1.0,1.9501308694012907,0.9072449351666052,1.4257274930257475,0.3783650701609564,2.8845450187937667,0.8475653419262345,0.10093686597446412,4,14.497478233082589,1.6278577784203074,1,1,2
2021,-1,281,4.696849120029477,3.277376806278321,3.910790831411789,5.78512316629127,-1.0,-1.0,-1.0,-3.0,-2.784508678008052,2.0088437371916554,3.469457001303095,0.45690196011157747,1.0128230093967483,0.57793264468658,0.38831894721945903,3,6.588495899357314,3.0991106628780916,1,1,4
2021,1,410,8.949670493917706,3.09489006637155,1.9102036913932328,4.219975476670695,-1.0,1.0,1.0,1.0,0.9187872856073858,1.077565976542438,4.51583499520844,0.46207243067604997,3.257339773928631,0.4904092071611253,0.3904603580562615,13,5.456353705889045,6.027248561321964,1,1,4
2021,-1,253,0.22947200733846732,3.0446678271873355,1.6387129516388217,2.754088923833105,1.0,-1.0,-1.0,-1.0,-1.6519825725449795,0.9979543817276932,1.558411828494693,0.34283350292107995,2.290225961399664,0.7318020364669808,0.1587970636987857,10,5.893685964728881,3.6590498075739437,1,1,1
2021,1,113,3.06221656306047,3.097485420927752,0.8018294216232037,2.307445307049348,-1.0,1.0,1.0,1.0,1.340565393001467,1.2738641286826258,1.9429212124071138,0.3348456680026247,0.07042846113274033,0.7381528662420345,0.12866242038214706,20,7.7410375664263205,2.5942731091833005,0,0,3
2021,-1,419,8.551688706302897,3.335171134185193,2.2493824325258815,5.19626798608658,-1.0,-1.0,-1.0,-3.0,-2.5733857130104547,0.3153422803930807,2.858782384445206,0.36089219777536813,4.3068872340269895,0.5584120706072002,0.0827168632046624,7,3.754975873710619,7.167935196774706,1,1,1
2021,1,74,3.900755224401711,3.0807785672509773,3.0006887406957587,3.9586432059275913,1.0,1.0,1.0,3.0,2.4765220844206604,0.8278077750528313,2.5103638526216683,0.36460476541661624,5.466778139922006,0.3845052462023835,0.46558088547842574,13,6.654207306569445,3.915577566040081,0,0,4
2021,-1,441,17.514380070473724,3.494171567288037,7.175988103780461,11.456131987134455,-1.0,-1.0,-1.0,-3.0,-4.946574978892602,1.7959997259340634,3.2805274335623,0.364451954389138,4.508803735048973,0.8498345372838328,0.08529377679917229,2,3.012348991259908,9.555436946197561,0,1,0
2021,1,80,4.833839501748802,3.2159670440079133,0.690194071172034,3.4817453572745807,1.0,1.0,1.0,3.0,4.375485088333452,0.2874525624550505,1.4872232982790787,0.34609635037777314,-0.20397805135524444,0.8147032094513894,0.15038025541685737,8,10.853862634343203,2.09064139111041,0,0,2
2021,-1,278,2.346823536632921,3.15230300434702,2.8026293822737904,3.191190032264536,-1.0,-1.0,-1.0,-3.0,-5.311414867161234,0.5936377115108323,1.9227383489346124,0.42962233837162345,1.3851093987420258,0.6728350440942724,0.12657221338729494,7,3.163987830004058,9.323681543108922,1,1,1
2021,1,58,4.059701596066443,3.0104147628286757,1.1733239181702213,2.4040909019619896,1.0,1.0,1.0,3.0,5.336602061973734,0.3807906988218525,2.9884313396521716,0.4228436650946946,2.1463686984502783,0.5896326530612209,0.12863265306122212,12,6.195291273110854,1.9383363158414166,1,1,2
2021,-1,258,0.36957211107970334,3.1126929354385013,0.8833828859662265,2.8517129445005733,-1.0,-1.0,-1.0,-3.0,-5.347303055091251,1.2980588183133142,2.3355355237519433,0.3944860318362211,1.1857221081151426,0.5866471809860442,7.691716023411361e-05,10,5.094042340941844,7.380031220361503,0,0,1
2021,1,72,4.410036729863707,3.3395939981369738,1.4182948106677178,4.889882586228232,1.0,1.0,1.0,3.0,5.420102980714431,0.5623464689077756,2.354089706756142,0.4342850213820053,0.5480014620187512,0.5547997263814151,0.07779128980768386,16,1.56310629404934,4.61060043394392,0,1,2
2021,-1,108,4.442523557062515,3.2065784745409327,2.616722910362953,3.3533312358629703,-1.0,-1.0,-1.0,-3.0,-5.512836890317473,0.2371174772691713,2.684733824745882,0.40937256379361286,1.360746496688869,0.6602643535728893,0.24261668731929745,1,0.10271378858440523,6.7245786787101895,0,0,1
2021,1,81,6.406558896451773,4.175571151189805,3.743734426574804,4.376257946211479,1.0,1.0,1.0,3.0,5.495642404732727,1.712732440547944,1.460258440869524,0.32940463245175505,4.789410118302964,0.7429108709927819,0.019879410184455496,8,15.17993242179812,2.230397282249593,0,0,2
2021,-1,326,15.312671646676165,3.087473525184184,1.5953669921743407,4.60256628354341,-1.0,-1.0,-1.0,-3.0,-7.116690959668367,1.1065958467789276,1.5829924564370572,0.2844096640685971,4.247114427281543,0.2597806666255963,0.23033084837657405,11,4.846811752073897,2.7841646135267846,1,1,1
2021,1,556,15.965274078406464,3.3329347386579915,1.659966148098883,2.653601063354893,-1.0,1.0,1.0,1.0,3.0000637678508144,0.44447002559913396,1.9620971060308812,0.4775098098805576,1.655943449047094,0.9920228803776685,0.007029513619673157,9,-3.7100848134399104e-05,6.478141995292978,0,0,3
2021,-1,289,5.338528288894009,3.464208886645577,3.2433382130336295,4.04440789858667,1.0,-1.0,-1.0,-1.0,-3.2030633474017156,1.5493065994197335,2.274805600064372,0.36160112299843983,4.737466298625171,0.36485657671258465,0.11282789205510932,9,5.360261379069062,2.2917393360839373,1,1,1
2021,1,101,1.636688552412006,3.1321228180921836,3.1486779037012753,4.085860241673039,-1.0,1.0,1.0,1.0,2.5887957077705437,1.9470341496714327,3.0684670742245164,0.3862735458074514,4.165360015948185,0.736809223604247,0.00097972397342297,18,16.243524693401678,0.20721665915661394,1,1,3
2021,-1,310,7.508344172232916,4.3282114912037715,2.692819717634956,4.4440037152786855,-1.0,-1.0,-1.0,-3.0,-5.194917347746225,1.0007214019157373,2.7625412402196434,0.39454676039856706,3.4211089466392206,0.5382846518910023,0.06782784545883952,19,5.151851277728174,3.1530308898567827,0,1,1
2021,1,158,4.494848216468051,3.94576377577495,2.849470650418777,6.224441504121304,1.0,1.0,1.0,3.0,3.9577467715927965,0.648275572086748,1.8388912209296278,0.34601076725495783,2.6808183393945995,0.814024329144866,0.0,9,2.526520810829412,3.8154687320281298,0,0,2
2021,-1,425,1.5209991358738333,3.085998081344932,4.9544030370126695,5.761609216232229,-1.0,-1.0,-1.0,-3.0,-4.596787849583904,2.8597011472670295,2.9332975727455457,0.28303378413953173,0.8624551539590203,0.08999722475517108,0.3232763747373423,20,7.317449612235477,2.094098615749097,1,1,4
2021,1,285,4.7779132040827355,3.779949388475333,3.014073066841405,3.159244334853119,-1.0,1.0,1.0,1.0,3.2913398691566575,1.310761791086315,1.1507414944804082,0.2804423000887613,1.12105925521072,0.7515829615772203,0.06831918261619666,20,1.493067106613252,9.928693179205341,0,0,3
2021,-1,53,4.02969135115832,3.0184752839482316,1.1768742808863615,4.615230369189016,1.0,-1.0,-1.0,-1.0,-3.172942257776163,0.7149033311565687,1.6561811613607011,0.29687267250717725,1.9772974772983458,0.8196045257481279,0.08163265306123706,0,3.6790776846041457,5.9025881738815755,1,1,1
2021,1,115,5.167052619535216,3.8629082464430042,4.576792522394956,5.646752786939539,-1.0,1.0,1.0,1.0,3.2776988563458462,4.013358301953692,2.211780058465739,0.2835720685215508,7.322318250272734,0.7380371352785092,0.012519893899207333,10,2.5320106039021955,11.171106442441666,1,1,3
2021,-1,42,5.9365588333179256,3.988401733278158,3.352373311245018,3.761601149745561,1.0,-1.0,-1.0,-1.0,-3.337333948819437,3.5205415111781377,2.696377528976131,0.3131221844508502,5.39006940669344,0.45917406375859826,0.043901657082165285,13,15.544529004214015,2.9632188910386055,0,0,1
2021,1,321,6.2737914304059315,3.264851309974341,1.9640589806578939,3.6300647357053544,-1.0,-1.0,1.0,-1.0,1.5548460986155748,3.254442532174616,3.12982876123617,0.3651644561949922,3.7338088693746365,0.33372602437139615,0.020321761219294084,16,1.3597293527185952,8.858577151860896,0,0,3
2021,-1,54,5.465376448888647,3.022711125538874,2.4862652467705213,3.828794709262407,1.0,1.0,-1.0,1.0,-1.4409147295095217,1.8743730717713858,1.9329723166555057,0.3478335573377187,1.9621565692690728,0.19768237602080974,0.1597700625028351,20,4.933731197024251,2.093000638053777,0,1,4
2021,1,121,0.7702015292237009,4.944899288085392,5.620584363104478,9.03187079696713,-1.0,-1.0,1.0,-1.0,0.9973369481558457,-0.7580709979475329,2.5332218091980128,0.37164147751256077,5.347168248755344,0.9570524787388547,0.04150591163658673,7,7.822480229910966,2.547228688138064,0,0,3
2021,-1,149,0.6206300244468197,3.0328922111065997,0.9272434165580867,4.568097335490981,-1.0,1.0,-1.0,-1.0,-2.228379347648785,0.7454579375777745,2.221937538843509,0.36420738857924606,0.5853452049971147,0.8137300259795833,0.048862948859375865,19,18.685033033664443,0.5683601672922383,1,1,1
2021,1,433,12.978076460294417,3.084204864925445,2.246780458485096,2.6104710800375748,-1.0,-1.0,1.0,-1.0,-0.32681637676580033,0.661748960158707,1.4533830713819582,0.3898546274289063,2.0049027361121565,0.9694177132604795,2.718425488511187e-05,7,4.415260351498674,1.8836712767752044,1,1,3
2021,-1,345,7.912335017993007,3.445073093859975,3.4388078921292378,5.216567326299821,-1.0,1.0,-1.0,-1.0,-0.9777891984117578,1.4574827512558919,2.5128528738409113,0.2819925366885279,2.323614794648633,0.3736087724341941,0.43196845866360495,12,0.34672147795376657,14.735826825087505,0,0,4
2021,1,36,4.846244889992119,3.1795087124448336,2.5018583022645275,4.093110939026063,1.0,-1.0,1.0,1.0,0.9777891984117578,2.189201265827165,1.487042585127791,0.28348268815058375,2.888022355902998,0.8554032918745751,0.027817084978033587,15,10.376725850149638,2.048990929485503,0,0,2
2021,-1,253,4.113996911548958,3.6265578597315056,2.9822511463902135,4.766835216331003,-1.0,1.0,-1.0,-1.0,-1.795840436450967,4.326977894613766,2.550684549276043,0.2491129412404198,6.010751098105975,0.6204111600587284,0.015769648215547136,12,5.208942647987122,7.939751078454284,0,0,3
2021,1,43,5.930086119879663,3.413439983761677,0.9249759730477866,4.829746807801787,1.0,-1.0,1.0,1.0,1.795840436450967,0.37542913782359466,1.1888920491527986,0.25672246174499636,-0.12101359554383724,0.606352941176438,0.24841176470590118,15,0.930641770447545,11.610738963991553,0,0,4
2021,-1,34,4.896678951019929,3.1589082024830133,2.2599156110618606,4.21061223404912,-1.0,1.0,-1.0,-1.0,-2.166159317264908,-0.5660569034920847,1.4834967132475456,0.2618302498908371,0.2670666082019184,0.7738193249008231,0.021330738717150906,18,5.251902011262422,3.3821945931695465,1,1,1
2021,1,150,1.8808289010272816,3.869289960637684,3.9427332952959446,5.987000023994958,1.0,-1.0,1.0,1.0,1.469138304079419,2.9942830266619898,1.5316308885723595,0.2620209204395076,6.70970608054054,0.7837317666126367,0.03520056726094395,7,16.663439918461144,0.8999976377123099,1,1,2
2021,-1,583,21.348910522683237,4.505617489572071,8.784699662388,11.526730205016346,-1.0,-1.0,-1.0,-3.0,-3.4310735874045717,3.597546477680228,2.9925191330026006,0.26153927488829687,8.9247669528047,0.5860796505840119,0.014437385009093534,7,8.903415373180207,8.76589972147627,0,0,0
2021,1,86,2.6189057719067246,3.12899426315739,2.3411522729631113,3.6065845814357824,1.0,1.0,1.0,3.0,2.9091336622810697,-0.2502950915102474,1.178028814110855,0.30564086792248846,0.40621700210274864,0.9602658272123098,0.0,15,3.8871084125053046,3.433217196996398,1,1,2
2021,-1,241,2.6634757941295573,3.5376522700194535,1.264583917292652,4.125040598245816,-1.0,-1.0,-1.0,-3.0,-3.3379126952887055,2.8407767808034805,3.6260911791812362,0.27705938587143386,5.336866778770121,0.4760111486989686,2.127614306512037e-05,11,2.4368890570427943,5.850832980388756,0,0,1
2021,1,181,5.8357228290046494,3.0294018283809545,1.9253007546361078,4.184879997115113,1.0,1.0,1.0,3.0,3.1791384736514328,1.7191266324322936,1.3146475221858256,0.23058137490942665,0.9029064310089069,0.8053547720902856,0.0,2,8.004766790812086,0.8366103480471384,1,1,2
2021,-1,203,1.8861136981346796,5.1167842891010356,3.924177102712877,4.9673023970285595,-1.0,-1.0,-1.0,-3.0,-3.614184929574664,1.2783819632496747,0.9793265635352549,0.20733015001357286,7.735337797855885,0.5954207041041464,0.007108384152050016,19,2.1743338058188244,6.430813670111104,0,0,1
2021,1,122,7.285753193548257,3.029555998220553,0.5886280964287002,2.203360360953276,1.0,1.0,1.0,3.0,3.3946008561823366,0.7314658783438274,0.8388692443420223,0.1785139809335341,1.8561704129162087,0.546125461254613,0.007036814554189626,5,3.1148785102777774,7.394135211303332,0,0,2
2021,-1,45,4.184841628913068,3.1886026376177328,5.278242283791096,8.331128563812966,-1.0,-1.0,-1.0,-3.0,-3.4216287054019303,-0.1250828339137603,1.2318411954854922,0.19440821705667813,1.2366881820628826,0.5866415650323261,0.21912089711059032,9,2.818941281507094,7.244793361910259,0,0,1
2021,1,15,5.155607676782719,3.870389636551434,4.8933149166652345,5.5100644157126695,1.0,1.0,1.0,3.0,3.4216287054019303,0.6678164615679044,1.0380904224076728,0.19201578870521294,1.4942291032506279,0.9265734265734283,0.008283383283374874,10,0.14033664448664013,17.285972718004597,0,0,2
2021,-1,67,5.846897803381274,3.4930196148102115,2.1026084056391117,3.87248017314915,-1.0,-1.0,-1.0,-3.0,-3.3790476706698236,0.796269267903377,0.8955477470805235,0.1818415292061117,2.682212059406962,0.6210472690222324,0.027691859830430647,15,19.452647171632137,2.0103110473461347,1,1,1
2021,1,266,6.144621382222457,3.5753408406607727,1.4467947142166198,3.4942088465595518,-1.0,1.0,1.0,1.0,1.7853220156059657,1.4643600289814094,1.526285106499835,0.2308014971297329,2.0264817242506896,0.6250325537788493,0.0,14,2.029497400102723,4.767560671496709,1,1,3
2021,-1,144,3.5932682847838153,3.1121142167213525,1.6103376398854208,2.913204000715226,1.0,-1.0,-1.0,-1.0,-2.409555739212389,0.9435558284247793,1.2000726041725804,0.20084166630383624,6.267638305322621,0.5906530758029377,2.7474791884048784e-05,2,7.255285765671072,2.007459252553364,0,0,1
2021,1,121,2.271692065584808,3.308578364639169,2.438913144134094,3.3662147942546046,-1.0,1.0,1.0,1.0,2.0402624691202305,2.2991115584670836,1.1207859978087107,0.20567741170543857,1.851737085009933,0.5684569594007363,0.18654270617349367,12,11.567339990954087,1.5893965370681218,1,1,3
2021,-1,312,2.5693224429938044,4.156323361844482,2.942144763598789,4.24947914467032,-1.0,-1.0,-1.0,-3.0,-2.551712430688571,1.6496798420944074,1.9316231180816275,0.22745520869534258,0.5834600313072764,0.9705502888876418,0.02844000673136142,14,5.078107549923463,1.609945484193827,1,1,1
2021,1,191,1.164365854251746,3.7196501300487164,6.258902014927889,6.98278333030189,-1.0,1.0,1.0,1.0,2.0036972016443557,0.567278328081474,1.3193551106593522,0.23522095764640755,4.864747594942863,0.5746907941837239,0.042906164366646245,6,0.4890481770632546,21.020868786940415,0,0,3
2021,-1,38,6.170209137178614,5.675723662722301,3.751636669385389,5.226984257605782,1.0,-1.0,-1.0,-1.0,-1.8904775601093122,3.516338116673562,2.3170076564263233,0.2859480481745741,6.199539955034218,0.9569877560724349,0.0,9,8.593316045372598,5.356277085248127,0,0,0
2021,1,233,1.2112466232480372,3.0590114466574003,2.9817107075515192,3.6489018632996664,-1.0,-1.0,1.0,-1.0,0.8364158196966396,1.3622903113774505,0.9486368709609371,0.27614189011588886,4.968059619443427,0.8361819833209475,4.128478243760722e-05,4,2.104281699740061,4.3286540011566235,1,1,3
2021,-1,764,19.260471682395448,3.8258045981571542,2.74796580952485,3.055376608603162,-1.0,-1.0,-1.0,-3.0,-2.9938830525636293,0.7962842591421939,1.4662243932532022,0.23314470048195723,2.0090872069420542,0.8640575517066222,0.0,20,8.038428574819838,9.22960039388716,1,1,5
2021,1,48,4.521474939106626,3.596475641477482,3.7091917794068356,6.09645329968107,1.0,1.0,1.0,3.0,3.0843527195001,0.24525767115655014,2.8895761448202286,0.2657513325325317,0.5609173433042626,0.48637750271749197,0.49791367158737143,0,2.5758328159572637,6.0995058247846154,1,1,4
2021,-1,70,4.516228730846843,3.002692051146321,1.2973587588037023,3.5007369893226246,-1.0,-1.0,-1.0,-3.0,-3.4664606102523114,0.9131707414868657,1.8758151112552128,0.26151927807592007,1.887886234816127,0.5893118000324696,0.3267732510955936,6,1.6099807422053865,4.446307732710788,0,0,1
2021,1,215,4.026613355280636,3.877290772905639,2.988731822377625,3.594720474803696,1.0,1.0,1.0,3.0,3.1693371148902045,1.521878702024441,1.712219963746279,0.22026805813064199,4.554313779524546,0.6918940650283892,0.004824363033332113,0,8.131663812134919,5.23377764527123,0,0,2
2021,-1,127,2.275047150099306,3.4399439528937434,3.4607561542986094,7.3648426390281285,-1.0,-1.0,-1.0,-3.0,-3.7163004332005998,1.45487746854236,1.9255116899400118,0.27483477670555606,3.5659849896053997,0.5863446104220361,0.04544756345762119,10,0.7056833817404472,5.962863043275279,0,0,1
2021,1,180,5.9792881330745455,3.136985480404062,0.985287742237941,2.120959834936897,1.0,1.0,1.0,3.0,2.860285183997318,0.5467387795061229,0.6978552062537822,0.20773921872369847,0.44911990362949455,0.7470128528063178,0.2493702770780866,1,19.29903353328496,1.1283595344312538,1,1,2
2021,-1,439,12.855008542544319,4.507860970986153,4.856302191782192,7.579124752626139,-1.0,-1.0,-1.0,-3.0,-6.25728469235457,1.220708576455004,3.1611292749541127,0.34968200695710905,5.185259566140064,0.5850982422182697,0.14258063064077334,14,6.659402253416272,4.481389840108644,0,0,1
2021,1,351,1.510325265974751,3.0187063319351246,3.0708894949939385,4.3547448804385,1.0,1.0,1.0,3.0,4.37596174138763,0.5594669258582292,0.9600443303209936,0.2402493891457311,2.647235116297297,0.7141014155169322,0.19337036373409772,19,3.99656211642929,3.2693465505804866,1,1,2
2021,-1,109,3.234758403421078,6.330208348537616,4.4499884466611395,7.594477901046248,-1.0,-1.0,-1.0,-3.0,-4.472750355982456,0.43337425549653796,1.1424220424000997,0.24371592091030633,7.152133424386169,0.9604809768233236,0.020331422198711903,4,13.447365998233655,1.3443271868870044,1,1,1
2021,1,262,0.13126959783207504,3.1819740405118924,1.4253726771703747,3.036176875295429,-1.0,1.0,1.0,1.0,2.97117212344875,0.6319567912557028,1.0406010937650259,0.2584219339087379,1.9959622364269582,0.5248408575400368,0.04624277456647245,2,2.367516531625058,4.628015072786317,1,1,3
2021,-1,102,3.655927179460726,3.5351321688331767,1.9052270930258253,3.5932073944327754,1.0,-1.0,-1.0,-1.0,-3.5192919758802215,0.02575821321581363,1.0985167055629812,0.232692732119075,1.7161550646669643,0.825281694892403,0.14371499898791848,10,12.877973073701288,0.5461585739733066,1,1,1
2021,1,459,17.98785627636141,3.2076818301718144,1.1950851786374426,4.790200963383141,-1.0,-1.0,-1.0,-3.0,-1.267079013354715,1.7146059138116003,2.7738664638686212,0.4578585192817743,0.4385712750170831,0.8052933151432453,0.17522510231923918,1,2.326059556494665,1.981334514597419,1,1,5
2021,-1,160,4.127019591919737,4.309209291185135,4.245830711376552,4.894519278003178,1.0,1.0,1.0,3.0,0.4953029836444636,-0.16044859385831953,3.052382895356739,0.3740625119310407,5.338281262339005,0.6332613638534853,0.32508550356344185,14,7.36072538135095,4.185297956933859,1,1,2
2021,1,242,0.29155889069925295,3.667837711569943,3.407845454461935,4.860375334587643,-1.0,-1.0,-1.0,-3.0,-2.3585761202388653,0.51185332306839,3.070767876293046,0.4707802252855393,1.1221311113916579,0.7183843354886104,0.02725059553413879,10,1.4987369269759319,5.41334491164783,0,0,1
2021,-1,207,2.9746910568888625,3.0273661895794794,1.8366697845339366,4.34577277709855,1.0,1.0,1.0,3.0,0.8765328522418782,1.6713988334574386,1.4625779678372286,0.3386316430754639,0.3612414042397583,0.6512929370899303,0.28888460054035603,3,6.203116419375375,2.114381502462277,1,1,2
2021,1,129,2.5074496309431695,3.8257328129677783,3.8150364814487134,5.126011508071104,-1.0,-1.0,-1.0,-3.0,-2.157359304225465,3.367189454022839,2.6678181927401607,0.3567183526755295,3.293703341918689,0.7739527833915125,0.008864596729745915,14,0.4269101907225365,11.272162984028855,0,0,1
2021,-1,68,6.751848105767003,3.4521308205762993,2.942319643081506,4.3498938703230925,1.0,1.0,1.0,3.0,1.475746223385345,1.5299896137570221,2.0644863100615876,0.32454004155409333,0.4045355020134342,0.46742922757586736,0.3015059841893597,20,13.722601114659183,1.85065479704056,1,1,2
2021,1,181,1.272854782331912,3.3486158359100564,4.676815278089523,5.293395750141227,-1.0,-1.0,-1.0,-3.0,-2.3114658375200503,2.7169670379992055,2.7157915352738127,0.42408827726937204,5.7053235566623695,0.690642437699037,0.13742732770457103,11,1.4670038466845043,12.402356863911054,0,0,1
2021,-1,77,5.118169723393642,3.1591472034494137,1.7076009105618561,5.423048657402759,1.0,1.0,1.0,3.0,1.9029236055043595,0.8464072114865755,1.7621244644008558,0.41288958488744393,1.2131661277270185,0.40094365653109204,0.5042492136195599,17,16.80221180976245,0.449446784983639,1,1,4
2021,1,315,10.645365809288883,3.24171020832724,0.7267900206497256,1.9460806437898035,-1.0,-1.0,-1.0,-3.0,-4.040465157036144,0.31747396070017864,1.8667946445760286,0.5451737800004262,-0.772416340434162,0.8573278303795039,0.0778506109897438,20,1.0343915582945447,5.923820700876723,0,0,1
2021,-1,74,5.592543998893551,3.3693393281289654,2.011627220996708,2.725832480495951,1.0,1.0,1.0,3.0,3.8524458350361854,1.230610969711096,2.002785172549039,0.5033284167986063,0.512212222689184,0.591367460980156,0.17862418909372177,2,1.4668869000692337,5.028907231672229,0,0,2
2021,1,193,4.053298943650576,3.88505996494925,2.7834414702076833,4.710668588572225,-1.0,-1.0,-1.0,-3.0,-4.27448378194905,0.3344421349909974,2.10298703640788,0.4107794358645513,3.1580525937179678,0.6909833522903577,0.1149657050287783,18,1.857693940279623,4.316583174975554,0,1,1
2021,-1,116,5.422959366896782,3.00903434264476,1.7798083972749599,4.0409438591476965,1.0,1.0,1.0,3.0,4.2991310744597575,1.1474911485575745,2.650574514831496,0.3453030505205274,-0.5942734526664938,0.5425254935994996,0.45747450640050036,3,3.3042342258200237,3.6141792424684795,1,1,4
2021,1,129,3.824349546807126,3.335034082292596,4.017795339216064,4.178563241700263,-1.0,-1.0,-1.0,-3.0,-4.571108829928919,2.151925462984858,1.9524868619170412,0.32546693563491486,1.7348172598610256,0.3783293233717702,0.2980034612300016,14,1.1034274808726634,21.133815646696043,0,0,4
2021,-1,62,4.895317350710024,3.194770515634937,1.4783256072169497,2.598535677431935,1.0,1.0,1.0,3.0,4.055226171350532,0.6338677282531768,1.745960778181495,0.3084144333031108,1.9379256844023223,0.9325573979591899,0.0,19,16.314596951261773,20.229000546350967,1,1,2
2021,1,53,2.2496281096223436,3.70034770882317,5.983035888337647,7.756478089976328,-1.0,-1.0,-1.0,-3.0,-4.760815917945911,4.78845461248738,6.0482888776011565,0.43383051968154535,1.9656545614602332,0.6523898048040864,0.03769385059438439,0,13.409009258387794,1.0188494820408807,1,1,0
2021,-1,640,32.39210682467099,3.1327899009178957,1.9448602461837174,3.2683406184025827,-1.0,1.0,1.0,1.0,0.7003516125813641,2.21548211630839,1.4014319594659117,0.24979098278722742,2.0556339600697564,0.5602142857142878,0.04685714285712623,5,4.796303445600019,6.160107405384671,1,1,5
2021,1,79,3.1796236476032407,4.022701061804727,1.858492312197513,4.097352554847964,1.0,-1.0,-1.0,-1.0,-0.629215127957561,0.7201576198165504,1.187400153211488,0.27254964912020885,2.9707392983973215,0.7569720068340128,0.054540675515836926,12,8.643844624084217,7.6501748944244365,0,0,1
2021,-1,185,5.669241678593633,3.0809416122240423,2.4720010018505123,2.939590563457863,-1.0,1.0,1.0,1.0,0.6144022877080734,1.2211931115604509,1.3075276567320246,0.29474828515789464,0.297048849743668,0.8781211973716527,0.055049890484292194,3,4.546538353850561,3.507359999003585,1,1,3
2021,1,295,2.1263633917374563,3.5315045276891457,2.6100267148145515,3.772183868933914,-1.0,-1.0,-1.0,-3.0,-1.3683678228438072,1.179534468322329,1.009082372913612,0.28438647930532723,2.13816452524722,0.784980156711127,0.18272785862079227,4,4.93752644010041,1.0980587621094653,1,1,1
2021,-1,568,28.18897456466048,3.4475784301327623,4.5470834132945015,4.934325857600665,-1.0,-1.0,1.0,-1.0,-1.484322554633584,2.5713421669039187,1.1706223825301931,0.20440481345773664,4.53678492428596,0.7425537624103852,3.8333269452360056e-05,3,9.342320202098687,0.038578825355019046,1,1,5
2021,1,249,1.2742336957181677,3.8456316247245925,5.247302136589167,7.240355834074716,1.0,1.0,-1.0,1.0,0.5854676671351551,3.6197454792761308,2.979216331179961,0.22877091300951718,5.509577092507175,0.6577079546438168,0.0,0,12.058973760423408,1.2209341114140126,1,1,2
2021,-1,190,2.9690665909571328,3.0538126558043195,1.8552300870134681,3.425517734476541,-1.0,-1.0,1.0,-1.0,-1.2848121848080774,0.03404108945052818,1.5945487090125996,0.2685893023455473,0.1540672753987049,0.9400956344638325,0.0017267333746542855,16,6.917711741122024,4.2662466755012165,1,1,3
2021,1,488,10.834924138252681,3.214004845011153,2.4061857278860357,3.6284219933114388,-1.0,-1.0,-1.0,-3.0,-0.693381208763141,0.09378720424266618,1.6619258716329421,0.37381316756684785,3.0960417312464004,0.5199001618996274,0.016830814894758607,8,11.874261356265825,1.9885991867338768,1,1,1
2021,-1,405,6.518695759252747,6.279951885960904,4.296856584458841,6.276969047207497,-1.0,-1.0,1.0,-1.0,-0.8636021286558594,0.6525264363131859,1.6957288311930265,0.3565142111248578,6.638419430785128,0.7478571428571437,0.061820557491290215,18,3.112902323325016,6.323518619479328,1,1,3
2021,1,216,3.157622765719396,3.310668713573909,1.8021272571379534,3.6706500969112286,1.0,1.0,-1.0,1.0,0.38215572225269906,0.7756604115080973,2.9548180365804786,0.3252911117164282,6.372783840418024,0.927297269234759,2.0766275572707317e-05,12,9.986327469537901,1.2109906510897825,1,1,2
2021,-1,329,4.778477461747856,3.6139979743102217,5.5539220066075625,7.356688132245859,-1.0,-1.0,1.0,-1.0,-1.788088337966191,3.33517251645864,3.0611184762435637,0.33786804725160213,3.8827909156305016,0.48082550775278676,0.23347892552958632,15,0.0,9.907745154486044,0,0,4
2021,1,26,6.665445666521277,3.624885423009805,1.8212215671074725,4.402331110812502,1.0,1.0,-1.0,1.0,1.1054708344993613,0.6215971300765527,1.6288832382156864,0.34221520942525235,-0.7036618359624596,1.0,0.0,18,2.172216501038403,3.666303873565889,1,1,2
2021,-1,121,3.4478147589697485,3.048624805430279,3.7199869766413363,4.754251992092134,-1.0,-1.0,1.0,-1.0,-1.7583243019304147,0.877380865267919,2.7368066685670986,0.3247839042069311,3.9093870127831023,0.747143762151297,0.21845031347620136,4,5.071689186637775,2.474644226925498,0,1,3
2021,1,233,0.9515903165929191,3.1078382289659614,1.1885924992719203,2.7920931969337692,-1.0,1.0,-1.0,-1.0,0.7863585754666989,1.5000983245334647,1.8305467938911533,0.2774676862620052,0.009643853215431998,0.5280725249819943,0.09457092819607543,23,7.969954848219754,1.6948928890023498,1,1,3
2021,-1,120,1.1106640758519746,3.0713061683095613,3.7158891439159993,4.109870479191721,-1.0,-1.0,1.0,-1.0,-1.5436293905668141,1.1053483149585257,2.165560152947006,0.27507551446875206,1.224127114339255,0.5938272104985889,0.1584916359512479,9,8.389610176391,3.9560361136214413,1,1,3
2021,1,394,7.4038444304231295,3.69995376674428,1.3875210722385305,2.0734490177991134,-1.0,-1.0,-1.0,-3.0,-0.16743191012195427,0.3808396896837076,1.2443028362269828,0.37483777008604946,0.36876781731093905,0.8620701779059272,0.054742985725335085,18,3.2687070413093795,2.1213854128698495,0,0,1
2021,-1,189,0.618228263829085,3.1912032586070858,4.627099189518925,5.485677895112841,-1.0,1.0,1.0,1.0,-0.5859261058354396,2.2936268050737763,2.795355934483826,0.288803314587729,0.596559286701434,0.8599381705764596,0.14006182942354045,10,11.800082639265193,3.3192684698519033,1,1,3
2021,1,564,22.863744500029878,3.2613168113033852,1.2258696060220342,1.9274194077962332,-1.0,-1.0,-1.0,-3.0,-3.7561009597614854,0.5929407537098279,1.501663943650177,0.5148387983762597,1.975760230294876,0.7411185934916826,0.06169603613047204,9,3.5810670282071793,2.1002733560009337,0,1,5
2021,-1,135,1.9992176181536079,3.1835565762828333,2.077944547600864,3.26493562302954,1.0,1.0,1.0,3.0,3.5800280046975828,0.4500228228354227,1.7675409511139009,0.3960235517352903,4.507116513747531,0.8541829632749721,0.0,20,3.624025786403886,4.718999690429675,1,1,2
2021,1,405,4.651750093454882,4.659471285848896,4.535306173941573,5.476897278451449,-1.0,-1.0,-1.0,-3.0,-4.359649826787362,2.54752154850555,2.644064853659416,0.47219109108509955,2.7400188093094204,0.8992414716261663,0.09886558769048019,6,2.013870557891391,3.564282302745567,0,0,1
2021,-1,107,5.35103515582439,3.225103594476052,0.8167372125461917,6.456481368707617,1.0,1.0,1.0,3.0,3.895198516457051,1.2974015687815392,2.7190560094394103,0.4087369875704643,-0.04812864301677401,1.0,0.0,15,21.53226923003627,1.059413505817526,1,1,2
2021,1,451,9.583037134057818,3.3997423075649693,0.9267667359338612,2.5573640405229128,-1.0,-1.0,-1.0,-3.0,-5.659928688001579,1.3408062595810732,2.6376182375859263,0.6425178955812851,0.0024896365240429414,0.8604589397641744,0.0,4,1.3166653859856037,4.391794566852928,0,0,1
2021,-1,97,5.215769788592025,3.5828056925971192,4.391471508474585,6.987524772964529,1.0,1.0,1.0,3.0,5.252612376738023,2.0984747829098684,3.441095315181345,0.5393655151549829,3.619749314013553,0.49602398644244183,0.4989180028679419,12,6.875945345967994,0.28198015947011684,1,1,4
2021,1,511,7.27594763201276,3.0362593515440484,0.7531460863095446,1.970393107756322,-1.0,-1.0,-1.0,-3.0,-7.753940539278893,0.042485040366451725,4.1123295235669755,1.2947676027841752,-0.7915879023436679,0.2526785714285714,0.20332142857142962,7,4.124081271270972,3.0092119921320486,0,0,4
2021,-1,112,2.9556212832829156,3.438536587394593,1.9500587013336204,7.286912413534322,1.0,1.0,1.0,3.0,5.813646815780346,1.7541716436214596,6.581546249334145,1.153522252077459,1.187331512255057,0.6092268496402738,0.36138735687091916,16,1.0773049995081234,8.314703457565598,0,0,4
2021,1,74,3.465995365203208,3.2472896977390593,2.945332292871097,4.75625508393424,-1.0,-1.0,-1.0,-3.0,-6.433409169184161,0.13824833648241688,3.0512431873133075,0.9302390049722999,2.031437289949108,0.7391644715266563,0.05339744200069665,22,2.4999790431763738,5.4687057833698836,0,0,1
2021,-1,87,5.621309643987537,3.3250144279318348,2.5925703661469415,2.8340102229870725,1.0,1.0,1.0,3.0,5.996308756355209,1.1823631304487474,4.3686825863545575,0.8416786200591729,0.4734409998314764,0.3783092934088049,0.5266264986914981,6,0.34658448226917793,7.179444222544031,0,0,4
2021,1,96,6.61757187748741,3.638519085382471,1.665130743635693,3.803997389697649,-1.0,-1.0,-1.0,-3.0,-5.638400211605512,0.693250035949531,3.803297907130973,0.7356607586117659,0.8348826083558604,0.612518833036573,0.2006802721088526,14,0.40161725429078504,26.839699607056705,0,0,1
2021,-1,2,3.2383864734437884,4.565431782709121,6.500443186175447,8.293605238191937,1.0,1.0,1.0,3.0,5.638400211605512,4.530073007478511,14.006663549178747,0.8621925815179547,8.867433001152909,0.6828210062762218,0.08231908179895196,14,16.53858972071453,1.3417899418220407,1,1,0
2021,1,246,3.223608829487964,3.8714794589000894,4.030000765803093,4.57756030937831,-1.0,-1.0,-1.0,-3.0,-7.605258887865342,1.2946469076307552,3.018367485906426,0.9169370039972979,5.83904539280557,0.6121728933508884,0.10200995720868852,10,1.2405330956635194,3.8167060672558644,0,0,1
2021,-1,159,3.6353679998450863,3.2800378372780834,3.390208379484788,3.7544116759451325,1.0,1.0,1.0,3.0,6.75384645618971,0.7863665395249125,2.663876975919491,0.7336555293280386,3.6541781027475344,0.9039714012794083,0.040437664630796066,0,4.8520943440589,5.370110216108511,0,0,2
2021,1,289,4.180038303131397,3.1163689394414322,2.5051309873627656,3.794728760548652,-1.0,-1.0,-1.0,-3.0,-7.653980567882051,1.0070768866030904,7.020369425933762,1.0703376217159675,-0.09268225688988255,0.5502590212775574,0.2649131778464438,0,3.712499189700088,2.9127231106430953,0,0,4
2021,-1,408,8.605354349286912,3.077495883446697,1.9496185960307297,3.3505540439005865,-1.0,1.0,1.0,1.0,4.941456038779466,1.790276348056928,2.6416482045241545,0.6719717958287631,4.163047058145313,0.7287009481625005,0.017233026507035596,10,3.9133141477397464,4.519657142605482,1,1,3
2021,1,152,4.078650257206689,3.4017113126589087,1.8934301992207483,3.877988285062493,1.0,-1.0,-1.0,-1.0,-5.642628911001944,1.1409051651795807,2.9022907420761985,0.602294317195577,1.3441611754819216,0.615294209825287,0.051529159810901184,22,9.305709709470838,3.4518933815038584,0,0,1
2021,-1,198,0.7802571135967257,3.1606875836058332,2.8704033272699014,3.3988326979764407,-1.0,1.0,1.0,1.0,4.16466788387833,1.4747891357333565,4.8364129059628915,0.5376798258128259,1.864593278049149,0.42024780426599717,0.5250156838143075,15,3.667737584844833,3.4298120802918834,0,0,4
2021,1,207,0.18568827544457212,3.2938036008066147,5.41618191031235,5.895067441272494,-1.0,-1.0,-1.0,-3.0,-4.795081200322128,1.7103324194983573,3.3943409480165108,0.5148733616247749,4.464924962978037,0.5683555422654993,0.06505690844188179,8,7.145537801413023,1.3337786156564015,1,1,1
2021,-1,150,2.8233468305012717,4.087057243065494,2.355477627873207,3.264714094639502,-1.0,1.0,1.0,1.0,4.434694194746332,1.2828270169498952,1.8763441110356383,0.4994635443409545,2.129210503264115,0.6706416328371635,0.20884077582318872,21,5.373189465757561,5.043695997299791,0,0,3
2021,1,387,8.398707346742572,3.6529404375050025,2.907143579882888,6.287840074213702,-1.0,-1.0,-1.0,-3.0,-5.303760957087943,4.561943089829119,7.322962666851993,0.6151447137675674,4.894969135465462,0.8048769742494029,0.00484613520717391,5,1.4533084855686567,11.602199998191274,0,0,1
2021,-1,45,5.751273300287018,3.818279841712628,1.8662902385031934,4.277301928627417,1.0,1.0,1.0,3.0,5.407314451636856,-0.4919376930054455,2.644492084242087,0.6042469168633615,1.4232923749608304,0.5401130856219737,0.2230048465266573,9,7.66738476944285,1.8452048487513288,1,1,2
2021,1,245,1.4848102227087665,3.031030564594408,2.2367999848038944,2.6233332131832703,-1.0,-1.0,-1.0,-3.0,-5.900929209950284,1.3878035742165686,2.1482999391776514,0.5951230736182166,1.6144843677028997,0.22918500817506987,0.15183624701295667,5,6.021926385284891,0.5016920917566617,1,1,1
2021,-1,238,0.39622852050523893,3.0954418654739126,1.3340301569197122,4.006129630290823,1.0,1.0,1.0,3.0,5.27089226675327,1.223052243031969,2.4220884069812962,0.43609213499248706,1.4082767577050856,0.6543290609468926,0.008697358095747851,1,6.8298278815665,7.022730323068644,1,1,2
2021,1,74,2.2748899270727216,3.4113856518819485,4.240884163771107,6.188708065741552,-1.0,-1.0,-1.0,-3.0,-5.8494710835110935,2.1581047756397744,4.083641870344567,0.46656577692514256,1.2786379359809017,0.7164126970266017,0.026022791773999725,7,9.245881875736723,1.0554985529565728,1,1,1
2021,-1,297,5.414756514775678,3.782350625476363,3.1517964674916383,4.953630853164179,-1.0,1.0,1.0,1.0,4.353292113863334,1.916757364384049,2.9796184190770365,0.42917579387081,6.158213680203563,0.647590843604936,0.09208420041619433,8,4.883780853976404,7.72899558630244,1,1,3
2021,1,66,3.626866102267221,4.600539074724545,9.30572006367242,11.017870715686513,1.0,-1.0,-1.0,-1.0,-4.464521545722837,6.330933261919541,8.64128728406307,0.45605245719758614,4.8201641827013075,0.8557993730407532,0.0,13,0.1281795783817768,9.774206156558893,0,0,0
2021,-1,38,7.51341647697007,3.6302056662694593,2.1568041224047034,3.2802101673675503,-1.0,1.0,1.0,1.0,4.605296860810175,2.0853129559453185,2.6009223681167093,0.5016662329847245,1.3979918021931104,0.4592855314636788,0.17726425097808435,16,1.040560957028665,5.635242817872148,0,0,3
2021,1,155,5.827331502822709,3.1307664281445904,2.233952419798034,2.656462649239097,1.0,-1.0,-1.0,-1.0,-4.393253207180568,1.438434908625171,1.2367718172459807,0.38498932952807124,2.902268307616279,0.7283944975092261,0.06635894154747839,5,6.433985773928513,1.6601131098455109,1,1,1
2021,-1,521,13.752288348631936,3.5915269671257537,4.43715240138184,6.155038093418833,-1.0,-1.0,1.0,-1.0,2.586385457308937,1.9443515238237967,2.5753483825781953,0.31809181268082104,6.819667343379395,0.7885868993796662,0.006623909157808808,1,16.76851009174641,0.3962961062177729,1,1,3
2021,1,282,5.32702581375093,3.536066366500799,3.3786155493416206,6.672807854141285,-1.0,1.0,-1.0,-1.0,-3.8817459833970687,2.1270774735314064,1.716092417522868,0.3944198092543885,1.1429345849808583,0.8584105960264592,6.622516557640575e-05,0,2.028720235854567,1.8518494926967137,1,1,1
2021,-1,110,3.1619459879852068,8.938343908288028,10.67471870796903,11.786967168004017,1.0,-1.0,1.0,1.0,3.3795339088676117,6.054628830985445,6.059057777558654,0.3836653298988143,8.649267742337512,0.5428386246046923,0.012286700861576535,9,7.12348936011267,3.43505653389295,0,0,0
2021,1,463,0.20599593506760222,3.2751906471684573,4.105826939625576,6.55446270012489,-1.0,-1.0,-1.0,-3.0,-4.209719493725552,2.6741729901928717,3.34171670601705,0.32271706255392196,2.738716146586317,0.49442504312703706,0.18252198426388563,0,4.590839756893054,3.727569893019189,1,1,1
2021,-1,192,3.4528831395379083,3.5398056483263924,2.0072968095993,2.7559758682110744,1.0,1.0,1.0,3.0,3.9661694965403447,2.7781476983060434,2.1630891598188753,0.3122585848286029,3.4375106745922652,0.3680508589205873,0.007484557464283718,16,23.38672014569476,0.8002720141616061,1,1,2
2021,1,339,15.261414684547262,3.7186948421154384,4.060044215958223,4.420858846670705,-1.0,-1.0,-1.0,-3.0,-5.668348816272461,1.546743647713703,3.3517123030450837,0.5271240956599696,0.6481480864645848,0.7749507256764055,0.061919266900459305,20,2.4804161496037307,5.896351202525418,1,1,1
2021,-1,67,5.1623295760854395,3.217264153223905,1.4664297112205351,3.4986710096972695,1.0,1.0,1.0,3.0,5.2757453353885815,-0.09328847011348489,1.8516551302896807,0.5110257358316626,0.6143823502299377,0.5136059834500393,0.2759388924252085,2,0.32575934151695973,12.33428246266965,0,0,2
2021,1,36,4.235457044215355,4.427031642181996,5.128144126646035,6.843837195659258,-1.0,-1.0,-1.0,-3.0,-5.575909022498956,2.674916728883758,3.2968293797804353,0.5093145098999261,6.853045827938302,0.7394674002597346,0.0,5,9.991779745640693,1.903762113660506,1,1,0
2021,-1,434,14.793441903683927,3.1668587694756614,2.314441158614244,3.5388381823905948,-1.0,-1.0,1.0,-1.0,2.633853685641558,-0.2601359202668174,2.216033766375436,0.5532352724097824,0.2867072665849939,0.6905281356769432,0.046865352159066495,17,2.9276096376754097,4.488908592877215,0,0,3
2021,1,140,4.668998721410018,3.2452162979165275,1.3938648159229297,3.5392791701278665,1.0,1.0,-1.0,1.0,-2.6674876864508748,1.5245617399160705,2.5340630312024475,0.4818206703097745,2.234258607126486,0.375341467856504,0.059233290839531945,5,2.3415458339182194,4.953030080415359,0,0,2
2021,-1,244,2.478850069555168,3.471098840173559,3.3673972454689283,4.3847193744136135,-1.0,-1.0,1.0,-1.0,2.226922526928709,1.0416512670112767,1.8573165685591264,0.40375442011747703,4.584222328838971,0.6246567036416178,0.08478082533794705,1,10.455238436584787,0.04263128708236522,1,1,3
2021,1,396,7.255019141012277,3.1811150117605567,0.36892115694631866,3.2461963802963814,-1.0,1.0,-1.0,-1.0,-3.4104017698496203,-0.21746606539294155,0.8790452471478468,0.3241325494356122,1.4231564219927892,0.5616783111712049,0.04146946134776059,10,15.038506867237459,1.7064862473165694,1,1,1
2021,-1,560,27.642516626866623,3.727563708393387,3.3744932291117644,5.736567492367534,-1.0,-1.0,1.0,-1.0,-0.2047440344307305,-0.08522128954842437,2.2688417168604347,0.3558455332853338,3.4085224730107333,0.6990559124024773,0.06384446264602146,9,0.0,6.264857080371357,0,0,5
2021,1,106,6.415879556916695,4.28579493569849,3.2517109840915115,4.113251074934892,1.0,1.0,-1.0,1.0,-0.001920248107018521,3.0395835653781615,3.1423389562144055,0.3363771735112214,5.4523221932256005,0.6555395429546134,2.9410899685412807e-05,17,5.3351911427112215,8.643826616265589,1,1,2
2021,-1,25,4.601839958846308,3.476775743900645,2.832659827033149,6.584004865187786,-1.0,-1.0,1.0,-1.0,0.07723848811809916,0.4769890856263325,2.469836361016166,0.4017457486651513,2.316044367871998,0.6725192173305388,0.017295597484272982,20,0.4614460813704732,4.551984442638896,0,0,3
2021,1,421,3.931512400355496,3.6205314610280923,2.3045468355895524,4.901653419233709,-1.0,1.0,-1.0,-1.0,-0.8332980300071442,-0.39529534186280696,0.9698133848217442,0.32309029947788276,4.110083342743958,0.774730215827324,0.10763696734920565,7,1.5646953899583111,8.113913850977628,0,0,3
2021,-1,65,5.051464073558073,3.254730818105464,3.803488383708845,5.515599235555132,1.0,-1.0,1.0,1.0,0.6080954075333274,1.7368207646256137,2.9473673284575077,0.30342147322166807,1.878713426115339,0.5394714407502121,0.04433077578855222,12,11.447616414323049,4.019920054623582,1,1,2
2021,1,573,18.416706742487165,3.401271919315701,2.8782151303363386,3.7852586674100324,-1.0,-1.0,-1.0,-3.0,-2.8007190249915235,3.9119209228168033,3.1540282311509893,0.37443982663136977,5.42987071826719,0.4124916051041054,0.0038280725318986125,12,0.3380812015617618,7.072335002768965,0,0,5
2021,-1,75,5.843412627443721,3.0253833692176366,0.7033882505128006,3.2075906970717907,1.0,1.0,1.0,3.0,2.6418295863189205,1.3065819498145088,2.631868695053226,0.37820889929455587,0.5576700757730947,0.4417990903475465,0.0,18,2.448614852771799,5.5672653997840085,0,0,2
2021,1,300,2.459723630675576,3.772737194279948,2.6971544057527836,4.161557515081975,-1.0,-1.0,-1.0,-3.0,-3.7952702466833963,1.1287581978695123,1.8382579735233084,0.40186147029413166,1.287040549688463,0.5939121596319492,0.16316268121756783,19,5.960929004922328,3.449899466186139,1,1,1
2021,-1,99,3.8189772020182744,3.340224123185546,2.6823466890585257,3.2999858275233325,1.0,1.0,1.0,3.0,2.8199130205245786,1.7205549596046226,2.524538994948147,0.40980917673116385,1.426822184912078,0.37880248969930075,0.2705356360129803,3,21.207158388390884,0.5628973693003552,1,1,2
2021,1,438,8.512952781356894,3.946382910419518,3.808302707831126,7.1787663874260454,-1.0,-1.0,-1.0,-3.0,-5.224185653430168,1.1724248311634473,8.686663975070557,0.8753326327459506,0.741942201724192,0.4860196480621821,0.257799848861061,16,2.3256125820477207,3.1482510890922573,0,0,4
2021,-1,312,3.267498768257882,3.496186996584653,3.398907049576076,3.9336642502567445,-1.0,1.0,1.0,1.0,3.5933704566991755,2.3755518724046234,3.3320150029868376,0.5613767791656616,2.1551362910953142,0.7087266422654549,0.004013356450266498,18,2.616504086197588,4.625528311510923,0,0,3
2021,1,209,3.9441323564347655,3.56719580482143,1.8139651900810938,3.7699234765277327,1.0,-1.0,-1.0,-1.0,-3.9479947644471785,1.0881452557046343,2.7819226194231574,0.43873747174791156,2.5691501066615356,0.47154894906268485,0.18291990153379942,11,11.706850265797012,0.4769424928923769,1,1,1
2021,-1,237,3.2836279513362765,3.054359263276527,2.454807975620732,3.341621593204775,-1.0,1.0,1.0,1.0,2.182554893983891,0.9536162270051471,2.493619989027492,0.4202401755756786,0.46458587322283,0.41801460393750894,0.48082077826047753,7,12.059533275048162,2.9527148333975832,0,0,4
2021,1,486,12.416845249859417,4.405652022750122,3.12682434878789,3.7213297437091573,-1.0,-1.0,-1.0,-3.0,-4.379081094916395,0.6321047774660319,2.8454330408639765,0.5453140931093379,3.6575758520475348,0.7934211339887545,0.13576124817081794,23,6.79067633078091,1.6803291051250935,1,1,1
2021,-1,903,29.47682557896053,3.3590083128341814,3.7096169879756054,3.924618028898437,-1.0,-1.0,1.0,-1.0,0.738202973375971,1.5362100497140527,1.1270704779280494,0.3238452336779027,5.740072195501459,0.7449262183276193,0.005621460753112803,3,9.224842150732282,0.6340310161843243,1,1,5
2021,1,717,15.879917541679834,3.281956779510884,1.2849474322722563,3.1275391103501207,-1.0,1.0,-1.0,-1.0,-2.815848352889113,-0.5969413640317902,1.351020982038992,0.3731306226507135,-0.47376174313025216,0.9642170476394084,0.017944883571889652,14,1.1258025668072673,5.05519921501289,0,0,5
2021,-1,685,20.708228689077256,5.583760952309251,6.129052540133489,6.951423397225926,-1.0,-1.0,1.0,-1.0,0.8027589410501015,3.031444228269427,2.8536593354240027,0.22577677466896826,7.866806872957552,0.6898317041217248,0.0027814169102179835,0,11.890085564599033,1.0329393777691647,1,1,5
2021,1,337,7.6528254661500545,5.833809317450332,6.618905077140847,7.542273696207355,-1.0,1.0,-1.0,-1.0,-1.9222408035899232,4.957811189405479,3.1360497114231753,0.2933613184046984,7.532842635958415,0.7868043087971285,0.0036101787526315984,4,5.472953634915758,8.530928017059859,1,1,0
2021,-1,72,4.253281379534827,4.405116787837364,2.487594640207137,10.117482608794054,-1.0,-1.0,1.0,-1.0,1.0521708565537775,1.07396443191432,0.9536961207744719,0.3211186014353981,1.8347253488919424,0.6246056076439341,0.09805544988699627,10,2.9824619998842317,6.236341483736402,0,0,3
2021,1,168,3.2998726529439906,3.0392509290150986,3.0497644774071366,3.3517750725963062,-1.0,1.0,-1.0,-1.0,-1.576936523889782,1.5628186335189125,2.61016738703178,0.3217219529754829,1.1085585561933236,0.9032649298986305,0.034007665065710235,0,5.1986512422784985,4.069637981340826,0,0,3
2021,-1,255,1.540912834068311,3.573699970641324,3.1579525372814428,3.812218601491253,-1.0,-1.0,1.0,-1.0,1.1809457207123586,0.36970686103404155,1.1996056109260118,0.2332988502113304,7.03736299164561,0.5037529853292413,0.004118535848308882,21,15.54088157562379,0.38925955749888497,1,1,3
2021,1,383,11.459503434268026,3.065235041419084,1.8332702473958522,2.446317820541723,-1.0,-1.0,-1.0,-3.0,-2.596319342761222,1.2153149597237334,0.9387054505313117,0.3132483006553348,4.11157221769523,0.28455170478464265,0.06267246620828926,5,1.0814975560176616,5.51078552600329,0,0,1
2021,-1,433,5.679586394320504,4.493927705833757,8.511651828591829,10.242926178948746,-1.0,1.0,1.0,1.0,1.6140406073791638,4.705928743187359,1.9917833936910332,0.23448227064183075,4.573785627032828,0.727895037079324,0.012382134827673962,17,4.829404744919852,5.421440794344766,1,1,0
2021,1,192,3.5849706417193294,3.7585720866941448,2.1664743029490645,4.5011063331113945,1.0,-1.0,-1.0,-1.0,-1.9008758478690708,-0.15140640503490443,1.0389128703682866,0.20994450910024448,3.751403456284861,0.8238504949579313,0.04537885095752456,9,4.003534096725715,2.9598013359408295,0,0,1
2021,-1,296,3.1404999500987905,4.009960484236437,4.093069305946931,6.152508054532047,-1.0,1.0,1.0,1.0,1.0815969618296208,3.593650888822127,1.9441242480163654,0.21499756954969454,6.968002370711805,0.701560604158817,0.014685578009296712,10,11.419026395467988,0.2358429389460982,1,1,3
2021,1,581,15.297880981209138,3.219891685893982,2.700552598105215,3.451187095226191,-1.0,-1.0,-1.0,-3.0,-3.354475250569314,1.1650299034613414,1.111550034090807,0.2943202942629043,1.4045522657864646,0.5218666666666589,0.050966666666669574,10,3.8924299972303573,3.1173863182963477,0,0,5
2021,-1,211,0.6014005393726816,3.2785456444585854,3.591568543886639,3.9948473680742542,1.0,1.0,1.0,3.0,2.501320105221323,0.4485967572682478,1.364736189456503,0.24522477487446773,6.5660988001627825,0.6599246642646546,0.20848345889289863,4,9.384838456585781,2.714280061237988,0,0,2
2021,1,425,6.207347623276823,3.0786806048946866,1.0429002611627651,1.7242266395478942,-1.0,-1.0,-1.0,-3.0,-4.028777441713194,1.2873905344124228,1.2331173662357755,0.2852537324371788,0.43660364176232563,0.5410508011427422,0.050055893677790536,15,3.3799584087699177,5.219221304890688,1,1,1
2021,-1,96,4.619715809527224,3.335291393234941,0.8919967830518474,3.609243186223816,1.0,1.0,1.0,3.0,3.0581842459411015,0.6797391829462515,0.9229895855155603,0.2639349982165226,0.5330165712519309,0.5482338359843204,0.055980169386472524,23,4.2085986298520055,1.6056182655014417,1,1,2
2021,1,111,1.629241020917346,3.3719131488785803,5.872491234846849,6.204249624112262,-1.0,-1.0,-1.0,-3.0,-3.4452316557545526,4.4808504771323285,2.4386575452896695,0.23948769320791072,7.457984100470143,0.7227455682109986,0.0664126059775712,8,1.9994812819383598,7.448540590026832,0,1,0
2021,-1,18,4.569253637556431,3.8033431536115025,4.9057209519901095,6.636945937366812,1.0,1.0,1.0,3.0,3.4452316557545526,1.9947363969977814,1.1401818746650911,0.25595883980455214,3.8006148987728463,0.8299981641270392,0.14039838443179734,10,0.26032142276139425,7.533942040580217,0,0,2
2021,1,75,6.151662954970702,3.0247449010390848,0.5358333331662941,2.8948559035023953,-1.0,-1.0,-1.0,-3.0,-3.1254648806728555,1.7104046091813738,1.164173450042927,0.25062973321863635,0.8122617290967666,0.4305216967332826,0.0,16,1.624323257850403,4.138019367657182,0,0,1
2021,-1,211,0.9490405153012342,3.115033773647013,1.6063125179618492,3.4205101011801733,-1.0,1.0,1.0,1.0,3.083790313609578,1.107006606128033,1.19670834503892,0.1993523272199465,2.630548295521511,0.7468682505399631,0.017019438444903032,10,8.867067096930866,3.233397685464983,0,0,3
2021,1,144,2.656361758490632,3.6142077704266597,3.7433253598521405,5.903497828672699,-1.0,-1.0,-1.0,-3.0,-3.1165287931601386,3.122335400266653,2.009198473080697,0.1847917808909171,0.7102253950399602,0.7105384686432066,0.0,22,0.5462836909202103,7.924424843170975,0,0,1
2021,-1,134,6.619006906386464,3.777182857205877,2.5104381071866606,4.159057879264372,1.0,1.0,1.0,3.0,3.105232538320801,1.2191930950890977,1.3771804272988408,0.19996571092916934,4.914981135756335,0.42506728181468006,0.011226451364853018,9,16.556914287177012,1.1523296349127803,1,1,2
2021,1,517,18.91973061758547,8.432075699750403,7.854331415492121,8.411862929490441,-1.0,-1.0,-1.0,-3.0,-4.858443272656071,6.08010626900276,5.947109502884056,0.25142426000471535,9.615948725652572,0.7318291104124284,0.0,4,17.247136075590557,0.9912688090619485,1,1,0
2021,-1,720,26.04137623420903,4.634955809092405,4.066938673408803,5.3297608089035755,-1.0,-1.0,1.0,-1.0,1.5519673261712401,1.7848990158163662,1.0802814528908002,0.21063288079309753,4.2186280107819805,0.770950832725097,0.1384778714086597,16,1.44832226864545,25.48369147636511,0,0,5
2021,1,61,6.4199154311908,3.6589100080268064,1.5211226833030258,3.3412341549001954,1.0,1.0,-1.0,1.0,-1.6517246518204816,1.072319380883853,1.160084518934483,0.2006255713546637,1.2267407243848274,0.7990670155876667,0.00022755717374487073,21,19.775666527341706,0.5517437752238532,1,1,2
2021,-1,489,19.15513875156622,3.015238731329774,0.9811537769166384,4.0909733343505925,-1.0,-1.0,1.0,-1.0,-1.0385266260311778,1.2692957565046117,1.2264906778236782,0.23704858872678514,1.9881968823346685,0.8495358206340844,0.1364512173760878,14,1.8898592284166156,7.183549197892607,0,1,5
2021,1,65,4.471903091852405,3.1662566264059877,1.148955430099751,4.21632836035373,1.0,1.0,-1.0,1.0,0.7558465187595866,1.4490992830701683,1.1255956003784229,0.2434046681369015,1.9483224044309984,0.6499016715830586,4.9164208466259573e-05,19,162.55124306034668,3.0140438758937345,0,0,2
2021,-1,304,15.205637635982729,4.022177956602569,3.6161304180383915,10.189499444539745,-1.0,-1.0,-1.0,-3.0,-6.041985884827079,0.7093532307998971,4.018160887987548,0.632302289016934,1.8426364771023223,0.8144300351078291,0.033531561223760845,20,4.417921554276863,1.8509730346331328,1,1,1
2021,1,179,2.453978504825274,3.070550321931389,2.0137870037048864,2.8108094048668777,1.0,1.0,1.0,3.0,3.4015709805562704,1.1418837692011259,1.9632422225711523,0.4218557653315551,1.7725851773028936,0.4210685636446168,0.4103728368901512,11,5.270291085157292,3.631908198688566,1,1,4
2021,-1,361,7.035648510329864,3.4876574535852747,6.304940851450574,6.972043043468286,-1.0,-1.0,-1.0,-3.0,-5.540612863398126,1.293566367351368,2.939096412786516,0.4583642811681539,2.7027877470471715,0.4342718035562979,0.09041596104995346,17,1.3770555604786776,9.41405662738016,0,0,1
2021,1,10,4.52163790928987,3.368587071776334,4.704904706884857,7.921532937221989,1.0,1.0,1.0,3.0,5.540612863398126,2.2657326889907368,3.6912555182764386,0.4701189157329223,2.347177926866796,0.6678716750176555,0.019756532266200423,18,2.272286340768949,5.539117413584523,1,1,2
2021,-1,456,6.880537063222047,8.25316761002647,7.1909539285676,8.623409485104917,-1.0,-1.0,-1.0,-3.0,-5.074955127398132,2.259443313309762,1.395225642161621,0.2657977443067578,9.569900703471717,0.7688388990924079,0.01130132854289315,8,6.236047925995938,2.2605878906179364,1,1,0
2021,1,135,3.823694554592784,6.805300271909224,5.307942602990476,8.229582687301196,-1.0,1.0,1.0,1.0,4.282964639028119,2.331262717691971,2.0317065869556727,0.24684370544800865,7.6180090513889684,0.958773234200743,0.0,19,26.794117785556843,1.528461422433964,1,1,0
2021,-1,513,15.334552562073418,3.1092159671412047,1.2104768010006866,1.8478931978334763,-1.0,-1.0,-1.0,-3.0,-6.194314498267139,-0.10822517448308176,1.301082613670275,0.24011560560382406,-0.33248383007201815,0.3777952138094188,0.47155747351898947,14,12.68507979362968,1.766315178962492,1,1,4
2021,1,836,28.20728905961791,3.0309682413541696,2.0735504869823034,3.3779385893687968,-1.0,1.0,1.0,1.0,2.040434131709859,-0.20882568025163195,1.289262072039296,0.2825881965374292,0.8123128832198743,0.784255776464294,0.028479312197729967,12,13.34259022976574,0.5206680205259839,1,1,5
2021,-1,224,7.239078743794428,3.2284602410870313,2.311243029608189,4.2205262811658955,-1.0,-1.0,-1.0,-3.0,-3.2891663649623015,0.3807865409719508,1.330564899739425,0.24952675600996643,2.367894709350856,0.6447583724228285,0.0,7,17.49393497859703,1.0008397644221432,1,1,1
2021,1,98,0.14389460195003606,3.7637174501945796,3.6884982966531132,7.284125487893046,-1.0,1.0,1.0,1.0,1.7145433271265826,2.504441073950649,3.4473417511671203,0.36697778605557296,2.036465678277862,0.5994889222582254,0.05540188097684088,15,14.945574598677343,4.763745496152376,0,0,3
2021,-1,589,22.398626183986444,3.606753582397172,4.040270635757668,5.83149635371414,-1.0,-1.0,-1.0,-3.0,-6.368098289921233,1.677026740368371,4.770288487726492,0.39817912528321436,1.0407951584002912,0.7663486300502326,0.1917085321062188,16,1.4412499447059162,12.946512069709915,0,0,5
2021,1,44,5.541340383281003,3.5868799972157404,1.8104902192523973,3.1895853991359484,1.0,1.0,1.0,3.0,6.368098289921233,0.6892261619030193,2.6407475016402246,0.3856475592269255,1.0774948156311996,0.7076376004947569,0.02212816944959261,19,5.268318245795049,2.6267243294410547,1,1,2
2021,-1,250,0.12331296172827524,3.0448347858073426,2.1854581659664922,3.1828075256889954,-1.0,-1.0,-1.0,-3.0,-6.480163773330959,0.6050226589012851,2.101843433339577,0.40394993408044655,0.14625826477734225,0.4211927807599461,0.3989602265522668,16,4.45463131557081,4.308271313812648,1,1,4
2021,1,197,0.7452843294868565,3.6076071115128903,3.2974610178104062,4.3045053610210635,1.0,1.0,1.0,3.0,6.03115091709798,-0.14376863589249303,1.1557796914104836,0.3413508815433408,6.931358810631394,0.9945640929182744,0.0,9,14.589561544070818,0.7332988595945876,1,1,2
2021,-1,363,6.4998623272291205,3.477789394254518,1.7147843010572492,3.0299101149092835,-1.0,-1.0,-1.0,-3.0,-6.921627479652701,1.029374865674194,1.642838682623596,0.35033721996949596,2.329179274576042,0.6001241208109379,0.2885119293890499,15,2.6903839626494146,5.474637665008351,0,1,1
2021,1,179,5.755226304461493,3.301578543048854,1.7019711680481608,3.3190315986798593,1.0,1.0,1.0,3.0,6.90248814209893,-0.029266406806466,1.3949514710024162,0.27767980352464905,2.940396450811872,0.7874243951612895,4.2002688180599775e-05,6,4.896258328532767,1.506324307641671,1,1,2
2021,-1,193,0.7788051833951631,3.7075845297680097,4.841712958321334,5.269032774856812,-1.0,-1.0,-1.0,-3.0,-7.517447008823428,2.3922595551092773,1.4831199078473882,0.2692656462149416,4.716511542028677,0.44337614678899867,0.01771253822629471,22,7.4725350551069685,3.9486689412067264,1,1,1
2021,1,337,6.405496279245131,3.05766760847563,1.0426554743603664,2.4859847233702626,-1.0,1.0,1.0,1.0,5.080592882584699,0.5770875168873809,0.9633354429541601,0.2900645618619654,1.0758263709129197,0.637643758765798,0.0,2,11.253020985197145,0.8391787504987848,1,1,3
2021,-1,377,26.693440261767513,3.0294625315604065,7.426301777011734,12.624413412187675,-1.0,-1.0,-1.0,-3.0,-7.872196020886588,5.552650814225009,3.3560033709906385,0.21288116441632896,7.915624594754907,0.6811568562151326,0.00047872783281900774,9,10.345589394599605,2.7165523754235164,0,0,0
2021,1,117,1.5824053017404753,3.0356898319681926,4.23595775187969,5.036548269585485,1.0,1.0,1.0,3.0,6.94924715606544,0.9647076662727068,1.3876935786772304,0.2501935062356558,6.4441260596511505,0.7091006646358364,0.013119634450293753,19,1.1015097087048096,8.013601536355287,0,0,2
2021,-1,7,4.9367524511022784,3.9659516592074286,5.959037160233542,8.219285996039355,-1.0,-1.0,-1.0,-3.0,-6.992839425489228,3.852302188807686,2.409520727696722,0.26536122625886044,3.518450537883139,0.7177818353162846,0.0,20,0.0440940977884112,7.973642081103928,0,0,0
2021,1,63,7.351410872645808,3.313441415246861,1.7373607655374352,3.5715377352713564,1.0,1.0,1.0,3.0,6.965948717562443,1.0078230554677943,0.9498853976134747,0.2457046991229673,0.7603086784382553,0.5718112345387346,0.0,1,0.134132574197668,14.912790813362648,0,0,2
2021,-1,32,5.142436475542116,3.6996052587758026,5.208639846436917,6.187959988154206,-1.0,-1.0,-1.0,-3.0,-6.742121571382364,1.8798420058893088,2.15161687476605,0.2455175236231609,3.001861817495518,0.7050552665799898,0.00251950585173666,4,8.508488711169733,2.738213398568431,0,0,1
2021,1,196,0.8582400518738268,3.0790208685108245,2.3370806160354425,3.465908221356069,-1.0,1.0,1.0,1.0,5.960294219544667,1.7633348488890574,2.294580127061721,0.26957401186622143,2.061365763334228,0.49996621621620935,0.014391891891898774,20,11.641074472156541,1.165914017057782,1,1,3
2021,-1,205,3.851592000527886,4.156557544102002,4.742967038325229,5.824106981381943,-1.0,-1.0,-1.0,-3.0,-6.929533447286785,3.1518092907484925,3.041915759548262,0.25937164938559387,7.371499273084554,0.7885202828274186,0.0,13,8.476853621323787,0.23144880136900406,1,1,1
2021,1,239,1.418943046642446,3.6038408181199606,3.1781245434304584,4.35958070350088,-1.0,1.0,1.0,1.0,5.032319369735041,1.707959766306767,1.756445668774781,0.28625971531488614,6.198970763824478,0.6506323332096139,0.004025236232845611,9,3.340135736032149,8.930194436479223,1,1,3
2021,-1,59,4.1154525926533045,3.604788062205522,3.239955456828689,4.6631108441770825,1.0,-1.0,-1.0,-1.0,-5.8659848386171936,1.4977420171918252,1.7408884241010925,0.31097850695059726,3.465683964951463,0.7063268121394579,0.08700150489089564,14,10.654168687351259,2.004486605634642,1,1,1
2021,1,304,3.9809166773598172,3.3777363298652845,3.0318700808893713,3.606813215790643,-1.0,1.0,1.0,1.0,3.536903132503363,1.539849319333726,1.3172072706474751,0.310941706336113,6.923502808771227,0.8187214076246239,0.009994134897365484,15,2.342613646806145,9.257477874309847,1,1,3
2021,-1,46,5.297913903101409,3.3148208455583075,3.8318120822281845,6.267521712656516,1.0,-1.0,-1.0,-1.0,-4.531303872834153,0.7369065848143304,2.1564611139196685,0.31521760241926833,0.1490234846651835,0.3642099610685568,0.5843066183380389,19,6.004547291809037,2.3388689291169964,1,1,4
2021,1,221,0.5576848472047768,3.79159757746954,4.175851596221882,5.689853618589557,-1.0,-1.0,1.0,-1.0,2.7818465662952674,1.6491175786746008,1.578829488935603,0.2985759520143605,3.1909527197300296,0.9664807465408128,0.0,14,12.73821595751396,0.3233697139556033,1,1,3
2021,-1,855,37.2570632820021,3.3094559014119938,2.0366849364753716,3.3276541239993915,-1.0,-1.0,-1.0,-3.0,-6.748455866583038,1.0788538563191648,1.3123595036888762,0.20278000283539482,3.859221333409538,0.5775957630250178,0.2869811553146896,13,6.899665938147448,3.097860799488679,0,0,5
2021,1,115,2.8596156199652882,4.369527816831486,3.284460868122167,5.5930998701869585,1.0,1.0,1.0,3.0,6.128656083267767,2.55275941866108,1.6148060205309356,0.23337302683095468,1.3940672261726237,0.9653172866520985,0.03457330415754709,22,10.577811602452165,1.3916204504533938,1,1,2
2021,-1,201,3.579050437165205,3.125696466324461,2.101085394800204,3.2934497251441734,-1.0,-1.0,-1.0,-3.0,-7.6349379880172785,2.892021721059394,1.336285654587783,0.21626657403531233,2.5942462616513664,0.23981725757675335,0.13815069815327638,15,4.955694339201681,2.324047830555567,1,1,1
2021,1,185,2.0051423342018047,3.0828074996422345,1.1415566577739567,3.3111395189626864,1.0,1.0,1.0,3.0,6.310122074976398,0.8799663739726554,0.8211182405937333,0.20218001712899542,0.8011492114350859,0.4417510337943403,0.2439754741195098,7,0.4880618658552037,14.684529135948338,0,0,2
2021,-1,49,5.523307993829925,3.394145288021064,1.297478193328722,6.578857834461972,-1.0,-1.0,-1.0,-3.0,-6.716452657056303,1.2988994326116101,0.8103408565346348,0.20139849373181257,1.802091962013123,0.6032608695652174,0.0,11,14.990280081264324,2.505909810821242,0,0,1
2021,1,330,7.447546582546611,3.150355085533969,7.455945781486087,7.959820660981916,-1.0,1.0,1.0,1.0,4.117149695210693,2.5205761910126254,3.2520998084257298,0.26831727714814724,1.3137755439873398,0.4570476190476343,0.38095238095238093,14,7.180313353904377,1.0119878868969057,1,1,4
2021,-1,152,0.4824148276226251,3.5356524700548912,4.415761095590924,5.207354900943298,-1.0,-1.0,-1.0,-3.0,-5.419745182823879,3.7591550412777286,2.3075135717505173,0.26023615523410604,1.5196763739632686,0.6427569000467879,0.2904256978013364,3,12.93284507900945,0.7730271296278687,1,1,1
2021,1,267,4.640670657341891,3.198863396637584,1.18852369334682,7.524447571043575,-1.0,1.0,1.0,1.0,2.9811218174754974,0.7454083063803033,2.244862445948701,0.30240167656916944,0.18786938213531348,0.7576871358135533,8.96458987183954e-05,1,0.3463808684616224,7.229850295341896,0,0,3
2021,-1,28,5.593916158823301,3.080537474519647,1.4177126702264244,4.5087864868099246,1.0,-1.0,-1.0,-1.0,-2.9811218174754974,0.24672797828573523,1.5179245378872468,0.30312692961074506,-0.314150930286713,0.8473505488431267,0.0647555871436252,3,1.0001487870709929,7.453402382915437,0,0,1
2021,1,92,6.050624087404295,3.72683199760889,1.7227066169779244,3.6035653633276694,-1.0,1.0,1.0,1.0,3.558262374558155,0.7506722976034792,1.007471363553301,0.27310205566535267,3.2771180262037785,0.6467128429361808,0.037456951592308475,11,6.858351540375668,5.154607824346649,0,0,3
2021,-1,473,10.689709920097998,3.0373265800223956,6.304024752634292,7.7427794415122815,-1.0,-1.0,-1.0,-3.0,-4.740071517572551,3.8160208860934492,1.7478234151492285,0.21658658851737536,3.380803121179993,0.481678135193687,0.0,2,8.322744780454782,0.942930383225722,1,1,1
2021,1,196,2.3646100315170404,3.064643592417831,1.4093841483110214,2.242077752951179,1.0,1.0,1.0,3.0,4.116906193410471,-0.026744638652328664,0.7443326458061168,0.19457690394941787,-0.4404382154628428,0.19464833224935055,0.5229025364675296,19,6.1340815607199985,6.5573175168992694,1,1,4
2021,-1,96,4.651104416054372,3.9730298174289196,2.5470867553115917,3.9724141990275164,-1.0,-1.0,-1.0,-3.0,-4.365626539147258,0.38388738193458205,1.189214035169754,0.21250753541337386,0.954759598854293,0.7867978679786946,0.0,3,6.569608218279183,0.0,1,1,1
2021,1,186,0.810047556020776,3.1894672959131487,1.8319222927273502,2.969153518193122,-1.0,1.0,1.0,1.0,3.444224299581969,0.26775206736081963,0.9020825530439964,0.2023431486814425,0.029767109518683242,0.4425383441157048,0.13171476339320098,18,3.423739752214566,17.154428646971812,1,1,3
2021,-1,43,1.8921695757612271,3.1923818666682764,4.890656936155712,6.033011445412823,1.0,-1.0,-1.0,-1.0,-4.09177403076359,2.7619070560195134,1.9151166607661554,0.2160774375712144,6.350844593418912,0.7419247970846481,0.03062069618305014,22,11.313599267847517,0.4632603071623488,1,1,1
2021,1,120,1.0682968191605837,3.0857730759577704,0.6729603663318569,6.433471488915625,-1.0,-1.0,1.0,-1.0,3.038963228111035,0.7650789544394758,1.4550503873935179,0.2258020110837063,0.3663530360910274,0.6934452438048858,0.00019984012793839115,8,4.090140576339126,6.392012984499107,0,0,3
2021,-1,111,4.951491477953256,3.1319568911213005,2.0165950780514685,3.5932876979728485,1.0,1.0,-1.0,1.0,-2.5989014886752706,0.9558537349749652,1.1429300633820545,0.26823119920094485,0.8725778723524112,0.3714984437527632,0.3911182747888134,17,4.836160357304267,2.277611774681365,0,0,4
2021,1,189,3.2962315694939517,3.0648340522683633,1.6930348530274202,3.5345830973169243,-1.0,-1.0,1.0,-1.0,2.292696904797781,1.9689602487099598,2.0075167221479235,0.236025583367694,0.8864466009608755,0.5375734460364948,0.0,9,11.26182032001953,2.5387954666959445,1,1,3
2021,-1,470,16.877503516731025,3.390273046415927,1.4546694692239026,2.1296852089481115,-1.0,-1.0,-1.0,-3.0,-4.168065677372902,1.109636772894446,1.0466889219346045,0.21188494018092313,3.1054021289871447,0.5583554919206662,4.090816115672501e-05,0,8.391659867458317,5.476949959782973,1,1,1
2021,1,51,3.931738273657202,3.2975990314853463,1.4047310287293668,4.516368842837202,1.0,1.0,1.0,3.0,4.340238371167458,0.8891674718340188,1.2582850908736922,0.221315722016368,0.36621945804572775,0.7122026793037189,9.113278047970144e-05,4,11.644445022390796,4.150486257493038,0,0,2
2021,-1,209,3.2447902080434203,3.461133400807394,3.1340967792770535,4.172698857337196,-1.0,-1.0,-1.0,-3.0,-5.303031975810352,0.48870788780106095,1.0662919833894642,0.25375674994385977,2.29751779585634,0.9999721052191078,0.0,22,1.2669567622963167,5.782425185534445,0,0,1
2021,1,74,5.573491388229073,3.026621960074779,1.1314047432833825,3.4566472950176483,1.0,1.0,1.0,3.0,4.914056094938493,0.9802330103953052,1.140405702365061,0.22926671317814512,-0.4988632082447981,0.39419024683927467,0.5869957856712618,4,1.222114279793998,6.3094578946556386,0,0,4
2021,-1,79,3.2196616986873043,3.597215748720228,5.004015821483813,7.289237937140439,-1.0,-1.0,-1.0,-3.0,-4.815150829067174,3.3805759336176884,1.376708970593545,0.21089009532691583,6.821998458155739,0.9647383483237986,0.012060506950125756,10,4.343235584609114,5.318129157941112,0,0,1
2021,1,327,5.099344745077598,3.542451919355004,1.408853304112393,3.290838427205234,1.0,1.0,1.0,3.0,4.595522453731236,1.3893584107576176,1.4962591016820375,0.18823818116151558,2.187406476524061,0.9216078392161149,0.0,14,16.422987363651117,3.2733384535085013,0,0,2
2021,-1,262,11.393559291468293,3.162461872958616,5.043471528829351,11.047929141611656,-1.0,-1.0,-1.0,-3.0,-5.669535074879002,1.0176005064169915,2.010708794484328,0.18029363817296032,4.643078567882831,0.5457715133531116,0.0,12,1.0404636936004823,9.358650956175012,0,0,1
2021,1,83,5.945740590244108,3.3027858887128314,1.8909000501987427,2.644381111614705,1.0,1.0,1.0,3.0,5.833856139403951,1.110621674179464,1.148870955801101,0.16745241379166412,0.7142864815120253,0.6571556200793156,0.011670110000539104,18,11.715173751934394,2.1673952402429615,1,1,2
2021,-1,162,1.8655353779318808,6.632510590982005,7.492274700290835,8.604480364143196,-1.0,-1.0,-1.0,-3.0,-6.457091624715957,2.734520033990336,2.1611210500748936,0.2065222756939294,6.805060195413447,0.7599347283547749,1.5997952253729574e-05,8,89.11716852767626,1.4548416085739184,1,1,0
2021,1,630,35.99171844764093,3.1401143570905763,4.328884130792235,7.252117371249107,-1.0,-1.0,1.0,-1.0,-0.41053170044602966,5.236618284078263,3.9902451347776693,0.31271657098832245,7.5740035969835375,0.6628050375574456,0.11661497066408211,12,4.918750593593382,4.306895147566234,1,1,5
2021,-1,220,2.757176162252826,3.4750798364498747,2.4687066506161295,4.657013486969999,1.0,1.0,-1.0,1.0,-0.03708758813746318,1.3995792539992076,1.2451148313603493,0.24411752041432516,5.369783656692925,0.6396344326843139,0.050500307047657816,7,12.732474930928362,3.055311575140218,1,1,2
2021,1,326,4.329990386815001,3.07859565125246,1.640241069308859,4.187781486105892,-1.0,-1.0,1.0,-1.0,-1.5605856094712032,1.532017162090497,1.2076180543527255,0.26691619349784146,1.7619287616649357,0.18242029636281637,0.23697799730579444,10,2.5978138055713877,2.306506991662101,0,0,4
2021,-1,116,3.3362433421293893,3.0591236099376995,2.2443910949952306,5.1285749839639765,1.0,1.0,-1.0,1.0,1.2291436201028987,2.126600825098319,1.692660558549188,0.2183185156660502,3.2233142310278464,0.7042896107116081,0.001041408380889667,20,4.705187163533998,2.637992837605992,0,0,2
2021,1,146,3.6280324329332365,6.114202873031153,6.013302485068308,8.660360302449886,-1.0,-1.0,1.0,-1.0,-1.2196722704994059,3.6829804960106083,2.156519720087604,0.20906719637794302,7.894463746789907,0.8171624658659853,0.01370194050409194,8,3.9591230898553764,1.6038669216339716,1,1,0
2021,-1,147,0.9761104659774343,4.6265388513283945,6.331360727739942,9.394130387080553,1.0,1.0,-1.0,1.0,0.6296952065715135,1.7260420585423246,0.7908626283582536,0.20378646971326747,7.967895261322556,0.9275918072723973,0.028346717194499764,20,9.38515341548207,12.348960074670938,1,1,0
2021,1,30,3.9592545764179885,3.3682243097246456,5.6329064788206145,7.185073005494168,-1.0,-1.0,1.0,-1.0,-0.6296952065715135,5.0711721805143855,2.47475120807955,0.23049721117270822,2.8569967319808844,0.8003176914421986,0.0,23,4.522385003090789,15.997239514934645,1,1,0
2021,-1,28,4.844195210479985,3.218877681447046,6.339478464871168,7.329304238191362,-1.0,1.0,-1.0,-1.0,0.4946524444237439,4.226566429318269,3.8294337304356314,0.25799992891581175,0.23641793682275314,0.48718672785036976,0.40204729968231157,1,10.356670100747499,0.4455197865250401,1,1,4
2021,1,146,4.67736739278832,3.0861461567925756,4.865164760163993,5.6554612538306115,-1.0,-1.0,1.0,-1.0,-1.6569915863080222,1.0092282633743392,1.6944749130479795,0.3160596499274379,6.468027823140877,0.8917337136399182,0.017234884158972313,13,10.77778432440618,14.387062903931808,1,1,3
2021,-1,8,3.7608959628481378,3.750781488819389,10.729621147297921,13.97351764972148,-1.0,1.0,-1.0,-1.0,1.6569915863080222,8.766932204658548,14.820688002674745,0.42891334412142834,2.0159886195247863,0.8091598231206477,0.11503474415667402,14,5.033991996416285,6.671130627945062,1,1,0
2021,1,82,5.6606439329698155,3.882702395519554,3.074311526556962,3.772839700935561,-1.0,-1.0,1.0,-1.0,-1.6818895237468596,3.228822809006515,3.144664209213022,0.35817663081340817,0.4277453619777947,0.5081702642727327,0.0,21,0.04356187328989477,4.205074390005385,0,0,3
2021,-1,651,25.33701303882714,3.0895829411333313,3.441186716892172,5.545773570825531,-1.0,-1.0,-1.0,-3.0,-1.69792681281336,1.743162010144343,0.8618822547662995,0.1988570161528084,6.503498895213068,0.8491235938259047,0.02137758343611455,3,2.2703265061654005,9.977696294391393,1,1,5
2021,1,12,4.1892978541139225,4.099647765340208,6.760198968393837,8.752138086399126,1.0,1.0,1.0,3.0,1.1741478033340644,3.1566808627689142,2.216169766987564,0.21673968032165147,3.340471371072054,0.7391647188036942,0.2190993832549393,4,2.322159761073704,5.883149006742953,1,1,2
2021,-1,75,4.7226999675837416,3.0069537710825323,2.7886935800098316,5.166640445042256,-1.0,-1.0,-1.0,-3.0,-1.8934487655127112,1.9518206133324445,1.7923999776099,0.20073498175742976,1.433913308993745,0.403102625298319,0.028997613365158856,10,5.418412001973852,5.334070618059776,0,0,1
2021,1,180,2.0835647158842137,3.118222681658418,5.1364681319602585,5.737112098901718,1.0,1.0,1.0,3.0,1.2442395807640165,4.00497616804189,1.9040885424589693,0.22482052422281495,1.552504952465302,0.9169471681545036,0.05144153373339626,1,0.6876133644960754,3.8829060389089642,0,0,2
2021,-1,109,5.409641169506463,3.8138669674821792,3.348700746421699,4.024643939737021,-1.0,-1.0,-1.0,-3.0,-1.2080955841426773,-0.09230232112221218,1.8744511292688988,0.20107775908977982,2.133092756806934,0.6181492613672819,0.30037731022574904,10,7.468171626160289,2.9889870613105836,0,0,1
2021,1,200,2.5536575752423456,4.340898483411072,2.417041742306305,3.131183449739292,-1.0,1.0,1.0,1.0,0.7304907179934174,0.7938471324708453,0.5220754331975714,0.21117145125462852,2.9266174357036596,0.8778309975755223,0.0,3,9.701208017886314,1.0155670824915555,1,1,3
2021,-1,203,1.60184454747589,3.7998361447498965,2.943155536639131,4.041630431897909,-1.0,-1.0,-1.0,-3.0,-1.7003199364193184,1.8683553836249263,1.8684005544178477,0.1863179112729799,2.254301227521637,0.4888009863351472,0.07474571046955024,20,3.661246956390667,5.1194956217700005,0,0,1
2021,1,1095,32.46838979683471,3.617547560590531,2.9011828562929654,3.1327205460300176,-1.0,-1.0,-1.0,-3.0,-4.286030605887712,-0.36949522417350117,1.972933279513887,0.38947496397304987,4.970670497807322,0.6690848893541365,0.006013097353753155,15,7.24974634073226,0.28459090843261087,1,1,5
2021,-1,455,10.35183196822584,3.507419814012558,2.5610345904144887,3.2414212415348915,-1.0,1.0,1.0,1.0,1.7503784677406953,1.5718100790845657,1.6758368480000496,0.2768443373651867,3.697250731916398,0.7773626120947149,0.056277305127620844,5,26.77950850379083,10.113820047827845,0,0,3
2021,1,23,5.55252031346477,3.1594576576250883,4.097085727714416,5.067862871034152,1.0,-1.0,-1.0,-1.0,-1.7503784677406953,3.936293347293627,4.8793750444222095,0.27534322129154487,1.7569301678046387,0.7436239903326075,0.05183489156014304,7,3.47278260249171,32.95638113895596,1,1,1
2021,-1,22,3.836558103588605,5.643269597887366,9.351556164320415,10.339609384569757,-1.0,1.0,1.0,1.0,1.2230083728951167,6.6979217946256355,3.1503831680550647,0.3171573835718268,6.2502442315742694,0.8762777804029112,0.06626344721132756,9,21.465454402810657,0.6433296993356493,1,1,0
2021,1,584,6.454173172204824,8.882394681576598,11.227774551838031,14.574983146672828,-1.0,-1.0,-1.0,-3.0,-4.2463711974204115,2.313538348797066,3.470001237548721,0.38302322303606035,5.5898177156835445,0.9168519158886217,0.0,9,0.3420950410501568,5.0477558670761935,0,0,0
2021,-1,350,3.3238108270694204,3.1341853762105423,2.9970753773040157,6.515816129165439,-1.0,1.0,1.0,1.0,1.655190348903319,1.311921606326558,2.8576762958930693,0.3125697329321318,2.2597429205456008,0.15937334743522452,0.03900052882073969,14,4.734478165739106,1.6099685540595392,1,1,3
2021,1,443,7.827316437545241,3.1412711342306294,3.2804315042697683,3.9416086511766837,-1.0,-1.0,-1.0,-3.0,-4.037095691978091,1.8083704329299821,2.020715700366442,0.337272430112207,1.0612491791894454,0.4623731679819687,0.08497745208566672,3,2.3007249012862734,1.4112331530811193,1,1,1
2021,-1,145,3.2244542736827095,3.203422272595022,3.5613641618585543,4.534150082366278,1.0,1.0,1.0,3.0,2.641377523734746,-0.23785019681157563,1.5721142586836787,0.28254798656617836,1.2869608533266623,0.5336294416243754,0.0,15,6.851519683575658,1.0682819205574987,1,1,2
2021,1,106,1.6238384003054018,4.655788382782816,3.4563785986063995,6.4177262045241,-1.0,-1.0,-1.0,-3.0,-3.414375592744519,2.2745256083930796,2.4356346043520456,0.2844854893453016,3.6108302986593825,0.8062743920744547,0.0,0,13.886048755330453,0.069622853106792,1,1,1
2021,-1,863,54.280834258406855,3.2349723515632536,1.9115345619623239,2.875334344516978,-1.0,-1.0,-1.0,-3.0,-2.4471389122916456,1.8419209897197126,0.8776519627120097,0.20964079707340857,1.3948450588213877,0.44581673306776387,0.2226294820716737,0,4.381428389554943,5.74695365705617,1,1,5
2021,1,156,6.352964716689633,3.096617830979492,2.4383761527411405,3.3461592631586474,1.0,1.0,1.0,3.0,2.733394710855698,1.7146304972460318,1.2065542067617767,0.17808222252521577,3.98289054686237,0.5779871520342886,0.16077087794429806,13,13.824116573631283,5.835415148017379,0,0,2
2021,-1,96,1.4681602470380275,3.8882094349303444,2.220637163937749,8.936646589730088,-1.0,-1.0,-1.0,-3.0,-3.4869606625894605,-1.6090401519813056,1.8713359627051576,0.2397657509153688,0.5601886326950114,0.5472464460637948,0.2066419782582663,21,4.438652457084818,5.2572005179074175,0,0,1
2021,1,196,3.3981370802131514,3.9753607173404757,2.8844182347138636,4.976808375169975,1.0,1.0,1.0,3.0,2.1998751273246984,4.208326571892583,2.7572499099883294,0.2310471097044663,8.624414290705532,0.3047310623584717,0.0260293652146443,14,11.840752697983925,12.025005805917191,0,0,2
2021,-1,10,5.205431189386379,3.164917041728283,7.115393057325897,8.861518709461828,-1.0,-1.0,-1.0,-3.0,-2.1998751273246984,3.5001511433600747,3.6913767406287303,0.25994115918744265,2.358841346847773,0.7464633161986471,0.15399974510387054,14,4.241402341567096,17.33718243816775,1,1,0
2021,1,17,5.044486960019733,6.660033810729611,7.479583385511656,9.877193508941822,1.0,1.0,1.0,3.0,2.3399953676250465,3.6508145797211706,2.268259874538765,0.2982652429551318,3.624495681458677,0.9421696918531055,1.5634038431651595e-05,16,5.505809213099255,3.9619238257989786,0,0,0
2021,-1,492,13.714966817686527,3.1032203447224114,1.287031987114397,5.341598405710223,-1.0,-1.0,-1.0,-3.0,-5.549806725336125,-0.5337610080663489,2.7839727177534686,0.2878026643307315,0.04086384766772874,0.9112118894110315,0.009452518850376766,9,1.1234477688194102,40.140310600094985,0,0,1
2021,1,35,5.74588477313413,3.5808052707587095,2.3496872101231117,3.0010136673150614,1.0,1.0,1.0,3.0,5.3581620066017575,1.9996036789591562,1.5931075561876957,0.2959168289462927,2.016978239384626,0.6812390361000735,0.0,12,31.551838513502243,0.14028569847209466,1,1,2
2021,-1,291,15.100756676332457,3.346478017106333,3.1183859419758186,3.499555750960814,-1.0,-1.0,-1.0,-3.0,-7.605037078717071,1.4633068760693548,0.9190361469564319,0.31190163868395065,5.564014867659018,0.7868958890591191,0.0054535538992872635,12,2.728163350027492,5.478243964071536,0,0,1
2021,1,229,4.817751660692905,3.0044216937440744,2.965867990534997,3.4268446844027762,1.0,1.0,1.0,3.0,6.854073657942102,-0.29939359924559866,1.9392685545010868,0.2506355132547902,0.30923564260532843,0.3361205982804719,0.00011777175835635042,7,12.363894034321106,3.800148719236831,1,1,2
2021,-1,98,1.5237368930247275,3.1553210620039454,3.755498375733256,4.046579740922868,-1.0,-1.0,-1.0,-3.0,-8.026075132879436,2.0262641408072444,1.962725970312939,0.31323154433997286,-0.12333440959914882,0.6945256444326268,0.10957569315261799,15,1.9839912308473728,4.0968536762850105,0,0,1
2021,1,172,4.047703824140628,3.7545324230087713,2.7167626069824675,3.6981629224223056,1.0,1.0,1.0,3.0,7.064564338735887,1.3947795080223464,1.0906211213382166,0.2347533308324209,5.740746317284937,0.6145802794879437,0.025945470536488203,6,5.525043917745859,2.858193547007105,1,1,2
2021,-1,169,3.052617312177512,3.1351940142771633,2.7803012260357454,4.422229185057772,-1.0,-1.0,-1.0,-3.0,-6.937185476978861,1.8198727358301292,1.6410468637129392,0.21949301997371265,-0.06409781087704433,0.5156235338275053,0.23984235713613344,20,2.981756567181495,7.033284499491518,0,0,1
2021,1,53,6.147288166752928,3.071622619273865,2.5418513615462155,3.2059477781947257,1.0,1.0,1.0,3.0,7.149109546131088,2.1336087011475917,1.2404682203829602,0.19685511507813716,1.077578296527879,0.37411292810861013,0.13614625115706214,0,9.12453561236007,9.883279348614101,0,0,2
2021,-1,14,5.114989324505212,3.1215416499114954,2.018190837901762,6.106673626936368,-1.0,-1.0,-1.0,-3.0,-7.149109546131088,0.3391270852554101,1.444210450945002,0.20822882448432917,0.31461759523903515,0.7874495267094682,0.10419011054476728,1,3.2997371713040424,14.90047759633919,1,1,1
2021,1,36,4.116594222945238,3.520683046063377,0.8042399768850588,3.77576946335116,1.0,1.0,1.0,3.0,7.181222845448385,-1.4750659430908686,0.9155176312797112,0.21764461073104932,2.541418312874629,0.6704983648167064,0.0,4,7.655832301160908,4.449434800762656,1,1,2
2021,-1,199,2.4791988784220598,3.464389487489933,4.388977705675873,12.755141962551487,-1.0,-1.0,-1.0,-3.0,-7.276050366183014,4.781274713844207,3.796520511055405,0.3029511693703356,3.492012541520294,0.43056699050442,0.012871178440096498,21,2.0937898870460865,13.192953053632092,0,0,0
2021,1,67,5.3719012419231875,3.07797686809513,1.410913221716686,2.3896125267029853,1.0,1.0,1.0,3.0,6.371960461236058,1.1724575966943465,0.7823552035383569,0.28318162718996154,0.0508302296578862,0.6492847028953539,0.013231775792193534,2,9.574883372289623,0.019478812747537464,1,1,2
2021,-1,292,5.668662116024501,3.208774036551939,2.8792302527583757,4.548043523081464,-1.0,-1.0,-1.0,-3.0,-8.459790125969551,1.6158579538806979,1.4824180248944163,0.27107501122615085,1.2437997600387378,0.2667714510251925,0.40108594698868494,3,0.05753627719462526,8.294236408937241,0,0,4
2021,1,32,5.0834565955494035,3.689645889805782,4.326003386608462,5.943685546470968,1.0,1.0,1.0,3.0,7.66600965309362,4.404720573360635,1.6797058815029988,0.2602543189985333,7.045789102788323,0.42054037866435595,0.15266362759125943,5,1.0860281915931072,5.296225101704461,0,0,2
2021,-1,109,4.755203907155488,3.9828439698706575,3.63471067258155,4.527681614335017,-1.0,-1.0,-1.0,-3.0,-7.993377046195262,1.8647941885035901,2.218525604651201,0.29509317691525083,6.158088872220115,0.4720715747085306,0.020621569837307754,14,16.032213008804515,1.4694648611016556,1,1,1
2021,1,289,3.486577670107311,3.2887664115606476,1.8131586696901683,8.270460186341731,-1.0,1.0,1.0,1.0,5.532382733890603,1.2671914894596896,2.2414132760164716,0.33028777559593747,2.684289413007706,0.7042038992688939,0.009418155970753309,15,9.56771101636165,0.04856048035424972,1,1,3
2021,-1,409,7.065186727664489,3.1986623625894595,0.4744155731992466,3.4730954762582007,-1.0,-1.0,-1.0,-3.0,-6.833673005205612,1.1574406707412903,1.3450438883661964,0.2574607273328933,0.037277937042678,0.7429444282804556,0.042333430317133935,1,0.6161064188652813,21.192970355126622,0,0,1
2021,1,15,3.7271614038973517,5.652580418002614,6.724849163840203,9.055757924498161,1.0,1.0,1.0,3.0,6.833673005205612,3.4053977737341383,3.7936067944437095,0.2677681596985945,6.695031546953124,0.877719474087608,0.02529331996934649,2,11.419839132489011,1.0038187489233996,1,1,0
2021,-1,414,17.534437869647466,4.238786186729965,5.274399947711302,6.558551384255994,-1.0,-1.0,-1.0,-3.0,-9.663864417857527,3.199798076356364,2.685918674943577,0.2616123941897783,7.877289470397408,0.4829193548387036,0.022435483870973376,12,3.6880064851774232,3.224082576733119,0,0,5
2021,1,409,2.3512599926945565,3.3168765346815943,2.3107898343254187,5.57476431535101,-1.0,1.0,1.0,1.0,8.056402374723856,1.4956180952817704,1.8062654450971631,0.29002876739424405,0.0766260694846231,0.5990256410256664,0.1281538461538357,22,7.261358165385499,0.701819996385086,1,1,3
2021,-1,134,0.6170540628365261,5.046582129425562,5.905760171498386,7.547475704390049,-1.0,-1.0,-1.0,-3.0,-8.872049683041242,2.292706210965986,4.207246683704984,0.30013466449206516,1.253259574517908,0.9814700578912461,0.018529942108753944,10,5.029075530327301,8.833904404511129,0,0,1
2021,1,73,6.057859016020349,3.222468009553084,2.31991568190039,2.693376154447931,1.0,1.0,1.0,3.0,8.631115845296021,0.6375526455670083,1.508381304041813,0.34614580227161224,0.21128508036687788,0.6078666666666686,0.06829999999999321,16,0.58031509981779,5.715280673435127,0,0,2
2021,-1,694,16.42431184315119,5.870447741689932,5.964212965635562,7.275173536896009,-1.0,-1.0,-1.0,-3.0,-10.711208910512312,1.666988536929988,2.809361412056981,0.26603360180263336,7.41638651033405,0.49137488542621127,0.152153987167736,2,2.1818886077032706,12.577038892591315,0,0,5
2021,1,80,6.442608492984304,3.8714018468862994,2.9183826707692613,4.839472430476596,1.0,1.0,1.0,3.0,9.648290204358565,1.5303282971031649,1.384965454914511,0.2956300262457339,0.8555970932013359,0.6487929509646454,0.0069442169740095904,8,3.61129432821367,20.7166705831674,1,1,2
2021,-1,34,0.010470977440191362,5.706057136692555,6.950041778260488,9.266954029806943,-1.0,-1.0,-1.0,-3.0,-9.648290204358565,-1.6961483914990174,1.607669687803287,0.3357654117071392,6.397053300065478,0.905008361759905,0.0022246884157691117,11,10.570081071760939,6.415141625399833,0,0,1
2021,1,578,17.120454176594816,3.553872903175245,5.05346316775326,12.526955745802463,-1.0,1.0,1.0,1.0,5.01026480108881,1.5544494889670395,2.141598531494581,0.2688529684778455,1.6444912359758255,0.7237133021745772,0.09910162044164374,11,0.48226971109922856,5.787236533190743,0,0,3
2021,-1,230,6.917599660218256,3.0088438226197476,1.7247924264221193,3.218288923496027,1.0,-1.0,-1.0,-1.0,-5.073834280326816,2.3444108101846797,0.8655741351877145,0.19638217582552292,4.6163676236348135,0.47259439707675904,0.019064767250958594,6,8.243132253509653,4.733231185840827,1,1,1
2021,1,167,1.1257079701382213,3.045735367635656,2.437477061378031,3.68832244482426,-1.0,1.0,1.0,1.0,4.424199684381892,0.26920965722364365,1.2415194930703475,0.2785801407631758,-0.24523633258543162,0.5577070638682163,0.2779959377115581,20,6.982197662911463,2.421379572529973,0,1,4
2021,-1,380,12.511653291234554,3.0757805024132363,2.944290585877008,3.8709163071899537,-1.0,-1.0,-1.0,-3.0,-5.807359409135374,2.035355517632722,1.2449331300317867,0.1922821016371507,3.3049305783789595,0.6890169742477671,0.0,4,1.8974557601191664,6.003795438064035,0,1,1
2021,1,623,17.67717580236894,4.457700353033129,4.219455624628481,5.3299771873035695,-1.0,-1.0,1.0,-1.0,2.1631411230026036,2.113880048252076,1.75150450631496,0.28595712683656493,4.026895322691446,0.9169728141072759,0.08187257268814145,8,12.283982511365934,0.8866628716840359,1,1,5
2021,-1,123,5.915238738964787,14.21345683555034,17.5328575421025,18.293853262858242,-1.0,1.0,-1.0,-1.0,-3.8757398790818733,0.7307957075123164,1.1304674562932109,0.3333945430062557,9.213686998699592,0.9175384169324453,0.01745433458973531,18,0.7830084227341999,25.268141784037244,0,0,0
2021,1,16,12.892951525418992,3.4579438799637963,4.156436193922574,6.930579637609202,-1.0,-1.0,1.0,-1.0,3.8757398790818733,3.093167662183488,3.1269599992600794,0.41101302579061166,0.74212002035916,0.5062575569618218,0.14485812540238494,19,5.130910147157447,4.463757778864849,1,1,3
2021,-1,440,1.2794399653141881,3.788170893945856,2.6843212058535606,3.8063491573054615,-1.0,1.0,-1.0,-1.0,-3.7450312311386007,0.8286357622215694,1.7506651894896972,0.2136754772304939,1.5130416765765116,0.9177092869494082,0.022835927169185123,8,5.368108294355246,7.577446569383377,1,1,3
2021,1,59,3.0560630112298655,3.0434993903046914,4.6121814731215665,5.808440320403547,1.0,-1.0,1.0,1.0,3.736830505296581,1.9248780746059175,1.4578290042902384,0.2228294690688165,7.09504148884518,0.7144788062283718,0.026348039215691118,13,1.2518551360559294,10.998173370022476,0,0,2
2021,-1,9,4.469448197062444,3.1909411497856492,3.4320375941403904,7.253706687313182,-1.0,1.0,-1.0,-1.0,-3.736830505296581,0.4276323277561633,1.6113403728410225,0.24389503895892428,2.264273262821789,0.7130759504837088,0.1565467964362331,14,4.104587085425506,5.058916470083161,1,1,1
2021,1,117,4.917473416638426,3.937438770570452,3.2468093283121946,4.616841524116214,1.0,-1.0,1.0,1.0,3.831230886472616,2.5599579495066203,1.9825290292958042,0.2130063011708705,6.548046015258135,0.7141884491281976,0.0,0,2.467161050117695,7.747750042393508,1,1,2
2021,-1,62,5.524375141825862,3.167267949447053,1.9296507819785342,3.124070217866681,-1.0,1.0,-1.0,-1.0,-3.702339513621379,1.0548972654997177,1.169133690890339,0.20892135014862284,0.4170296293084426,0.5060626858841961,0.17379699534813794,5,9.475873125375477,1.2080694980105544,1,1,4
2021,1,196,0.8735861825186453,3.470386895220878,2.7827583092914208,3.613412440070705,-1.0,-1.0,1.0,-1.0,2.7821220043138384,2.848880734211308,1.4050319108958982,0.23102941446790692,1.1281907963152096,0.9244186046511628,0.0755813953488372,21,2.7817713655732796,14.099195973508818,1,1,3
2021,-1,57,0.931870796264832,3.8826634357574323,5.806230407567551,8.207957874231822,1.0,1.0,-1.0,1.0,-3.2522769938231235,-0.5203970353521837,1.3331443008070292,0.24492579314390894,8.642987840588521,0.6632073643410855,0.06857558139534574,2,7.931618349807905,13.081036887738463,1,1,2
2021,1,58,4.3781769789353735,3.8017121181313036,3.5467566421020966,7.130512611256809,-1.0,-1.0,1.0,-1.0,2.037737843830365,4.054543518623306,2.1717044535625227,0.2823429541531472,1.9306032473704806,0.6005218269554525,0.0,7,5.707333208467765,1.160731610118488,1,1,3
2021,-1,119,2.765026165217762,3.7984299728498385,1.9950455816868267,4.347369825171403,-1.0,1.0,-1.0,-1.0,-3.2732269385783646,0.1513171677952259,1.0672842941143947,0.2567004602765201,2.8126967433911183,0.7089472644677074,0.17550859174402542,17,3.603534701056316,3.5816722386596824,1,1,1
2021,1,150,3.6722387905524094,3.3215135780296534,2.2064398396978078,2.416691147426969,1.0,-1.0,1.0,1.0,2.802641015638329,2.5814553823286404,2.6356901478719545,0.23661972499636097,4.966054684191525,0.6260936619509435,0.0,5,13.723813284305388,1.8573911551491167,1,1,2
2021,-1,371,10.552126670678822,3.1314424194994963,3.874802147767365,4.385795875570334,-1.0,-1.0,-1.0,-3.0,-4.181749664478454,0.508099010815742,0.9248689360627104,0.18767980520403393,4.175849927600697,0.8599186991869954,0.14008130081300457,12,20.55435103045678,6.045102524190009,1,1,1
2021,1,78,2.187872186471442,3.1399584660276543,5.570101967580563,16.424699869744682,1.0,1.0,1.0,3.0,3.3380815153675787,2.859647918094956,2.7148918955615007,0.2822910539862627,-0.0647861579762235,0.5444464317653152,0.3980057234841811,18,1.1165414353923284,5.573015171526376,0,0,2
2021,-1,154,6.87624363582153,4.528136580401564,2.7890061591956115,4.542721794484157,-1.0,-1.0,-1.0,-3.0,-3.4186013822434047,1.6690447742972203,1.9950720972092761,0.20729347392097167,5.238704998431843,0.9291265926109898,0.017603009546790584,7,9.726711428491448,2.561108597906279,1,1,1
2021,1,233,1.6027849793318794,4.570068403747966,3.3286841988142033,3.792105460046041,-1.0,1.0,1.0,1.0,2.459615473481725,0.9895205285183596,0.7753981427621203,0.2237372490553565,3.5330405107060545,0.8446750155247216,0.058554129579808704,3,3.470484780143394,6.170804821552113,1,1,3
2021,-1,97,5.160474297223897,3.4055897436811704,0.8069096747429239,3.200312294892351,1.0,-1.0,-1.0,-1.0,-3.023556172467445,1.1419044119960817,1.8298790188986729,0.20854479920418145,0.5020989750925395,0.5990606780392504,0.11234074713887043,11,5.111286769881111,4.554452730184238,0,0,1
2021,1,225,0.5793591834982332,3.1593563393049866,1.1921285776428756,3.1424262929694446,-1.0,1.0,1.0,1.0,2.111965559820156,0.9070992303800686,0.8068613852938701,0.17398657969468845,3.048026617848895,0.6473652694610813,0.0,6,0.05898115399015772,13.8760630730712,0,0,3
2021,-1,16,4.896092781585098,3.8013013777231026,3.8915823365263154,5.330000350395534,1.0,-1.0,-1.0,-1.0,-2.111965559820156,2.547913109030753,1.2193482070201846,0.17663070685783527,7.584144959428403,0.7418414720932374,0.11806567487886183,7,6.902601232423579,5.535648158045341,1,1,1
2021,1,151,2.96097456269807,3.179590161435762,2.681432117071528,3.874711803013541,-1.0,1.0,1.0,1.0,1.666344950881944,2.1383796156718895,0.9874465399705546,0.19072563278857055,-0.004782411077388471,0.4207593624465712,0.2552805494362775,19,10.313009397981581,0.7030526765160012,1,1,4
2021,-1,805,41.488628277427416,3.3178012489355284,5.787255124318776,7.257727999933894,-1.0,-1.0,-1.0,-3.0,-6.852950312097513,3.9344265739377486,1.942378168352219,0.22311772909535368,5.840060730369064,0.9371381730621244,0.01890465700088265,15,5.087106326712061,5.246838631626124,1,1,5
2021,1,83,2.8594293874780554,3.2562357463455585,2.1060721712919164,2.978964392495058,1.0,1.0,1.0,3.0,6.0240406533602275,0.9807695310028117,1.286271134598121,0.23677543790507258,0.4735873144330946,0.7255783872769312,0.040891319046369654,21,0.13050380631153952,8.979334959766897,0,0,2
2021,-1,61,5.412091003666,3.4054547382884692,2.4552372712383654,3.800412376282123,-1.0,-1.0,-1.0,-3.0,-6.08973709315571,0.70676390829768,1.1647224293763616,0.2369946156189343,4.582465036728691,0.7704206328787867,0.010676614355566364,3,2.3546101991603243,3.2526593518570954,1,1,1
2021,1,127,1.8005082649230506,3.669496140879491,5.806619688019792,10.089996925445961,1.0,1.0,1.0,3.0,5.635840509111909,4.36369757118518,3.8262495540442085,0.22863594969941844,5.131522393119888,0.7654146710360544,0.0873708091757079,13,11.638999855395554,32.472998420218566,1,1,2
2021,-1,74,1.361886215259382,3.0276838126533696,4.815437039675409,6.492069807143353,-1.0,-1.0,-1.0,-3.0,-6.975116610739687,2.446064754148756,2.557272941550215,0.27382303703624994,0.891614771456284,0.2639331300124239,0.41818592567490553,19,25.283386808892118,0.8248342494882828,1,1,4
2021,1,799,22.232754881635266,3.7245511556261244,5.719178530136557,6.115981116178936,-1.0,1.0,1.0,1.0,2.304428103941747,-0.5619528470104737,2.086311291192268,0.20014247220244483,1.1758778117035877,0.5659246575342353,0.3624279019466516,14,5.960585546943676,3.6030016682900086,1,1,5
2021,-1,298,0.5482020204579098,3.8966643145149726,1.890274049825887,5.426824235726158,-1.0,-1.0,-1.0,-3.0,-2.891045666614783,0.3638445443390465,1.0543260146276865,0.18697390532169494,1.7597595650556996,0.7557372516491017,0.14745032981788808,15,3.4162213037251434,7.057067654675266,1,1,1
2021,1,88,4.501948130270641,3.716939429198654,2.4837417816905027,5.18797565632215,1.0,1.0,1.0,3.0,2.6291013689104203,-0.5775891503887598,1.675558111691057,0.19738697061054766,0.05380766209041864,0.9464574842275487,0.02238847635532368,22,11.42422701833991,3.417158308474572,0,0,2
2021,-1,189,4.965780776886161,3.1207671635900467,2.7749976451682135,5.613961626478841,-1.0,-1.0,-1.0,-3.0,-3.8619533679475886,1.2129386370232977,1.2208216846587765,0.18016625931816074,2.058198445520679,0.7697661772702531,0.20772158781947328,14,15.446549967737713,1.319358917239277,1,1,1
2021,1,541,18.124337204798913,3.101825540975786,0.48747094142213426,9.19980838654088,-1.0,-1.0,1.0,-1.0,-1.283722537833977,0.48001285071950295,2.3665134419375,0.41701670706404614,-0.07313099149410936,0.3737007948078827,0.39778018153601463,11,0.7305344200796603,5.1744969279859925,0,0,4
2021,-1,261,6.8245625401970305,3.2306728107383913,0.7831259030251388,2.438195062561638,1.0,1.0,-1.0,1.0,1.1751093431382817,0.36773154731996094,1.4173105622272866,0.2808001335001563,1.5724915002789623,0.3736210449751542,0.3537398472542249,9,15.852310503656906,3.2058093711478195,1,1,4
2021,1,347,9.346225843691734,3.2593177253307495,1.5631620144085765,5.111825998444637,-1.0,-1.0,-1.0,-3.0,-3.136536304878649,0.23230995541964347,1.1107914967401609,0.3401045420506563,0.12236735681814596,0.6199965243584572,0.002085384927304568,14,3.0468774678450323,0.9152651242246337,1,1,1
2021,-1,301,3.0438242814405854,3.1871025618487088,3.895835102369921,5.88924878149894,1.0,1.0,1.0,3.0,1.7480647610551636,5.463869642884216,2.2688378344415576,0.20686697307653626,8.24194890966013,0.2168165917041415,0.2003998000999442,15,5.343128593687623,14.971725795727114,1,1,2
2021,1,39,2.1119623274259514,7.08117968224179,9.267828504923258,11.22151066597977,-1.0,-1.0,-1.0,-3.0,-2.551611348470404,3.936273616729331,2.10364752090524,0.2381507466280453,7.530206092811671,0.7747079037800705,0.02668384879724886,18,4.687560733581012,1.2622701439856951,1,1,0
2021,-1,354,1.766955571313476,4.222760268283506,4.072251667775781,4.787235177738973,-1.0,1.0,1.0,1.0,1.0961731247909585,1.4621769637229027,1.4050363233507273,0.2270234707825322,3.284672308116647,0.8934450844958947,0.05127085096507901,23,13.896290321952044,0.9586937504916515,1,1,3
2021,1,165,3.8358279932352253,6.2144644904213,10.259058497378563,12.527996265200835,-1.0,-1.0,-1.0,-3.0,-2.746362462944427,8.331497090723447,4.3395570123954075,0.32595383051277577,8.735589966529194,0.622810593003212,0.00519401872642051,13,1.9311248482824546,17.609493145730756,0,1,0
2021,-1,54,8.832825749646755,3.0530143313336575,0.39930547856014253,2.066381745368752,1.0,1.0,1.0,3.0,1.878677035029221,0.2450071017504264,1.485619181899747,0.32577931814141387,-0.0658684796294967,0.22537499999998545,0.3321875000000091,18,9.111011066277129,0.2590075112474119,1,1,4
2021,1,194,2.2535926586124573,3.0402382274328605,1.3191157011691077,9.667177213950442,-1.0,-1.0,-1.0,-3.0,-3.4573322340703823,1.2234450090513236,1.9589029580984436,0.3796306436639268,1.4257523100268752,0.8277748233685356,0.1310491529286634,10,1.9339865669601948,6.415774245345671,0,1,1
2021,-1,193,2.9606885010304045,4.633961860264531,4.043385779918175,5.6498922801840035,1.0,1.0,1.0,3.0,2.125484081761371,1.3706845148206683,2.5080559361844044,0.30594174022329235,5.7199478721713355,0.8107337975361462,0.011505088377081134,2,1.7376179917479142,5.978452468109922,0,1,2
2021,1,222,4.217249389447621,3.38544034282173,1.923453570923784,3.37501154073204,-1.0,-1.0,-1.0,-3.0,-2.569116548650797,0.7760481725224874,2.4475391630924648,0.28514994649871783,-0.4452572081201683,0.8007081132981323,0.13928228516562174,20,6.607028124374205,2.4607865047143984,0,0,1
2021,-1,362,7.010148082369918,3.7149036865260494,2.796435667473806,4.201497049367993,-1.0,1.0,1.0,1.0,0.7720383001285461,2.292198216558027,1.20410603984132,0.233817003223718,1.7020956736454282,0.8867119722383004,0.04829381145170839,3,28.23493437984016,1.18091678310668,1,1,3
2021,1,350,24.14157964919647,3.1757668451948398,4.5161967372732645,5.22161367688331,-1.0,-1.0,-1.0,-3.0,-4.18259244605737,1.5017642061219654,0.8773990547966728,0.2663123051567522,7.0813263868942355,0.8325197283905271,0.0,8,1.8059465107397783,5.003827539806692,0,0,5
2021,-1,151,4.49354715312852,3.080238780721718,4.890771722683995,5.0582160122101065,1.0,1.0,1.0,3.0,3.6690278720983738,3.7115727406544385,1.9571973291231188,0.2470826851055985,2.116059917159086,0.1284931658458374,0.5756183941120984,20,5.266647331291487,4.350501676114476,1,1,4
2021,1,169,3.011371709072599,3.0237660651458307,3.933053147082012,4.914192921826259,-1.0,-1.0,-1.0,-3.0,-3.91673105728048,3.4572781355409212,1.934495510101645,0.23604670481253723,2.35114389642591,0.3552437626248858,0.04280176884859192,10,0.2852455790890558,12.494435887948237,0,0,1
2021,-1,70,6.615789805691517,3.3725611953519947,1.650748977979885,3.878990753120771,1.0,1.0,1.0,3.0,4.035444930284441,0.4239706334116124,1.278622910331317,0.21993697459511916,0.8950927819243384,0.61338640410597,0.3707971090394996,16,6.5106610338428235,33.62167946951479,0,0,2
2021,1,35,4.623280558365031,3.421268571940352,2.12782588550827,11.327503315268567,-1.0,-1.0,-1.0,-3.0,-4.035444930284441,1.7162027132734303,1.3087203857621938,0.2525451601222041,1.5172592691816407,0.5583538083538,3.613238908092641e-05,19,25.4642713745753,1.7544901470493768,1,1,1
2021,-1,357,16.96007024439764,3.222123437303601,3.0919917734949967,5.063564828791817,-1.0,-1.0,1.0,-1.0,0.9776800365538266,3.0880308367201366,1.7964409957633012,0.2633322685931473,0.5888815870450573,0.8524934383201953,9.544261514709739e-05,1,8.55530298310545,2.4676038633890536,0,0,3
2021,1,124,1.526937148734547,3.0379656680662817,3.1901610694692057,4.532075063068702,1.0,1.0,-1.0,1.0,-2.016504493175626,2.297565249735949,1.1434452425096653,0.29736329612741147,2.8199710424276616,0.5544999999999951,3.333333334012423e-05,11,9.389078802678966,6.3991162890814755,1,1,2
2021,-1,64,3.315894902074609,3.177190161164844,3.562138853429549,4.344476407213538,-1.0,-1.0,1.0,-1.0,1.3732898180726318,0.360953812108177,2.6703186762496482,0.42607451933631185,-0.1773106677330144,0.36867219017046976,0.3377434607209516,17,0.8682664326422147,6.977036069951837,0,0,4
2021,1,22,4.970439495354414,3.116635706009745,3.028333631437968,4.150157904169253,1.0,1.0,-1.0,1.0,-1.3732898180726318,0.8011263197228204,1.805507810712571,0.4177112661270699,0.19418389889998192,0.782948939796998,0.14615563418475727,18,0.717520317484904,6.462656503011046,0,0,2
2021,-1,292,4.969425426785153,3.1438325795856987,3.2949973592893147,4.668578977444749,-1.0,-1.0,1.0,-1.0,0.16353341395428073,2.204980264300778,1.6652983585958363,0.33522847809837925,1.8043348985537424,0.7822924504640018,0.06178413176158365,19,5.092762545537151,3.3869386252798197,0,0,3
2021,1,466,1.8750403198434147,3.1146918291908916,4.118890595346777,4.540827193653173,-1.0,1.0,-1.0,-1.0,-1.541345970522621,3.4531661936561058,2.548318499320225,0.2334829967108675,6.39723474124227,0.4985986921126281,0.008919435917972379,10,4.4453042895728165,18.385870387733185,1,1,3
2021,-1,59,5.059655196531385,3.276924796030974,3.187933301694732,4.728454841995179,1.0,-1.0,1.0,1.0,1.337837696558428,2.268067892387557,1.2150756865938128,0.25643183291463256,1.49105057964464,0.29075320789457726,0.24195868577019794,14,39.411595252688215,0.6705058003673142,1,1,4
2021,1,885,32.70028684070092,3.0222563914499254,2.0023064500897125,2.8634442714416695,-1.0,-1.0,-1.0,-3.0,-5.941210752476479,1.1775852202868948,1.5824177273409472,0.44865525332929007,-0.3083735912706284,0.42926610308968455,0.2826363432333308,16,7.921687825260942,1.770988484805031,1,1,5
2021,-1,334,8.598670197326088,3.5620285566054894,3.6919648163348633,4.945142100332502,-1.0,1.0,1.0,1.0,4.253739151828092,1.0402642737014798,2.9703473281812083,0.31153313887814243,1.1313774030981765,0.41178479401446455,0.25674459035732183,20,2.20421518212813,3.146392874639267,0,0,4
2021,1,219,1.460271952947119,4.718038096267346,7.017805678926341,11.029892100681362,-1.0,-1.0,-1.0,-3.0,-5.370070491765423,-0.24702195109786784,2.586710276928421,0.34237887991944765,4.910324531389238,0.7338121752404833,0.02896536877024264,14,2.0513877421204327,4.6489200663676975,1,1,0
2021,-1,139,4.777900246609059,3.4793117952932686,3.1964508133011713,3.846624428916935,1.0,1.0,1.0,3.0,4.282027660310261,2.8375734124243412,3.3043184872858546,0.31168564446350117,7.742195265139251,0.5654442138742881,0.008009619300656287,2,6.175425764881439,3.304061759388126,1,1,2
2021,1,404,7.057741411464901,5.0005250407762905,3.553171321800929,5.703257137305736,-1.0,-1.0,-1.0,-3.0,-5.128435141324454,0.7215734841980788,1.557967854149862,0.3239946621128035,5.486889325391812,0.8442605331040466,0.13456577815992893,12,6.90521024825131,11.749992322688906,1,1,1
2021,-1,36,4.382993949157324,3.3723952874493537,8.268000543672882,10.104906586725201,1.0,1.0,1.0,3.0,5.128435141324454,2.1762178401509935,3.798455776963474,0.3905347548283927,1.9506003682424937,0.648160421124378,0.28823540550264337,15,3.7727043287225834,3.6427713551694687,0,0,2
2021,1,182,2.4231285493379886,3.206367632755073,1.3090802245733515,3.01665659031774,-1.0,-1.0,-1.0,-3.0,-5.131770825332068,1.8583553669710915,2.7184523362331356,0.3769773605742681,2.396263134755632,0.7367517497688967,0.013149206708550132,6,0.9441502430066702,5.449033514263136,0,0,1
2021,-1,515,6.113319914276318,3.690300363927447,3.5633242069869278,6.432003951002356,-1.0,1.0,1.0,1.0,3.484534203019258,1.3140196411815752,1.9410226307752294,0.2711638734093894,1.2236237385445194,0.8609666666666453,0.07303333333334497,1,9.283859690263416,0.17347418235670362,1,1,3
2021,1,419,10.588708146344038,4.26970669638814,4.266143044902366,4.302343756513827,-1.0,-1.0,-1.0,-3.0,-4.903334392122514,1.8646834737190905,2.754942867901301,0.3394223455521854,3.455550942856283,0.8867924528301676,0.05102361106268787,12,0.643055157791546,8.735699612192832,0,0,1
2021,-1,52,6.6855617360699835,3.1249329402853974,1.0566162895056286,4.993463182533822,1.0,1.0,1.0,3.0,5.4335589203563615,0.6655056453648522,2.887674711558736,0.36280182160450125,1.2474269584541735,0.25209964412812735,0.3108185053380659,16,1.2854395331454622,12.592722688521294,0,0,4
2021,1,51,3.317725097866242,4.396808652339949,4.403206644843981,6.385980180422653,-1.0,-1.0,-1.0,-3.0,-5.3959675819764295,0.31654732449921436,1.6464740725668991,0.36066380000684084,6.687804206395793,0.8924190090519265,0.01703191996189007,20,5.564114752341887,1.2616121318049005,1,1,1
2021,-1,195,0.7020803659855737,3.6028699783395663,4.664976638463501,5.488356838047483,1.0,1.0,1.0,3.0,4.270853461278755,2.615801033936808,1.794120060811834,0.27373214731005496,3.4119814366898567,0.6390772819560196,0.020216856019699275,12,8.186817503332072,14.545539033471288,1,1,2
2021,1,74,1.3432767504784264,4.466843707467837,6.286965755350737,8.023417623920256,-1.0,-1.0,-1.0,-3.0,-5.372212330945396,-1.4967971324351275,5.868368822735298,0.36075018060464864,8.282374132530121,0.36993198040936376,0.39009515274847484,19,6.099796764373615,3.647018421006107,1,1,4
2021,-1,240,0.9296586222579707,3.1962920693421992,2.9483459163038606,5.135572495606094,-1.0,1.0,1.0,1.0,3.2215116825057435,1.1285894841635633,1.3699393275144502,0.2844525353821609,4.006944240209762,0.7712558631168884,0.034022593644697445,15,5.886867651472272,3.0672548938983715,0,0,3
2021,1,524,9.595622929131029,3.133601835013755,1.5042897734001928,2.856519403651961,-1.0,-1.0,-1.0,-3.0,-5.029167681693094,0.5989700700223647,1.667390652408079,0.312097759637867,1.710833937966947,0.2299359408364199,0.23436279360449727,10,2.6607112570213376,2.7104652266601423,1,1,4
2021,-1,392,0.18211385796103602,3.708475723533045,2.999069852267316,3.8151283295790193,-1.0,1.0,1.0,1.0,4.045853749887523,1.721559402690076,1.1339224392059992,0.2728482145736204,1.9923894145313261,0.4864224227554471,0.00842100885764477,19,3.8463702759016742,6.749123876566334,0,1,3
2021,1,296,0.939844109722167,3.1097105471077002,1.8072648956158643,3.642013144198489,-1.0,-1.0,-1.0,-3.0,-4.341137616859749,0.6574778042707624,1.5705306883869172,0.2967379301284654,-0.05860785567625254,0.928240061072282,0.0,20,11.2908250387713,0.5889083822067438,1,1,1
2021,-1,487,19.569951076042972,3.0834243861683617,4.057878724055262,4.541717261198774,-1.0,-1.0,1.0,-1.0,2.1617783463218427,2.4164166129596216,1.6056267483233704,0.20662390453890328,0.9568387467467481,0.18969495001278244,0.733487140049554,12,2.4197894033378597,5.834605438560639,1,1,4
2021,1,299,0.9917108024822998,3.0684440394712045,0.5296765157000088,3.728509244499418,1.0,1.0,-1.0,1.0,-2.6225134731672752,0.5443267887175115,1.184051284407465,0.20029913795094698,0.26592121450963285,0.3442475603492369,0.566384180790987,13,26.51145574234848,3.507674252057323,0,0,4
2021,-1,306,18.377399325139297,3.30147785544759,6.1410675877839305,7.045969398090158,-1.0,-1.0,1.0,-1.0,0.30080785506521834,5.227854400644035,2.0217821156227807,0.20933625707249517,7.219608573354887,0.7108468098456847,0.007273038418764172,15,0.5612813885093637,12.557334345654725,0,0,0
2021,1,13,4.687558412940676,3.053299957434043,3.5078152897947255,6.731730348332833,1.0,1.0,-1.0,1.0,-0.34437617288141315,2.5010574515751633,1.4722119280246737,0.21651409253864964,2.0241055033924034,0.7912977605226934,0.13517352398088645,16,5.781815520506297,6.269275377036102,0,0,2
2021,-1,85,3.556718407774937,3.0275701666094808,1.0218396203119129,2.9772883601199704,-1.0,-1.0,1.0,-1.0,0.16322626081453998,-0.257139613244706,2.306176964244151,0.2517606650769979,-0.10634396530490875,0.7592358545595672,0.0024304880419988195,23,0.6760671945859192,4.453951105296231,0,0,3
2021,1,232,4.226143959051691,3.7307190336675458,3.340941007741576,9.354634821676413,1.0,1.0,-1.0,1.0,-0.5597631484058703,1.933236779950861,1.0529096907191786,0.18367577274032765,2.922108063472094,0.7405720070868109,0.0,18,0.04600116383567374,13.081580965770602,0,0,2
2021,-1,57,5.781395629671501,3.1832089320210275,2.301300921375363,4.190352170737159,-1.0,-1.0,1.0,-1.0,0.34604236289071455,-0.339861312688362,1.1981470701290104,0.17793172405325494,0.8119065664799705,0.697315819531648,0.13298523292814676,23,10.143277480453232,1.865468699316737,1,1,3
2021,1,220,2.3995938980339138,3.053104114709062,1.773486808260546,1.7962381168308714,-1.0,1.0,-1.0,-1.0,-1.0865575016047062,0.8302179506536532,0.6697149334269424,0.17804326954008665,-0.38224895296926825,0.774044893711856,0.14493830830978757,17,10.46727483268126,5.15283681310926,0,0,3
2021,-1,359,4.80010079790476,3.3299422987759995,1.7422295811633082,3.4455533139876664,-1.0,-1.0,1.0,-1.0,-0.011718995727438994,1.5569967008504708,1.749108236052264,0.21461482793259581,-0.5051366791592296,0.7915218376907738,0.0,23,20.414834566069736,0.8180321649587363,1,1,3
2021,1,722,32.10139308099643,3.8590272875989724,4.31733924066009,5.532051518886,-1.0,-1.0,-1.0,-3.0,-3.593053662868702,1.3410230047457186,1.2496770491069111,0.24043438595749092,7.065459942320023,0.8136482187383468,0.07133644779457868,11,4.446575151517888,3.041650073061364,1,1,5
2021,-1,131,2.7635249368734773,3.088916210873687,2.269838593786532,3.2388345360260615,1.0,1.0,1.0,3.0,2.966744243252553,1.658398309594898,1.3300217108331287,0.23991479319865208,0.33760048496796097,0.9135699641209776,0.0,22,2.228202396176769,5.27341529683644,1,1,2
2021,1,117,1.9324898630022005,4.5850222724391525,6.3809847781072895,7.88844931717312,-1.0,-1.0,-1.0,-3.0,-3.2494874002395755,0.41789000224056116,1.353884058314079,0.24290115277845895,6.933678847559839,0.9002407272496942,0.04673592854200824,8,7.169812463919824,0.5915345348353389,1,1,1
2021,-1,105,2.2340186698503985,3.9101761067857117,5.343762713920333,7.226709891358376,-1.0,1.0,1.0,1.0,2.4025194246124038,0.4815069925913734,1.877635918603077,0.23812924701088084,1.8915856559136945,0.6885280546652136,0.11271177485822834,17,14.618478433297128,0.5815675961814117,1,1,3
2022,1,147,4.221200788791786,5.094839967148986,5.711504287268209,7.233107963654046,-1.0,-1.0,-1.0,-3.0,-3.4198270547021856,1.9131524594827296,0.9926721112168974,0.24375264966361435,6.554631547527557,0.9574570076098115,0.008688357600808399,5,1.0311765794168783,6.461584517558438,0,0,0
2022,-1,281,3.0453545353743663,3.895553720460029,3.7276407710816635,4.920040688786516,-1.0,1.0,1.0,1.0,2.782993672511185,3.5449278876310766,2.5323042460089686,0.20288237974135123,7.226913233467569,0.6842174412875502,0.04017079980293324,4,2.0997702724084033,5.774079545145792,1,1,3
2022,1,141,5.322123513268203,4.044187996268989,3.2616286427408023,5.534440397569006,1.0,-1.0,-1.0,-1.0,-2.7365563621358615,0.22416879701408313,0.9706409261601399,0.17908449423595918,4.52983690180974,0.708803334968122,0.0,16,4.965914699640359,11.398799403081236,1,1,1
2022,-1,23,4.769421615976981,3.4244520536444116,4.621702363192286,7.526480953496636,-1.0,1.0,1.0,1.0,2.7365563621358615,1.7331738307132716,1.1188356580050807,0.2130092925447414,3.7491479178574845,0.5511034482758611,0.1378965517241309,18,3.3455360358171413,5.29338990666024,1,1,3
2022,1,201,3.6529960111114104,3.0987759720795776,1.8146588764360059,3.544599562587906,1.0,-1.0,-1.0,-1.0,-2.9289708079942454,1.596726765670392,1.2624583867483439,0.1776155113049177,-0.06711151497181393,0.7756332931243233,0.12424607961393887,11,3.0656800177938055,12.578866463850392,1,1,1
2022,-1,47,4.224988530313336,3.2853241604921326,4.275210477615385,5.243085265021391,-1.0,1.0,1.0,1.0,2.589891867697692,-0.17783608226596165,1.3333117262245737,0.19868022895102017,1.4111872486764698,0.8276235612728529,0.0,15,12.228130064087459,2.339460902803372,0,0,3
2022,1,237,1.4533533417413056,3.11488932475894,3.0046223060084287,4.406001954889528,-1.0,-1.0,-1.0,-3.0,-3.3064925368059535,1.2339296098751296,1.6314797502077416,0.21290224653032122,2.9026679514820466,0.44613793103449884,0.3646896551723957,10,8.06034568634409,12.837602665861874,0,0,4
2022,-1,92,2.2789514602994188,3.3550804990465477,2.6555700364077515,5.7888136213625305,-1.0,1.0,1.0,1.0,2.8477347671221156,3.534495901233787,2.0357327649913977,0.24032816426394857,3.374599681392916,0.6363243746054934,0.030430882694938474,18,7.512232452926279,1.5262537474373878,1,1,3
2022,1,177,3.890401934201641,3.9237511602784965,1.4080763989320286,5.224018720659035,-1.0,-1.0,-1.0,-3.0,-3.259101060234282,0.40078326236086553,1.3458852692239858,0.1897036612718816,3.6834085433869608,0.7207029825713093,0.09997812294902202,9,3.9541438751835933,9.305195207428053,1,1,1
2022,-1,37,5.738719112070229,4.109243587904334,1.9805334902200697,6.378745250033206,1.0,1.0,1.0,3.0,3.3554806853690433,0.863156926496534,1.4814908772414865,0.20690168904607353,3.905279573723752,0.513122678064939,0.009187872008959751,12,26.87742430890591,8.094787781304994,0,1,2
2022,1,976,30.534517386539314,3.118505276406743,5.340590606835046,6.989403592271463,-1.0,-1.0,-1.0,-3.0,-7.424105656554809,2.1129163015627306,3.171613625657896,0.35560264724718815,4.666439551177369,0.7308382888299632,0.01302979886997582,21,2.6180009867973104,3.784700599392975,1,1,5
2022,-1,211,4.87519033536444,3.6918806781469664,2.889336015465931,4.03955712552981,1.0,1.0,1.0,3.0,6.189567178831069,2.7204006839719295,1.9900450794719604,0.2493564087637128,6.193681721628034,0.45972287885949625,0.009928355820646578,15,9.706507259900503e-05,14.152281712196903,0,0,2
2022,1,20,6.4573224312157915,4.115101057679565,3.7963759818652116,5.5230109442915625,-1.0,-1.0,-1.0,-3.0,-6.385423570943619,2.389993691239048,1.6674091452780262,0.2500974006789549,1.5490880920779047,0.8817312194795174,0.08823332664393516,16,6.1299717284119115,5.008494226431339,0,0,1
2022,-1,96,3.480719264490056,3.0459608699122653,2.6980431817444073,3.470228850793569,-1.0,1.0,1.0,1.0,6.01641042908174,0.8347986244491954,1.5355441266110672,0.26323688241747367,-0.15177017610947163,0.6592659719075661,0.05404880574793614,0,0.6620819357305201,5.247578593942221,0,0,3
2022,1,305,1.7740922701465045,3.3287171043687667,1.5736897764392963,2.899795896051335,-1.0,-1.0,-1.0,-3.0,-5.69377770945785,0.8263547044209086,0.8850589326175154,0.35397784457755627,1.494924550221687,0.8594432186282238,4.694615277234483e-05,2,4.062210896389435,2.3024810286720467,1,1,1
2022,-1,145,4.974260301992141,4.421452555809578,3.0232171167821957,4.206592720422228,1.0,1.0,1.0,3.0,5.567579257495381,2.2592634954560973,1.568661595028148,0.2700790949540124,4.29136584940243,0.8449555238051378,0.057611651380374856,14,0.8879122237495763,15.79233858642981,0,0,2
2022,1,22,5.815046556026138,4.009896562811951,6.05694803568628,7.221508286972738,-1.0,-1.0,-1.0,-3.0,-5.59898572007449,4.342935343869722,3.1051427255166804,0.3135628884318719,5.033298533409781,0.7034774720290338,0.021892954339274347,16,5.713030837090691,0.7537117064668204,1,1,0
2022,-1,564,14.211626624702179,3.718134845600095,6.418761568834807,10.57619841575251,-1.0,1.0,1.0,1.0,3.3807645483267437,4.032952295905762,1.6633191451099685,0.22652554718981233,7.48369799035419,0.5931319830316094,0.01118778753659247,15,10.759466515682684,1.4465962021161114,1,1,0
2022,1,283,5.707990909720694,3.350831723940474,5.609274424883715,7.201824264340365,-1.0,-1.0,-1.0,-3.0,-4.848281167036533,4.4370747273469195,2.4518089407777026,0.26541119384868495,3.4796514669782352,0.7030500530921666,0.114056607227862,14,4.830345150845152,1.299913427110681,1,1,1
2022,-1,262,1.254305848222212,3.6537363987447473,3.7888473892153636,5.2710134258035515,1.0,1.0,1.0,3.0,3.6302548947193096,2.645004935598045,0.8408247790396709,0.17431293786656307,6.889654577531229,0.44663121309829795,0.08404170679619742,12,2.2752430955058744,14.778802229037161,1,1,2
2022,1,36,5.381096499753895,3.3522815170319156,1.048981989323855,3.4811570629344146,-1.0,-1.0,-1.0,-3.0,-3.6302548947193096,0.5479687018608432,0.9741058709559971,0.19406893207882095,1.0012348070045045,0.5484501696474952,0.007130944850180959,15,6.588903226897843,2.2451121791037294,1,1,1
2022,-1,134,3.6547602669717256,3.28008046691389,1.7272257078129298,2.292712004936885,-1.0,1.0,1.0,1.0,3.4823872151198647,1.3015268793577075,0.8797393291301704,0.1795849117416665,0.41433410632821177,0.7488493723849121,0.18901673640167346,2,1.0117998622093063,4.944500019479938,0,0,3
2022,1,140,3.8295684212000003,3.0368275444042414,2.17912389325613,8.81156041731542,-1.0,-1.0,-1.0,-3.0,-3.5556175030352026,0.5123279729718817,1.6607003001964786,0.19424929111249534,2.336893210751739,0.5773106039976018,0.17651544033547253,14,1.6933425389301067,7.024579006758893,0,0,1
2022,-1,62,5.141479406418268,3.1091484118591137,0.6651555738556281,2.8817310331196264,1.0,1.0,1.0,3.0,3.2512910777393684,0.11826561218657237,0.8481206269829005,0.19138168226137328,-0.38930043716107726,0.6276252916990466,0.2595843982664864,19,2.1603531051115454,4.949640440947953,0,0,2
2022,1,597,7.224345400128325,4.409113707048414,4.3909293046886235,6.980952305346499,-1.0,-1.0,-1.0,-3.0,-4.6163886741604,2.1113092258770925,1.3949889972424465,0.257053344902121,1.1918436028876875,0.7793508579156208,0.0645338517454311,21,4.0145586734464,6.391578182530129,1,1,1
2022,-1,76,4.3609363726638914,4.422704193602922,6.787228733925555,7.3294377658209156,1.0,1.0,1.0,3.0,3.80672550265398,5.092093753971638,2.225232081728572,0.23232653183175495,3.4817054543524177,0.829691683219613,0.0,3,5.309078405936293,5.437392938465261,0,0,2
2022,1,99,3.7749808368800832,4.033807544369174,2.9995596894405288,6.752889281037501,-1.0,-1.0,-1.0,-3.0,-4.028065342094989,0.5493092281895648,0.9242321349129972,0.24740244660278327,1.3638122827027477,0.6342703235840701,0.06942073517697686,12,3.3897611143875834,4.8652072586568975,0,0,1
2022,-1,403,1.4352890831107648,4.24633100428957,5.053567074696992,6.403467305130719,-1.0,1.0,1.0,1.0,2.7693586426583154,2.178483144910152,1.0604100519532278,0.23862533151707171,1.9563155398948302,0.9349787795129344,0.009477110717387978,21,38.897508497827765,0.06478804556263683,1,1,3
2022,1,712,42.984445961845346,3.3597448318698544,2.408210011915416,3.324587511933192,-1.0,-1.0,-1.0,-3.0,-9.075784485685855,-0.45517949850440054,1.3672989125971238,0.42352091326837793,-0.28726552653278814,0.960418159591959,0.03958184040804105,8,1.9633364866946614,5.2672919919017245,0,1,5
2022,-1,70,3.030181691831666,3.0247820041132165,3.3518675630555004,7.0643438429633845,1.0,1.0,1.0,3.0,8.87339432715718,0.6830721312781164,2.4299847090731928,0.37298831889431866,3.5609886069182703,0.650913257100058,0.11058232533543871,14,4.125592678706098,3.2923385050354668,0,0,2
2022,1,100,4.378547822566877,3.345380932119542,3.127136240184428,3.9071323543073264,-1.0,-1.0,-1.0,-3.0,-9.648943913860004,2.6116829496992255,3.2553685249927775,0.37126245869974017,1.1586018921104886,0.4048820560967064,0.25161366036848853,23,5.404640577657628,6.566391377111781,1,1,1
2022,-1,71,5.501067156084691,3.723239481368379,2.850379026335527,3.6901111381477945,1.0,1.0,1.0,3.0,8.79466409622805,1.2306491278867517,1.3842535315175117,0.34942968898341636,0.6936107187467822,0.7513546882502244,0.02414431716855788,5,17.52332592972619,4.769521389966052,0,0,2
2022,1,152,0.2678565628702091,3.756259966260057,4.381989541035534,6.620949014268146,-1.0,-1.0,-1.0,-3.0,-9.471113175900035,2.053591195748159,4.108576523578995,0.639063503582793,1.806820459591748,0.6588717302237597,0.07647862170396402,17,10.112362094531004,0.39943211016012126,1,1,1
2022,-1,605,10.400423280785283,3.2958601028414187,6.147587723306948,9.378654632425418,-1.0,1.0,1.0,1.0,5.1155821676840985,1.997679642136014,5.580463586212544,0.5194896857074148,0.6126777858668844,0.5376250000000027,0.46237499999999726,20,8.35018909575956,1.1758489932603897,1,1,4
2022,1,320,2.8934726947968072,3.8234968770451125,5.157375040212186,6.9164686634837125,-1.0,-1.0,-1.0,-3.0,-6.104002776686404,4.065528324127739,4.408122959159629,0.4182611087015893,2.38844775121529,0.9405759079558658,3.160855960437837e-05,22,3.63349625438433,2.11466749809696,1,1,1
2022,-1,136,3.051870709430334,3.0118432484985593,0.8625497851603943,3.435954081043781,1.0,1.0,1.0,3.0,5.333344966083481,0.006068231929905838,1.6482214436924418,0.3607512227102546,1.6363589053347862,0.5692922468484942,0.10134300074152901,10,1.827709705497905,7.389529445330913,0,0,2
2022,1,61,4.088907722258448,3.2331804254824497,3.3964075125558195,4.01888710400794,-1.0,-1.0,-1.0,-3.0,-5.658623862448633,2.405715689227159,1.6986605260120369,0.3634485210426089,3.0237571575849587,0.7855510204081597,0.003224489795921931,15,6.422261467576625,2.8397250734914814,0,0,1
2022,-1,300,3.4116222377262115,3.158639826108628,1.900436835166147,3.8046366924274757,-1.0,1.0,1.0,1.0,4.314117321407798,0.8143207495930804,1.7132766952710896,0.24175830321256486,1.1212282190402174,0.5359610552763955,0.33110866834169334,16,0.8400393441798035,15.247986883748311,0,0,4
2022,1,51,5.5825492815091,3.7453070764372485,1.9534982083669539,2.2048605440654514,1.0,-1.0,-1.0,-1.0,-3.990657236177339,-0.46418031369627794,0.6766615034697127,0.22374538985092124,0.7194235840355764,0.5296142517477723,0.14173675432057536,20,8.867197491326454,3.301703679483422,1,1,1
2022,-1,215,2.6981812134801806,3.2057330321156283,2.7858326597674554,3.2919186257922752,-1.0,1.0,1.0,1.0,3.619240638622913,2.5600322197449006,1.4968761391190655,0.1964439665323907,1.1454674197565293,0.65325936199732,0.001664355062348763,14,5.596881966389705,4.480607085826646,0,0,3
2022,1,105,1.9513220704189538,3.280815239308564,5.030637963208359,6.067841444430914,1.0,-1.0,-1.0,-1.0,-4.194486368194482,3.378565396703868,1.5435876701218607,0.2153880056445734,4.79500130926103,0.5591798973379324,0.06890891727349786,23,1.7380561683934033,18.00427304768612,0,1,1
2022,-1,17,4.965620800948144,3.0806617382735237,3.3675363308695263,5.739943261066319,-1.0,1.0,1.0,1.0,3.7718552071537568,0.422005882230333,1.2492591903673216,0.23099213590127088,0.6716238396961839,0.5662940190050362,0.1376746785913817,0,10.892719840438675,0.4621272607640516,1,1,3
2022,1,174,0.9297578815750712,4.457259131152889,2.2648741593315718,5.22085115805448,-1.0,-1.0,-1.0,-3.0,-4.329727031136409,2.7243707837121383,2.535124105630562,0.23200831959531262,4.460669822675674,0.659631376744644,0.008121383066664762,15,12.855635625647475,0.70576815163305,1,1,1
2022,-1,476,7.780710792672924,3.1928284623634546,2.354703493098655,3.1934185776826065,-1.0,-1.0,1.0,-1.0,2.7030763124312163,0.7851296452507706,1.404245031751783,0.23403842999239885,3.9142289836948536,0.47079599712213666,0.34933612401070324,6,5.520637867929498,5.378077531186633,0,0,4
2022,1,495,11.742537754113481,4.655387658541979,3.41164327804981,4.637599496382129,-1.0,-1.0,-1.0,-3.0,-4.605244323704145,0.7163750373025637,1.2541353130792565,0.2764037326168219,4.547323044825794,0.6596506595218482,0.0694816570486421,23,8.810856917666243,2.7055250953161574,0,0,1
2022,-1,757,45.86780567356466,3.510277152512996,6.577396712479738,13.439598534325107,-1.0,-1.0,1.0,-1.0,-1.0080407938847717,2.235118119148003,4.030870994576831,0.21207569873228516,1.3861622065637644,0.375,0.0,15,0.5366689048770302,5.8231778806895855,0,0,5
2022,1,97,4.484773609918555,4.07459075162516,3.1367946883453097,5.495757801098489,1.0,1.0,-1.0,1.0,1.1944188035493468,0.8739059958354493,1.4593355983108813,0.19395672362539118,5.293485051381049,0.643247654018771,0.06060791513667749,23,14.606426947098772,3.630413840713998,0,0,2
2022,-1,409,13.748692237839217,3.2295978476654463,3.774521442350145,6.966741348187058,-1.0,-1.0,-1.0,-3.0,-4.439887102830962,2.043956084107852,2.6224783727254963,0.3253494438429403,2.5183338257985217,0.924095351294248,0.015022451135749055,9,5.335224979167674,4.031253224436908,0,0,1
2022,1,137,1.7248479604273346,3.0838120627008423,5.166085761388569,7.462374037781957,1.0,1.0,1.0,3.0,2.245129142246889,3.6946788157334027,3.207798531385183,0.373476275807106,1.371485246374347,0.5614994610563109,0.049502974170631785,20,2.387988899986274,5.558506014574047,1,1,2
2022,-1,69,4.337833608896646,3.091902034226803,4.0283334010543,5.611192473982329,-1.0,-1.0,-1.0,-3.0,-3.3424245527752823,2.3438961293406377,1.7271009696764912,0.34421882140061416,0.16184895068958832,0.358019169329066,0.3863897763578349,2,1.4151264651660713,4.253698932843243,0,0,4
2022,1,124,5.172646030265096,4.965331415858522,3.459016064272849,5.029931118964316,1.0,1.0,1.0,3.0,2.884039178956061,2.6852143803125017,2.0870742567057374,0.3008868744319149,5.344885442863888,0.9151576341844618,0.019280875455984604,12,4.174092092752478,5.029931118964316,0,0,2
2022,-1,171,1.7364350333989913,3.102729979039243,4.425954817061127,4.9015542229309075,-1.0,-1.0,-1.0,-3.0,-3.52797434046268,1.49725535652059,1.615378071275577,0.26649352049133274,4.465521548735839,0.928168081012029,0.039591154295074656,2,2.0755610697401914,8.373395595988764,1,1,1
2022,1,77,4.5894583326257035,3.020866139998567,1.266123270152143,2.477813383135868,1.0,1.0,1.0,3.0,3.158676015471702,1.4604937866045218,1.294088516960002,0.22464644966172126,3.073856220721786,0.439866422087408,0.0,9,15.303349857955386,11.918651955943231,1,1,2
2022,-1,52,2.8932766236186445,3.879332443041316,9.417858503333642,9.98874103096297,-1.0,-1.0,-1.0,-3.0,-3.9407728091602157,8.111913037260875,7.707029175138181,0.29505315757946926,3.043500656398118,0.5025715955581668,0.03272939801284975,13,4.9629773957426835,16.021561883351982,1,1,0
2022,1,16,3.717492647301993,6.167445516630082,9.399499068188316,12.846395969027729,1.0,1.0,1.0,3.0,3.9407728091602157,4.068741137894888,5.451724207197021,0.3511893822679544,4.868958422241611,0.5956303909922007,0.1645945088432565,15,4.23864001085942,10.11686459124679,0,0,0
2022,-1,67,6.15945843044124,3.3079424541329145,3.1305294702879367,4.443269221887601,-1.0,-1.0,-1.0,-3.0,-3.273913080241327,2.0637001215528548,3.3475006365512665,0.4317638462372372,-0.01937236374626438,0.4062670299727679,0.22419618528610036,20,7.238100483546905,1.3029856808290903,1,1,4
2022,1,531,11.369952976859334,3.1339677973858704,3.223778482284487,6.0491934039331685,-1.0,1.0,1.0,1.0,0.6907408699783841,1.321636689882403,2.98273092396158,0.2794569275865565,0.8097822352188266,0.5732555627565433,0.25616763879888366,16,2.3159385967295054,9.75060594082936,1,1,3
2022,-1,56,2.586205439090036,4.215420999774915,5.178662497101805,6.626983983589906,1.0,-1.0,-1.0,-1.0,-1.2528763218903003,1.8232923763738562,1.5964686480585182,0.26661570233884085,3.942069967851428,0.7490073483174268,0.007653748719887185,21,4.0827537001174345,4.4181084008489035,1,1,1
2022,1,157,5.852131868097966,3.0827839385134634,4.088452521312435,4.353713433615733,-1.0,1.0,1.0,1.0,0.9541670994851953,3.494451226128114,1.5470761724608728,0.180624405715782,7.838110015830236,0.5975915431560999,0.021687009590213573,10,2.592896146697939,8.975810026663366,0,0,3
2022,-1,96,3.8889308267955878,4.377862875199915,4.202528464904134,4.541963896017636,1.0,-1.0,-1.0,-1.0,-1.1208667118814073,1.0483411678066066,0.8208476266074525,0.20832494818499386,3.134630721624364,0.649180790960466,0.011864406779652795,18,5.267022671403744,5.6054291638577975,0,1,1
2022,1,162,3.441719090903551,3.4177191668633538,2.382063684804501,3.2421332943772283,-1.0,1.0,1.0,1.0,0.821958936200945,1.237288292771487,1.4008183458216215,0.21291051020116383,0.825080108191222,0.7135325131810486,0.18227466733617212,8,5.145346214722945,5.276113144151648,0,0,3
2022,-1,132,2.3437073408682396,3.2028795598713793,4.426751179630521,6.132998048645659,1.0,-1.0,-1.0,-1.0,-1.1168066377941723,2.2239158872433595,1.4274177497886447,0.2524357467286659,2.040394553730354,0.6304500394771523,0.1808053338012132,19,1.9554007991858953,15.937266522356166,0,1,1
2022,1,38,5.345400443915637,3.5878800324635445,4.3262268444885805,5.503863978821158,-1.0,1.0,1.0,1.0,0.5892163412344943,2.638037485603337,2.989852644387118,0.25831391635688206,0.24116093752994677,0.6828217555196817,0.1768309100699866,22,9.958167818894513,2.4755505407229372,0,0,3
2022,-1,360,14.780691597348785,3.009088510390372,2.786161250783091,4.481213629011488,-1.0,-1.0,-1.0,-3.0,-2.527809760697207,0.430003380564411,0.4991093669427919,0.19376340804783299,5.968951940780599,0.6319859402460304,0.00949033391917176,4,0.8540138634915424,6.613889133421212,0,0,1
2022,1,49,6.273687510820418,3.314792257012324,2.14344622020108,4.190099860048566,1.0,1.0,1.0,3.0,2.7326947364089755,1.201867903543511,1.1611466377519983,0.17731371763585493,0.7261636078081976,0.5462555066078985,0.0,8,0.2266984118810841,12.791903645692265,0,0,2
2022,-1,65,5.349874580957019,4.797349790832938,4.223457149859663,6.0481074162161,-1.0,-1.0,-1.0,-3.0,-2.7128938024671965,1.061265053942954,2.543053312130243,0.18833427564936334,6.609344095243732,0.5114179500796582,0.2668613913967084,13,4.525132660563963,8.845904491295968,1,1,1
2022,1,67,4.893232749510702,3.5945052842854333,4.01496020472674,6.179806332063502,1.0,1.0,1.0,3.0,2.0336527278853844,1.1753060407450173,1.9774234172706968,0.2128212284658978,1.1848152935359624,0.5059190031152466,0.30218068535825543,19,1.9755815837877193,4.053238427017551,0,1,2
2022,-1,103,5.498029418431923,4.464597583736979,4.504929863793736,5.268944859330607,-1.0,-1.0,-1.0,-3.0,-2.300725627176553,2.6781496892912457,1.6273208409745905,0.19134059959129013,4.9876996453072575,0.8404875463698721,0.06094329623741247,3,8.207464072934181,5.345706177563533,1,1,1
2022,1,1092,58.30202606550305,3.381942023410361,5.978465678817641,7.498252062286167,-1.0,-1.0,-1.0,-3.0,-3.748710594218779,4.874866597937478,3.178200895491539,0.2150573210361671,2.024694540493454,0.5533290239172602,0.19069166127990017,22,8.562581958595366,7.414352183072607,0,1,5
2022,-1,13,4.639738815135271,3.2348559130978813,5.437448295632212,8.011825013644078,1.0,1.0,1.0,3.0,3.7202495730048173,1.5603683383794986,1.8151625018268245,0.2410748486878861,2.2336689273209793,0.6344916344916447,0.2153582153582042,0,0.46668717906623775,14.000615371987132,0,0,2
2022,1,13,4.1026186949736125,3.787419481078573,5.267534706975525,7.181615728441198,-1.0,-1.0,-1.0,-3.0,-3.7202495730048173,3.1488236802274674,3.1591957499066274,0.2530024069795225,2.7587897465715576,0.8768556005398117,0.0,1,6.368410833500935,1.0663149184904348,1,1,1
2022,-1,112,2.682841377161597,3.6342202734506888,3.7483520070172998,5.721559068072205,1.0,1.0,1.0,3.0,2.595840806256457,3.8267377634811512,1.4360843581960634,0.244853630410057,2.3858963118365413,0.6171328671329102,0.019230769230743544,10,14.706376834539416,7.840929615131129,1,1,2
2022,1,56,1.612577396502109,4.164488110751286,3.6461556209666157,10.456341934303367,-1.0,-1.0,-1.0,-3.0,-4.514845711893855,1.9171615753705915,2.3967107850242133,0.3724342748461213,1.5792596378979131,0.7271414821944132,0.14196342637151158,15,1.4037939516398183,16.026876543770324,0,0,1
2022,-1,36,5.700376081887238,4.1998863979186885,4.725242908631868,5.847528975235683,1.0,1.0,1.0,3.0,2.9781400800504,3.067522079905059,4.38308744728894,0.4031837408412922,2.464396801344524,0.7398612593383158,0.08084311632871578,18,7.597667386792564,3.916883014504682,1,1,2
2022,1,201,2.0193563072555487,3.297686019804711,2.7556605546648547,4.624145413677209,-1.0,-1.0,-1.0,-3.0,-5.048357690948179,2.205663054058133,3.051367912694054,0.4105383588414536,2.0929365611937407,0.7108585858585745,0.03703703703704838,10,3.472622308709597,3.3488303511767072,0,0,1
2022,-1,372,5.6846443525657575,3.065609356515338,5.369642376716867,5.982298393512812,-1.0,1.0,1.0,1.0,2.80034771831338,1.8902076896758386,2.2604904090084394,0.28735064210244604,5.833432311169633,0.7375449409347612,0.10118130457113844,17,13.830869362779708,0.26752341717017714,1,1,3
2022,1,300,8.702558759202917,3.658763978462101,3.512595103626798,4.10074345745239,-1.0,-1.0,-1.0,-3.0,-5.253953598526446,2.8508064400458446,3.8983766515238703,0.537047739248511,4.251960573902147,0.40473790322579983,0.07081653225807867,18,19.39972972787322,1.8657797129151326,1,1,1
2022,-1,456,18.543352995166508,3.528464526294568,4.998436108633368,7.150232910364134,-1.0,1.0,1.0,1.0,1.3908194061652221,4.113765579618381,2.7882278260641873,0.314938295653089,2.2217656746607766,0.7045850261172637,0.05977945443990653,8,1.1788532230603017,5.7777754001485055,0,0,3
2022,1,148,6.011714915031519,3.4152978328099097,1.5422417304361362,2.790490578756275,1.0,-1.0,-1.0,-1.0,-1.3131759931374825,-0.21357586925225033,0.9617782269761791,0.25932855237293234,1.8233580626787043,0.6806327490380337,0.0,21,2.146831743824444,12.875130139714916,1,1,1
2022,-1,40,5.072243597382443,3.0191268386203403,1.938478776560149,3.9808547738822493,-1.0,1.0,1.0,1.0,1.4487597742657223,3.1443748530015356,1.8679599257575592,0.27521877735961076,3.575564273078752,0.509795570698479,0.014480408858609085,0,6.146784222921335,0.6392955115357803,1,1,3
2022,1,119,2.360810218792277,3.24883541900579,1.0555856083114612,3.337845623834867,1.0,-1.0,-1.0,-1.0,-1.7689489393380455,0.5847932212109047,0.8439559697467618,0.2373688979122386,2.346311066266999,0.8007042253521435,0.0007042253521024282,10,7.712984342890987,7.01356472474386,1,1,1
2022,-1,106,2.521882803931412,3.1612301255641366,2.643143476749865,4.206812572395305,-1.0,1.0,1.0,1.0,1.1429406457033988,0.748710458869107,1.5110017524482144,0.30511711240725936,1.1251923453280068,0.9041278295605613,0.003106968486481831,19,14.546192877820868,0.5291374813897881,1,1,3
2022,1,228,2.6357104841132752,4.183942574794795,5.596410799782136,6.280750621295518,-1.0,-1.0,-1.0,-3.0,-2.072591982169344,3.820633914177539,3.095157490570273,0.36033645560594124,7.270029538867573,0.783831565413052,0.0,14,22.746424862353084,0.6535588462779783,1,1,0
2022,-1,568,33.51522618164205,3.3499791308558122,2.885928091027162,4.250988922021294,-1.0,-1.0,-1.0,-3.0,-3.5205527043681095,1.0299727350739263,3.0385558504014814,0.3276409416241828,1.2832698473843067,0.4400630914826627,0.20504731861198267,13,1.1720573715990747,13.068088777948963,0,0,5
2022,1,13,2.7999499627798246,5.611159094688735,7.470030439341425,9.648352166824912,1.0,1.0,1.0,3.0,3.5205527043681095,2.164158468030429,2.251267571554847,0.34046562651288637,8.035494616959703,0.8802046754289145,0.036018862245411155,14,3.6563281012787496,9.051641519019377,1,1,0
2022,-1,155,8.092352612007595,3.07550563909745,1.750077607419823,2.745326915832058,-1.0,-1.0,-1.0,-3.0,-3.17911469106385,-0.5058404323957106,0.719241876061082,0.29453571659698197,4.004730600409605,0.7098883138109495,0.15064015254699845,3,4.973124191289674,1.5994241826954385,1,1,1
2022,1,124,2.263313697847449,3.342115419293639,2.3666115029810806,4.107557438282686,1.0,1.0,1.0,3.0,2.606594501463444,1.0453289154489112,1.5212039515222073,0.2708172469692735,2.9717129359326813,0.8293279022403199,0.04480651731160896,13,0.9397580808502145,17.94778368708638,0,0,2
2022,-1,16,5.997233134893544,3.8566201572608585,2.4808783454103307,6.738100338967079,-1.0,-1.0,-1.0,-3.0,-2.606594501463444,3.369051133133461,2.96914260330394,0.29386472608169295,4.354381834337605,0.46952595936792424,0.0003762227238744156,15,9.895869082981921,0.8182712403199868,1,1,1
2022,1,692,47.10294613668189,3.635534891275104,2.3315153001115383,3.947469279350825,-1.0,-1.0,1.0,-1.0,-1.409551875425128,0.2872813781739319,0.6431293633721668,0.1911563081692965,2.079921798520363,0.6083052749719597,0.02413019079683336,0,0.4924434920394557,11.334121659942085,0,0,5
2022,-1,37,4.548079036519879,6.173138367766177,6.082690643705208,8.26380385357162,1.0,1.0,-1.0,1.0,1.4987530958563953,0.13138385786066695,0.987372961205258,0.19361767711205,8.724213719087157,0.6778378378378326,0.07027027027027027,4,11.281253838980218,9.824965834583685,0,0,0
2022,1,12,6.377769758063793,3.172274846354883,7.197140140929082,10.130938013974639,-1.0,-1.0,1.0,-1.0,-1.4987530958563953,-0.1779584971937302,1.693535713111529,0.21224990701570223,0.7528753404121472,0.7567800258286729,0.12268618166164288,5,0.12486776516813419,18.57437737296276,0,0,3
2022,-1,48,5.738017891744123,3.6245253789507146,1.7407470008661476,3.746546014209917,1.0,1.0,-1.0,1.0,1.3950113633061454,0.2367324739740827,1.1337284247410695,0.2144545269665325,0.5730757687966601,0.5391246684349739,0.33554376657828144,9,11.938085913347845,3.3919494029223927,1,1,4
2022,1,328,4.692138080947702,3.330809482160919,3.3396723161288713,4.35843569250022,-1.0,-1.0,1.0,-1.0,-2.3309089350990075,1.4190093472353689,1.7038710844967049,0.29293232418532866,4.913803019961316,0.8066852367687779,0.02172701949861535,12,7.775795337156631,13.55290758583424,1,1,3
2022,-1,69,3.0215883186973214,3.144822624714808,3.956570364482887,6.038900804868143,1.0,1.0,-1.0,1.0,1.536130619435951,4.578072609487394,3.975229154990241,0.36789483109165566,1.4986025110429122,0.4309623430962343,0.33514644351463824,18,7.185536560713486,2.756486702056865,1,1,4
2022,1,103,1.5377988173526962,3.072652006291588,2.855646554866512,3.8395403993291044,-1.0,-1.0,-1.0,-3.0,-2.5703778787755045,0.34389753629705944,1.4338973235094186,0.41656005519897693,2.70577708662769,0.6718365802912925,0.07679213164365192,2,2.239783531317511,4.620831418137223,0,0,1
2022,-1,564,21.49930435145384,3.2063663065547447,3.514966909085892,4.907598568419288,-1.0,-1.0,1.0,-1.0,-1.4959219187069597,4.1874861129086325,3.491474295571338,0.30059744855978493,2.459686183610663,0.4722222222222222,0.18055555555555555,1,21.69882639161255,0.2815835244175001,1,1,5
2022,1,406,16.35518645248627,3.3738971777534075,4.3823906556427366,5.328501300521043,-1.0,-1.0,-1.0,-3.0,-1.2711903676799499,2.6552456612599262,4.458412253519509,0.3296193425404607,5.229609939728533,0.6686170212765996,0.12739361702128046,11,5.908003677643866,7.479730947161517,1,1,5
2022,-1,55,2.9640788098418973,3.1251656044303147,3.0107572162960463,3.40690948159816,1.0,1.0,1.0,3.0,1.2849847747499246,1.9122411050094361,2.8736144049391457,0.42087351965342185,2.6967687009273664,0.718654434250767,0.03599153140436529,16,2.4463170119353963,2.9591652933729713,1,1,2
2022,1,722,0.30834227585947244,3.041522504484328,6.672359044278427,8.049411453133787,-1.0,-1.0,-1.0,-3.0,-2.125132516632579,6.915179678455562,3.052159818317261,0.24620382409548938,2.4723873316916776,0.26879767526334625,0.03196512895024634,4,5.872137423595595,3.666546246274346,0,0,0
2022,-1,323,0.5942766430741736,6.153065245657636,5.301748928099711,7.315421469880631,-1.0,1.0,1.0,1.0,1.4043596781706473,1.1131364870578175,1.0595127244808769,0.2741952155364518,6.328029235372321,0.7196137196137287,0.015151515151512765,7,0.7087440542601355,9.203179859356945,0,0,3
2022,1,90,7.163024220476962,3.0931525880152857,2.587264646980959,6.043711146251149,-1.0,-1.0,-1.0,-3.0,-1.5007839278305994,1.9181153626156748,3.1260333927271127,0.26507482862737164,0.2947175555701068,0.8499515972894525,0.02226524685385136,14,8.102706378562944,1.4756776336644117,1,1,1
2022,-1,334,3.521610295933125,3.2934889597855332,2.171903899572299,6.542304225223332,-1.0,-1.0,1.0,-1.0,-0.6079837704480884,1.0163677736195793,2.314861255293646,0.4665033605143482,2.045711171789131,0.4623235613463658,0.04125950054288816,18,0.41191280853957735,10.718416295990114,0,0,3
2022,1,11,5.23945699794156,3.6571510311045583,4.647797431294393,7.97375838949632,1.0,1.0,-1.0,1.0,0.6079837704480884,2.650804183642788,2.4472163074833246,0.4757634736679597,1.601703149003688,0.7096925604318294,0.09903778455760909,19,3.373334918281581,1.743052770322573,1,1,2
2022,-1,354,1.7806683703823136,5.441874109701188,5.852292569805606,6.707397704503557,-1.0,-1.0,1.0,-1.0,-0.8574849754409007,1.5791645720785152,1.1430200787847713,0.23238020274084756,8.794768084580552,0.6699352814277262,0.0555010786428767,0,0.8209436311894491,6.297459662401145,0,0,0
2022,1,180,5.037674360570113,3.1725502721714807,3.3159242076167663,4.082435145275682,1.0,1.0,-1.0,1.0,0.29944896243707936,0.988516489075295,3.02813686062476,0.23188325419919767,-0.19534401433583182,0.8806774441878314,0.0,15,14.978066547982186,0.29521741753026853,1,1,2
2022,-1,498,12.400302765912652,3.321379978529278,2.7597200517452447,3.9087429915152083,-1.0,-1.0,1.0,-1.0,-1.7551496008217529,1.624335532523109,0.73376943871292,0.162726476083569,5.832656167811404,0.5398648648648747,0.04797297297296314,9,8.141985401193944,2.5074955039908886,0,1,3
2022,1,487,5.708732488894305,7.394137489480118,7.8207747362930276,8.457052448048836,-1.0,1.0,-1.0,-1.0,0.7134758064575142,0.8928081784019329,0.8238731757237082,0.21562007193959212,9.20303116994878,0.8018205461638472,0.03901170351105332,2,19.455884446200606,4.9480863587848685,0,0,0
2022,-1,276,6.2711221237627335,4.015153365513644,2.5163281588744852,4.150779769094885,-1.0,-1.0,1.0,-1.0,-2.140582008285366,0.6406417417574215,1.4620796579583,0.23533167965041685,6.946445798781368,0.6870049239991489,0.0,1,3.3759810144353697,4.571009602130514,1,1,3
2022,1,172,3.250871205655008,3.0159292219396625,2.0889744614199444,4.216577161055956,1.0,1.0,-1.0,1.0,1.736592415961023,1.3276001151867598,1.6071006974392166,0.23150603899080685,1.1516799734896659,0.6825095057034372,0.0,15,2.662298839152732,4.756355963495839,1,1,2
2022,-1,1542,40.5294463494534,3.2826893197103284,0.8844079745835842,5.640807767373513,-1.0,-1.0,-1.0,-3.0,-7.751019504737023,0.3830640240377922,0.9920602369601798,0.24565891419263092,3.3917927971988155,0.524300441826215,0.06686303387333457,23,0.329162615417989,6.569392829815815,0,0,5
2022,1,142,7.136987049845201,4.488242768993366,1.9254375747162373,4.356064216065855,1.0,1.0,1.0,3.0,6.824545491103641,-0.48039714514672716,0.87053916777067,0.17535691077992474,7.185203775403198,0.8424678985280224,0.038521766363929844,11,2.83811404886996,8.9337443906076,1,1,2
2022,-1,53,5.278235747951291,3.659021264185867,5.961123282040285,7.669352305922688,-1.0,-1.0,-1.0,-3.0,-6.811746885910545,0.5679057444830519,1.9199346122931513,0.20957304823786455,0.9660293149033243,0.5770292655991212,0.29707344008832726,16,3.270990880739987,6.517737233642406,0,0,1
2022,1,307,2.173892236011707,3.1155352895443125,2.7285940772254587,4.2175305983781,1.0,1.0,1.0,3.0,6.147176609756875,2.4368055481900845,1.1625939585755727,0.18732996439182734,4.322996475490856,0.5448780487804736,0.1629268292682998,17,1.6674741583044468,8.086968948221264,0,1,2
2022,-1,20,4.9408723580968665,3.0415374745465282,3.4260219180931406,6.144552964484295,-1.0,-1.0,-1.0,-3.0,-6.147176609756875,0.4378869611831348,1.3812604063926315,0.20242614174002066,1.7494215970462255,0.43947963800904416,0.0,19,1.8134052803653393,4.376351409948307,0,1,1
2022,1,206,4.647124525856439,3.607900015925133,3.8163885555084875,5.134323064857588,1.0,1.0,1.0,3.0,5.958294587127698,1.994202884902666,0.9856422884831888,0.13510777867585375,4.90741651178552,0.512470588235301,0.15623529411763337,12,3.4431819823634067,30.131355796682197,1,1,2
2022,-1,17,5.698770524832219,3.5333538999315697,3.197672667646814,9.384045559802162,-1.0,-1.0,-1.0,-3.0,-5.958294587127698,0.16257397768953172,1.419081975125079,0.16221285207555897,1.2670539871097284,0.524059492563429,0.4286964129483705,13,18.87454877931635,0.09200044666472709,1,1,4
2022,1,291,12.377648800148679,3.5259934279832783,1.4844845882806883,3.741553285044202,-1.0,-1.0,1.0,-1.0,3.0115352423042494,1.971832611258005,1.6627950113095764,0.2418241631310671,1.9874644662332526,0.6407608695652253,0.003804347826071139,14,9.450343010445751,1.3450028148851754,1,1,3
2022,-1,305,7.243416917018759,3.0488234240760104,2.951841868048269,4.692387785742125,-1.0,-1.0,-1.0,-3.0,-4.624649866371511,0.9198320923810949,1.3338914409879399,0.19537859570793906,2.87492127591564,0.4243338360985462,0.177476118652566,15,6.935610450658102,3.018274918341929,0,0,1
2022,1,174,0.7015820361100407,4.57761688975506,2.4400357229686938,3.8363102825592335,-1.0,1.0,1.0,1.0,3.7059429047097017,1.4825695287600162,1.544087799978456,0.1871506892885884,4.246275520063828,0.8258539852645671,0.0,6,1.506506761663545,5.3462618005375075,0,0,3
2022,-1,220,3.2601872035310353,4.155381168648916,3.7813157265893196,5.01339965739368,-1.0,-1.0,-1.0,-3.0,-4.113521209281289,3.562008644700388,2.4397629479496534,0.242942050087945,4.299207433423058,0.4616628175519664,0.015011547344110854,0,2.1051085184019356,2.8465078604848255,1,1,1
2022,1,242,1.796734989564126,3.403751707012959,4.399453934980495,5.428157125225651,-1.0,1.0,1.0,1.0,3.3353595866989534,1.0008451258114937,1.654206868642139,0.21651921367834212,-0.11862805344127757,0.7462090981644314,0.12450119712688817,20,6.511791068347975,0.9338227989118645,1,1,3
2022,-1,210,2.1151431165302848,4.548376240625148,3.9079366558023305,7.47254893308645,-1.0,-1.0,-1.0,-3.0,-4.211129151951612,2.3829390452620833,2.176637851601622,0.1963521117997258,6.511789020669722,0.7077539476785142,0.00023568230027296743,14,7.858926851033008,0.5089149147810219,1,1,1
2022,1,791,32.85070973422685,3.2734354358055877,4.802462207529334,5.401396281466042,-1.0,-1.0,1.0,-1.0,0.22665698626883798,3.265678036245464,1.5569633786958197,0.16625707295721318,5.849227388456353,0.24345847554035793,0.4345847554038691,8,2.512500966124502,14.522777590961153,0,0,5
2022,-1,42,5.510189258886151,3.2832480729096916,0.9982032994485265,3.7265364463327084,1.0,1.0,-1.0,1.0,-0.22665698626883798,1.2610090732549988,1.0185989124525183,0.17252714870539,0.3049672536069654,0.5550049554013795,0.3716551040634238,11,13.63765151203703,8.544941381070242,1,1,4
2022,1,40,0.18167530092762937,3.0039985852466486,3.224736591465703,9.120925903390132,-1.0,-1.0,1.0,-1.0,-0.36066235858975154,-0.19524247076742782,2.6253523124635314,0.2214838032633802,4.960327762877693,0.9068041237113312,0.016082474226810126,14,2.233780404587643,15.871814926496919,1,1,3
2022,-1,28,4.370055919118007,4.086051412756828,4.794732199659272,6.225323725353499,1.0,1.0,-1.0,1.0,-0.09028511584673886,2.432822860214407,1.4328487927910742,0.23727215210052024,2.400700097069268,0.7402467489163018,0.0230076692230791,17,9.755812251143457,2.5343584483913295,1,1,2
2022,1,365,7.44538141289495,4.525246608974205,4.572740138004449,5.123081419466103,-1.0,-1.0,1.0,-1.0,-1.3210257783377721,2.7997216946337353,1.2217107024624838,0.13344132067134576,1.7548708940849456,0.619820828667402,0.2178051511758218,23,2.299515163304588,3.540412065453789,0,0,3
2022,-1,125,5.080956987020174,3.2149893720644807,2.091298496713479,3.8399666702890496,1.0,1.0,-1.0,1.0,1.151043679218298,0.6552247875075634,0.5627246004469288,0.11272219161939594,4.260137469152256,0.3912375096079535,0.279016141429695,10,0.6100491119285075,18.28475968355302,0,0,4
2022,1,25,4.4234115843468995,4.227864176787718,6.367186181982568,6.44664866553374,-1.0,-1.0,1.0,-1.0,-1.071452664966237,-0.09605247685521308,0.7606496084319115,0.11464529342564593,7.061546792328906,0.6514999999999782,0.14900000000001457,12,12.006985014535505,6.316248692526707,0,0,3
2022,-1,121,2.181644566705883,3.859041742413907,7.332140123248326,8.807054759894507,-1.0,1.0,-1.0,-1.0,0.31397385667576805,3.5234705830509503,1.9078998286837956,0.160479158549515,0.5229862957777183,0.7419999999999709,0.0,22,13.707341583434589,0.7784271693410312,1,1,0
2022,1,460,22.616667740358352,4.437218981039307,2.5948231852766455,4.301426000460471,-1.0,-1.0,-1.0,-3.0,-3.8061464855821012,2.6998168022787117,3.2590145160595214,0.2504106264000122,9.228153157780007,0.6451146457343604,0.1460442057426096,12,0.1190195623269268,13.523966631678636,0,0,5
2022,-1,23,5.992563880233976,3.132183029964553,4.811165230961543,6.093851569306775,1.0,1.0,1.0,3.0,3.8061464855821012,2.835934491460888,2.4849686618606572,0.28753664493605957,1.5370123927765933,0.3986519017814001,0.27154549831488806,14,5.2896622448575625,4.687175128820572,0,0,2
2022,1,279,2.1306335836272123,3.579920035658889,5.725555541884469,7.181488490696413,-1.0,-1.0,-1.0,-3.0,-4.406264677054183,2.8314616880279164,1.7850141740856045,0.23765312798737845,4.625433372165318,0.8932584269662626,0.021418539325862917,13,13.491923839851173,0.8156984454964814,1,1,1
2022,-1,288,9.770234500250062,4.520743136280484,5.395708601126761,7.162078680268046,-1.0,1.0,1.0,1.0,2.648799460718949,2.91982400633529,2.542575914122207,0.1957690875625728,8.448107562394808,0.6417828319882672,0.07006603081437508,13,14.99281876123368,1.0776362911806514,1,1,3
2022,1,218,7.940168946140321,3.988771814012027,6.407626275416197,6.8288939289801736,-1.0,-1.0,-1.0,-3.0,-3.4867180922969876,1.8241203704598163,0.9618818136732585,0.17039143847845856,7.94494865867441,0.7802979011509779,0.0,7,7.074391285712306,8.015706594365648,0,0,1
2022,-1,376,1.1110096212977485,4.906802228504923,6.047241707100238,8.361164319104553,1.0,1.0,1.0,3.0,3.0339004408107213,0.40549191642931304,1.3488337242818704,0.12192470157983432,8.343229948482207,0.7679730080456767,0.025434726187393814,15,4.384811869349577,10.98143149580493,0,0,2
2022,1,79,4.521044937170628,3.924776648366296,3.814261492844333,5.94250884754742,-1.0,-1.0,-1.0,-3.0,-3.2876402447616693,0.8371499860127818,0.5813391672634999,0.125111477055138,2.331580326206784,0.43699369936993615,0.010801080108017492,21,4.181473003025119,7.723287246380509,1,1,1
2022,-1,60,6.058899625878906,3.754675023137691,4.043238163975557,5.4293777702893005,1.0,1.0,1.0,3.0,3.024589470458607,1.1522208773497216,0.8385714203952278,0.12546168488843532,1.5495003182859266,0.44999999999998513,0.23673469387752133,2,0.8340668118220756,7.6197960880030475,0,0,2
2022,1,76,6.198406309370767,3.4259150627320025,2.707811989404642,3.7696526734594227,-1.0,-1.0,-1.0,-3.0,-3.1250130825528166,1.2888671697922593,0.4498702468453151,0.1045190494346204,3.1865585718312754,0.6774941995359455,0.08468677494202484,9,2.7740292258266614,8.374115506097812,0,0,1
2022,-1,94,2.2172581010270287,3.9214076698036364,4.951945693296398,5.9556342245017175,1.0,1.0,1.0,3.0,2.8718831287305857,1.8689327593737233,1.0205713736689555,0.11978160323286545,6.016209443831207,0.7069523039611981,0.0,16,13.82305612748934,5.4465168536004995,1,1,2
2022,1,290,7.88621160052664,4.91797149112888,6.051524965980738,8.431414410545889,-1.0,-1.0,-1.0,-3.0,-4.331621496639691,0.2323488844065487,1.3517529344016115,0.22231085191718256,4.044720087897522,0.6467172845020129,0.022331397945511606,17,17.447621046776238,0.4592372217174003,1,1,1
2022,-1,554,17.898952889784354,4.98010961283793,5.443003550626362,7.411186268234958,-1.0,-1.0,1.0,-1.0,0.10138866705804683,1.6386962500274558,1.4902223651696591,0.21143279945863228,3.2433664978359134,0.8645911477869515,0.041635408852207824,15,3.3620243965699883,6.536438393742249,0,0,5
2022,1,124,6.628524697136993,3.4270512484815576,1.88393499946223,3.0472191350525177,1.0,1.0,-1.0,1.0,-1.1258966104359878,2.781334513190264,1.0618421833947584,0.19671191857658774,1.7583838363708955,0.401184307920042,0.02146558105108428,1,4.182457636346569,3.5605761802134057,0,0,2
2022,-1,188,0.3166411931832057,3.713446797316924,3.1118186226623967,4.86277493857197,-1.0,-1.0,1.0,-1.0,-0.025788211387375835,0.8213086807634357,1.563031148635475,0.24194213339690285,0.9159025965051312,0.47892271662766395,0.2470725995316052,17,19.95236559302609,2.6790425717913413,0,0,4
2022,1,563,30.664670299239,4.2881312744137965,2.9489168687017697,4.756208252334508,-1.0,-1.0,-1.0,-3.0,-3.0385042690671353,0.49266534088856934,1.274597713973054,0.14791902838322135,6.94169773450507,0.4237633860275698,0.1315655277919216,16,0.614851707833761,10.794627917424375,0,0,5
2022,-1,88,2.739783042639335,3.7929904287938796,4.5565271158810745,7.1652855590507825,1.0,1.0,1.0,3.0,3.0580244694489043,-0.0738742622158375,0.31260918393414855,0.12934677297988223,4.746525500341641,0.8244827586206847,0.0010344827586307255,23,5.047380466132612,5.209694522191952,1,1,2
2022,1,468,5.0793477491391625,3.6180374770317325,5.321567047053077,6.309495194724555,-1.0,-1.0,-1.0,-3.0,-4.0912154545779105,2.6914739873681595,2.0220808987360694,0.28048806754976896,3.734194692091708,0.7117903930131004,0.004148471615723701,14,9.891982114058466,3.625124773273793,0,0,1
2022,-1,277,9.328071717871893,3.452442551965606,3.6031230080541796,7.277415837827647,-1.0,1.0,1.0,1.0,1.5696495270755033,1.5928883631797386,1.9420424315985514,0.20719896531186557,4.072506409373949,0.4194200944032088,0.3526635198921233,13,28.1060482382535,0.6791289767441003,1,1,4
2022,1,220,11.446598531560072,4.511488777726411,4.245889455311281,5.100800884099534,-1.0,-1.0,-1.0,-3.0,-4.370701624481219,0.6622381045582172,1.6941418234926418,0.2500228764694324,4.4849252372311925,0.7346938775510419,0.24319727891155526,7,4.148624083173621,6.786051437136002,0,1,1
2022,-1,358,1.9181792479521784,3.2079901075392483,1.7863381954168265,6.955155853419827,-1.0,1.0,1.0,1.0,2.235224499741328,2.690594223379596,2.2474149855674246,0.23660783756044979,4.85176045688576,0.47978339350178406,0.306137184115534,13,2.674644303482615,13.695259498195986,1,1,4
2022,1,16,3.759136409213438,6.951236930775759,10.589685681077814,11.482110231055898,1.0,-1.0,-1.0,-1.0,-2.235224499741328,4.311029728662285,2.859569128043764,0.2774622911790842,7.996539002906149,0.7394806443856653,0.031017071411400362,15,2.0963896621718265,9.76010793039396,0,0,0
2022,-1,145,6.480279629737926,3.339909683838543,3.20580259367014,4.510616999227865,-1.0,1.0,1.0,1.0,2.046213085020076,0.7794331126122803,1.0567602263234717,0.2551903610441808,3.560574106508562,0.4525878352852321,0.0842463165848226,3,7.196882506932107,2.731053187528951,0,0,3
2022,1,722,22.767671114006227,3.039544628746449,3.219199399316541,5.23869715913614,-1.0,-1.0,-1.0,-3.0,-4.228577397048694,0.6330286584636775,0.7741753151381828,0.15711781884423023,8.86455451385958,0.6094844048376886,0.0003182686187095663,15,8.051331002845279,9.537628033999747,1,1,5
2022,-1,43,3.087849959536532,3.0733259672184703,4.0153207016737404,6.9190712056280885,1.0,1.0,1.0,3.0,3.3831634146260283,2.6206008237839225,1.556859372513052,0.18908276873277102,0.8340774860183379,0.35398230088496224,0.46713021491784334,18,4.115738586536676,12.397424702041597,1,1,4
2022,1,25,4.513984913935876,3.5884820173476406,6.0959774398149404,9.26860051628541,-1.0,-1.0,-1.0,-3.0,-4.315180055534712,3.956395998720763,2.167347169166385,0.21116540062737116,1.6434493494829236,0.42142188961646576,0.39335827876520235,21,8.932951556036526,4.087019692442693,0,0,4
2022,-1,248,0.10845999701589674,3.134163814143939,2.049615841044494,4.278144326739214,-1.0,1.0,1.0,1.0,2.8442872201754863,0.7849440711013967,1.5953416266318519,0.28153446962477013,-0.4312478591796746,0.5485714285714286,0.26399999999998336,17,2.634558218113333,5.517554719989528,1,1,4
2022,1,437,2.4821603113204334,4.637450735738325,3.921876855530557,5.441047955160667,-1.0,-1.0,-1.0,-3.0,-3.6248196191348536,1.7575190007890473,0.942453026198703,0.16433222582281176,7.410841495660881,0.6173752310536272,0.07670979667282085,6,14.400343624318223,0.9598110294734545,1,1,1
2022,-1,377,19.825262175770984,3.060487619385318,2.0721319223263044,4.111745645348525,-1.0,-1.0,1.0,-1.0,1.2996231539602274,2.427893808932087,0.8622383723054283,0.1407686675873632,6.891998527948661,0.5118870728083373,0.07652303120353451,13,71.07755741238728,0.8581191483042889,1,1,3
2022,1,1352,33.47823489727905,3.2846857943199392,2.1774167659094443,4.275712283057628,-1.0,-1.0,-1.0,-3.0,-11.101708377975209,1.0861320081534969,2.7090748767982027,0.6867713548826516,2.1400334073947493,0.7899067471201348,0.006308283049915747,6,2.0087754756926084,4.406827495290547,1,1,5
2022,-1,103,4.587254532175695,3.2815410871998103,4.186908741547296,5.98994027526189,1.0,1.0,1.0,3.0,9.423634798795035,1.9978431249007091,2.266956825408942,0.6563355820806467,3.6433804515789614,0.8503322739092762,0.06674371568910327,14,4.17608858504384,3.9803421173901405,0,0,2
2022,1,230,3.099344410968316,3.0116965188260463,1.7193592675622524,3.4586516538625816,-1.0,-1.0,-1.0,-3.0,-9.938706454999469,0.13621391846360925,2.1483631569803787,0.6163853805284722,0.8170066431414837,0.6518672199170215,0.16182572614107885,9,2.327574941878248,14.015538000919113,1,1,1
2022,-1,31,0.9075441215359508,3.4518288293666837,5.0186244043905335,5.907250985269129,1.0,1.0,1.0,3.0,8.571059612555322,2.0581027465758286,6.828751829437534,0.6566711885834244,7.658720189125402,0.9773139745916515,0.00010082677959119267,12,8.559689317437858,7.360416805764721,1,1,2
2022,1,317,4.43162241425528,3.0685075881079626,2.6603170430193286,5.189793577309119,-1.0,-1.0,-1.0,-3.0,-10.683319094249159,1.49342864021173,4.651302609158827,1.057498092375467,2.828916090748968,0.7476812816188863,0.07188026981449924,14,1.2796137773060767,5.090303606123576,0,0,1
2022,-1,324,1.2740768283204407,3.4278302446800586,2.561885506243206,4.206125236887274,1.0,1.0,1.0,3.0,7.650888751141205,1.8166723388040689,3.927068591531999,0.5660755289690573,1.6094666615614805,0.8005203816131975,0.029488291413700414,17,2.4388958967614642,3.9488023160784236,0,0,2
2022,1,289,0.10416287867194562,3.1308077214982353,2.108841438375639,3.7818434633607843,-1.0,-1.0,-1.0,-3.0,-8.90620428184625,1.5395741613437044,2.0861220137954,0.36922052872085775,2.043210070822286,0.20057443752992418,0.20584011488750456,18,6.490078308831005,3.3871209757618765,1,1,1
2022,-1,433,5.1762903177910236,5.7884169404998635,5.564512091625365,5.84278634555171,-1.0,1.0,1.0,1.0,6.58372012932846,2.960454004550669,2.5413138972697884,0.3441847052146667,5.265379471366439,0.8994830557151064,0.0066053991958623425,6,5.651107925889141,4.156600044662273,1,1,3
2022,1,257,3.093595538765804,3.585817543448081,2.627501283378069,4.112651315575417,-1.0,-1.0,-1.0,-3.0,-6.720838439648791,0.5203164767782819,1.3201705893482556,0.35313251427935083,3.383730653783616,0.45944954128440635,0.16366972477063685,3,4.453581983343991,0.8798813398301338,1,1,1
2022,-1,134,1.937588773259804,4.069689533985468,4.5356948040337235,8.544905884951453,-1.0,1.0,1.0,1.0,6.12427628174765,2.7840841824461116,2.0235211898897822,0.3114654907042367,4.368630653216438,0.7763999999999942,0.166,14,5.601529469567905,7.960519674975476,0,0,3
2022,1,86,4.5354513834967545,3.5273652097222996,3.1270090855709562,4.716754931332728,1.0,-1.0,-1.0,-1.0,-6.25250937588198,0.1831961021873922,2.181023716642755,0.342869284976077,0.503743233357402,0.5334302325581355,0.02979651162790954,21,1.292026335631113,8.25026565573594,0,0,1
2022,-1,64,4.765078362217203,3.6425657750566303,3.0367279054129974,3.141182730528236,-1.0,1.0,1.0,1.0,5.808148465579793,1.3489671294563375,0.9009926258171489,0.31028943165582834,2.7027125538250982,0.8915939366100191,0.023426734037660144,3,3.1713346388089634,1.645432709032283,1,1,3
2022,1,391,6.479763426834326,3.423175126213542,2.769188399802982,4.030096765470126,-1.0,-1.0,-1.0,-3.0,-6.802441011056937,1.1111906023423572,1.3961618403518257,0.296428325774167,3.104222690608889,0.6091435930457206,0.18673535093367324,11,12.52090023781889,1.2792321929611086,1,1,1
2022,-1,322,6.133376123586373,4.251301867624647,4.263625014761339,6.771438659200083,-1.0,1.0,1.0,1.0,5.0880320740010525,0.1902892988844118,2.661428511762267,0.2944801702995842,2.9585724438586567,0.7222641509434017,0.0,14,12.551601593428849,0.41474064814890066,1,1,3
2022,1,303,6.385253279393274,3.797753671489059,3.837451023311407,4.89005637959769,-1.0,-1.0,-1.0,-3.0,-6.169167054975286,1.049998280250826,0.9843534212505813,0.20411606437274976,7.3819444301583825,0.5739495798319266,0.026890756302527123,15,1.5084580696386094,4.301591967815595,0,1,1
2022,-1,149,4.846787165601586,3.045900902040994,1.464319923186831,4.598635239687514,1.0,1.0,1.0,3.0,5.999933565365088,0.21854922790807366,0.47237947921020434,0.15282711389415007,4.849877252518136,0.5759336099585183,0.04896265560164164,4,0.15425660259520516,23.72421835856284,0,0,2
2022,1,54,5.540643540526469,3.457749168607508,2.758031079179547,3.82732120346038,-1.0,-1.0,-1.0,-3.0,-5.878111554737525,1.6995397468477829,0.9616521853873478,0.1377300764341535,4.658167402445536,0.4321862348178243,0.0799595141700558,8,19.495494196945458,0.907053001976191,1,1,1
2022,-1,352,7.549262888893954,3.0378357352837178,2.7089340420985324,6.345431101842315,-1.0,1.0,1.0,1.0,4.446016247110615,4.536634129660949,2.697132001522812,0.2661924731794836,4.2384404761407755,0.3536392405063215,0.07594936708861069,14,12.983382077173879,6.005408001034363,0,0,3
2022,1,385,6.2335377449353935,3.1905527717502777,0.5845901769248932,1.6170316267300844,-1.0,-1.0,-1.0,-3.0,-5.36464899268053,0.050195016613019464,1.3997456908832262,0.2693221280349328,-0.6028231258960717,0.7423208191126465,0.0,22,8.137846518695074,1.04874975946184,1,1,1
2022,-1,160,1.011223410757031,4.7749099282478635,5.109643900992513,5.990666872596228,-1.0,1.0,1.0,1.0,4.844904766447212,1.5020094329208789,1.3628965634033647,0.23526033222128137,6.3415036276447525,0.7533539731682175,0.08771929824561436,11,0.7522692039966311,9.60589906641852,0,0,3
2022,1,84,6.2988649962493,3.4761270532355093,1.6512384871940036,5.280913997041637,1.0,-1.0,-1.0,-1.0,-4.869351537161174,1.3032670653804603,2.042978104035447,0.28449663125251834,1.6167874825386244,0.37402964008468403,0.10374029640085146,18,0.5558856838991376,5.76877991371262,0,0,1
2022,-1,166,6.71030028812946,4.792474821903907,4.887361568169232,5.272378797816004,-1.0,1.0,1.0,1.0,4.63245770641592,1.4902221180607393,1.1749074114740463,0.21643684933354007,7.165483892524424,0.5559830704116937,0.09388226240862377,8,22.761590017158593,6.089558224005072,1,1,3
2022,1,97,2.32830496234806,3.166177584216933,2.808947005513761,3.9476852042569655,-1.0,-1.0,-1.0,-3.0,-4.914094864873898,1.1189067342403864,3.2056927656679908,0.3777161785087732,-0.23318031940140216,0.2007246376811647,0.5775362318840632,16,0.5403879001083487,4.94820537574473,0,0,4
2022,-1,99,3.8834361488020233,3.2228815964997803,1.3836291527112132,3.5998083489867225,1.0,1.0,1.0,3.0,5.087046501952298,0.3233417169381203,1.0804550451282675,0.31841368153413674,1.137767442628195,0.9284756370138731,0.0013410818059869302,0,5.433143937146472,1.2391191710562495,1,1,2
2022,1,434,3.83737237598685,3.3306330299758153,2.6586573116905394,4.009502194899976,-1.0,-1.0,-1.0,-3.0,-5.276256867857754,1.5262021046063856,1.313193308296856,0.18432198942889763,6.631223330445435,0.6363636363636364,0.0007905138339805914,12,5.0254423217458974,3.6876942725841437,1,1,1
2022,-1,878,31.712379052099124,3.300200822750163,4.240269108599342,9.8483669619082,-1.0,-1.0,1.0,-1.0,0.7596958831612942,1.275972175174891,2.1838487681159413,0.2410560896124007,1.5683590610833502,0.7921166306695628,0.13282937365010222,14,0.216462218822945,15.792446050567966,0,0,5
2022,1,20,5.5455678134054525,3.279238885524324,2.1162682552502514,2.8100859323534357,1.0,1.0,-1.0,1.0,-0.7596958831612942,0.9985461820272941,1.555328390884962,0.2531383551238524,0.9099583494869228,0.8339694656488746,0.013358778625933463,15,8.162926613230223,2.598707786999416,1,1,2
2022,-1,149,2.245628060958685,4.012610983444444,2.753551310149082,4.500917705461763,-1.0,-1.0,1.0,-1.0,0.9229245409425931,0.22108503073871508,1.2714191847690683,0.230363615972246,5.267743801976842,0.9263406010606957,0.06717737183265413,4,1.2849906114028848,3.435383063138399,0,0,3
2022,1,423,13.962914605713516,3.1417988121604346,4.359719206445124,6.164009951648287,-1.0,1.0,-1.0,-1.0,-2.8639993551414573,1.938011651572724,1.6441361928670604,0.29601244836797047,1.5377509007594725,0.5564164648910306,0.1438256658595677,15,4.8690217824537205,4.062161683919375,0,0,1
2022,-1,216,1.5717413778833862,3.3055791652499162,4.059640348788717,5.488647029208584,1.0,-1.0,1.0,1.0,2.3848315148368417,3.4873685857590164,1.1454008038968448,0.19964559400908322,4.36394209745323,0.23829787234042996,0.6255319148936259,9,15.921557590322887,1.7924822472165884,1,1,4
2022,1,350,10.183040483508295,3.4018311391645577,5.59055813491016,8.1602142796243,-1.0,1.0,-1.0,-1.0,-3.349182604024573,9.140210552286419,3.588362378599477,0.15084469341472484,7.555434110863316,0.3721694667640544,0.025566106647187795,14,3.236521926214439,5.128197859736611,0,0,0
2022,-1,209,3.4665283185900577,3.5765751844645286,5.333610666654271,5.397333613687176,1.0,-1.0,1.0,1.0,3.152165120679914,2.479766690139806,0.623271844598141,0.1059238352748193,6.024499856102048,0.9576659038901526,0.038901601830679616,7,3.3964330768538384,10.973091479066444,0,0,2
2022,1,89,4.954015350882998,3.4668691889820806,1.1113679189696435,3.085545893283502,-1.0,1.0,-1.0,-1.0,-3.217367590853828,0.9242241270560249,0.8937371139263376,0.11731985718251932,3.179073541591969,0.4330042313116567,0.011283497884384965,15,11.867923741388623,2.519862479514777,1,1,1
2022,-1,396,17.294612771131938,7.023163104517734,7.971322750536621,8.59897581108818,-1.0,-1.0,1.0,-1.0,0.5044147075317378,1.891340830205136,1.941847626278213,0.25251614460307203,8.292224300696917,0.9130699088145867,0.04154002026342452,0,19.80909145929634,1.5079139237070085,1,1,0
2022,1,214,9.826846699596041,3.424435333871203,3.1366257587314026,3.4988011232887786,-1.0,-1.0,-1.0,-3.0,-2.70254565608234,1.2916827494353185,0.9279259010967594,0.24832201273498528,2.6966091694759684,0.8189252336448606,0.07885514018691556,18,19.598899340347625,0.9582278095485435,1,1,1
2022,-1,111,2.836072583837126,3.3888544629591477,5.687766608510589,7.4514272789331555,-1.0,-1.0,1.0,-1.0,0.7164450579388285,3.8872888586890593,3.221148188837585,0.4233992648808411,1.7265421359368032,0.8239074550128446,0.0,3,3.2289518208710457,3.5234159806359915,1,1,3
2022,1,125,4.700356670476997,3.0348961782432022,4.971565980487167,7.0333009692934985,-1.0,1.0,-1.0,-1.0,-1.7414724892428424,1.4294194815359638,3.532171735825132,0.35786331938013116,2.22068921389077,0.23650868137025716,0.38338808071326913,13,0.39003345586744886,8.226984755157584,0,0,4
2022,-1,56,5.931525577967262,4.375273192034118,3.5258146559616295,4.0558197649047205,1.0,-1.0,1.0,1.0,1.6310324208990516,1.2652652430644593,1.6356729062624629,0.33841115186879617,1.188730597245044,0.880842105263161,0.0829473684210557,18,0.9417934649620712,5.124696239260225,0,0,2
2022,1,179,8.27489925457951,3.783065211406473,1.1446730808112027,2.9048477483714583,-1.0,1.0,-1.0,-1.0,-1.5512779596817328,0.5751592713864815,0.9808263911761138,0.20462708011239703,2.573999518952367,0.521904761904755,0.008571428571407783,9,1.9791973101177807,10.449138625952731,0,1,3
2022,-1,34,4.386220355274458,3.588566803371585,2.451625465833017,4.7278021174551235,1.0,-1.0,1.0,1.0,1.8314483116238478,0.9242303141005108,1.1668998191404365,0.21375126584058812,5.141089159451828,0.8394120849210478,0.0005443658138387719,12,3.3676856462266773,5.042988925285454,1,1,2
2022,1,900,23.71437920471795,4.938100533359294,6.400413445141385,14.064589466570851,-1.0,-1.0,-1.0,-3.0,-5.723823815708113,2.379284063166155,3.9200266497386607,0.3390303569711297,3.847463313915674,0.8482900488557475,0.011571097968629424,15,1.499148817732513,13.46932381598479,0,0,5
2022,-1,50,5.849374333965769,3.143780215319871,3.8950686793763305,4.957644248502793,1.0,1.0,1.0,3.0,4.613886800522969,2.459917733761525,2.5864054281906435,0.34877437994678534,0.11824623768249824,0.8140740740740848,0.05259259259258181,19,27.6978031685631,1.1875844596119283,1,1,2
2022,1,855,32.08256304874821,3.755947920858725,7.212266882181773,8.678025624273847,-1.0,-1.0,-1.0,-3.0,-11.129009111789998,3.8599085960300696,11.831731071797456,0.9196091948081239,4.483207860829827,0.8144587223814361,0.062216880835720835,18,5.305689628005841,2.8462297630610776,1,1,5
2022,-1,173,2.249954487638191,3.682661667419943,3.027596024218875,3.396080978268076,1.0,1.0,1.0,3.0,9.979263791584074,1.540114337196462,2.962537904614538,0.5726948413982491,6.506011703915552,0.832003546099286,0.007978723404252017,9,5.915281646458795,0.38556703801173503,1,1,2
2022,1,267,4.5374449377226655,3.2703181277918105,2.9814125305652293,5.16893097584602,-1.0,-1.0,-1.0,-3.0,-11.185404564643566,0.2653917739657087,2.630696099549534,0.5206319102296323,3.3852718502795645,0.7128851540616359,0.19992997198879145,7,1.9806523293438316,7.2058363718042955,0,1,1
2022,-1,69,5.083507168478637,3.24336869689675,3.4842898408876835,4.572700651066291,1.0,1.0,1.0,3.0,10.207962539923063,-0.012728798104591276,2.2889890266120356,0.49486803055225714,0.6396934796492321,0.81,0.07900000000001456,13,1.9214183616510416,3.3526589306314465,0,0,2
2022,1,533,13.882857939809314,4.542439783466732,5.012975012781758,6.141397028526585,-1.0,-1.0,-1.0,-3.0,-12.25657624510458,2.199698880209435,5.375710104666097,0.622183365411632,3.3034005737318615,0.8686481303930905,0.08565036752957106,9,7.659363392691087,2.4914083703230254,0,0,5
2022,-1,389,7.624139585731941,3.277945265700574,2.6643677665235272,4.040277597813592,-1.0,1.0,1.0,1.0,8.114175977962166,1.9601827117987904,4.174390240448442,0.601271026209055,1.8618180773828314,0.7999999999999868,0.11419939577040154,17,1.281794933629189,6.757116501971087,0,0,3
2022,1,67,4.784897386812036,3.332577345923536,1.575335447350397,3.1276665803411547,1.0,-1.0,-1.0,-1.0,-8.947561919639593,1.4736296871655412,3.1020692338524705,0.5252144192542635,2.00803403728313,0.9017777777777681,0.005333333333336567,23,6.095223132739037,3.2555705681809513,0,0,1
2022,-1,248,1.9331246767499575,4.229656233562059,5.197462063354047,6.324852731508014,-1.0,1.0,1.0,1.0,7.508430012268165,0.09054609043905723,1.895268587128723,0.45501005547716944,2.090689550008305,0.8329274232830034,0.09741841207988344,20,4.843958209780305,3.75690732071282,0,0,3
2022,1,217,0.34473527061233455,3.2761810405951,2.4120796024269153,5.90319127478908,-1.0,-1.0,-1.0,-3.0,-7.752901949516553,-0.2643087531256586,3.4165555233803553,0.4501563070847519,1.0154396480113852,0.5734974656046457,0.33816075307748894,14,0.790863267875358,11.400811642975365,0,0,1
2022,-1,19,5.519874551230203,3.910004330779346,3.8907556227508464,6.177075937150825,1.0,1.0,1.0,3.0,7.752901949516553,2.448891883106104,2.884574670179396,0.4828640485853998,2.7067695651679915,0.8329397874852262,0.08323494687132268,15,4.016230691737268,2.443678392718999,1,1,2
2022,1,176,3.485919540421743,3.125984205894802,2.410717084772182,3.0910498666510087,-1.0,-1.0,-1.0,-3.0,-7.853778963757545,0.9927796533813533,1.5172037937257812,0.38722576023420757,2.799422853026613,0.7083333333333237,0.17013888888889803,6,4.014089167758369,2.1038756822242193,1,1,1
2022,-1,126,3.5095829955338758,3.037622807656501,1.1149675208888195,1.8803265818379475,1.0,1.0,1.0,3.0,7.536129162843673,0.7791432814401359,1.2751806348614254,0.3664258321531006,2.1329960758965503,0.48621553884712093,0.01587301587299754,17,0.0013498396136963394,13.934394331883144,0,0,2
2022,1,28,4.399613263402526,3.414322883909196,3.757253114183306,4.365003341569592,-1.0,-1.0,-1.0,-3.0,-7.536129162843673,2.6312575124178483,4.960691683531081,0.3493766465703753,3.4058241934937956,0.6546222430783715,0.08118254340684838,19,9.748922781900784,0.3876311245288578,1,1,1
2022,-1,493,9.236953090045168,3.096275305884373,3.639814053792334,5.979442835707319,-1.0,1.0,1.0,1.0,5.791808533689841,2.43930708667572,2.171400513144176,0.2687235949881261,3.6173918354004697,0.4916773367477523,0.04417413572344061,12,4.025641390568994,2.7747856412018232,0,1,3
2022,1,106,4.274253228965269,3.6043180779803237,2.8949661195733447,4.54703703054419,1.0,-1.0,-1.0,-1.0,-5.900932279338412,2.5354845028170363,2.954263946678613,0.24347134058851763,2.398283221120606,0.3324022346368738,0.022346368715097046,21,4.212780822975643,2.24758484399522,1,1,1
2022,-1,214,0.6871605189478328,3.90087304625643,4.072777233089433,5.379540354796341,-1.0,1.0,1.0,1.0,5.101194595320749,1.738765887365035,0.9940199282902386,0.24431460297545393,2.875810800066963,0.8177542621987051,0.034097589653141226,15,4.887332679707334,4.3623111596123785,0,0,3
2022,1,196,2.9866443061972645,3.274400938964573,2.4029286027070653,4.12726191761099,1.0,-1.0,-1.0,-1.0,-5.7106078135317855,1.144496025798321,1.171215900727444,0.22682404657061866,1.2429021506193683,0.6140350877192758,0.07268170426068545,7,3.8261223674005205,16.490484273513296,1,1,1
2022,-1,73,2.6097149810921447,4.614343270167835,2.7955460788169857,4.569021120147381,-1.0,1.0,1.0,1.0,5.474296980894728,-0.7484651846706113,0.9476505313011363,0.23515789842400858,6.171325275499767,0.8222222222222284,0.10598290598290287,13,11.166025089378696,0.8059413912196578,1,1,3
2022,1,231,2.562331847233124,3.468931781679155,2.760235526490967,3.9830719446420746,-1.0,-1.0,-1.0,-3.0,-5.9022847788008015,2.450942005570897,1.9552221888656445,0.22855486620951496,8.158269347642396,0.47218628719274885,0.06338939197931935,8,4.064316612968933,9.749360199228471,1,1,1
2022,-1,69,3.277819502826222,3.549987317349611,5.376458131876899,7.609697793143083,1.0,1.0,1.0,3.0,5.698456003247519,2.528368618057218,1.2482979115029669,0.2543652311116227,3.402960111973881,0.8770104068117321,0.08798486281929242,14,10.413569999435664,2.4493596284855217,0,0,2
2022,1,354,9.06540955173552,3.420805087014614,3.9643839935723957,5.241373068425059,-1.0,-1.0,-1.0,-3.0,-6.521181274216878,3.060467826296602,2.8347552261521045,0.28387414425655144,2.658120329365621,0.9240407204385226,0.06656225528582578,20,1.7188238293810567,6.9030182825141555,0,1,1
2022,-1,64,6.0353220911262655,3.1008696462376686,1.5639765155255334,2.809733531938318,1.0,1.0,1.0,3.0,6.639490902178042,2.002315620223871,1.5907163761467187,0.2769374692175352,1.7660563205050348,0.38165680473372526,0.044378698224853026,1,18.463963209880646,2.5403317968940744,0,0,2
2022,1,269,12.835587747696609,4.031847266810565,6.347191849966503,7.925601453185066,-1.0,-1.0,-1.0,-3.0,-8.14637223301928,0.5207919409997512,2.5891213775344077,0.3679976054257208,6.99115904880685,0.9542743538767361,0.022365805168986,23,20.82270383555092,1.8734002376553114,1,1,1
2022,-1,130,0.6945277304641632,3.9741367429596286,2.707764865555588,3.602164724240119,-1.0,1.0,1.0,1.0,6.827203391604393,0.5932524877876247,1.1077571601453344,0.4672373886420338,3.0085408209954214,0.8063763608086985,0.07153965785381572,10,2.4408964932390003,5.567387884395927,1,1,3
2022,1,666,0.5344890085916758,3.2179480987180455,3.335316215378785,3.4348778934498703,-1.0,-1.0,-1.0,-3.0,-7.104570286987724,2.2706447392176945,1.64080423109387,0.19839843446167396,0.6646654196217404,0.9415094339622916,0.05283018867923155,18,10.681920039355388,2.9527897680533672,1,1,1
2022,-1,105,3.4020451783032364,3.268126778070464,2.567452544321005,3.574876350462908,-1.0,1.0,1.0,1.0,6.563392765623797,1.78985496730077,1.5988680705758058,0.23057326099610886,0.09144360828521687,0.3393939393939247,0.47070707070705603,2,0.5707976870014533,10.983875809628605,0,0,4
2022,1,83,4.953331191871036,5.228243142724474,5.433602546676705,6.4396147336660485,1.0,-1.0,-1.0,-1.0,-6.8277919603132355,4.734758801871199,3.1886187850558696,0.18181294249184837,8.158417106156922,0.6567796610169463,0.007263922518164179,9,21.848083880151837,0.20177080586514812,1,1,0
2022,-1,274,9.09427969781794,3.190532344101155,3.2995461074264423,6.431517501423465,-1.0,1.0,1.0,1.0,4.772392701900258,3.1693034180081083,2.5216219325011173,0.30021770943651527,1.120523220050601,0.3665413533834536,0.3101503759398454,8,9.813175218430437,0.8512795442217508,1,1,4
2022,1,122,0.47221347176759054,3.5107304242510406,3.810435440500946,4.968371445528421,-1.0,-1.0,-1.0,-3.0,-5.833549867510123,2.484991071025372,1.687957927908976,0.3214031791769055,0.7075842379850477,0.6741973840666077,0.0796670630201808,18,12.232354917174634,2.8722423381771844,1,1,1
2022,-1,747,21.457111681394775,3.2888468208467803,5.383289810469861,6.319259785667016,-1.0,-1.0,1.0,-1.0,1.4951416869408065,3.2865684997704085,2.776500769878089,0.31979357309401873,1.880770991823453,0.37689969604862533,0.41793313069909277,9,3.0243529823557944,10.905512664133104,0,0,5
2022,1,69,3.274110498898806,3.2390246765663786,5.654826131469702,7.73857881408306,1.0,1.0,-1.0,1.0,-1.8410656468538387,1.834432402252219,2.5008350816262244,0.3660108583790249,3.878947876490101,0.6665290961617849,0.14692529921584255,14,4.045963567142871,3.6312178437844405,1,1,2
2022,-1,129,4.3110298915920815,3.4745022403119408,1.7370357630543607,3.3806553586189056,-1.0,-1.0,1.0,-1.0,1.776065921225639,1.215291508138856,1.6117822328789246,0.36982847363738003,0.6094499475580107,0.5943012211668771,0.14111261872457737,1,0.015148567701064816,4.050979479390645,0,0,3
2022,1,192,5.057437178969206,6.09991187151611,5.083516044717072,7.130707005927839,1.0,1.0,-1.0,1.0,-1.8171667002402452,0.060287020795422495,0.788881941627994,0.24459208929349835,4.838129726904426,0.8172863044168939,0.017794725135056148,17,0.16578707511172483,11.508230899326598,0,0,2
2022,-1,80,7.756491830722722,3.1751543621798906,1.334471915697014,3.0848306916565944,-1.0,-1.0,1.0,-1.0,1.725171220146323,0.6050620344804628,0.5373618958935091,0.23052297519970277,1.9469373177421936,0.49902534113061847,0.07147498375568484,0,7.907906949750366,1.370811544263634,1,1,3
2022,1,955,37.34446537290782,3.806052278932553,4.92908899618054,5.429441150994106,-1.0,-1.0,-1.0,-3.0,-4.984562879127581,3.1292007207203225,4.614957985015929,0.24495282555615344,2.5436835808131875,0.4984447900466506,0.31804043545880184,7,8.373662095021421,17.45029829184711,1,1,5
2022,-1,57,4.88056344805476,4.175167480079997,7.449541571320925,12.245957373719591,1.0,1.0,1.0,3.0,4.243544829992819,1.5738447598354175,12.820032783074868,0.31228555676788095,8.177028612010668,0.8628222523744932,0.03161465400271272,12,8.36196604284704,11.529877408724378,1,1,0
2022,1,54,2.526017226736756,4.065266418130119,5.875838943772079,7.815459314302112,-1.0,-1.0,-1.0,-3.0,-4.846929038775887,1.903430580234826,1.7486529022366981,0.4236204927791645,2.8198290885954918,0.5303030303030318,0.030901116427432308,17,6.493098792410763,3.6916887101275084,0,0,1
2022,-1,190,0.6379484561633008,3.4030018336327115,3.2914442086105153,4.596618948635398,-1.0,1.0,1.0,1.0,3.708970925961197,1.3130911212429126,1.9897935212135895,0.32860656662203314,3.7683039336365955,0.9033771106941585,0.04409005628518416,8,2.291375251968115,11.164097982857372,1,1,3
2022,1,77,4.185623145263725,4.150523420664962,5.00255067307538,6.897159349199441,1.0,-1.0,-1.0,-1.0,-4.136741108429978,1.524735298368024,2.065172204778635,0.3294051721347157,3.835569778933022,0.7259493670886122,0.05379746835443038,15,11.436985389362993,1.3640579569548654,1,1,1
2022,-1,406,9.656862567444739,3.256656232307457,1.205388294120128,3.834544787286649,-1.0,-1.0,1.0,-1.0,1.9562781030438763,0.5740285895920852,1.2365410339549248,0.2818814904842518,0.5980257319789775,0.972862957937585,0.0108548168249561,1,2.754681950328807,2.194116210124533,0,0,3
2022,1,146,2.1225088658823332,3.0605506972493863,5.181046671426836,5.22405340649241,1.0,1.0,-1.0,1.0,-2.3287656858632553,0.4879802861181209,1.0675138264078807,0.1900600652193329,4.877245506812629,0.7963496637848474,0.04034582132562102,13,19.783098130155274,1.8897665349394035,1,1,2
2022,-1,296,6.682455831022568,3.0453320187840127,2.577617399143159,4.70950739280441,-1.0,-1.0,1.0,-1.0,0.6909328768789088,0.08431514014372946,1.3849341173840344,0.274209633707666,0.7292093412144913,0.7562437562437745,0.17282717282716806,13,5.158690049491554,4.1497566975481615,0,0,3
2022,1,155,1.5510930035319725,4.545970111142735,5.466634557037894,6.445981031325015,1.0,1.0,-1.0,1.0,-1.8940016917571252,2.8694741953770224,2.9785544936766835,0.2545591711862894,4.379000454244368,0.5798365122615883,0.14059945504086796,2,22.589520936099785,2.596835848957246,0,0,2
2022,-1,196,5.19428321027199,4.250182435624331,3.8433598600106245,5.125997278498037,-1.0,-1.0,1.0,-1.0,-1.6162238604120212,1.3071262319372332,2.368252946911147,0.4075882126230449,3.1849018472001966,0.7651369070574594,0.017354415734670073,19,1.9552538464608265,15.848026665871433,0,0,3
2022,1,50,5.867581413016927,3.917645472808113,3.8740046243885864,6.962432233150097,1.0,1.0,-1.0,1.0,-0.34231090744163145,2.911858709853632,3.880438749303547,0.4180449258403883,0.35735843861682753,0.6946454413892872,0.042691751085367484,23,8.102542634430552,6.714582145915222,1,1,2
2022,-1,89,3.9717144914634943,3.347566966409396,3.2394989706909456,4.799436384510814,-1.0,-1.0,1.0,-1.0,-0.15904592175640764,2.185517297680976,4.02241093993156,0.47929683057474654,3.4846693668921427,0.5614783226723497,0.2533759772565833,6,0.08682397479517051,7.859499140625053,0,0,4
2022,1,79,5.560791883738335,3.423703812218711,1.1840389727952347,3.394943603412885,1.0,1.0,-1.0,1.0,0.2817860158704961,0.6662188789903124,1.8046589028551285,0.4280219213167208,3.1704254599913417,0.6117698726394327,0.01624945103206287,13,15.109594679386976,2.8165458043129044,0,1,2
2022,-1,369,13.612760962142039,3.9503002508074156,3.599949594191844,6.600710361092452,-1.0,-1.0,-1.0,-3.0,-2.980126909961198,1.2338375459437356,4.15437925577352,0.44698545897381936,6.129724895532151,0.8088504408584294,0.02179337880552084,20,5.662430750510996,5.541051663310536,1,1,1
2022,1,286,0.9610910320282223,3.1119036940341056,1.6254924606055983,3.40677560101552,-1.0,1.0,1.0,1.0,1.1222249108366267,1.810135198842469,2.0299907988935386,0.3763921073080711,-0.4502975479313055,0.7629310344827537,0.23706896551724635,19,1.7091153990299786,3.9291325862418214,0,0,3
2022,-1,256,1.3495644663451614,3.3976630571826565,1.4066065763540063,2.468367669472856,-1.0,-1.0,-1.0,-3.0,-2.14600400372902,0.23383646540678255,2.4800367378776156,0.33503449347042835,0.5898829719472586,0.649801587301592,0.1488095238095249,17,6.784121856276963,1.2704833592874896,1,1,1
2022,1,369,9.500213127834947,3.090634187646928,1.7090933924024483,2.746931801325608,-1.0,1.0,1.0,1.0,0.6201795225182389,-0.22123374184148648,1.4898510822863626,0.2717553237140882,4.221326790394534,0.6975071907957741,0.0,0,3.9623595141304606,5.363522829160083,0,0,3
2022,-1,293,0.7997442747103707,4.707647467368747,3.1041457619193595,5.9396027358925965,1.0,-1.0,-1.0,-1.0,-0.8079194017862885,1.4608875421510157,1.6722363035802967,0.28278206481430923,4.541695092749763,0.8590496529631524,0.043780032034173834,0,10.116923127314719,0.8171300198128051,1,1,1
2022,1,243,3.746090769044265,4.08130724460226,1.2918630390539758,9.431536317731101,-1.0,1.0,1.0,1.0,-0.42463973896064205,2.03757764609978,1.622161943390774,0.2882354761736374,1.8722748768548745,0.8555926544240453,0.010016694490824164,20,0.14041989554934642,22.088049569912204,0,0,3
2022,-1,20,5.685100548504708,4.126521293767225,4.950603271085774,6.318814415716488,1.0,-1.0,-1.0,-1.0,0.42463973896064205,2.270337777408034,2.1602974357616507,0.30156369281879936,1.4091110809939171,0.7896698615548294,0.006922257720995155,22,13.6668412326396,0.5130791792365591,1,1,1
2022,1,307,8.589193184197743,3.3187775378608375,2.5170289918824094,3.1143186256513022,-1.0,-1.0,1.0,-1.0,-2.09936389446835,0.36942279859601396,1.408539212471215,0.2798133407729171,2.706579244409964,0.3239819004524821,0.19638009049774413,23,3.3818370813393663,3.53326262229486,0,0,4
2022,-1,717,34.937470691415776,3.071570641127854,4.19266335514323,6.254925297324782,-1.0,-1.0,-1.0,-3.0,-3.2666512603830506,1.1781379075831349,1.9220443232052937,0.3046096419839352,3.761931180414588,0.6645396536007215,0.06335460346399892,11,2.522551020308418,8.514652644624201,0,0,5
2022,1,30,3.610235892560356,3.035361451517212,4.615998074687381,7.319296676150623,1.0,1.0,1.0,3.0,2.833644538121987,2.814108373899593,2.626855152582679,0.33280200650077946,3.375809386204475,0.5750116117045968,0.05387830933580392,14,2.500645027452613,5.255232496412363,1,1,2
2022,-1,355,1.0736085813539364,3.2924553841192337,7.2921305751598595,8.601803693980145,-1.0,-1.0,-1.0,-3.0,-4.110027573120248,5.25900001911903,2.892574891188729,0.2575894882840867,2.638713044064598,0.46756425948592883,0.19094247246022308,19,8.166862868100297,0.902219259631799,1,1,0
2022,1,268,5.196869102139779,4.942218655553453,6.347483094525321,6.7338516307138345,1.0,1.0,1.0,3.0,2.5993223748134766,1.4377023317840592,0.8590055591317577,0.1962237823553569,8.161883107695548,0.8451001053740835,0.0,18,3.8509479376149813,16.64144480869033,1,1,2
2022,-1,5,5.964797365637161,5.170971312867227,4.9637965411792955,12.209462886311337,-1.0,-1.0,-1.0,-3.0,-2.5993223748134766,7.629374537052198,6.775667566860743,0.2480883203921201,6.769474950378006,0.4597730138713727,0.19672131147540983,18,4.364569632541636,8.421799389306319,0,0,0
2022,1,344,2.4874679092022776,3.361332863990392,4.770464346256524,7.454353669648249,-1.0,1.0,1.0,1.0,0.9549635790975841,2.207581553351361,2.2294605614251353,0.26585350362289406,1.0773495616113842,0.43796394485683554,0.3382820784729767,23,1.180138496728318,9.93860155566708,0,0,4
2022,-1,32,5.831916542334782,3.1125156904919726,3.1058199057524125,4.150058895969714,1.0,-1.0,-1.0,-1.0,-1.5261881591499893,1.9034529287403623,1.3104230336670182,0.2751154468593908,0.5114475647881894,0.246445497630362,0.30331753554500124,1,5.8635601480989425,1.4081404565051483,1,1,4
2022,1,174,1.5244126777578182,3.622052532788703,2.663262833058416,5.312804579908341,-1.0,1.0,1.0,1.0,0.9479692495758464,1.4640101694720147,1.4115294657410227,0.3144492322013268,1.390819882200323,0.7854113655640461,0.08905852417302688,16,3.7252749055917147,5.175593717823932,1,1,3
2022,-1,100,4.783255955543089,3.256300779994382,2.4519935877874497,4.28739558755565,1.0,-1.0,-1.0,-1.0,-0.9562823793372681,-0.14054880720684348,1.6293484225801287,0.30553864634746514,0.25394292710575267,0.8921568627451099,0.0,0,1.5278248439730409,6.548231410292808,0,1,1
2022,1,88,3.9059286963219675,3.1827077841404448,1.623243094575379,2.9120680516108743,-1.0,1.0,1.0,1.0,0.9548562387280499,-0.32657563690557034,0.9008411515984187,0.23036908938174114,4.620711165288273,0.8542234332425209,0.00272479564031212,8,10.23920702018017,0.7327138968569297,1,1,3
2022,-1,172,0.5437076618595948,3.1082975074108874,2.771449457599775,3.8552157366085504,-1.0,-1.0,-1.0,-3.0,-1.810629273602216,1.9448182467021482,1.996225881157821,0.23712718127062862,2.5214729700921255,0.24054982817869616,0.10996563573881586,22,7.420332418735001,1.7807338187079518,1,1,1
2022,1,330,5.6914475489018725,3.253427994766237,4.545294208311285,5.1960262078575505,-1.0,1.0,1.0,1.0,0.15906196254890825,2.4839078310819045,1.6054546584524672,0.22235732348627954,1.5862497452401285,0.5917431192660751,0.40711009174311585,1,10.903201418379863,0.5465362413107699,1,1,4
2022,-1,192,0.5143549915702524,3.1144330183338083,1.9334994567607935,3.9875243405892435,-1.0,-1.0,-1.0,-3.0,-0.8319419854652673,1.8189213783879337,1.211189537139855,0.2576517856561156,0.9986989172973002,0.5121359223300969,0.01820388349514531,17,1.9827281523236486,8.115944602961811,0,1,1
2022,1,54,4.925095201209311,3.0306221757859126,1.1314889481794275,2.143592448283217,1.0,1.0,1.0,3.0,0.7169186272777852,0.7101257306257632,1.6640091777244082,0.2420708715914761,-0.7901626399736097,0.7591623036649311,0.0017452006980549055,22,2.8189220724722244,0.9408286057302826,1,1,2
2022,-1,224,1.2913003522442967,5.12853012393109,6.209379591385268,6.759313434120033,-1.0,-1.0,-1.0,-3.0,-1.2165399470869256,3.8814280734259072,1.323239543246762,0.12480334579979574,9.27212764233795,0.8663911845730151,0.0,17,6.609647894641476,7.977521313595832,0,1,0
2022,1,228,0.20993391722147575,4.401908857774119,6.60697686651841,6.8169107837398855,-1.0,1.0,1.0,1.0,0.8647771321491574,3.0211075789949557,1.5553932949822264,0.10918670031126315,7.197105117437574,0.8812154696132487,0.0009208103130955873,12,8.163656667802224,5.462242865065242,0,0,3
2022,-1,458,12.084991944093364,3.0937459190914187,2.2379614711284064,3.1898831109604737,-1.0,-1.0,-1.0,-3.0,-2.3603997640323082,0.23712412180450712,1.2026819336826275,0.2009609320446801,0.7341089226060046,0.22580645161288904,0.5833333333333415,2,5.2933567565938855,4.900400141475549,0,0,4
2022,1,399,13.850032521422323,3.426342832907639,3.1455917281066625,5.196381339353655,-1.0,1.0,1.0,1.0,0.46600486645981076,2.428322461401284,0.778801852456615,0.16475184259886477,3.864729370071734,0.4619999999999709,0.2280000000000291,11,26.309299674297925,4.735412026991583,0,0,3
2022,-1,371,14.185700665748698,3.062278540232246,2.085884740679041,3.716973615961063,-1.0,-1.0,-1.0,-3.0,-3.1886083715070406,2.129029576362039,1.6280696180207985,0.2950416350249076,1.3975191979856947,0.2884473877851461,0.15011037527592455,18,5.558616132630608,2.5126067872244415,0,1,1
2022,1,292,1.8640526944228037,4.442720664885608,3.5060054933399694,4.0136623973529595,1.0,1.0,1.0,3.0,2.287910462241666,0.9949091158237334,1.271019594148711,0.2086602571224047,5.892655474734992,0.5490476190476329,0.00999999999999307,18,8.57860846390747,2.704859441694395,0,1,2
2022,-1,514,6.425637232800215,3.74982577601453,2.3460430502412946,2.540625320195312,-1.0,-1.0,-1.0,-3.0,-3.265364795309524,0.5914937850575154,1.9257709521889226,0.18527961518941424,0.13396108295164358,0.6218274111675184,0.0,13,5.994460611879345,3.0889935355203,0,0,1
2022,1,149,2.078134888200881,5.090324160502876,5.290181104852025,6.56319679701565,1.0,1.0,1.0,3.0,2.6365495509356314,1.3943805462023047,1.907469570992289,0.19261546960105627,5.173781588524976,0.8785112359550625,0.01755617977528072,1,11.956652353715338,16.28153348007247,1,1,2
2022,-1,55,3.609296588538888,3.3165861650719535,5.95028860065199,7.595396685876754,-1.0,-1.0,-1.0,-3.0,-3.79815548303398,2.931888065005177,2.107482236989892,0.25611039502380706,0.6529328567324127,0.8121387283237014,0.07514450867052995,6,7.877598462679413,0.5852480030282902,1,1,1
2022,1,562,6.309587044602949,3.647873859318436,1.7358643803930682,2.7617042335801814,-1.0,1.0,1.0,1.0,1.7180543473470655,0.6218044170676505,0.9741855189556412,0.18510860732145465,2.211012635000864,0.8614035087719043,0.0,5,7.122643522128977,13.638294467372152,1,1,3
2022,-1,28,4.546271336587681,3.436897904123166,9.763209237453577,11.395549984418297,-1.0,-1.0,-1.0,-3.0,-1.7180543473470655,3.0726861588055545,3.9766758748109714,0.21760181464043032,2.0215992961874747,0.47564102564100696,0.11025641025643824,7,10.268136363433227,1.5494710278153345,1,1,0
2022,1,1158,58.647356264995764,5.030836257380602,5.687767556051077,7.882079817384686,-1.0,-1.0,-1.0,-3.0,-4.024374192712518,5.61993322076768,3.97585069086408,0.20356212969606952,8.848302830686825,0.49078138718174485,0.0,8,4.0787582514537855,3.337374506254339,0,1,5
2022,-1,270,1.9810049186136625,3.048243938570286,1.6656326733154225,3.8498774833433833,1.0,1.0,1.0,3.0,3.5237476199147855,1.9878175844593895,1.6289188934774579,0.20102165825545013,2.2150018847718194,0.35981308411212276,0.2819314641744856,6,10.183019387071564,1.9786688279076992,1,1,2
2022,1,206,0.9966136983373562,3.6307510384992328,3.8867934235156754,4.923654982747397,-1.0,-1.0,-1.0,-3.0,-4.1838127961581835,2.5641908372822098,1.0088155160198085,0.24382426527292073,2.3808250001401263,0.6075949367088422,0.18872266973534155,23,1.1633548363284278,10.052382399575833,0,0,1
2022,-1,67,5.261537188918274,3.389382837851976,3.474684952818613,4.584153658608467,1.0,1.0,1.0,3.0,3.7130660491641265,2.1011610770370055,1.4058202492447447,0.21058567490819768,3.262993671077122,0.7511627906976575,0.012790697674443985,5,5.0905034736241275,10.025726337310086,1,1,2
2022,1,32,4.9839733030682,3.330708002433444,4.540863115438172,5.3681376400502385,-1.0,-1.0,-1.0,-3.0,-3.5176956537075217,2.9667205690668412,1.8194603353316734,0.2301894253439997,2.234477894069655,0.312056737588675,0.15839243498815658,8,5.986052764084749,1.9045607605933628,1,1,1
2022,-1,211,0.22103158404736473,3.4487459942096113,2.7416027672660443,3.4310590844779156,-1.0,1.0,1.0,1.0,2.924614006909582,-0.7737573596451605,0.614659927226063,0.23194902950073654,2.5273842220482523,0.6418575063613294,0.03498727735368941,1,2.6057393165213374,4.761304214157262,1,1,3
2022,1,162,5.249612157376055,3.1305783941971637,1.741446833825388,2.772989879191657,1.0,-1.0,-1.0,-1.0,-3.069021875425563,0.6312415629095842,0.8205014161510907,0.20217857342863513,0.4831279238946786,0.6768707482993157,0.3231292517006843,15,9.111580663524446,1.95280977407862,1,1,4
2022,-1,102,2.0935095059173183,3.776814223917106,2.6903433562883956,3.4845914802439135,-1.0,1.0,1.0,1.0,2.3906801562466584,0.28825863594242,1.002189847163706,0.20377685717398825,0.7846281627109583,0.6372340425531683,0.1191489361702205,23,1.8960952323330449,8.518655456643724,0,1,3
2022,1,79,5.450885488174828,4.403789690839028,3.8901728898095738,5.494740222343788,1.0,-1.0,-1.0,-1.0,-2.8991037559761743,0.9934732477115396,0.775182823302607,0.1786787000190799,6.412785179852083,0.7694545454545402,0.04872727272727802,6,2.989860994223723,3.4051911237060093,1,1,1
2022,-1,126,4.541693320217394,4.310605219385798,2.783541741568523,3.6971144157243807,-1.0,1.0,1.0,1.0,2.6249943776110736,0.7846626797011619,0.8069644647142893,0.19617834968283024,4.330916617188753,0.6474464579901256,0.020593080724876194,16,0.2426677415726578,5.976287910102693,0,0,3
2022,1,242,2.9840548435998615,4.035319377752395,7.677724441345378,10.748370162103221,-1.0,-1.0,-1.0,-3.0,-3.4609574605896665,1.1340369181962984,2.1731745566361793,0.2082592117499018,1.592798927158654,0.5337620578778053,0.08038585209003357,12,5.350872152586003,24.614011901895584,1,1,0
2022,-1,20,3.9941839629944527,3.477144090603488,7.911029954942693,8.60223807116887,-1.0,1.0,1.0,1.0,3.4609574605896665,2.9977467438487313,2.9252211634556016,0.2918643384613668,2.185246167133763,0.6627771295215941,0.0659276546090967,14,12.03733295180789,1.2921885995649893,1,1,3
2022,1,597,34.217861678839675,3.316384424637138,3.2676358146545295,5.374748057467672,-1.0,-1.0,-1.0,-3.0,-5.699110671861822,1.4022849313226329,0.871770135849568,0.16966338167398348,0.7565062984605279,0.4247787610619716,0.04129793510328599,16,0.8235028375945069,17.69798447058184,0,0,5
2022,-1,69,6.559877661937277,3.114571250303704,3.503895913373738,4.415607724015891,1.0,1.0,1.0,3.0,5.7827149647664235,2.347548539087076,1.088283737215759,0.1582189666064773,1.8611044334532476,0.17059891107081132,0.17604355716873585,22,12.32558127279256,3.872392673075853,0,0,2
2022,1,172,1.4667627367310205,3.8561473666507986,4.467340221015092,5.2607890157420085,-1.0,-1.0,-1.0,-3.0,-5.960216659340313,2.185788930211921,0.983353091865185,0.17921735044652806,8.596061808382547,0.8611670020120906,0.017437961099923342,12,13.077935944072163,3.4252402194900253,0,1,1
2022,-1,308,5.902719672819362,3.879475683561577,5.790024558149587,7.137357262424858,-1.0,1.0,1.0,1.0,4.254198517859987,3.686216007559711,1.578298867593955,0.19811831310347158,6.201605168693325,0.5181907571288137,0.15044247787609796,14,15.792342069070543,0.03255636646016534,1,1,3
2022,1,139,0.7431475342566474,3.7327418485278034,2.976391403186553,4.7705890306502665,-1.0,-1.0,-1.0,-3.0,-5.533990280698193,2.7929934360505397,2.325025238836225,0.26077412358307106,1.96941415805709,0.7983978638183994,0.0,1,6.080125222729192,1.0472488270471025,1,1,1
2022,-1,160,1.4264621016483128,4.38963977538979,4.60399209293072,6.566053744755477,-1.0,1.0,1.0,1.0,4.123261093519578,2.8896164076215003,1.9647464331700442,0.27762862754925693,5.265261866116503,0.8267558528427996,0.020066889632107024,15,2.2253530131909876,6.4127676782066665,1,1,3
2022,1,362,1.643626065161589,3.763201383018506,2.181573893963092,3.7842489133336197,-1.0,-1.0,-1.0,-3.0,-4.8910082549593845,-0.03546792809020388,1.3017178444474296,0.26705912460016495,-0.47850166260887855,0.8616352201258024,0.0943396226415062,21,3.231409795153475,3.1364778253650063,0,0,1
2022,-1,242,0.40012444245118184,5.072036095736852,4.61747885994446,8.14798864627828,-1.0,1.0,1.0,1.0,3.4928385075843886,0.07000645859482067,1.305165053235529,0.23467113381122054,4.084986813397121,0.794168842471717,0.0,17,3.8364873011494023,3.224532271518238,1,1,3
2022,1,511,5.630354928554686,3.300443225068186,4.032494679973199,6.01300040913617,-1.0,-1.0,-1.0,-3.0,-5.097058295716009,0.9285586499860089,0.30726090324562233,0.11984984361564205,2.1712822592467385,0.8641456582632979,0.032212885154050776,11,4.398320578990452,8.90596843814711,1,1,1
2022,-1,25,5.204212312375128,4.578351525738853,5.167198000053825,8.509590402667445,1.0,1.0,1.0,3.0,4.463601432272086,2.3573758847317228,1.080547637154041,0.13750363391793502,2.3355173304868377,0.67617866004964,0.2133995037220521,14,0.6181390157657847,11.093189402694358,0,0,2
2022,1,33,6.466937071183137,4.030277589610449,5.43404782592106,6.428422556953077,-1.0,-1.0,-1.0,-3.0,-4.590920344252517,4.310433907788654,1.4064268011140635,0.1436826447976258,2.16559211956388,0.666172106824879,0.0014836795252549054,16,5.9207312330108275,3.0216387073259816,1,1,1
2022,-1,151,3.1088600796848955,3.9028550692160797,4.562175045270999,5.549332380385946,1.0,1.0,1.0,3.0,4.270820860413341,3.65719942986656,1.6880724739239856,0.1478763889213039,3.9013816080963646,0.6643678160919875,0.0011494252873395954,5,3.732688673403409,2.248525041095286,1,1,2
2022,1,116,3.646378438603759,3.418542415973646,3.7811734709313414,5.35032589853895,-1.0,-1.0,-1.0,-3.0,-4.705236555869631,2.174132746487006,1.1060985242402073,0.14562154656324974,5.253002523766083,0.3871706758304484,0.046964490263482775,15,2.609493574545818,7.20634980520269,1,1,1
2022,-1,39,4.38331515571182,3.1539661343697127,3.7955897528112055,4.783887776683261,1.0,1.0,1.0,3.0,4.24682790946416,3.1925761079228607,0.9109049977967045,0.1546457607862178,3.0548844183291815,0.5341207349081409,0.39632545931759106,18,1.1262000737146984,15.77336779628438,0,0,2
2022,1,71,4.4681454638921805,3.0085528815316787,1.570452371445773,3.9886710673002366,-1.0,-1.0,-1.0,-3.0,-4.368386630193509,1.8483745722840663,1.1861346285155943,0.14494027931179207,1.0150180893278204,0.7637969094922539,0.02649006622518205,0,11.020962217313988,6.688320387241292,1,1,1
2022,-1,23,3.35323341619662,3.61642030542885,8.011698138055761,12.944665113889192,-1.0,1.0,1.0,1.0,4.368386630193509,4.08829737363287,1.8494714266619137,0.18885883595121147,1.897577214668591,0.6090621707060276,0.28451001053740343,2,0.018838389978554596,9.368062216517371,0,0,0
2022,1,63,6.269377014970448,3.362146312154343,2.7707780084091036,4.594545683315367,1.0,-1.0,-1.0,-1.0,-4.319821992673186,1.1061904580260988,1.4922268977271234,0.17863845255505553,-0.20712160481275346,0.7943262411347829,0.0,7,2.8859929154525474,7.5901332664432655,1,1,1
2022,-1,80,3.8025923071204826,3.4886337550637334,2.0831820209690313,4.668840107297337,-1.0,1.0,1.0,1.0,3.921187454240148,1.845590259427667,1.8908008987670324,0.1937803659799292,5.941340338522172,0.5178735105407952,0.08249312557287003,14,29.274464932862955,4.168981104778437,0,1,3
2022,1,334,20.12500863232274,3.0035514568677897,1.9093519640263215,2.9408409560864457,-1.0,-1.0,-1.0,-3.0,-6.310717751744343,1.8612939090884277,0.63420895275563,0.1919726897622011,0.39853410210183154,0.11267605633804802,0.47183098591552003,17,12.805826103555424,1.0890987495954594,1,1,4
2022,-1,162,4.3195966768739025,3.1053105479531875,4.418217605569654,7.348668058243418,1.0,1.0,1.0,3.0,5.2010650495374895,4.021493221467864,2.1824877456955676,0.18609593072490702,6.162930439455861,0.7683982683982865,0.1331168831168784,7,1.8794331268590594,9.284456001500049,0,0,2
2022,1,35,5.274562894622656,3.7941795627502377,4.736401238890489,5.239842787801308,-1.0,-1.0,-1.0,-3.0,-5.278024920710213,2.581992090033129,1.7075546476868857,0.17894197500308193,2.0564184707640925,0.8367071524966426,0.0,10,2.4680209265568323,8.995401008986276,1,1,1
2022,-1,34,4.623710562463205,3.0859388565387635,2.6023157798968364,7.436314486189993,1.0,1.0,1.0,3.0,4.858213471156936,1.6105291332385443,1.6544543754805572,0.1993065624937214,1.853216722751891,0.6186440677965762,0.0012106537530530285,13,2.20539690841766,9.523424313703252,1,1,2
2022,1,7,2.424894850556861,3.3192159782242,6.735293306863806,7.984409873784786,-1.0,-1.0,-1.0,-3.0,-4.858213471156936,1.9123210128260624,2.110381389978139,0.21854722321668585,4.124302662156937,0.7431102362204831,0.21604330708660652,13,2.5715714171271467,6.181707555614693,0,0,1
2022,-1,778,49.82185125876004,3.157887123216904,5.313962415325003,5.98166133232858,-1.0,-1.0,1.0,-1.0,-1.385697521065729,4.288057577179842,1.8745701591081174,0.20329686950172793,8.089568365355879,0.8327423167848534,0.0005910165484762551,6,0.32463981826730665,8.330119592134265,0,0,5
2022,1,22,4.34020808653975,3.2590503876055763,1.6161804271831832,3.4147225386746785,1.0,1.0,-1.0,1.0,1.5433034065806013,-0.39572158196633994,0.7336983173248929,0.20262099791816401,4.5749410808584505,0.5600933488914771,0.0005834305717746904,8,2.5257093276712532,4.572719234033053,0,0,2
2022,-1,626,14.721693618563092,5.865798139401833,9.382904490696477,12.162972779705518,-1.0,-1.0,-1.0,-3.0,-3.6066533351374885,8.916764782547247,16.878587263995826,0.32777451299252924,8.958086556214377,0.6516336104024362,0.11760348942474004,12,26.23872163807821,0.7225114882302089,1,1,0
2022,1,1006,47.92843442846941,3.4570386836877063,1.8963028488117286,3.6325135427297504,-1.0,-1.0,-1.0,-3.0,-2.9104861469530685,0.24652003539057102,0.8393543110883428,0.22348938036315116,0.12734902196039918,0.7573221757321997,0.18828451882844996,0,5.066578479524425,1.558079986360166,1,1,5
2022,-1,401,5.616355625683046,6.336682751784297,7.052920057830491,8.405430188097077,-1.0,1.0,1.0,1.0,2.1636749283220933,1.0007097084856544,0.5828336254375759,0.13188859910606043,9.34100660333667,0.8789885611077548,0.00722456351595853,9,8.558256191517023,7.40824051578184,1,1,0
2022,1,336,14.85588340136225,4.122502216191994,6.751675972357461,7.020718088902959,-1.0,-1.0,-1.0,-3.0,-5.384352030383829,5.543930915480263,3.7934912889103773,0.28589218842925934,2.2361688415386993,0.704339963833634,0.0027124773960150676,13,10.520095822475056,4.452921561600864,1,1,0
2022,-1,268,1.7176251264258946,4.214462304852852,2.8971272363646303,4.924520593683489,1.0,1.0,1.0,3.0,3.7314231137732286,1.115480760576404,1.0233107851302372,0.2638318948236136,5.646062931082227,0.778485491861292,0.05520169851379556,12,7.901075581559144,4.541281692642813,1,1,2
2022,1,273,0.3673603710657325,3.258802926073908,2.9792030092523225,4.074564115661667,-1.0,-1.0,-1.0,-3.0,-4.21136323367137,3.4667987995665066,1.4354913528793511,0.233564469724418,4.561150125378484,0.5184729064039632,0.06650246305415972,10,23.30498354004594,17.263697437825318,1,1,1
2022,-1,88,1.3678779683798956,3.3416050200887275,7.724559971257286,15.978740563845754,-1.0,1.0,1.0,1.0,3.51672800525087,6.305028729818401,31.32259542375781,0.42949224130762714,1.5628009403595327,0.6814285714285818,0.15285714285713592,18,9.573911231756464,11.459064352438885,0,0,0
2022,1,6,5.361120472460472,4.975924705453737,8.00868242921311,13.693186040554021,1.0,-1.0,-1.0,-1.0,-3.51672800525087,2.558753609370507,6.4097883508595865,0.46413260679988033,2.208074765797113,0.6097560975609745,0.23912496856927837,18,2.200985241155785,16.53873767417225,1,1,0
2022,-1,29,7.135393551803284,4.096439831484418,2.023543729363413,3.4726110206305414,-1.0,1.0,1.0,1.0,3.8286447788771745,2.0150083516132984,4.40069046274828,0.5395173216026163,1.3654533283687043,0.46126233921627596,0.0,21,6.230097923492861,0.8191241625959683,1,1,3
2022,1,135,3.356320503502517,3.1684792592723072,0.9202346803644552,2.694041371334702,-1.0,-1.0,-1.0,-3.0,-3.8062554528227586,0.7687232173107393,1.6152359302315342,0.3632083430154595,2.659059427050658,0.5061494796594099,0.06338694418165261,8,4.514222093441383,3.3461761841914024,1,1,1
2022,-1,292,3.5324324422893247,3.3183875658507023,2.397522660539182,3.6251201740112022,-1.0,1.0,1.0,1.0,2.9150844214197225,0.022568862717393213,2.033418400726023,0.2543302284575053,1.81153104573677,0.8668098818474581,0.0,8,11.758983564448867,0.9454148635631038,1,1,3
2022,1,165,1.3355802708870628,4.28466311358145,2.7786789535184564,5.4632792967606765,-1.0,-1.0,-1.0,-3.0,-3.8098439257765717,0.3453766626834239,1.1955525042571677,0.3105857398841176,4.373129087034147,0.8459444746869744,0.007621121393584375,22,3.9093022520178677,2.441003941633827,1,1,1
2022,-1,274,2.1370130681015946,3.385375028906123,5.086270934878623,5.308064717542681,-1.0,1.0,1.0,1.0,2.9712805550279198,1.2341181047820038,0.8786783854767187,0.1759378480269669,6.6250750557715055,0.8495114006514516,0.0,21,4.9663824037088276,2.8833191746336193,1,1,3
2022,1,120,2.46106204797152,3.381083085890411,3.1202750965353268,3.607078578551725,1.0,-1.0,-1.0,-1.0,-3.0502615931741905,0.9573368422888068,0.7826043491097066,0.154810495991816,6.1197791230411855,0.9429708222811779,0.05305039787798306,7,2.9850519070863406,9.25264673804689,0,0,1
2022,-1,74,2.582379143869042,3.4052833754119884,4.770775339297474,6.110317363995158,-1.0,1.0,1.0,1.0,2.86137051378119,1.9081893239073904,1.0977861443044263,0.14736147936393773,6.106632799513883,0.9063136456211746,0.016293279022425364,13,4.032952726763406,6.063755742815855,1,1,3
2022,1,225,0.5746515018739713,3.7843317012090423,2.756902453205261,6.4992609943347786,-1.0,-1.0,-1.0,-3.0,-3.2622401834048125,1.4479201916419313,2.2151415326962227,0.22134290734973985,2.5227572370654228,0.6482352941176728,0.10352941176469732,8,6.781837559305803,5.466313046751431,1,1,1
2022,-1,383,14.363076716805262,3.043266674726717,5.215429449136312,7.251416219475097,-1.0,-1.0,1.0,-1.0,0.6256578030028078,3.4795297420162847,2.9550101137576545,0.31825630695053225,3.847637215611893,0.9121706398996244,0.0,16,15.619290082903593,0.0015881332061694258,1,1,3
2022,1,255,10.776198517255205,3.0730090611972245,1.55382272419181,2.7281104614725007,-1.0,-1.0,-1.0,-3.0,-2.767842058128188,0.9205494382398696,1.9848951843160525,0.3219214442446665,0.9616281727833341,0.525,0.09166666666666666,13,8.353013600822424,2.0825765948458472,0,0,1
2022,-1,278,4.243439577238587,4.277309908842569,4.641321529523363,6.678324825909751,-1.0,1.0,1.0,1.0,1.4382648756611933,-0.174011123880246,2.6998296759572225,0.2738522239589049,6.965687645753754,0.8249574105621862,0.1358603066439434,12,6.739244550661508,8.901894779348337,0,1,3
2022,1,50,3.9954664936036695,3.578068478758745,5.173675951732874,6.328843503901273,-1.0,-1.0,-1.0,-3.0,-1.8368678495786113,5.015169317324117,2.6693732362863174,0.3329179780889201,2.9311370206361436,0.6774969915764022,0.10048134777377049,16,2.221239734621638,6.755886827708192,0,0,1
2022,-1,238,1.986387970754394,3.417828842250107,2.3832411230312016,4.429050956158653,1.0,1.0,1.0,3.0,1.4162755330472068,3.6143728707377143,6.191184023615089,0.24418415211447114,9.27528836767507,0.4091591591591606,0.012262262262256844,12,2.2431753045806,18.57994303841345,1,1,2
2022,1,24,5.454421696204498,3.853469385483234,2.5352332728735387,7.822145124025489,-1.0,-1.0,-1.0,-3.0,-1.4162755330472068,1.0701082574119476,1.6797911502871923,0.2704222190887975,1.6756926575802513,0.7259615384615496,0.15504807692304934,14,9.884962991189141,7.991537102168486,1,1,1
2022,-1,81,3.821948869221979,3.2484548470289076,0.8758034598893316,2.228273720898717,-1.0,-1.0,1.0,-1.0,1.2838544319449559,0.48708992468340034,1.1814585394518287,0.3601752517288434,-0.08195632750010041,0.39707227813356,0.0,21,1.6511048833979203,1.9540467359169962,0,1,3
2022,1,387,0.3807780392425831,3.2722335063939827,2.590292714321788,3.7877394429926627,1.0,1.0,-1.0,1.0,-1.6345762772694326,1.676682867957348,0.40785059005825364,0.10303615836904402,5.951559354168262,0.5862068965517241,0.0,5,0.7966277399945768,17.33542126025776,0,0,2
2022,-1,55,5.5994667405923355,3.4526593235010576,1.0257141406580588,2.741454157758778,-1.0,-1.0,1.0,-1.0,1.689822399313458,0.36312576568395694,0.3964728683867494,0.11158641409996448,1.4206648337934655,0.6629213483146067,0.002247191011203254,10,9.156829873874738,1.8742594752023174,1,1,3
2022,1,108,0.1197445106270456,3.3946472784395008,4.225822407291972,6.334870884788612,-1.0,1.0,-1.0,-1.0,-2.023193937202646,1.9785731669300233,0.5487133645961707,0.13415304346862708,5.9413514137257515,0.6373147340889427,0.0008718395815043084,19,1.0313478818528081,15.516570941582865,0,0,3
2022,-1,26,4.713015969237603,3.649680830142622,4.7015858577520095,5.101639759748732,1.0,-1.0,1.0,1.0,1.7137906021594072,2.6491973205993484,1.3742984653639247,0.1372715789042537,2.928600262577361,0.7270270270270663,0.0013513513513316866,21,8.538293279758559,6.576124141393821,0,0,2
2022,1,190,4.702438897260811,4.301606952304337,3.9452126066328086,4.377913344134541,-1.0,1.0,-1.0,-1.0,-1.6906528331642061,0.6796224652654275,0.9802472734454896,0.16269889935412526,4.417245795475817,0.7110481586402516,0.12181303116145499,13,10.454813407576896,6.089626555721978,0,0,3
2022,-1,559,20.16433905697512,4.2480457651238925,3.524857017419176,4.225855152123328,-1.0,-1.0,1.0,-1.0,-0.8812408308845113,2.7962589417197896,1.3997520014345965,0.17635106474727788,4.232069683776443,0.6398416886543598,0.0,11,7.756388267799135,10.492267627535139,0,0,5
2022,1,61,3.048814523466824,3.810541726780916,1.6760841474750159,6.206749108618214,1.0,1.0,-1.0,1.0,0.2773164134752369,0.19105934799238128,1.183647727642338,0.2264962060426238,1.706008043373506,0.795962509012263,0.14924297043980259,16,3.404545924558497,5.807369682852714,1,1,2
2022,-1,255,2.7341851933827694,3.3896865494522954,2.610200661940576,5.6945877774670866,-1.0,-1.0,1.0,-1.0,-0.896975909920354,3.3950812761165468,1.9956342549183967,0.22950476728167507,4.979079664018966,0.5636083269082635,0.0007710100231190767,14,4.095839872028405,5.0572637825098665,1,1,3
2022,1,824,35.002153387952816,6.7730391793458375,7.456012448975248,7.564484299304777,-1.0,1.0,-1.0,-1.0,-1.3531739562516052,0.26981662495058645,0.33490523115059606,0.0896962606627881,9.515159813424146,0.8530326594090355,0.0,10,1.2445717564138765,5.035377473197636,0,0,5
2022,-1,103,4.94355865538357,3.7060403945628444,5.242094950846743,7.240770149287373,1.0,-1.0,1.0,1.0,0.9768576718829809,5.444134385472155,3.0601882869689567,0.10194043961100009,2.048185655607511,0.7945454545454016,0.08000000000002645,19,1.3965426703029304,6.380580823376216,0,0,2
2022,1,492,7.205855501782242,4.656867215626403,6.00124026385796,6.419762174315009,-1.0,-1.0,-1.0,-3.0,-1.988170351939812,0.8433280108338509,1.3747755426115296,0.14278852922493013,4.547090160568443,0.9099999999999757,0.0049999999999878735,12,0.5968486375214104,14.324367300512526,0,0,1
2022,-1,20,5.310780363561235,4.422173512161824,4.200197722184249,5.84992949469483,1.0,1.0,1.0,3.0,1.988170351939812,-0.1252646908692965,1.4820007258075354,0.16317519972440042,5.78928123352779,0.6798029556650214,0.09852216748768573,13,4.277680232047803,6.634439907062819,1,1,2
2022,1,200,6.33386379251357,3.442054265711264,2.1112879308378085,3.749424705800551,-1.0,-1.0,-1.0,-3.0,-2.263547660080076,2.4974562650084278,0.6883552784252369,0.13126373310254463,3.989203632763759,0.5929487179487041,0.0,6,1.3359562048240474,9.383501914834962,0,0,1
2022,-1,71,2.2553179464924518,4.086392966921653,4.616864636841371,6.357381747721334,1.0,1.0,1.0,3.0,2.0408255597314615,4.86342078097154,2.793972875410076,0.12879529319721036,9.40369585016722,0.5624999999999861,0.0,12,1.32377357728909,7.211297419491169,0,0,2
2022,1,115,7.7171546465731655,3.076951426958408,0.3206203892402345,1.447244812542579,-1.0,-1.0,-1.0,-3.0,-1.9368149863973305,0.20495939001076877,0.276898303036945,0.11705219331189443,-0.3599653216773305,0.5430463576159945,0.2582781456952446,22,2.4491835289182102,7.792856682921578,1,1,1
2022,-1,52,5.795122724755015,3.670040192447368,2.590355959241643,4.123925331695913,1.0,1.0,1.0,3.0,1.8796483516719902,1.4724063963329665,0.6991217779413506,0.1068069479584747,0.7358237952794403,0.7640000000000873,0.0,2,15.625695625102493,3.0032400210563166,0,1,2
2022,1,163,1.8210637822614653,3.41204450790069,4.195339171684111,11.247426806577256,-1.0,-1.0,-1.0,-3.0,-2.369967774416272,0.7517461555528406,1.7458736360841047,0.2899488308377908,0.456784078653987,0.8099273607748062,0.12469733656173673,16,8.778833372655063,2.2092188115483062,0,0,1
2022,-1,266,12.890188899571143,3.114499697179383,5.271039710137966,7.6036134934453035,-1.0,-1.0,1.0,-1.0,0.3331142888295647,1.41523660084621,2.4419803461946854,0.2317487775842864,4.792802555260092,0.8429752066115702,0.08044077134985424,14,8.495806320171912,2.055150640668497,1,1,3
2022,1,507,18.765627813634204,3.4385363279527397,3.3009255932456703,3.9181718423892096,-1.0,1.0,-1.0,-1.0,-1.6863296237229164,1.7867344662242997,0.7368191580953449,0.07773744008929112,5.169574270010336,0.38214285714288315,0.09642857142859741,8,0.44951629013691174,6.266391268478574,0,0,5
2022,-1,649,9.614320398095346,4.23072086787316,4.47077498001752,8.583622830426428,-1.0,-1.0,1.0,-1.0,0.18518486496134623,3.382589099179511,1.326694924543,0.15541457423227562,5.3132708771944195,0.485,0.055,14,11.06922789715223,1.4250802382561252,1,1,3
2022,1,530,9.3627637833648,3.8716725497381232,3.585648607381472,4.178282562703809,-1.0,-1.0,-1.0,-3.0,-1.5141121139524298,2.935791465921759,1.1122138881782275,0.12200502945363076,4.727567991052637,0.5371747211895578,0.0,10,5.359286919712978,11.494540601070826,0,0,1
2022,-1,85,4.6395347770928295,3.6100904025007052,2.186854818538088,4.083074150657802,1.0,1.0,1.0,3.0,1.1228195658320967,1.4291387905523987,0.7060573254758251,0.14796691666656797,0.9245951180513551,0.5858123569794452,0.29748283752859916,17,5.507896901147651,1.4815321136935073,1,1,2
2022,1,266,0.22520842658333923,4.154741365160846,3.3754130442132753,5.9341063727446715,-1.0,-1.0,-1.0,-3.0,-2.1701662752792883,1.1433141607799813,0.8130922001006028,0.19236560334045463,1.385456906921011,0.7527372262773823,0.1441605839416011,15,2.2059572387020387,2.135410020736207,0,1,1
2022,-1,472,0.30047566451536517,3.7786242377633745,1.9068647940382164,3.9870809329889982,1.0,1.0,1.0,3.0,1.1844131550277452,0.7734764217299025,0.1850909541007289,0.04520020790517793,4.54132559751885,0.4416961130742163,0.2897526501767116,7,10.817123922543896,7.084291628760498,0,0,2
2022,1,84,3.4655919721695154,3.1384301154131085,4.986108108106828,5.272439068770532,-1.0,-1.0,-1.0,-3.0,-1.3561918552445145,1.027897058417397,0.47000344713275916,0.05276584336476087,0.6740697288307671,0.806122448979465,0.005102040816437329,14,44.97370778698337,3.3767306395496464,0,0,1
2022,-1,167,5.334833162345487,3.537378666474195,3.2288810789351166,4.167723353882035,-1.0,-1.0,1.0,-1.0,0.4075312890588829,2.731509612578876,1.105160265406652,0.14082235545350874,2.8877394505214182,0.707084468664856,0.008174386920960938,4,1.9181836284209062,5.607281508800591,0,0,3
2022,1,396,3.0553666929874272,4.618076043761527,6.55604998900117,7.830150269882439,1.0,1.0,-1.0,1.0,-0.7414776207509675,2.5483359179792964,0.6189961415503231,0.08344225551016082,5.0314981342686185,0.9406175771971476,0.002375296912079531,13,64.2245500809323,1.385429431637848,1,1,2
2022,-1,538,32.44386117164903,3.032518899633198,1.074492832669076,3.1043844648294345,-1.0,-1.0,-1.0,-3.0,-4.235950340625182,-0.32011787476934983,0.8182158064616368,0.1835769104738563,0.2589331008725836,0.5697674418605044,0.0,10,4.308557466958506,5.036354336377176,1,1,5
2022,1,330,6.26767429506332,5.628481476894608,6.8861117506777045,13.668729886334264,-1.0,1.0,1.0,1.0,1.9917007495368428,2.351427458011813,1.8611325589296088,0.19331936319968548,4.064331112736179,0.9575757575757575,0.021212121212121213,13,6.2474804189616435,4.40983769370749,1,1,0
2022,-1,531,8.282050549007847,4.963944896653032,5.6455375139742925,5.952949870596854,-1.0,-1.0,-1.0,-3.0,-4.105227061199894,1.8214258557822491,0.7873140142524283,0.13390555109726351,7.037874050314416,0.6971153846153846,0.08173076923076923,9,4.650968124901297,4.73776690794772,0,0,1
2022,1,288,0.6741197549390369,6.17846470729562,8.23278436347893,10.789790330488856,-1.0,1.0,1.0,1.0,2.808021396145794,4.719610521832129,1.0068623856889907,0.12457317658639405,6.487011578600349,0.9464668094218424,0.031049250535347003,9,4.602610740617839,19.158173495248615,1,1,0
2022,-1,50,4.692609132011311,8.632713802250697,10.089969086046038,12.344598748373796,1.0,-1.0,-1.0,-1.0,-3.4590254401013327,4.638384376548345,2.0182127670310357,0.17182016755384139,7.764832768537913,0.7873732417402662,0.0,13,2.5783566659402353,5.961733579801769,0,0,0
2022,1,155,8.02718389852179,3.046886954365575,2.5242931493648624,2.8214697447569703,-1.0,1.0,1.0,1.0,2.472662534621671,1.5522334054826865,0.5734833550987692,0.1423518990308944,1.8299782621382639,0.550724637681083,0.0,2,4.146809043747051,3.750573583224198,0,0,3
2022,-1,130,2.338476558672579,3.3791336615787615,2.7771675099893973,4.347028517594505,1.0,-1.0,-1.0,-1.0,-2.529512342339435,0.4732987819876618,0.9605278015162655,0.13495148704318266,4.576099104322083,0.6764069264069158,0.08008658008659457,13,4.296270886863574,2.6285201628490227,1,1,1
2022,1,327,1.7687417604991709,3.3233796470423482,6.190596161747098,6.384726354972616,-1.0,1.0,1.0,1.0,2.0046380914026263,3.55517327040468,1.2192642693841842,0.1130019694477608,2.8023849777041017,0.4884057971014598,0.09130434782607641,16,12.200004143150347,19.98246788934676,0,0,3
2022,-1,30,3.4428201419247446,4.359961945221035,4.119455641741445,11.336215425501226,-1.0,-1.0,-1.0,-3.0,-2.0046380914026263,5.898695962002566,2.5484705029983528,0.2401749051477189,2.328872528548716,0.41090317331163667,0.0,19,4.006340284629223,1.8345254280745942,1,1,0
2022,1,396,2.7492136475307545,3.6784956109145095,1.1988374266280994,1.9830393523172656,-1.0,1.0,1.0,1.0,1.5355750013420708,-0.15797520537025084,0.30006733801255475,0.10910887600212532,3.920895371021358,0.631578947368421,0.10105263157893205,4,15.377568795696646,1.5684038513781682,1,1,3
2022,-1,546,39.26222563041696,4.595102787151742,5.301357226792078,6.584294373554706,-1.0,-1.0,-1.0,-3.0,-4.819979502948722,3.824943595408644,0.9741268731490631,0.10854163711268565,4.237476647247719,0.7049608355091518,0.0026109660574508016,1,2.2092612561200204,5.062165555361757,0,0,5
2022,1,746,21.405565760155593,4.938418249795089,13.122848631422627,15.195441311575019,-1.0,-1.0,1.0,-1.0,-2.3160902296530304,6.710317240273954,4.537246111540965,0.32352683658101306,7.021479179605981,0.9192672998643133,0.06648575305292041,16,7.535726561587957,51.47346680611795,0,0,0
2022,-1,21,4.742920891843674,5.248956865486248,4.2381433306949186,11.82416584703921,1.0,1.0,-1.0,1.0,2.3160902296530304,1.4873716444189864,3.566319293958648,0.4657290229827001,2.23912054716237,0.7671167969675442,0.02819237147594849,17,28.822025559331273,1.0183914909827003,1,1,2
2022,1,524,22.277467600082392,6.292288610618682,5.277388361633167,7.123088627344649,-1.0,-1.0,-1.0,-3.0,-9.686233237565855,5.392134697565442,21.55262085670808,0.7246005541335553,9.442817681878415,0.6834226418303985,0.05324487539338449,13,6.33920048360616,2.6002915798354684,0,0,0
2022,-1,166,3.3678630071437654,3.7748203226126336,2.32414535336949,2.785684245800318,1.0,1.0,1.0,3.0,5.758656869754582,1.72517253551617,4.94716750461233,0.6467770347063821,1.7393515019488603,0.728332488596053,0.08312214901164662,3,0.29337422667387303,5.554003661984447,0,0,2
2022,1,906,8.596189215877962,3.0952269279268756,8.656279082241356,10.490689169280161,-1.0,-1.0,-1.0,-3.0,-8.219559192759702,7.0991927414707865,10.511200544311382,0.3639505745950839,2.673375455409195,0.29043392504929993,0.19921104536489942,6,12.133145516546996,1.473870888858287,1,1,0
2022,-1,157,1.4457527355542252,4.280887991421974,4.207850117724822,5.430965280912655,-1.0,1.0,1.0,1.0,6.652381739546909,3.7534688835714656,5.563225363915312,0.442386442671552,2.5541562344021145,0.5680323722812336,0.030349013657056313,19,0.8724609867108073,8.865149834664237,0,0,3
2022,1,70,7.017429887502752,3.6033303235459995,2.4327302974407052,3.7599641384050884,-1.0,-1.0,-1.0,-3.0,-6.405368680417203,0.6229219328408521,1.5639963195918203,0.37419574567068153,1.5184914452057408,0.46551724137931033,0.24206896551725643,1,3.8221782247002585,1.9844698295188672,1,1,1
2022,-1,202,0.13118368533876354,3.0330195346650477,5.108667517620964,6.834670006149526,-1.0,1.0,1.0,1.0,5.254215518383033,2.636902303449796,2.3914326859504946,0.3199365278757423,1.8776936229832684,0.6238461538461426,0.2792307692307636,18,1.3568141169323817,6.165633210921887,0,0,3
2022,1,537,2.6882941534290707,4.058647640948343,5.733774243327544,7.472705776139995,-1.0,-1.0,-1.0,-3.0,-5.838147343857056,3.95548391501516,2.4706906613326094,0.19124293062691528,7.735083598261938,0.818568994889245,0.0008517887564069978,15,1.6042035041441225,6.341616977319576,0,0,0
2022,-1,281,0.3970862069185759,3.04182064425172,3.9786480732427303,4.3601622720467965,-1.0,1.0,1.0,1.0,5.230202610673501,2.300994776078016,2.3044164241449367,0.1541039034965569,0.8199328674807381,0.28124999999993217,0.6051136363637065,14,4.967470588510543,2.226797160366785,1,1,4
2022,1,374,0.6435573447988354,3.3121082418479966,2.637678694878791,4.1967190231234435,1.0,-1.0,-1.0,-1.0,-5.430254842375145,0.7529215164838782,0.2109164907689806,0.06617736123008136,1.2791837890740831,0.5406976744185394,0.24418604651165987,21,13.007109715296407,1.1058309304991334,1,1,1
2022,-1,129,0.619815409348135,7.5377614014687,9.785791521708255,11.78378472360679,-1.0,1.0,1.0,1.0,5.115448853748712,9.201046004387953,2.990768787477266,0.08275409507859964,9.564074555048123,0.8004451038575333,0.00964391691396797,8,8.568036540988924,7.31382183030794,0,0,0
2022,1,630,16.849864461852597,5.46575667592583,6.346714365014581,8.720365162845102,-1.0,-1.0,-1.0,-3.0,-7.222527569948594,2.976959385541603,1.7703834536503846,0.24505948416486129,7.104962634168691,0.794762915782023,0.009907997169141142,13,7.299230886890807,0.93214183691628,1,1,0
2022,-1,547,17.781645116341767,3.00299639167764,2.8713551452458392,3.7258427607587827,-1.0,1.0,1.0,1.0,4.153588955654978,1.660004052691116,1.030720759130701,0.17519871875704948,4.031003571290084,0.6806569343065862,0.0,10,1.6985968389345365,5.8983861718604285,0,0,3
2022,1,308,2.175254381544971,3.3852447862964534,1.8593460688724694,2.8431748140525124,1.0,-1.0,-1.0,-1.0,-4.286236132555094,1.6949708384318192,0.9742509420331155,0.13376836265041459,0.5249367027508894,0.5132743362832067,0.09734513274333718,12,3.393757873281762,5.988719013091595,0,0,1
2022,-1,322,1.0676351152696664,4.046785431227295,5.20188173184594,10.239075068251463,-1.0,1.0,1.0,1.0,4.0213512458356515,2.130558012249932,1.239661750101263,0.10672322778894436,4.73480941310506,0.7000000000000111,0.0015151515151294668,15,7.416656705011926,2.282921895417182,1,1,3
2022,1,159,2.8637621286444306,3.659362760438175,2.740853882780083,3.36154052439608,-1.0,-1.0,-1.0,-3.0,-4.103381193305155,1.4104025786378516,0.5989814315386904,0.09821583439710159,1.5443592228554937,0.5853658536585726,0.2086720867208787,4,1.616243433119073,3.834737270974726,0,1,1
2022,-1,222,0.20066797498316025,6.296569487486835,7.665516644356721,9.808650617176932,1.0,1.0,1.0,3.0,3.976068083072707,1.467876940243782,0.3673351992697083,0.07566222433142852,9.322326394938488,0.8012872083668532,0.0,23,34.1777694991318,3.788611367682124,0,0,0
2022,1,216,5.7631810599356905,3.3960052472465896,6.520932643742024,12.262768588640903,-1.0,-1.0,-1.0,-3.0,-5.20846651859305,4.605734951477011,4.289260787002717,0.17214661245254517,2.123300087034374,0.4105090311986888,0.09688013136288459,17,1.9281753916575224,8.566506168101915,0,0,0
2022,-1,86,4.975494501688507,3.063947317138524,2.6093878892924893,3.8493376231517917,1.0,1.0,1.0,3.0,4.888736649498964,0.4886804110472815,0.8887605916211413,0.15789903379588502,1.5380124180691117,0.6454640250260675,0.04171011470281559,0,2.040423612679841,15.499371673241102,1,1,2
2022,1,46,5.700135083917243,4.453606325879283,2.4341338891781543,3.347958564745013,-1.0,-1.0,-1.0,-3.0,-4.59454923125293,-0.7276505399696165,0.3628254078988112,0.14940600153379816,4.828085436786283,0.6166097838452689,0.07963594994311751,4,8.593230245129021,1.512113476610666,1,1,1
2022,-1,693,32.87147528453449,3.031177758568653,4.688220001454501,14.375825048707826,-1.0,-1.0,1.0,-1.0,1.4313505518487715,6.416797654990989,2.3759064942784147,0.14176546549728913,4.827791557224503,0.9840637450199203,0.0,13,6.25649182494987,5.6715015415825984,0,0,5
2022,1,262,0.5292121910697622,3.2761128316648853,3.088108785536631,3.866362007698046,1.0,1.0,-1.0,1.0,-1.906571647097158,3.452165068620877,1.153422748444435,0.09445561348671623,5.868932568831574,0.19963031423294778,0.10166358595193675,11,5.721717689330587,15.216406999700077,1,1,2
2022,-1,23,0.4971205449007447,5.356766300134454,10.060538552250256,11.901361164061091,-1.0,-1.0,1.0,-1.0,1.751418753137432,9.533636545437082,3.922117839750564,0.12054349758454011,9.519877752062047,0.6212121212121233,0.01165501165501159,13,1.4273758219924428,9.898113027678558,0,0,0
2022,1,89,7.535065835936317,3.9275418087388356,2.263320890496938,2.756321480506114,1.0,1.0,-1.0,1.0,-1.7501054053027536,0.3030501200751779,0.2965119677167146,0.10487281347707758,1.0472933868821033,0.47376311844077845,0.0,20,7.815179807532463,1.8935704479899036,1,1,2
2022,-1,111,3.6018614945716405,3.4032505166170104,4.575337574185611,4.763079389539785,-1.0,-1.0,1.0,-1.0,1.6131363438943591,3.643176321000819,1.0919282596216835,0.08484983156340778,2.8104851123648915,0.4961439588688573,0.08740359897175651,6,4.721358986127605,2.343295991642251,0,0,3
2022,1,230,0.20431964063596578,4.144071294525472,4.268010271061356,5.229069321459955,1.0,1.0,-1.0,1.0,-2.0899756062904555,0.3111795296669487,0.39992204542340865,0.0777516261559466,4.501844750915931,0.8220973782771585,0.11985018726594159,1,6.053915278101059,4.373953788428235,1,1,2
2022,-1,122,3.5320543011532823,3.8851142582639686,5.306295531499928,5.741641759316436,-1.0,-1.0,1.0,-1.0,1.647317018952775,4.657541023442105,1.0769330877826115,0.0719095698671775,3.760653606398941,0.6353591160220867,0.0,11,3.1131362328770824,18.079189574042612,1,1,3
2022,1,42,5.533314542893596,5.105729764937142,6.890542638320486,8.657348443018062,1.0,1.0,-1.0,1.0,-1.8305543116123109,6.23051584958843,1.480801232596994,0.07311714335693113,5.734976326003262,0.8015463917525548,0.0025773195876851716,15,9.637122571077684,5.212077123857965,1,1,0
2022,-1,288,7.6116250439793225,4.762712559195701,3.961844051411649,4.852806697676645,-1.0,-1.0,1.0,-1.0,0.34784617055337086,3.0411141964536146,2.104531072543865,0.12913745906473537,8.407854615132898,0.6678352322524038,0.0,15,11.822215011861049,0.11758897869480242,1,1,3
2022,1,388,6.108909657824321,3.563375745807067,4.840486144141841,5.403597928243041,-1.0,1.0,-1.0,-1.0,-1.6272443023196639,2.3776082300443266,1.0589204778461818,0.10314088030163426,0.5017919144414413,0.8631284916200822,0.04189944134077871,23,4.806358157226705,18.56562488187933,1,1,3
2022,-1,89,5.470952704122023,3.3512899463053034,1.8436910211694397,3.1796990075240004,1.0,-1.0,1.0,1.0,1.3934215084347534,0.6075092574552208,0.5005707105112482,0.0882829920303142,0.14101241693747749,0.6538461538459924,0.009615384615593154,6,20.16036051409027,0.24716147747564235,1,1,2
2022,1,351,8.254064401907522,3.557040255007301,4.421820215307629,11.403263189394854,-1.0,1.0,-1.0,-1.0,-2.0204178135527333,6.072193191034974,1.1004835991141204,0.08244886789350353,3.344426967061292,0.6818181818182069,0.23989898989899872,12,30.622003734951637,5.478743096039749,0,0,0
2022,-1,307,15.684803777033801,3.0206158998463297,6.881991802169458,13.724203304904576,-1.0,-1.0,1.0,-1.0,0.3062372575688732,5.355077343198692,4.32451697356632,0.10276076038788161,0.9635405184625963,0.5882352941176351,0.04481792717082667,13,4.086005041915772,3.188106854679614,0,0,0
2022,1,308,3.4361040728865526,3.1239610698646287,1.4417219886238017,4.108907667577922,1.0,1.0,-1.0,1.0,-0.6024596941018737,-0.08418011430046991,0.21447246444771872,0.048473472854293334,2.413533098897774,0.9158415841583829,0.03465346534656943,15,6.920265545394074,7.881413537809941,1,1,2
2022,-1,79,3.9845490299309687,3.5927904138671467,2.271565334820471,4.679672848236985,-1.0,-1.0,1.0,-1.0,0.5705245574119716,2.6916645462212645,0.3088856307889822,0.04703012143980112,0.954838785811101,0.6571428571429091,0.007142857142753201,21,6.0450946341947,6.25611436475144,1,1,3
2022,1,99,4.955314316439233,3.555307661608643,0.923431276817079,4.044889113944274,1.0,1.0,-1.0,1.0,-0.6505968750331871,2.902221997905107,0.3787434272326292,0.044761948302493894,2.7207319880609933,0.37344398340251217,0.12448132780083739,6,0.9884616484234224,7.27039554564228,0,0,2
2022,-1,92,5.195573349858253,3.8121446075708967,2.8524716430591632,5.006378802104421,-1.0,-1.0,1.0,-1.0,0.5875526109939618,1.308318803603912,0.27305328254426603,0.040120479675836276,3.7004853353113907,0.640350877192939,0.11842105263161463,13,6.607255744637744,20.15649604916956,0,0,3
2022,1,62,6.938027025265098,6.8171583966325695,5.375408325880549,5.656679691769552,1.0,1.0,-1.0,1.0,-0.6589142537978306,2.3003602980349096,0.2893107994855006,0.037212750081439934,7.959006521567726,0.6027713625865816,0.0023094688221373325,18,10.61018096881745,51.89456700654174,1,1,0
2022,-1,16,5.63541303686456,3.496702779908571,5.037717714772623,12.4235241949059,-1.0,-1.0,1.0,-1.0,0.5403972910994975,4.401900270182879,0.716683508906258,0.05471168950569858,3.2073778227970995,0.40501043841333406,0.0,20,27.739466823506202,1.3127950824513435,1,1,0
2022,1,225,8.753927419565718,3.3140144111826904,3.720791978163004,5.1300699017556015,-1.0,1.0,-1.0,-1.0,-1.4262198595926094,0.8434088241450521,0.7478073225252199,0.07875461449255282,0.18183764305233294,0.977168949771691,0.00456621004559535,15,13.995844775574714,4.108529819574552,0,0,3
2022,-1,630,19.369515977191472,4.727276748819141,5.888727832713485,15.323259772015232,-1.0,-1.0,-1.0,-3.0,-3.6868964792967787,1.910801044500031,2.0650091619169757,0.2515053690015226,1.9799875661031907,0.9308142629057822,0.0005321979776592976,19,3.5278506680738255,5.098776538081247,0,0,0
2022,1,436,12.529432231766023,4.184444528364521,3.6991153784209767,5.6807843311465,-1.0,1.0,1.0,1.0,0.44501333847918906,1.0703614926745297,0.5662584670634059,0.10802593558759854,3.419274187449294,0.7727272727272796,0.010330578512396384,7,0.005284450540524496,34.1851105471505,0,0,3
2022,-1,12,4.5135690813702665,10.339797807166098,12.193800915067113,14.610590285620859,1.0,-1.0,-1.0,-1.0,-0.8123161739265369,1.9300203724300773,0.5904902910062414,0.12156977363667289,8.896445505216578,0.9045045045045176,0.00045045045044389553,8,24.936872141623383,2.0012544392531297,0,0,0
2022,1,459,30.2555410109989,3.104920494071849,2.4883061766054255,3.9900869246073314,-1.0,-1.0,-1.0,-3.0,-2.853987140000845,0.9058387679669929,0.89959710778385,0.09497586138667954,5.786823937199279,0.29368029739775997,0.07992565055760838,23,2.431753763500892,3.8078624823810783,0,1,5
2022,-1,124,2.3977378802268157,3.6958151188346013,5.258487213186965,5.77937509751204,1.0,1.0,1.0,3.0,2.553638960933402,1.3276286049647434,0.33026586257542523,0.07249865563122056,7.553032015661994,0.8025134649910259,0.03411131059241997,9,2.2075724621399213,3.7371638684915105,1,1,2
2022,1,103,2.186102411661289,4.465402235257314,5.758513669742208,7.553605893952055,-1.0,-1.0,-1.0,-3.0,-2.84086311356706,2.3635174585646017,0.3872379549350756,0.06715866086212577,8.809219075960451,0.5953259532595292,0.03936039360394358,18,10.335110181960218,4.1944729199357935,1,1,0
2022,-1,108,2.5759083203652255,4.494189545618404,3.882990512629711,7.122003945168,1.0,1.0,1.0,3.0,2.540589310464305,0.48301204357537275,0.4349814139550627,0.09409181334023568,4.954834137648003,0.7213622291022173,0.10526315789472795,3,3.073237154494849,6.886091549490949,1,1,2
2022,1,284,1.8054435822714616,6.811810265560848,7.71218656974351,8.678480318001611,-1.0,-1.0,-1.0,-3.0,-3.881836670723976,2.056613193828175,0.796389214819675,0.16415727055095122,5.504433568497185,0.5585284280936382,0.02898550724638739,2,3.661744730240899,3.7816232779572254,0,0,0
2022,-1,459,1.3652009588290552,3.194669953041091,2.7778413332161493,4.475118200949559,-1.0,1.0,1.0,1.0,1.5852328243533862,0.1632034589887961,0.6444842097504822,0.11310304781516356,0.07759298053012692,0.9907407407407064,0.009259259259293568,16,2.9886831801395735,4.021808230064274,0,0,3
2022,1,329,5.592865960561763,5.256980772911671,9.053279579510281,10.37573064407661,-1.0,-1.0,-1.0,-3.0,-2.5043383189152504,1.674469625358934,0.5842426657922267,0.10790697951519038,6.947045976410441,0.810765815760255,0.016648168701442773,20,4.226333193843264,4.468782555680304,0,0,0
2022,-1,219,1.1356597776616983,3.156228234406018,2.981106916361958,8.767293483548393,-1.0,1.0,1.0,1.0,1.5398215139509364,1.7170371986891892,1.1715582444346047,0.10506071922027484,0.9895179699092642,0.8004484304933159,0.029147982062764907,14,0.1419574722077123,6.972951034842993,0,0,3
2022,1,12,5.264503276514827,3.3180796279580838,4.195568601080345,6.686186394842612,1.0,-1.0,-1.0,-1.0,-1.5398215139509364,1.5372593211563554,0.6978509191626328,0.11084186258839857,0.4356218629332901,0.6821428571428052,0.1285714285713766,15,0.13361683442931035,6.2853358915546815,0,0,1
2022,-1,80,6.589067159681165,3.5853190785167945,3.1694247097199777,3.503048363374672,-1.0,1.0,1.0,1.0,1.5080950791775674,1.679625546169918,0.4320609270756249,0.08580210801434028,0.645012466828648,0.8018867924528027,0.0,22,0.3961780887150604,4.8583944563470745,0,0,3
2022,1,251,12.728406279799444,4.161274564714628,2.947630927953834,3.311299678804829,1.0,-1.0,-1.0,-1.0,-1.5288244983698516,0.995794627886271,0.16852249726186866,0.03101626452342085,6.97964448590789,0.3849206349206527,0.003968253968196108,19,0.49765197484902307,7.828448373591215,0,0,1
2022,-1,113,5.330847126634242,3.0500629050628736,1.7842918068482772,3.546555319785164,-1.0,1.0,1.0,1.0,1.5534507695068214,0.22017293390993486,0.02571317660593432,0.027001595278135216,0.7991905249431194,0.9294117647056256,0.035294117646973225,4,5.374903714457825,3.458442144137999,0,0,3
2022,1,125,1.6253614276398098,3.5362909730172447,15.252275539730897,20.258969223086968,1.0,-1.0,-1.0,-1.0,-1.5991870106658288,5.544262213683939,0.9559859083233185,0.04092006381817315,4.392618182949494,0.3870192307692093,0.36298076923074696,15,1.1029238258990457,16.834100500559547,0,0,0
2022,-1,8,4.9907601433490685,3.3734915476676974,3.9951609331669573,7.811624572198926,-1.0,1.0,1.0,1.0,1.5991870106658288,0.9182052349022677,0.4762304645214145,0.04666490690536777,0.9253466676488918,0.5270270270270425,0.0,15,8.322188269728262,6.560743513252146,1,1,3
2022,1,74,2.3957955552139176,3.5936957717647973,4.587693616367076,7.972392017775749,-1.0,-1.0,-1.0,-3.0,-1.735694773115175,2.522187879414301,0.6309633513877984,0.058276052452584916,0.7116080197840605,0.6928571428571948,0.0035714285713766003,21,8.981684613376283,3.1909957820508033,0,0,1
2022,-1,210,1.0776613470029426,3.2860955939099026,1.3232044387249875,3.2602666067553354,-1.0,1.0,1.0,1.0,1.3250099449211228,3.1639500812431915,0.5506662180847245,0.04360312884573711,6.519805429931319,0.3212290502793361,0.0,15,4.256080256517266,6.029447030066085,1,1,3
2022,1,97,5.752496777251098,3.0251487536394004,3.131285191557489,6.149220692922947,1.0,-1.0,-1.0,-1.0,-1.4228001414197218,3.4741486429444812,0.46836664865160527,0.041877135508924815,0.8301306167902399,0.06060606060590471,0.6565656565655601,23,16.209005697475334,3.34381586066774,1,1,4
2022,-1,142,0.8417349830055653,4.817258008504418,3.7545810426178092,5.858918500132125,-1.0,1.0,1.0,1.0,1.256760847484836,0.3646951119909624,0.19767821342634728,0.053708703274671823,8.64515894010723,0.7687224669603598,0.002202643171774044,11,25.584313299253,2.4809031078065127,0,0,3
2022,1,329,9.115479122895769,3.704237558439151,4.891232700090413,7.077465497858097,-1.0,-1.0,-1.0,-3.0,-2.2786323219433626,4.059768620823103,1.8084899504015006,0.08071983361544463,4.0876271696798385,0.4947916666666792,0.0017361111110858912,14,4.579972437357332,19.33519108263024,1,1,1
2022,-1,11,3.857175487329705,4.020305097570697,8.756662150038206,10.728939583688927,1.0,1.0,1.0,3.0,2.2786323219433626,4.787251901028819,1.1187372630306727,0.09648139681403964,4.368549896816646,0.6620879120878788,0.04120879120879162,15,9.41200749982747,3.3453819760658416,1,1,0
2022,1,261,0.26427619254775414,3.2026365503675915,1.3934562879794912,2.698820511776203,-1.0,-1.0,-1.0,-3.0,-2.624620378514291,-0.30455446098429484,0.4010017239775947,0.07514238654143303,0.6562499311525708,0.3902439024390244,0.6097560975609756,13,3.3074565915831697,5.341582437254328,0,1,4
2022,-1,197,3.010617437265289,5.753270940325628,3.6284314390492853,6.305625446780173,1.0,1.0,1.0,3.0,2.5795371800906897,0.03912082356739536,0.3018838835973414,0.06163636683079751,8.289594588594026,0.725423728813547,0.03389830508474576,5,13.160418895146398,2.18686543488639,1,1,2
2022,1,183,1.3658582205737269,4.878364422120564,4.780503772008653,5.557168250374091,-1.0,-1.0,-1.0,-3.0,-2.929411166565468,3.1939491201264496,0.8395763507219416,0.08995491552777447,4.022836524158955,0.38025415444771976,0.0029325513196410023,21,0.8503136961416264,4.244873097273801,0,0,1
2022,-1,298,7.303371857686934,3.533214470812298,1.6133681421321067,3.4572174474257182,1.0,1.0,1.0,3.0,2.5824283285938456,0.9501375901504513,0.1461716229208957,0.041956514271573056,1.9052924386892556,0.5034965034964519,0.0,21,12.085855993292617,2.7945841033354744,0,0,2
2023,1,170,0.6099135760466897,3.060454439447599,2.5437858903417583,3.079319761993025,-1.0,-1.0,-1.0,-3.0,-2.6255573911704735,0.6399727726536255,0.18074260706668116,0.0406036789307847,0.5403353151322458,0.9677419354837574,0.016129032257827913,12,8.9255645275157,4.641293554308272,0,1,1
2023,-1,431,11.865668603269123,3.204602518022536,3.9586062919374685,5.217240087322862,-1.0,1.0,1.0,1.0,1.31605217974196,2.9614459337012833,0.5257662778265153,0.05911407781345271,2.4313446081049337,0.29515418502204904,0.0,23,2.689822224008793,10.962294346903759,1,1,3
2023,1,71,4.747671532874603,3.0771460335402265,3.507187284380008,4.634900237556913,1.0,-1.0,-1.0,-1.0,-1.611539829269535,2.3141167828840206,0.46478530375325433,0.05304705453688268,-0.08984396007361387,1.0,0.0,5,6.50690373983082,2.7741738648150203,1,1,1
2023,-1,109,1.9728514883906054,5.334070730971791,7.83476906872906,10.553339540770262,-1.0,1.0,1.0,1.0,1.3885022461613306,5.846962135166304,1.3267356355166682,0.06361460023511262,7.526043232188061,0.6051502145923037,0.10729613733905356,14,4.984045865408297,2.548659817538369,0,0,0
2023,1,124,3.5722618426597474,5.122556731874631,6.62884284189061,7.34142000735537,1.0,-1.0,-1.0,-1.0,-1.6842112989849092,3.1699251604081256,0.4365734338966506,0.06377368791015037,2.4372615065748624,0.858638743455462,0.14136125654453802,1,17.776925075281998,3.328485443947868,0,0,0
2023,-1,361,8.090795521078183,3.352411136511217,2.325855223504151,3.767090297897659,-1.0,-1.0,1.0,-1.0,0.5756649119836138,0.18868238219724093,0.13482506146191275,0.059915050073004475,4.01165322313078,0.7771428571429819,0.0628571428570597,7,5.108929849918839,7.076961192884057,0,0,3
2023,1,94,4.645521628651958,3.4200229170178247,6.159230923381016,8.751675577572424,1.0,1.0,-1.0,1.0,-0.5129692125185353,4.072845026065378,1.1290344828083523,0.06820385692321589,1.3436762087445384,0.29513888888889633,0.40277777777773743,15,1.6529009540146964,5.20228826579356,0,0,4
2023,-1,130,3.7872303306592814,3.0719600801820173,4.190352886863825,5.643715786864774,-1.0,-1.0,1.0,-1.0,0.5294779077795372,2.7426121529610326,0.2932013570237874,0.05610459621625803,4.447458735432187,0.6747967479673607,0.08536585365861774,2,4.932947069346022,3.468975681024054,0,0,3
2023,1,165,1.100471887446545,3.043377659814452,3.1370594713571665,7.824783875025019,-1.0,1.0,-1.0,-1.0,-1.1997717319372134,3.915163672215491,0.8227290333753529,0.0831763008416577,0.5378397036831498,0.33333333333328014,0.4254385964912736,15,14.684868368197638,1.636415988475656,1,1,4
2023,-1,407,19.089676309476996,3.3565396813548154,3.5869137014623576,4.336720520412233,-1.0,-1.0,1.0,-1.0,-0.32184574079140416,2.065459285685341,0.18541579911307673,0.029183991357876842,0.5808030040322192,0.9901960784315159,0.009803921568484086,1,0.0,10.416235268653267,0,0,3
2023,1,27,5.634566205431746,3.0059556872800703,2.948319526097674,3.974771509257764,1.0,1.0,-1.0,1.0,0.32184574079140416,2.184972378277939,0.26303739549452165,0.02703158129238267,0.5795832569774931,0.8823529411767224,0.019607843136975164,3,4.58627481837416,4.6299536261683585,0,0,2
2023,-1,96,1.8825998426165957,3.4773530033398523,2.755689624699669,3.9834721307537118,-1.0,-1.0,1.0,-1.0,-0.39012097965901676,1.0907562068682821,0.3190961770595632,0.021663401559582986,2.620161586206851,0.9370629370630865,0.006993006992905587,11,2.291860677966951,26.465534019387142,0,1,3
2023,1,34,5.490961121073524,4.2290939202440825,3.1125234162229463,6.371863974721649,1.0,1.0,-1.0,1.0,0.17792746665209694,0.8519492116306848,0.1733221183003486,0.020099131661268307,1.1528532296521503,0.8815789473682636,0.0,14,21.024214773734812,9.924838817768658,0,0,2
2023,-1,370,13.012077614199061,3.132462410957913,1.2858994348150032,3.2045430359674176,-1.0,-1.0,1.0,-1.0,-2.916806860041591,1.4670286899781266,0.7700884522212487,0.11410159946443262,2.0516587981544907,0.5021008403360656,0.12815126050424167,21,2.9034792794037076,2.6789571558645124,0,0,3
2023,1,130,4.411886434423205,3.186654367243866,4.1370976599609675,5.167555564194774,1.0,1.0,-1.0,1.0,2.1460883892194937,2.9993620437446165,0.5775781850593159,0.07595250626940847,6.645646118428911,0.4140625000000222,0.20833333333332543,8,9.144359772385872,3.39669457321514,1,1,2
2023,-1,374,9.115443877435395,4.297161505887859,5.758692858740065,6.109286854026104,-1.0,-1.0,-1.0,-3.0,-3.7751592029054524,4.072585345183932,0.6372818920428738,0.07727677294782336,8.748797480831227,0.5321100917431537,0.002293577981618077,15,3.088210937199791,49.63515839644574,1,1,0
2023,1,30,3.3824042133497305,4.838922473731083,5.6373403555828006,7.823528444699008,1.0,1.0,1.0,3.0,2.921598787592004,1.7534699611525235,0.6868823116668824,0.08328819296096172,4.9583641491918105,0.8179611650485469,0.0,18,57.43899837913939,1.0930940445582285,1,1,2
2023,-1,1044,70.11094032641195,3.2846051755101584,2.165742164219473,3.782329747083878,-1.0,-1.0,-1.0,-3.0,-17.16424295369842,0.7213704089863587,0.9597068591534172,0.22016977628724838,1.4820934781109616,0.7450682852807862,0.05918057663122832,9,0.22716032883359297,9.564993651954989,0,0,5
2023,1,73,5.774360393360428,3.8812614448775395,2.8237114530115863,4.45317430066684,1.0,1.0,1.0,3.0,16.92106464087772,0.9795561615297944,1.1051724515252035,0.18479339896377264,3.988942281861762,0.8888888888888888,0.0,15,4.784766104323322,5.6759190766498575,1,1,2
2023,-1,203,4.372238966928685,6.667283114113381,8.394150818781071,8.991076908715378,-1.0,-1.0,-1.0,-3.0,-17.188821421083116,-0.17449304024491288,0.6236075910439127,0.2471562356994336,4.601209129247099,0.9821149116923764,0.010731052984572503,8,1.303451724250036,7.9596669106977975,0,0,0
2023,1,114,6.975459030029779,3.578344877372407,2.0000817890774556,3.7538774392813936,1.0,1.0,1.0,3.0,15.840214295128831,0.03787095421197989,1.8331689490381589,0.23850279983029596,0.6146235725618903,0.6769352290679246,0.068720379146924,17,7.70637273249302,5.604995837911175,1,1,2
2023,-1,555,2.168753560092937,8.770648863020257,11.953889518309142,14.750819560670218,-1.0,-1.0,-1.0,-3.0,-14.208119884184033,3.6745539046000806,2.06295500636509,0.23284912774385016,5.718875537804007,0.9779332615715806,0.0005382131324023854,15,9.593593620999957,5.894560958201372,0,0,0
2023,1,322,2.150968675335958,3.2588345735609985,2.3921722866862987,4.631109337926561,-1.0,1.0,1.0,1.0,11.287212884372728,1.9759640574502757,0.7521847280080967,0.16820972180154384,0.9706568568702669,0.4999999999999592,0.14798206278031076,18,7.752567837754498,1.0385943735790724,1,1,3
2023,-1,627,32.34113771454922,3.174585513969916,4.824108215883113,7.07120306084849,-1.0,-1.0,-1.0,-3.0,-18.02769238573589,0.1768180367050818,1.0560834141173876,0.2892478967263981,1.6177089528125292,0.8947786906970655,0.0002650410813637556,22,2.1193844478225317,3.5682893106453193,0,0,5
2023,1,193,5.979652996839387,3.4484066242299662,2.1952117271520315,3.619387756367658,1.0,1.0,1.0,3.0,15.200238020934252,2.1361758866782123,1.3259973082463175,0.18423002085665344,2.4922723772294284,0.5302144249512888,0.3996101364522474,15,1.4100285852168293,17.292892381238083,0,0,2
2023,-1,4,0.07165420746912587,3.075864219597947,4.8920281644787185,7.475922312605524,-1.0,-1.0,-1.0,-3.0,-15.200238020934252,1.4310478163715439,1.8042062896961335,0.2025629870478865,8.614991859809356,0.7285677285677226,0.0,15,9.747143555412832,4.926769598403081,0,0,1
2023,1,226,0.8242827484993731,3.132580642155523,2.5860883674964192,3.873865568826179,1.0,1.0,1.0,3.0,13.943806101626281,0.7427516348555819,0.7266544142559882,0.16610052442342257,7.443482752233659,0.6149312377210043,0.0,10,7.871505224487844,9.5095367566495,1,1,2
2023,-1,280,1.2690164892312048,3.0179856198321113,1.1873838495729896,5.184909476468686,-1.0,-1.0,-1.0,-3.0,-14.112738226766508,0.4493716573096196,1.5738116139490106,0.17672597592632283,1.2027983473366681,0.5810397553516691,0.09938837920489076,9,4.860852634189427,3.997525626895696,1,1,1
2023,1,414,2.854125385928566,5.50127943901355,5.383621243228584,5.438089284944778,-1.0,1.0,1.0,1.0,11.53378961794117,1.3457724249636525,0.8614405915740481,0.20040113897775982,5.589344834765812,0.9085227272727149,0.0,20,20.351439106838775,2.43581082554818,0,0,3
2023,-1,355,0.3767527921876924,7.468601685123579,6.0863268749000365,6.9335002805375625,-1.0,-1.0,-1.0,-3.0,-11.330424507714183,1.5353251620000279,1.1442012245387725,0.21209241078255348,9.45270751922497,0.6316216216216236,0.0037837837837778844,1,1.2718008620259287,9.293929376343547,0,0,0
2023,1,76,10.131825778576873,3.128928982395815,2.214714783509319,3.487681428048736,-1.0,1.0,1.0,1.0,10.268298339021664,1.0400459588272717,1.0401017840988898,0.17537931910046775,0.13263432393618438,0.2318339100344897,0.602076124567494,7,1.908214076862989,5.885307923588997,0,0,4
2023,-1,282,2.1914271197717965,3.259552166684092,2.2669935721777206,2.6629617827847185,-1.0,-1.0,-1.0,-3.0,-10.750395855833322,0.48269595765569223,0.7982403827418919,0.1441111992344618,1.4403837250907259,0.8524229074889637,0.0,7,2.602508620860089,2.451375716048131,1,1,1
2023,1,206,4.447684580635843,4.47382549387293,3.565138131433015,6.260836939146539,1.0,1.0,1.0,3.0,10.181552922757822,5.692783164084339,1.5814267697300397,0.09906302464393281,6.646617829523831,0.6600000000000104,0.0,0,18.14026166876246,2.280639834078545,1,1,2
2023,-1,389,12.457877072029271,6.303767922544812,4.364277434091661,7.442008026113142,-1.0,-1.0,-1.0,-3.0,-11.328883553937738,1.0524039885196794,0.9157599190761251,0.15405906346045117,6.8575034931220715,0.9993060374739613,0.0,9,13.314650723321778,1.1728649012838415,1,1,1
2023,1,343,13.88910672013545,4.7552829818459585,4.4890454816210035,6.009335551396628,-1.0,1.0,1.0,1.0,7.74650197193958,1.6206154836477913,2.271849453396427,0.1448969078931675,3.5925977490685774,0.935117599351148,0.025141930251436413,13,4.806271362322177,6.314590644146878,1,1,3
2023,-1,96,3.5291476978719016,4.1701516766319875,5.787261358962352,7.117790605976146,1.0,-1.0,-1.0,-1.0,-8.626776199815783,2.338179305976885,1.7189812957607842,0.16165850588950922,1.4536765853355829,0.7006211180124404,0.0012422360248266436,21,1.8930294164830124,12.33173448451791,0,1,1
2023,1,14,2.6017843091217534,3.2053589837452314,6.115947701596458,7.0784575038149535,-1.0,1.0,1.0,1.0,8.626776199815783,2.593899151513398,0.9663286394797758,0.17237658015256097,2.7263440676959667,0.766329346826128,0.014719411223554553,22,4.649624174779274,3.9227287512288758,1,1,3
2023,-1,116,4.922930549395421,3.490767658705519,3.481604103573736,4.749971375896772,1.0,-1.0,-1.0,-1.0,-8.085754035205385,2.6963276010005375,0.9290057787392996,0.13596739340022845,3.14805439898854,0.4048295454545371,0.19034090909092582,8,1.6335033052645755,5.806944102832674,0,1,1
2023,1,135,2.7941376289319746,4.787422391474407,3.922369857649009,11.324190280032761,-1.0,1.0,1.0,1.0,7.643920484915753,3.2098021533253225,4.722870627185574,0.19509446365149904,4.215032171650907,0.7524229074889996,0.00044052863435482294,19,22.487519324330414,2.518690307467939,0,0,0
2023,-1,231,11.699135202820088,3.0522665768050956,7.0972796368426465,8.27404334084857,-1.0,-1.0,-1.0,-3.0,-9.84944882560699,3.035421905496696,3.12563220014682,0.17311181741654666,7.3802568963343385,0.5612874779541432,0.03395061728395393,14,6.0379476538185,13.142566773222496,0,0,0
2023,1,11,4.332893279471252,3.475101488195913,4.978217810456264,8.303775236682533,1.0,1.0,1.0,3.0,9.84944882560699,1.0794912124251141,0.9895970771475077,0.18616597019539277,1.9625671872144443,0.6176256372906025,0.056809905316819474,15,5.839400024279621,11.788977407507865,0,0,2
2023,-1,72,4.069570649889797,3.136341336583495,2.5418711295784417,5.755561927727502,-1.0,-1.0,-1.0,-3.0,-9.492299323523687,-0.07162806034692214,1.3199842741098144,0.23000938020497813,-0.40168000086067307,0.6506849315068494,0.10547945205480448,21,4.7082594854898865,0.15645115569454318,1,1,1
2023,1,210,0.36399707224899447,3.716439719933804,3.509193331262608,10.087296109989643,1.0,1.0,1.0,3.0,8.271818966050487,4.546444338901809,2.5228583390490074,0.19370858061009197,1.1262783720646723,0.6108247422680245,0.2242268041237343,15,0.7650477386790385,10.545016979284766,0,0,2
2023,-1,48,5.965642796040378,3.4022736691427857,1.757032701536503,2.610743884753636,-1.0,-1.0,-1.0,-3.0,-8.362396923635108,0.11969073955649807,0.793559472007678,0.20714837201581657,-0.39341814879532044,0.9116379310344385,0.04956896551730255,19,3.1585246681738397,2.3068805822526772,1,1,1
2023,1,212,2.1771928080487344,4.686940853631016,5.269314889518484,6.150357893553714,1.0,1.0,1.0,3.0,7.294643657828109,1.8244828620924758,0.4291020524779554,0.1005442034259062,9.143349699179673,0.7811203319502176,0.009336099585039809,13,4.693248309957184,5.3201442935974725,1,1,2
2023,-1,128,6.039082517160984,5.048673234940591,4.793352491199584,6.806379996920021,-1.0,-1.0,-1.0,-3.0,-7.4310108321644215,3.9221184961383204,1.304931781584571,0.09510468857097405,4.565600891633831,0.5633333333333415,0.013333333333341418,23,3.841000913381119,6.314406906956913,0,0,1
2023,1,483,11.521500674478242,4.577674707271421,7.761974851982917,8.834885682864263,-1.0,-1.0,1.0,-1.0,5.022677538619786,3.237221893420244,0.9888564669448424,0.15007846555900223,8.567083538467507,0.8653729533050302,0.04730139478471318,15,3.438520156113171,12.099889262554568,1,1,0
2023,-1,86,5.398846881674989,4.290063837211258,2.4001091318534202,3.82674742701106,1.0,1.0,-1.0,1.0,-5.4403332903091375,2.1270220602730623,0.6358402667993014,0.15690673155665366,1.5455564945242262,0.7208520179372057,0.0,23,4.506498614703899,5.443604161523031,1,1,2
2023,1,129,7.180533528322802,3.7798755169401206,3.45024075931898,5.440477041480195,-1.0,-1.0,1.0,-1.0,4.90492866376015,1.7485386753808043,0.9846842468716197,0.11643546789603756,5.448130472137456,0.4265975820379984,0.39378238341966665,9,13.744952635338652,5.242573621302838,1,1,4
2023,-1,103,0.27618320646917044,4.159522626682856,12.12493594829308,14.359060814909581,-1.0,1.0,-1.0,-1.0,-4.814767477636482,6.486661391578616,2.7634546630367938,0.17797005895811407,4.532417979886378,0.9507966260543583,0.0,18,0.5992189211785898,16.366320904783635,0,0,0
2023,1,13,5.840593468657374,3.217466651434852,1.798448810976648,7.510269852634446,-1.0,-1.0,1.0,-1.0,4.814767477636482,-1.1148598528397007,1.257902685170143,0.1982907621642397,0.14134067468603487,0.6124121779859295,0.13114754098361284,19,7.505904685617576,1.7853533099258785,1,1,3
2023,-1,210,0.4773024807196804,3.608253620773064,3.9178578625740434,4.542328608182321,-1.0,1.0,-1.0,-1.0,-5.446941194731833,2.7612619292778993,1.0191154112847642,0.10893059311217541,2.6235681607647034,0.8941176470588236,0.021176470588269533,13,16.594216246354108,2.175703807947239,0,0,1
2023,1,969,74.67906750938529,7.606015195184378,8.20035501605768,9.514163563356647,-1.0,-1.0,1.0,-1.0,-0.18593026079065092,3.4230557699231876,0.7750633966171674,0.0837006607070449,8.300021427319615,0.8078635014836677,0.0,21,3.673189730156815,3.9359514396163693,0,0,5
2023,-1,286,0.9934650636033577,3.3651008180259097,5.911323241523238,7.053189725415671,-1.0,1.0,-1.0,-1.0,-0.9799359373679063,3.3273040078713016,0.966137298367778,0.11122662969806332,3.1338228659398384,0.44204545454547106,0.06818181818181818,21,8.409413816392806,2.283732967785165,1,1,3
2023,1,309,1.9985892458327044,3.4180868100282398,3.09200025982704,4.625543808568402,-1.0,-1.0,1.0,-1.0,-0.4199888886310671,2.188236867711296,1.901082996603957,0.16601402581374694,0.09526331731691277,0.5078299776286433,0.27964205816554355,23,2.200662673735435,2.4830118469694353,1,1,4
2023,-1,181,3.412869411253348,3.830449294794266,3.254947433354694,8.399109639348397,1.0,1.0,-1.0,1.0,-0.31002882907943297,-0.654138951336959,1.2343388673379032,0.15830602131927707,0.37790530614868595,0.6105702364395071,0.26425591098747725,14,1.169792428878604,21.05626371981487,0,0,2
2023,1,4,3.01826560243072,3.1397267641170448,4.914989888111239,7.837044838369759,-1.0,-1.0,1.0,-1.0,0.31002882907943297,4.111578485756541,1.8102793651717295,0.16652937368410697,1.5200042007499497,0.99926090169991,0.0007390983000900468,14,13.054411061879442,0.04123313664522869,1,1,3
2023,-1,669,33.41144027399928,6.146233696485539,6.014798557307621,6.04912357102358,-1.0,-1.0,-1.0,-3.0,-9.787475951069329,1.0844317843395463,2.1260601005683135,0.3141535717890398,2.126206283187141,0.7958508719182258,0.0,22,10.0506280546055,1.144607188144365,1,1,5
2023,1,192,4.472223316886572,3.6150151358297173,5.221114297387191,6.434701732454692,1.0,1.0,1.0,3.0,5.687263840998705,1.4109228263492195,1.7700126951457418,0.21619929792078227,5.484656770934293,0.9578754578754548,0.032967032967036076,14,18.35166948883014,7.419781406805471,1,1,2
2023,-1,607,11.607250731500839,3.6631814564752405,7.839337067241115,13.346441405359002,-1.0,-1.0,-1.0,-3.0,-8.154678586578578,4.126075607336857,2.848507106703729,0.20414797782889235,4.6926085662401835,0.5044085231447558,0.03783982365907144,17,9.61646645843935,2.7635360420432393,1,1,0
2023,1,199,0.3078526144401932,5.6863512413568476,6.429020242664019,7.8039693427402055,-1.0,1.0,1.0,1.0,6.382243827457624,0.965478359467267,0.9713301522296115,0.21371825174187567,8.587266723448863,0.6707136511696757,0.04027243115191636,9,6.90496416192111,3.5752453934674273,1,1,3
2023,-1,277,0.6826594547759602,3.26801607796364,6.714028361068069,11.759535341978845,-1.0,-1.0,-1.0,-3.0,-7.4271764854494196,5.7165716763248575,2.59516276553425,0.22299161886322116,4.275214777518901,0.5808290155440339,0.0,8,7.856030480892818,2.4201730138733653,1,1,0
2023,1,459,9.5219985584184,3.625723737573901,3.5609450951581163,6.317147972776106,-1.0,1.0,1.0,1.0,3.1446056650501766,1.2470754159631616,1.03406212560585,0.26368481149202944,0.9889002390867179,0.7717492984097182,0.1955098222638089,23,6.470880404197017,1.3600614085912393,1,1,3
2023,-1,148,0.2194172635111491,5.303901694856147,5.713207604185494,6.344293447808052,1.0,-1.0,-1.0,-1.0,-4.682561457262661,1.216008452076212,0.849604715681572,0.19942169902369286,8.63629968473448,0.7703252032520326,0.000406504065034735,11,8.492492941993458,4.568058457479703,1,1,0
2023,1,714,26.29966924399601,3.1578678567763734,2.688523242134037,7.4968977945580315,-1.0,-1.0,1.0,-1.0,0.3714754377875519,0.29360405305642795,0.7439674101562183,0.15355607597048584,1.90117984242629,0.681201550387585,0.0,22,3.116434794808794,2.3225462562938013,0,0,5
2023,-1,496,8.94860210398577,3.9959828549646583,5.605917044918989,11.786690756046914,-1.0,1.0,-1.0,-1.0,-1.90241728493597,0.27855689633160885,1.8348500682537434,0.20156827400508204,6.275945480359419,0.6766289714593451,0.00026925148087922834,16,4.54349676181437,5.931669155770704,1,1,0
2023,1,242,4.461550461434133,3.340016926225145,2.50665567813291,4.402221332957722,1.0,-1.0,1.0,1.0,1.352953645448658,1.7929166333048734,0.8173882688194296,0.14356763155403884,2.3278577204938236,0.5531914893617366,0.11218568665375611,12,3.3342970203802795,9.652849203129616,0,0,2
2023,-1,85,3.921408591022003,4.770782618212937,6.05359956192024,6.768327243953591,-1.0,1.0,-1.0,-1.0,-1.7216514114606674,3.108152325541095,1.362882746017155,0.17958015260291893,3.218618232746654,0.7348148148148202,0.17185185185185725,19,5.017484264475789,6.4901110992694955,0,0,0
2023,1,93,2.036526739866489,3.1463055400763262,3.2220999779824346,4.520690478049588,-1.0,-1.0,1.0,-1.0,0.5767559207916225,0.14487434130534566,1.0956357302840063,0.19263394438394815,2.307417585808008,0.8093249826026352,0.11899791231734236,3,13.22966772252747,1.0814200751412577,1,1,3
2023,-1,199,4.39671745160017,3.510074279956805,3.8681621151713745,4.772099608900708,-1.0,1.0,-1.0,-1.0,-2.1723427701894646,0.6431033859022597,0.830971748832941,0.19749287424432588,4.272747867238139,0.7770171149144326,0.0,19,4.077426881022744,6.901422535657045,1,1,3
2023,1,300,0.7530713972876875,3.657897642495379,2.2163974234552932,3.1734781290382608,-1.0,-1.0,1.0,-1.0,1.3695763616791123,1.484166193752378,1.8902940502708927,0.16865493721720165,1.0352719565929003,0.6328725038402152,0.08448540706605412,20,0.18637887424514085,41.769016898389246,0,0,3
2023,-1,54,3.698945407551075,4.35508550495007,4.470899231735627,5.358110050503371,1.0,1.0,-1.0,1.0,-1.3633931152287246,0.06656084542645041,0.45237848567308475,0.16046421931102223,4.905586692883417,0.8370572207084389,0.016893732970039144,1,36.6356419060928,0.053607904457261955,1,1,2
2023,1,572,45.33775809771871,3.120730368501528,2.6780772632765886,3.1835582712270343,-1.0,-1.0,1.0,-1.0,-1.780090354660659,0.6085844599031283,0.6729502210351106,0.09197263509419175,3.25357183712602,0.8423566878981221,0.0015923566878749357,0,13.599383271592702,9.492350081994466,1,1,5
2023,-1,20,0.8297859292430373,3.1819615926525584,11.47254634965542,12.275456621271179,1.0,1.0,-1.0,1.0,1.780090354660659,9.78696958654557,2.9332234419984764,0.13378538703328122,5.384948306313763,0.6585144927536319,0.0031702898550757695,2,0.15117557415358535,7.128768185642427,0,0,0
2023,1,27,5.381477880884288,3.070636990307245,0.8936155059556109,3.1095181627903314,-1.0,-1.0,1.0,-1.0,-1.63944529129643,0.3700043521502796,0.5381517583115154,0.13507686438924052,-0.34190440809551287,0.9164677804295899,0.0,4,0.0,4.916534019851935,0,0,3
2023,-1,257,4.471631081983398,3.152840673007109,2.209757084802984,6.410380222423897,1.0,1.0,-1.0,1.0,1.4680873517231368,1.6135893417091343,1.461558562913452,0.12897859320496893,-0.095113690434572,0.2857142857142466,0.39473684210528476,2,0.33007377839039037,4.482054464458985,0,0,4
2023,1,156,6.172566259492613,3.1052553770735285,2.3613489898595064,3.036694800959291,-1.0,-1.0,1.0,-1.0,-1.5979505107192855,1.3558219720757465,0.7828537004670978,0.09427492766054665,1.7039488607411424,0.4932885906040633,0.12416107382553081,15,6.3425833867626,7.192669023112023,1,1,3
2023,-1,68,3.5088062824751556,3.183428007251643,0.7079853031158523,3.843348788343016,1.0,1.0,-1.0,1.0,1.5393702074258524,-0.12044237756781082,0.3903690260626216,0.11506637326300528,1.640371351840591,0.41151685393256987,0.15589887640452343,20,1.2798195864015969,8.137940956694004,0,0,2
2023,1,67,5.138792885207558,3.0535879366670744,1.233829799733905,2.6105241025950194,-1.0,-1.0,1.0,-1.0,-1.4878267670919039,0.8109771729766221,0.2609042042758294,0.1026983487640727,-0.19109508077245338,0.9642857142857993,0.03273809523805335,2,2.515281100510108,6.667010145930574,1,1,3
2023,-1,85,6.304385243669435,3.231201976802806,2.623528926513641,2.6348372408521024,1.0,1.0,-1.0,1.0,1.44138170149632,0.25426599487241025,0.3930488740058188,0.0790684140626658,1.7620222012446398,0.5438596491228882,0.10087719298242745,9,26.014777135536303,6.474009958745743,0,1,2
2023,1,1042,33.92256798120565,3.106318703273954,1.6253303728022352,2.5574139167470125,-1.0,-1.0,-1.0,-3.0,-7.317395170793264,0.9868561879884367,1.6625868212522683,0.3184928632727502,0.7486690626392597,0.8147208121827118,0.001269035533022636,0,6.6595120427603725,7.6396731072746595,1,1,5
2023,-1,86,1.9155920514659643,3.179380478141447,4.420340997996271,4.738219435728657,1.0,1.0,1.0,3.0,6.472138562652234,0.9116876981521831,1.5320519215952344,0.30007522214442406,2.4344214452635047,0.7257844474761427,0.11323328785810853,7,4.51187667378303,2.935798765235475,1,1,2
2023,1,129,4.250690371477224,3.14128924192548,1.8612376728248703,3.7551286381553837,-1.0,-1.0,-1.0,-3.0,-7.18961969289685,0.9665246553594933,1.3962940933821544,0.2566318388136048,1.3532565818142426,0.6192592592592485,0.004444444444487561,18,4.69247021126014,3.061726367887333,0,0,1
2023,-1,874,35.685726325834565,3.0191101273259715,6.190190011895136,7.276319672743147,-1.0,-1.0,-1.0,-3.0,-8.606775756491244,0.30891135159135524,3.5419943645905905,0.5421669214557377,1.2352432095518755,0.8058490566037708,0.05509433962264288,19,5.038892571396265,4.196954820504415,1,1,5
2023,1,217,3.9802265938545607,3.1876371054954724,4.390971438699832,6.271128704153028,1.0,1.0,1.0,3.0,5.160940149847716,1.970175900323117,4.013806130757232,0.4383646218138377,1.2540879978391417,0.22663043478261266,0.5521739130434703,13,0.5152485111222751,11.043765706647134,0,0,4
2023,-1,33,5.1869212786416545,3.028818788377474,1.4315636391629711,3.791979034899114,-1.0,-1.0,-1.0,-3.0,-4.370168515791335,0.7696932438847855,2.973965683656587,0.49285764400383814,0.43139717255450666,0.6337678460583313,0.337678460583493,16,4.077459458290358,2.2264143806749694,1,1,4
2023,1,212,1.7127694082993816,4.378639651968808,4.665270281256221,5.48378537474917,1.0,1.0,1.0,3.0,4.49902787334513,0.9162668051544436,1.2203475570602216,0.30367245483389693,7.965967791418128,0.7844754051748675,0.012794995735001395,9,3.684646678987008,3.543798302509341,0,0,2
2023,-1,658,26.358699651738753,5.426992636770163,5.172759216634939,6.499281567078256,-1.0,-1.0,-1.0,-3.0,-8.70376663161831,5.140812634055656,5.979649813470131,0.3304807715659728,8.399517008024063,0.5951790145338511,0.007266926621769191,16,0.22937311511071576,8.02466927840573,0,0,5
2023,1,235,6.045070113780173,3.4636713391470377,3.7417234627095852,6.1876119599786215,1.0,1.0,1.0,3.0,8.078997378130422,0.3502614956659591,0.9755701289274463,0.22612274018513207,6.114855247780742,0.7879428873611907,0.008461131676354082,12,17.51806893904942,3.435582452124232,0,0,2
2023,-1,174,3.1275146750414566,3.842119771431612,2.7483908527384546,4.595720480111809,-1.0,-1.0,-1.0,-3.0,-9.317575138046406,0.9487078229688481,1.0233893540525534,0.35585028570919713,2.6436993820209644,0.8680272108843562,0.05952380952380952,2,2.370294466268275,11.629546191456676,1,1,1
2023,1,60,5.532425080540436,3.4389226820075467,1.9817806864039191,5.300573301072568,1.0,1.0,1.0,3.0,7.730239374826454,0.5504453168368858,1.5036749774241784,0.3242770077750813,0.9853736711422704,0.6010638297872573,0.04483282674770427,7,6.092181519541399,2.403530113816906,1,1,2
2023,-1,104,3.2150187775520926,3.2317609091070603,3.2711555363196627,4.463348057264537,-1.0,-1.0,-1.0,-3.0,-8.15320814900036,0.7173537393436132,2.659306625808176,0.3815023895386049,0.15017888739972407,0.32695139911636006,0.4955817378497764,16,0.9904807775766994,6.010439070078871,0,0,4
2023,1,214,4.418363130710961,3.1267033274619345,4.056424217245071,5.228416889420287,1.0,1.0,1.0,3.0,7.42387231115728,0.3606108662795131,1.9059528056894337,0.28996439866534307,0.7692907035697377,0.8696369636963764,0.0008250825082388137,10,5.496793362670482,3.785585574515506,1,1,2
2023,-1,390,4.150553706771768,3.730698866004696,6.18411107702256,10.126067368118942,-1.0,-1.0,-1.0,-3.0,-8.998588016927645,4.0300581658237515,6.1034168344968345,0.3346465407928115,5.149116868341414,0.7383399209486166,0.00015810276679611827,18,14.381454647896833,5.51552961652453,0,0,0
2023,1,244,4.966559077065551,7.004534553407647,9.628902645253119,10.4644628890942,-1.0,1.0,1.0,1.0,6.424668359240642,2.9176773364807644,2.5193054026421824,0.2590461601977706,8.297438638689036,0.8036935704514324,0.0,14,10.095549964301146,3.9437892892995263,1,1,0
2023,-1,250,0.5928856048200905,8.932523124066249,7.560021616142174,8.591000032405695,-1.0,-1.0,-1.0,-3.0,-7.286917020255339,1.7084419876144032,1.013278036538937,0.24906304962578796,8.90402750040819,0.7364228819695873,0.0,11,0.16793557771998235,11.178668238664914,0,0,0
2023,1,336,2.1328480170895263,3.272407187849698,3.459518618545199,4.39679770128457,-1.0,1.0,1.0,1.0,5.269732900982613,0.9312555355394474,1.0879902834666233,0.18455923895799592,6.935049003563259,0.42459736456807895,0.09956076134700494,15,1.5556093335652967,10.9323136435589,0,1,3
2023,-1,39,4.925056600841502,4.49945985695458,2.993253762017409,4.444470977862771,1.0,-1.0,-1.0,-1.0,-5.578266743487425,1.9113416902817129,0.9072096123405763,0.19366868622736647,5.205534297625188,0.6090356211989587,0.0,19,2.993253762017409,6.6222428363216705,1,1,1
2023,1,163,5.204215857925215,4.842694281902189,4.638022571907896,5.746597276773449,-1.0,1.0,1.0,1.0,5.18237147767969,-0.10919648580776938,0.5255908898600543,0.13655662797914223,8.177327500522644,0.755625740228971,0.0,8,13.46164223951375,1.8546798761593728,1,1,3
2023,-1,348,2.1410197438389917,4.038853119454861,1.641007931234606,3.550744678053955,-1.0,-1.0,-1.0,-3.0,-5.642343823968659,-0.8004757394106312,0.7016532980725065,0.1642288385449945,5.252841711033271,0.6485953671759369,0.07688516510597374,13,25.632764155405532,4.196134374499227,0,0,1
2023,1,350,9.678096169743853,4.707409321958471,6.418763137094644,7.5239392803492535,-1.0,1.0,1.0,1.0,3.5802918180621472,4.293798255562949,2.496204442507525,0.23493368214600185,6.627757674067498,0.9591836734693963,0.0003924646781732539,18,3.618359180881642,2.9377704824932263,1,1,0
2023,-1,521,19.450641278408476,4.215321286273837,4.548402613135082,6.1339201489973245,-1.0,-1.0,-1.0,-3.0,-6.211758353191912,0.7064119986114291,1.2900070449656689,0.21768060000707506,6.6695532310628955,0.927367055771728,0.00043233895373344193,14,9.685479429328772,3.7255596663183335,0,0,5
2023,1,277,1.1831657148453725,3.515448373927082,2.6373721352862716,6.008339473741413,-1.0,1.0,1.0,1.0,4.505635082738737,1.3880516881886011,1.3856422539620448,0.21825536103554036,1.6560297572929645,0.36780821917808715,0.16232876712329267,13,7.220719156854501,0.2710407055955856,1,1,3
2023,-1,549,4.902593100511846,3.681031569232198,1.748120135999827,3.5905209085480165,-1.0,-1.0,-1.0,-3.0,-5.118015130548765,1.694287360977348,0.5354713290825519,0.08990099548866905,6.459481628354047,0.5689655172413406,0.0474137931034886,11,16.322335202425354,2.5337921072357044,0,0,1
2023,1,253,5.943545588620033,4.002735247252444,5.339501586724219,7.625797825981839,-1.0,1.0,1.0,1.0,3.9728333441557355,3.423004928788456,1.3348776011232872,0.17246290774548523,3.411799454449775,0.6888111888111889,0.036363636363641455,8,8.541140955134518,3.9726716438678027,1,1,3
2023,-1,145,2.3767149691337823,5.962985091686828,7.17198281477944,7.329679542589251,1.0,-1.0,-1.0,-1.0,-4.1097328392707,2.255549792562431,1.0557664998317737,0.22436088434192947,6.780670340157861,0.8518744285278916,0.003352636391339682,20,8.56872526109501,4.849978955293987,1,1,0
2023,1,127,5.44827028262944,3.431932973029052,4.091349062994733,4.283479501173115,-1.0,1.0,1.0,1.0,3.5412896465994117,2.6388493772414447,1.7713213690155583,0.20750268957814952,2.3262911691348,0.5830174374526202,0.12964366944653796,6,6.124157716935513,3.1512822761934403,0,0,3
2023,-1,375,5.810192061806457,3.074342061257236,2.600270332722641,5.9329014482945475,-1.0,-1.0,-1.0,-3.0,-4.740383788767352,-0.9543665967938291,1.325301058470776,0.18157286045144272,3.8109309963198226,0.4657809983896942,0.2902576489533082,14,9.750526805700002,0.4752554016362264,1,1,1
2023,1,307,3.6677032453512814,3.054014500452502,2.6545820921990604,5.309164184398121,-1.0,1.0,1.0,1.0,3.254455588354488,1.648937552805612,1.4635779196030143,0.1736187292695857,0.8170511180972257,0.6428571428571429,0.2357142857142857,15,0.6856476491030687,5.48518119282455,0,0,3
2023,-1,191,7.046078527753756,4.460772733336627,2.5233206870178964,3.205299251076775,1.0,-1.0,-1.0,-1.0,-3.3595166458032475,0.5042800844446061,0.4584575428398725,0.11583318414333517,4.973191436558783,0.6158245948522525,0.006673021925650314,7,2.932507825453133,4.076371871533752,1,1,1
2023,1,239,3.653151820590991,5.76974965442251,4.054693000393136,6.398471408585775,-1.0,1.0,1.0,1.0,3.0130748146323607,0.4553112822947598,0.6160590800557018,0.08172979574770899,7.828099458779042,0.7329919531821522,0.000731528895380719,3,5.241858227634037,3.4698395428552122,0,0,3
2023,-1,173,4.731189264647946,3.754823896565038,3.401812158384819,4.655722442021491,1.0,-1.0,-1.0,-1.0,-3.2162258521653087,1.1594544647765308,0.23827609071125502,0.06168728557796869,7.784679470911922,0.34177215189873417,0.1531645569620069,17,4.057793001213477,8.893474789497565,1,1,1
2023,1,80,3.7995844698817045,3.5350938313319697,5.626618704335539,5.993103447529763,-1.0,1.0,1.0,1.0,3.015702394651126,3.6164269522800345,0.5895198705910553,0.06622194494307099,2.4003225770282954,0.5318181818182149,0.32954545454545453,0,3.1905730583969625,10.719678738432291,1,1,3
2023,-1,66,1.743170983884671,4.229808413095931,7.286566813665315,7.95356792968553,1.0,-1.0,-1.0,-1.0,-3.2055393915889048,3.0843539084981613,0.5008845533483239,0.06391640344046273,8.194864397455841,0.7989304812834302,0.0010695187166008854,6,8.424392246876089,3.2453247577787105,0,0,0
2023,1,154,0.4591766276795445,3.925386781346846,4.090420366980816,5.814675458674886,-1.0,1.0,1.0,1.0,2.840631206037003,0.4933716563694911,0.3000016240791679,0.07623836720006827,6.539015171468893,0.4543147208121777,0.015862944162436696,18,25.517101166755612,0.6606520867631619,1,1,3
2023,-1,665,40.314972931962195,3.3854898229579042,4.018464435567355,6.769187265417624,-1.0,-1.0,-1.0,-3.0,-7.470388022754167,3.08038590750755,1.2749652786357057,0.16916217509366255,3.2324296324917055,0.5258985200845646,0.006342494714591559,2,2.478217624883062,2.497964378866194,1,1,5
2023,1,123,1.429022769231479,9.398634337547906,9.566709080716931,11.626942235700835,1.0,1.0,1.0,3.0,6.891046282606549,9.294485236896701,5.151171126701378,0.14016061501117882,9.79744621725454,0.8869565217391304,0.020652173913043477,12,1.7481477226230318,18.431812565374383,0,0,0
2023,-1,32,7.704811724752382,4.165726601129424,5.098301079965281,7.795913067676941,-1.0,-1.0,-1.0,-3.0,-6.891046282606549,1.9915293391951114,1.4119606264979279,0.1989890110574558,4.433181499959863,0.46608695652173704,0.04724637681159209,15,0.8755851292197486,5.057811594221053,0,0,1
2023,1,138,5.784217007930805,3.657188339944288,2.581284031297265,3.353199112426821,1.0,1.0,1.0,3.0,6.3668766035006445,2.472339061092332,0.9656615595047092,0.16118325978076434,7.36142893717187,0.3533797216699897,0.0,2,4.715886535647471,3.2893874657201407,0,0,2
2023,-1,436,8.140695195676093,5.178087053611053,3.9440643315382213,7.031598682955858,-1.0,-1.0,-1.0,-3.0,-7.990577154805787,-0.061756589618144134,1.384937769086302,0.17999370209278448,4.041989484683844,0.8688212927756654,0.1269961977186367,15,7.88995885534163,2.6336466696443424,0,0,1
2023,1,623,1.9997984473885393,8.30833609954608,6.559683700270349,8.54224250587115,1.0,1.0,1.0,3.0,6.362286840814862,1.459224645831957,0.9403676862875716,0.07610542900417436,7.284299027258056,0.992725237828747,0.0,18,3.1419247158326353,33.31560775498736,0,0,0
2023,-1,65,8.307697360214105,3.918041504988706,3.1133886990568396,3.8134216816990194,-1.0,-1.0,-1.0,-3.0,-6.179805393333367,1.4193128144073943,1.2302295371154988,0.10363103419228101,0.9341847181034907,0.6706689536878674,0.32246998284733286,0,15.151398802391375,0.8598578645239453,1,1,1
2023,1,359,17.51812618067334,4.547851643717216,4.1888785903364205,5.275188951680987,-1.0,1.0,1.0,1.0,3.718276028508006,0.4930438160825051,0.7240376952559547,0.12284386255232661,4.62778881044848,0.717229536348033,0.03205495134515534,6,22.08831068067369,1.0479054495799183,1,1,3
2023,-1,296,9.401430863841208,4.083993391979462,2.4691079151460977,6.537982664606395,-1.0,-1.0,-1.0,-3.0,-5.348088054068874,0.605072953720789,0.6971078960892639,0.14882227985693464,3.7105906476771624,0.8947818648417526,0.06501283147988408,6,26.658299432312212,2.6259478008631807,0,0,1
2023,1,960,73.92158992017049,3.185800146524382,5.051747465678371,6.781956506042435,-1.0,-1.0,1.0,-1.0,-2.1541923004293952,3.082252331316395,1.6539734073656207,0.125846742755261,3.047474004013577,0.3819628647214684,0.4297082228116821,14,12.273489547198091,2.739979868268897,1,1,5
2023,-1,292,1.2116034068741575,6.240090403022258,5.8336460330975335,8.224443702217457,1.0,1.0,-1.0,1.0,1.2076348279106106,0.93585800826955,1.0114825533349145,0.14671593078358974,7.211428747977327,0.7162442874948107,0.03323639385126704,15,0.8226936713342675,8.466265781367152,0,0,0
2023,1,115,4.661859068259024,5.416891506243693,6.650340580724023,8.310071992391178,-1.0,-1.0,1.0,-1.0,-1.308380603999926,2.1788689536504973,1.0946056856208184,0.1577096130864377,7.216742468654197,0.8451636631114421,0.05884516366311191,0,5.159550193078039,13.376019726214295,1,1,0
2023,-1,74,5.3583999168123055,3.6610560258700904,4.396120598418128,5.146296586771818,1.0,1.0,-1.0,1.0,0.7817853709224568,2.128239451539008,1.4407445934896614,0.163094460752251,0.6231001825377466,0.9821917808219278,0.001369863013678696,7,7.195884554952509,5.307048584276203,1,1,2
2023,1,80,2.6411511451580822,3.046432687712291,4.504663585486907,5.693282331210204,-1.0,-1.0,1.0,-1.0,-1.352525961918499,3.8238801724050595,2.5559539886586764,0.17946997593810296,1.807711709666454,0.7931034482758637,0.0,13,0.850164594398712,14.877880401977203,0,0,3
2023,-1,12,4.6742091853226,3.727469473290847,5.987900142662441,7.197388984405944,1.0,1.0,-1.0,1.0,1.352525961918499,4.149917900441941,1.14819589537173,0.19676094772141275,3.894407809185638,0.556615017878416,0.1340882002383796,14,7.3295023809656605,4.908663945414391,1,1,2
2023,1,324,2.325447421955586,4.180422016232191,4.768551409903024,5.529858601614679,-1.0,-1.0,1.0,-1.0,-1.772326781878963,3.310966627097816,1.3063779008290297,0.15736097614977637,7.660817447595546,0.8493238892466328,0.0006439150032102078,17,21.38811810411742,1.9240309026894906,1,1,3
2023,-1,310,20.244498552802508,4.351880618958069,11.300215131934047,12.887705578282363,-1.0,-1.0,-1.0,-3.0,-4.268420357016024,5.629112943280467,3.2788004413225815,0.26042961310633794,2.727485217621273,0.6860158311345675,0.2201700381119873,19,21.734768527184873,8.629981621088112,1,1,0
2023,1,58,0.14232597296837884,3.8616810781505095,7.028229538074426,7.822424193864892,-1.0,1.0,1.0,1.0,0.7627353966153457,3.2027719608895557,2.6257878460360526,0.434633362942534,2.2279582914559835,0.6421630094043899,0.12319749216300713,0,1.731501615891693,5.722919509745544,0,1,3
2023,-1,393,0.30777776402720874,3.6310516539275075,2.4950309093981544,4.785397417336565,-1.0,-1.0,-1.0,-3.0,-2.9254501187250512,0.5482356794061434,1.0383942056254578,0.21961120534506176,1.3731271726092997,0.8097686375321286,0.0,9,4.30732637270551,4.961939992641494,0,0,1
2023,1,569,5.636456700013653,3.613115371509319,2.1158127734093104,3.0923417457522366,1.0,1.0,1.0,3.0,2.278537332236304,1.8009406948017346,0.482140195265606,0.07967975753126771,7.120903185482574,0.3263433813892119,0.049803407601608986,8,27.741132253790937,6.5230422143775435,0,0,2
2023,-1,138,0.8330669630742652,3.572789521007399,2.2456587700262984,7.1964022553897005,-1.0,-1.0,-1.0,-3.0,-2.400871848606618,-0.14811631996665411,1.3084364017158656,0.17958434756232203,1.4444957438541703,0.7186673717609863,0.0,20,16.720435544906742,4.973619466042869,0,0,1
2023,1,488,26.987182500288206,3.2017489797306506,3.728508362062003,5.26234208327658,-1.0,-1.0,1.0,-1.0,-0.5413073184996635,2.5689907168581985,1.020805694078949,0.14543362827846118,6.977627837227077,0.6173570019723782,0.03616042077580574,12,16.842908604815335,7.249741896932941,0,0,5
2023,-1,288,6.2580280562056805,4.738768004275431,3.773445785361816,6.117227840333972,-1.0,1.0,-1.0,-1.0,-0.48543676469406744,0.8121579939967478,1.0745969959167991,0.16299598888691885,7.73359618348225,0.67743271221533,0.0,12,5.255097287765598,10.34123431648524,1,1,3
2023,1,59,3.859255987033923,3.2314578781224013,3.656884697925404,5.465799992675909,1.0,-1.0,1.0,1.0,-0.07701945132359685,1.717289694666169,2.497367657227189,0.19677274523612923,0.11657750299302394,0.9777530589543941,0.0011123470522641067,17,11.190777250350388,7.597799275301325,1,1,2
2023,-1,240,4.333603308364135,5.22964547786062,6.49773539171967,8.0425270433255,-1.0,1.0,-1.0,-1.0,-1.8213563723591262,1.123030376254072,1.8381079863065983,0.1957798154047926,4.8644803073545555,0.8104018912529619,0.00047281323876380526,13,0.7118855537353815,4.734038932340288,0,0,0
2023,1,143,4.277349225727065,5.605620671307215,5.015176595761438,5.873925673662511,1.0,-1.0,1.0,1.0,1.0577550868702892,0.5599312327375231,0.8494770949069066,0.1673821646943151,8.592999182498545,0.8752719361856378,0.0,1,8.218577093993996,2.8693286612447864,1,1,2
2023,-1,132,0.1372994117592669,3.1915568785031843,5.17758071590635,5.800402685190995,-1.0,1.0,-1.0,-1.0,-1.7335452095025452,5.13407599152378,3.6540545515580467,0.17386611618328873,9.650725040826048,0.36255888162892835,0.20255280352530386,12,0.7820096930634712,15.689940024950598,0,0,0
2023,1,25,5.386046456354929,4.903663258133154,4.112002595908714,6.67744786258379,1.0,-1.0,1.0,1.0,1.7335452095025452,1.5836646491679418,1.6311573385662532,0.1962904342847837,3.2932957379464085,0.7334777898158119,0.002708559046587237,14,5.948430939712673,3.4767164202639087,0,1,2
2023,-1,209,0.002111327536301022,4.619250129999465,5.337436011846638,5.548568765479812,-1.0,-1.0,-1.0,-3.0,-2.112939328051915,0.4089739506440315,0.45410912822471156,0.16238639798148063,5.284353573920771,0.7285031847133737,0.0358280254777069,8,17.612694308079437,3.9144012523590104,0,0,1
2023,1,209,3.2791814154772245,3.0450604308602554,2.760878939104319,5.9135455768842125,-1.0,1.0,1.0,1.0,0.8771902646519507,4.4626988244307535,1.4204471045682139,0.16860990897489458,2.8073941021996416,0.44716692189891627,0.0,1,0.8407111034079865,6.827716873793837,0,0,3
2023,-1,119,7.746274374061309,3.046659103093233,2.464958556655977,2.6251550246986253,1.0,-1.0,-1.0,-1.0,-0.9916113272722303,1.302653601070453,0.7042710229005383,0.1346299522095544,5.383431420306628,0.22461928934011283,0.06345177664974679,11,0.7027974081870372,8.810805742344606,0,0,1
2023,1,38,4.276910098448294,3.2874656033939984,2.6208507231189326,3.346930809599617,-1.0,1.0,1.0,1.0,0.8337746368938393,0.9178034960615887,0.8016040966110128,0.13865656245640037,4.772011521318441,0.5208845208845188,0.0,14,2.0961832633673723,7.559189941443496,1,1,3
2023,-1,89,5.088149244830614,3.139271608842256,3.844489099634351,4.685933761364391,1.0,-1.0,-1.0,-1.0,-0.9787854127188164,1.231772718663141,1.3602808245955456,0.1409201706521175,1.5313456921494917,0.48484848484848486,0.0,21,18.6993186117004,1.8038007264652167,1,1,1
2023,1,469,22.966526248852684,3.298167305559407,1.1767822216561263,3.3353499962546027,-1.0,-1.0,1.0,-1.0,-1.7785464059690574,0.7293551976550982,0.8702752299314804,0.15874667068282142,0.3272635285923086,0.5846394984325638,0.18495297805646352,13,0.6303380686327271,10.552494141787042,0,0,5
2023,-1,13,4.854572750243242,3.5955580407950074,3.8143071609054324,7.281859125364902,1.0,1.0,-1.0,1.0,1.7785464059690574,1.3543414795076254,1.136487069403598,0.17007345680401323,3.5844144249835272,0.8240384615384685,0.03365384615384615,14,3.274910188656166,6.412830670074474,0,1,2
2023,1,124,5.779425553288086,3.5678112838937204,3.335620359412763,4.417380573194558,-1.0,-1.0,1.0,-1.0,-1.8501730040243796,2.601338902610134,0.9153303093098375,0.15554539660377828,2.3746153945568342,0.34554455445545995,0.34059405940591897,0,2.189000860864626,6.865818573124638,1,1,4
2023,-1,202,1.85796924813739,10.065057485022061,15.496654133705986,17.219897112585542,-1.0,1.0,-1.0,-1.0,0.5374993129541735,9.844831800087636,5.8145435618699155,0.2347600438695633,7.6203089005346865,0.5833547173039098,0.0004276794115131303,17,8.212036086624225,12.360351912145182,1,1,0
2023,1,623,9.937870021870795,3.7137749699576452,4.593861578457569,4.995725970398111,-1.0,-1.0,-1.0,-3.0,-4.028969927375769,2.1969445264143235,1.8810172017886009,0.23797273926356002,2.736863575080519,0.4747612551159653,0.0,21,4.879106499795736,1.3316682791755219,1,1,1
2023,-1,330,3.0209911142807044,3.4860249125366187,1.995146538040948,4.21646353383557,1.0,1.0,1.0,3.0,3.1633384558688613,0.12348675402766818,0.8268417376715849,0.1392335400280955,5.436016227925111,0.46405823475887326,0.0004549590536785493,0,1.2358600012966832,5.761961661818775,0,0,2
2023,1,157,7.5621596689387,3.2285133265488684,2.8393090242974717,3.8750569641467436,-1.0,-1.0,-1.0,-3.0,-3.05159453403304,2.881143842624704,1.0177364969476754,0.0929901863919324,5.58895101158666,0.40685543964232285,0.12518628912068552,13,12.352993769091452,3.2832009985185673,0,0,1
2023,-1,130,2.3103585739912442,3.2780062993100167,3.6233976102954553,4.455480774874599,-1.0,1.0,1.0,1.0,2.736045396962058,-0.7664531217399186,0.7764547664390236,0.12660670758931827,1.7555240273636323,0.531175059952064,0.005995203836930351,0,1.3779533257392769,23.05637534759615,0,0,3
2023,1,9,1.5866483954917694,3.284917657330959,6.817542222324816,7.529571714294532,1.0,-1.0,-1.0,-1.0,-2.736045396962058,0.9229823987461845,0.65518349467275,0.13216753929862018,4.126522487110588,0.8779193205944807,0.027070063694259582,1,15.684271683350012,0.7176360234025693,1,1,1
2023,-1,269,5.9546671408808685,3.7571941743620103,2.821950842016847,3.4008768140468986,-1.0,1.0,1.0,1.0,1.4256186277491427,1.9812670800601584,0.961896579947565,0.14682561020478352,4.148260606499257,0.40639625585024874,0.0,23,8.623741427513092,2.7217039204531956,0,0,3
2023,1,310,0.9362976139076475,4.139439105421268,3.164840694944114,4.617004762795379,-1.0,-1.0,-1.0,-3.0,-2.2614653859206886,1.8926141917257655,0.6068556450740215,0.14252579386723188,6.510809529925731,0.5205020920502152,0.1732217573221818,1,0.16249793299222084,12.945668661715127,0,0,1
2023,-1,53,6.795374550630084,3.206664405816592,1.1847099127160143,3.472111359575374,1.0,1.0,1.0,3.0,2.178491260666847,0.9009433661891377,0.45050719908094145,0.12217367012111233,1.983679086861013,0.8271604938271605,0.05432098765433895,6,11.749892159962911,2.390683849506441,0,0,2
2023,1,141,0.02238493418906344,4.164125677269131,3.894978548897039,4.642635350811791,-1.0,-1.0,-1.0,-3.0,-2.763645680437983,1.70412771597814,0.9351462285190263,0.16521410712483325,2.2006592950220867,0.9192307692307902,0.074999999999993,17,10.31050068748259,0.07387028282397451,1,1,1
2023,-1,259,3.629061567513085,3.581794579677251,2.393776402755083,6.371701808983187,-1.0,1.0,1.0,1.0,1.1943785726273926,1.4939304491750054,1.5268366850564221,0.16814429784075693,1.6686886008103197,0.8904847396768352,0.0008976660682422036,15,16.901246224034846,1.1716559111560254,1,1,3
2023,1,287,5.640636013755605,3.2165196910350558,5.540521969606762,7.7114159795716075,-1.0,-1.0,-1.0,-3.0,-2.45464380073221,3.7600887838493486,2.9847432420797553,0.1406184360593433,7.787533859184055,0.6814814814814864,0.0006734006733908741,15,4.934568544495226,10.050923116523952,1,1,0
2023,-1,3,2.79255376194881,3.955720018812628,3.19084708657802,10.915937388568413,1.0,1.0,1.0,3.0,2.45464380073221,1.5814992804033112,3.698271440498029,0.1664722848542197,5.7699135490731015,0.5302197802197737,0.21428571428571747,15,0.002250244771965928,6.453702005857394,0,0,2
2023,1,251,11.120814478331566,3.0717110070500846,2.781619923006145,3.268828300559052,-1.0,-1.0,-1.0,-3.0,-2.322657380441392,-0.6011469099595181,0.4076949735833465,0.06557612580994882,3.4571961417324233,0.45768566493953944,0.17616580310881644,12,12.843039440844542,3.433119497640956,0,0,1
2023,-1,267,4.625333859072195,3.501753095562875,3.297539323016031,4.850290784602518,-1.0,1.0,1.0,1.0,1.8146113746819008,3.48064079283268,0.5300231696005907,0.06752939642919902,6.4787115768821835,0.307692307692301,0.18990384615388778,10,13.129802994970136,0.005486754281344242,1,1,3
2023,1,235,7.43933345387538,3.5250177011149564,4.300388478116387,5.3704063986555335,-1.0,-1.0,-1.0,-3.0,-2.847055011004973,1.0539879779355732,0.5214387955838211,0.10989222093593001,2.8631715234852377,0.9971291866028777,0.000956937799029137,6,7.584937158252525,6.223711828958967,0,0,1
2023,-1,538,10.432290269242932,3.7673398794421513,2.4439670413902888,2.907541973368735,-1.0,1.0,1.0,1.0,1.1342799714811898,0.2664044592767083,0.2606805332030059,0.0995483284479766,6.316775013821472,0.5463258785942444,0.0,3,19.292134369215056,1.2349636187905544,1,1,3
2023,1,398,19.683337190332686,3.5072384770483773,4.609635290621421,5.9266739450846115,-1.0,-1.0,-1.0,-3.0,-3.488372048015225,2.642368138634414,1.7978299718422317,0.13631221311273956,1.0694342047271939,0.5355555555555233,0.0022222222222707286,12,6.710228587613402,6.976970593580602,0,1,1
2023,-1,596,15.576913039112181,3.939018091744001,7.547352995994141,8.51176709024194,-1.0,1.0,1.0,1.0,2.1145141541250867,3.137818982056097,0.36522174474177865,0.06934007324823757,9.433203457244725,0.4473358116480798,0.0,13,1.349096120604728,12.353169297104616,0,0,0
2023,1,46,5.2823566666061135,3.291514365490277,3.9899742588539007,5.7746928219402,1.0,-1.0,-1.0,-1.0,-2.115518538110321,2.399726064269399,0.5728925834880337,0.07290797234006444,1.0824912461744345,0.5619047619047273,0.13571428571430305,17,21.411494255417985,2.9540169320048975,1,1,1
2023,-1,547,26.443102912786653,3.435191368048766,2.0798232844934477,5.420300191735109,-1.0,-1.0,1.0,-1.0,-1.5268860277748348,0.544511895044907,0.8034315294839326,0.1413912577764553,1.6017640730198126,0.787842669845066,0.10488676996423266,15,5.1319320553574155,2.2686661348646693,1,1,5
2023,1,143,1.8792976006507929,4.825674648944463,4.380501488222086,5.537410126773055,1.0,1.0,-1.0,1.0,0.9540855505372086,1.2952452052412102,0.7296122355084357,0.13192271442984285,5.873710107822182,0.8592493297587138,0.0,3,3.43813693991886,6.862695139948724,0,0,2
2023,-1,137,4.113198519085108,3.3596328297681755,2.847966241014814,6.619790768092294,-1.0,-1.0,1.0,-1.0,-1.7691391856643022,1.4925468564346056,1.4664971215443043,0.15137497058362365,4.911929993478263,0.6341232227487945,0.0,14,3.4065782279364503,4.227785593325419,1,1,3
2023,1,396,13.229481992596288,3.052137611326812,2.4142380507300962,3.2877039522302183,-1.0,1.0,-1.0,-1.0,-1.2304288873280689,0.5875274199739297,0.4798424494901184,0.1352959662871773,5.635094715524426,0.5886792452830326,0.009433962264150943,23,2.7261901584087043,17.56154734879402,1,1,3
2023,-1,37,5.361824443735499,7.850709165169679,5.801633441137271,8.260237836449383,1.0,-1.0,1.0,1.0,0.6233122391099569,1.3909686252527207,0.6501937506041933,0.15525214232667467,6.695163379780825,0.8595073133179365,0.032717474980754516,2,4.828285660002058,3.4728087499765667,1,1,0
2023,1,169,0.8794005799366806,3.4139657835993598,3.5503750121670437,7.095287908930734,-1.0,-1.0,-1.0,-3.0,-1.506083892354835,-0.044027293205050826,0.867922364740575,0.13541464919434462,8.56568403874291,0.8368421052631608,0.00040485829958925024,16,3.828942897737093,15.35400639877165,1,1,1
2023,-1,32,4.446143611642486,5.159762784171633,6.1764162486855785,6.935692005025197,1.0,1.0,1.0,3.0,1.506083892354835,1.3741528187200296,1.1951265839339442,0.15381714969694002,5.710681996854469,0.5412077478161808,0.15609570831750344,19,5.770009032952594,6.424641015181235,0,0,2
2023,1,106,6.166982480532904,3.5882409956314034,2.282369393869238,2.7459756769989534,-1.0,-1.0,-1.0,-3.0,-1.1480057541881314,-0.2246800619806291,0.4019570535944772,0.14526345593115214,0.6677727103935133,0.7631284916201037,0.030167597765371257,4,4.457752722400929,1.5538452346654665,1,1,1
2023,-1,115,1.7910426159535802,3.080461198891594,4.186500439770295,5.664233947974485,1.0,1.0,1.0,3.0,0.7407131859968863,2.9782835632614546,2.8499024163565516,0.15070808319708606,1.7210417894455288,0.496894409937885,0.1508429458740008,13,0.527938181562121,9.438745246058552,0,0,2
2023,1,60,5.6401014337244835,3.995629303747037,4.389832642997377,5.003600958445302,-1.0,-1.0,-1.0,-3.0,-0.8415903529060886,2.0127022006780133,1.2087240584561287,0.14564689418624907,0.3744640313769017,0.8639455782312925,0.11156462585035004,18,2.6975496333263442,2.6823948601054464,1,1,1
2023,-1,299,1.7167506834858934,3.292588854474304,1.7297236105651004,3.225934533703849,-1.0,1.0,1.0,1.0,0.18652578212956997,0.6561006870188358,0.42934777516812844,0.08538470726814892,6.744025190891118,0.4189283228948976,0.0006958942240931265,19,7.930782754441048,1.56107555853494,1,1,3
2023,1,134,1.8021318383118816,3.1394549815190445,2.5391381363331575,5.54773918852926,-1.0,-1.0,-1.0,-3.0,-0.9187084214226361,0.7827799956346301,0.5954031411538915,0.0729914201202594,4.484403603239088,0.8818565400844225,0.004219409282638892,7,7.571982513916087,1.5143965027832174,1,1,1
2023,-1,201,0.3418321619024526,3.28390437443707,5.386446187553006,8.27993458830261,-1.0,1.0,1.0,1.0,0.4231070790718079,0.19650676427226654,0.9000606548710915,0.10688902547495759,2.455081276698852,0.44229217110571933,0.0008071025020353641,23,12.951640800968748,1.0358550360678858,1,1,3
2023,1,459,27.0365758353685,3.1215230431646397,8.761816867083756,10.879518116152271,-1.0,-1.0,-1.0,-3.0,-4.878418147271858,2.6012806227780243,1.773370135541769,0.19622206840057926,6.213404339987545,0.5213157894736804,0.0,14,25.97084317334894,1.7244419641903554,1,1,5
2023,-1,238,13.431728038921094,3.5262763256735106,2.6080458010607592,4.812906030187604,-1.0,1.0,1.0,1.0,1.2521900217788922,1.6701358426598016,1.8995155485699502,0.1931940398631094,3.654618927186031,0.3856132075471388,0.3797169811320873,9,6.912587414462153,7.656630353973094,1,1,4
2023,1,344,2.217379537169272,3.7160507155170874,5.437136125387596,6.652138611507737,-1.0,-1.0,-1.0,-3.0,-2.1708873513349483,2.1883019070236545,0.9766247492886306,0.17333749781742008,6.235193845071913,0.6427397260273933,0.028493150684935492,14,4.556259322950526,4.384857186515689,1,1,1
2023,-1,142,2.7305682809235914,4.538361847372892,4.898211571097025,6.844250905635877,1.0,1.0,1.0,3.0,1.928694404544824,2.3524497022014033,1.2801683597637368,0.14915439648422438,9.117765887531354,0.6495176848874559,0.00803858520900324,2,0.39735881700012776,9.126516931482408,0,0,2
2023,1,77,7.188677906287512,3.4095744736115488,1.0481021329595928,4.965161799359245,-1.0,-1.0,-1.0,-3.0,-1.9081541485641944,0.09488349146827313,0.5729082854350641,0.12694535249353178,1.6241002778739086,0.5943661971831088,0.0,8,4.997729944733651,5.21682474088908,1,1,1
2023,-1,101,4.3024842144030195,3.424677406341622,1.244726425429774,2.661330441898763,1.0,1.0,1.0,3.0,1.932900904682183,-0.48205057084832165,0.6599168990149319,0.13650727331057808,0.8847276547458474,0.5108481262327996,0.0611439842208821,17,1.499770592778325,2.7694469911009403,0,0,2
2023,1,293,10.190406956536572,3.9431998790164244,6.751526367207816,13.25058311151647,-1.0,-1.0,-1.0,-3.0,-4.291138374843711,3.6478294181018827,2.0951923030334902,0.18886102202832905,3.9133459390132783,0.5722339675828041,0.23678646934459618,17,2.8138146681186047,14.370408051795215,1,1,0
2023,-1,9,2.7249248638772237,4.89503351629156,7.165915570688237,10.316505204199446,1.0,1.0,1.0,3.0,4.291138374843711,1.1597740349634216,1.6752700749211495,0.23374504505848753,5.883660296176861,0.555124360557411,0.04198271300053422,18,1.4294962539282732,6.554231945033135,0,0,2
2023,1,264,9.517212852887532,3.1491831541082544,3.898416075577362,4.295940936754534,-1.0,-1.0,-1.0,-3.0,-3.727921706409523,2.213105705813637,0.6721115043570423,0.11580630364208826,6.760156732617355,0.40929705215421636,0.15986394557821348,16,11.67854550147242,4.115551503951421,1,1,1
2023,-1,120,0.7802237109418138,3.9489779431129732,4.723697267101961,5.813781251817842,1.0,1.0,1.0,3.0,3.1394668674727426,1.6181998227921484,0.7284228664590358,0.17442823009733954,3.8135062296375013,0.8754598003152874,0.0,2,2.6237808793672013,8.471000290225406,1,1,2
2023,1,81,5.429248382113592,5.337731440459282,4.056656975941315,6.677058751361082,-1.0,-1.0,-1.0,-3.0,-3.4280082552630873,2.5509205553893572,1.2463013032013783,0.1506802782527751,5.512313770056711,0.745277618775044,0.0446479679450443,9,0.35906380013036343,8.632810513773459,0,0,1
2023,-1,59,7.129252144861693,3.07917819994208,1.6946798998691373,4.0535267278363145,1.0,1.0,1.0,3.0,2.849619740826398,0.6982304031108675,1.5109542169484191,0.14724911565935456,2.098272300684133,0.32262569832400856,0.2527932960893703,14,3.357732803162255,5.142022526663608,0,0,2
2023,1,123,4.664516465648137,3.5387497062608766,2.9431221538671943,3.9222373748298054,-1.0,-1.0,-1.0,-3.0,-3.0189889203049036,2.4078586491876894,1.1257219170232777,0.13322365375471923,3.193160928455876,0.6158599382080346,0.0,0,4.817593476595082,5.276824509436024,0,0,1
2023,-1,180,1.5037239541803733,3.7143323953194134,2.1706817896399375,3.523010406936815,-1.0,1.0,1.0,1.0,2.1023003897583297,1.1096303807800107,1.7036817396309814,0.18904620347318285,0.9285545007933016,0.6478873239436592,0.1495124593716076,15,3.015631440084207,2.4059583266885674,1,1,3
2023,1,128,4.451822148974073,3.0248791390963876,2.099863838781915,2.5514176721874873,1.0,-1.0,-1.0,-1.0,-2.7941111665298863,1.9391340117092206,0.6873820856823756,0.138650728884757,0.21035405553802938,0.7923728813560119,0.0,1,0.3019593119092007,5.953307901770703,0,0,1
2023,-1,47,4.770088846878898,3.0231666225152107,3.461948138177978,4.106108335644304,-1.0,1.0,1.0,1.0,2.6216322245127146,0.9694479151062858,0.6141358047719421,0.11710174784888182,3.932590439646526,0.6942003514938311,0.0,5,1.024049544690058,7.465651519353325,0,0,3
2023,1,83,5.780984067775658,3.0020689824619673,0.7771418911412555,2.605011339182756,1.0,-1.0,-1.0,-1.0,-2.603410554179567,-0.5674337524200253,1.420423297319474,0.09695353335413795,0.5867998250652585,0.4350132625994032,0.4933687002653004,12,3.417838317162335,48.09953204813908,1,1,4
2023,-1,87,4.1174791698599185,6.074200074002492,4.597761799109716,6.937115953938427,-1.0,1.0,1.0,1.0,2.8906756036008208,0.238645680438877,0.7784003601968724,0.1441336238843438,2.1701791700692716,0.9142857142857188,0.07701863354038171,20,24.729158972324058,0.21855557847886398,1,1,3
2023,1,274,13.177325004421341,5.976503338700404,4.857485667253119,6.582596710917897,-1.0,-1.0,-1.0,-3.0,-5.405826725180503,1.5971688743314496,1.2912896739301924,0.16274328995963305,7.142717445267796,0.8524229074889896,0.009911894273123827,18,10.311845197715126,2.9115798205313297,1,1,0
2023,-1,239,4.5064575882843565,4.651191065244399,4.835981166874277,5.87205079685538,-1.0,1.0,1.0,1.0,3.64243843293214,0.7586495276201487,0.7057235006490155,0.13295728750937053,9.615953884729633,0.4174528301886741,0.013266509433962235,14,0.662015838068105,35.37777014465413,0,0,3
2023,1,6,6.894125249440331,3.173207390862148,7.186694220852851,12.015332543910302,1.0,-1.0,-1.0,-1.0,-3.64243843293214,-0.8466640453934732,2.1598646196015534,0.1560753796862491,0.41172083112268454,0.16160220994471605,0.3687845303867615,15,22.61283084174427,1.5403631315397652,1,1,4
2023,-1,637,30.614898538016305,5.140738483472496,8.36804923361647,10.942036301760256,-1.0,-1.0,1.0,-1.0,-0.07241248921769086,2.060728696947313,1.239716130092298,0.10966450706424455,7.019993922070304,0.6137566137566137,0.12222222222221452,20,5.59021620974044,3.966358596280602,0,0,5
2023,1,193,4.451417495315411,3.7727691637284404,3.3219533547129934,5.230969215887996,1.0,1.0,-1.0,1.0,-0.5400585644899185,2.543676903326507,0.9861347355728554,0.08515281968304252,2.6640352665431233,0.33279220779221563,0.27922077922073857,12,24.954513600604074,9.890562454765455,1,1,4
2023,-1,49,3.1221178823407985,3.6700058482893314,2.8344009168448254,4.090246590563461,-1.0,-1.0,1.0,-1.0,0.5594330853702829,-0.4419293983950151,0.2566381225473136,0.09763806226434572,2.897299706797395,0.7014581734458812,0.023023791250959453,16,2.00624262426891,28.58118126162811,0,0,3
2023,1,7,5.709625161837296,5.615482928365536,3.406029995678157,10.57679266290787,1.0,1.0,-1.0,1.0,-0.5594330853702829,2.4554791641249785,0.980795251349306,0.11418768349150472,5.4338140275160525,0.8078859060402821,0.04194630872483324,17,15.411051661604622,8.51342956407673,0,0,2
2023,-1,256,3.1426262303041566,3.3769785414224405,3.4878292743165105,7.134196242920059,-1.0,-1.0,1.0,-1.0,-0.8686381934099823,2.323108582164111,0.7055422967260502,0.1466949951674743,4.289856977983141,0.9253365973072367,0.0,14,0.6418219559042405,41.96134779437927,0,0,3
2023,1,16,4.762854781889496,4.750523869495517,5.859694783527899,6.343885414881866,1.0,1.0,-1.0,1.0,0.8686381934099823,1.5971467792938236,1.2024109644858316,0.1500251058489107,3.5705828222200973,0.9782282282282174,0.0,15,33.79205941984789,0.37302441497160127,1,1,2
2023,-1,563,37.910915098741135,4.210296993916837,7.4459856223316025,8.326253685092189,-1.0,-1.0,-1.0,-3.0,-8.4271356793611,3.9863425393640877,2.25488393547517,0.2549284157375662,7.083462180478866,0.3293323330832714,0.11327831957989275,14,1.0795491384379987,7.08701573766761,0,0,5
2023,1,230,5.670176116537663,3.500227961469547,3.7878635532608156,4.666276082790079,1.0,1.0,1.0,3.0,7.961718573424034,0.10518780586445024,0.5558037413340806,0.142722681819718,6.899283772341029,0.8914728682170637,0.0,9,31.350961470577673,5.804958991439036,0,0,2
2023,-1,356,8.489257216316108,4.705804144235647,5.65392894406869,6.197575957921446,-1.0,-1.0,-1.0,-3.0,-8.99491748286046,0.6973325304257554,1.188658576992112,0.15726732246326242,8.685983521548511,0.4974567650050865,0.00033909799932920414,15,3.9330770502193295,5.829568748544227,1,1,1
2023,1,147,7.102665605525206,3.4096111970069174,1.5773015021071994,2.7963439740100617,1.0,1.0,1.0,3.0,8.315365400536281,0.09868588586225886,0.7043304168468276,0.13535465687552353,0.6966935391895034,0.44725738396624637,0.28481012658226973,3,7.850441165213162,3.883143179730247,1,1,2
2023,-1,171,4.383219077471857,3.8157328845965215,2.566362958147385,3.255737443139245,-1.0,-1.0,-1.0,-3.0,-8.164297747965476,0.7309785301906608,0.78808998448246,0.1528947767926515,0.8921456099001369,0.9324137931034282,0.0,18,11.487427165799497,2.3430142153462423,1,1,1
2023,1,156,0.40371423505150894,3.058240987880893,4.858771823861658,6.990951025063625,-1.0,1.0,1.0,1.0,7.130745928979533,3.093219922126492,1.3040825749555323,0.16145579285309156,2.0467842815882635,0.5787815126050605,0.0,7,2.7874540651297757,8.41510877886359,0,0,3
2023,-1,36,5.574318327007276,3.0951475291400037,1.833576655418245,3.9492420270546646,1.0,-1.0,-1.0,-1.0,-7.341873948842954,1.8440122847515152,0.9595528528574296,0.16187570283685002,1.5288751731104069,0.572337042925265,0.13831478537361727,10,6.768085068104571,9.118824369922741,1,1,1
2023,1,43,4.950550329238975,3.2112263058735233,2.9028828065928893,4.877812946841446,-1.0,1.0,1.0,1.0,7.068747338455144,1.2182749603998932,0.93351401550118,0.14875420386241026,1.608904024948255,0.7826725403817976,0.20411160058734382,13,3.707402339171882,13.423353297001583,1,1,3
2023,-1,37,5.05477016872143,3.219477319529862,3.3954706140781417,4.724785172543796,1.0,-1.0,-1.0,-1.0,-7.214123477679501,2.237314901089292,0.9211761014399993,0.1766301113174899,0.6429986568115953,0.5076219512195124,0.49085365853660734,16,5.740988967590927,3.2923503027726224,1,1,4
2023,1,121,4.485509219449488,3.5866898195482424,1.1932204191014424,2.7945930234452376,-1.0,1.0,1.0,1.0,6.706822440742775,0.24607336280516176,0.8571850478523836,0.15769455503497756,1.8480879941905244,0.6205837173578912,0.1305683563748109,2,5.141468088589033,4.781211312839318,0,0,3
2023,-1,289,0.5000837616080183,3.3384155261057296,1.7432069584796912,2.587477924433299,-1.0,-1.0,-1.0,-3.0,-7.41202900530056,1.1003643146841922,0.661541273717693,0.16243431075291387,7.478517971252147,0.4084507042253488,0.0,2,5.681113502316068,1.4638079337756391,1,1,1
2023,1,340,3.245851382347357,5.4074805788255915,4.6403456341740625,5.82500170334508,-1.0,1.0,1.0,1.0,5.59624057853998,2.708334102346853,0.8347207813916382,0.1238581846371473,7.613518595558224,0.7857142857142876,0.048090523338043686,7,11.711095535817888,2.464934601324309,0,0,3
2023,-1,158,1.8562775732139456,3.3991424853461916,5.16981978334337,6.553835668667938,-1.0,-1.0,-1.0,-3.0,-6.4449819757020546,2.6115240426697928,0.7464493463856862,0.17127110356356998,4.79368658548326,0.748520710059173,0.0,20,0.3064881974465581,11.303438929726143,0,0,1
2023,1,74,6.093151182820786,3.1718175379241025,3.9610009546568894,5.368853865397812,1.0,1.0,1.0,3.0,6.0256289021158,0.8482586483476701,1.0058251994085163,0.14444196194991463,1.2119131464672304,0.3669724770642237,0.32110091743119573,2,16.13372274559673,0.2716114940336153,1,1,2
2023,-1,133,6.702126855204221,7.510058269538635,10.677070172740558,13.012770912259384,-1.0,-1.0,-1.0,-3.0,-6.981020314624272,3.194095814074389,4.399868004791749,0.22573877518430602,9.632710644492843,0.8161562622693341,0.0,13,10.452737333351813,7.574532341716258,1,1,0
2023,1,266,9.539269640627515,3.6986219958199715,2.6238203413651955,4.279716039207568,-1.0,1.0,1.0,1.0,5.369778624916456,1.1760270029221438,0.6460406977729246,0.10983354722055316,4.612874975167639,0.5386819484240535,0.18911174785101525,11,2.9007957008964596,2.3825837379026007,0,0,3
2023,-1,331,0.48834894393710593,10.392484261360107,12.663681161582003,14.604555169537047,1.0,-1.0,-1.0,-1.0,-5.469501190565334,0.9834796694640517,0.3684236592791171,0.07913212146714506,9.45244237585337,0.6738146294972629,0.025017869907076655,15,1.0977416432089515,21.858832644431352,0,0,0
2023,1,11,9.218294396181134,3.2654631316181324,4.167542202426468,15.79031703127265,-1.0,1.0,1.0,1.0,5.2767863813837455,2.7144958387088174,0.7877149449781531,0.09724900586578737,3.6870898417492284,0.4327704815509472,0.010006253908706493,16,6.041424997715845,8.791801358543585,0,0,3
2023,-1,21,5.75650793816601,3.361132781195776,3.0377268893710805,4.97927098685907,1.0,-1.0,-1.0,-1.0,-5.2767863813837455,3.3216699854582563,0.963641170292504,0.10617085919159845,1.021769488869098,0.21804511278192953,0.047619047619038936,18,0.3684908255200898,11.862927332498202,0,0,1
2023,1,52,6.201924222642974,3.030966104323122,2.5065122472724397,2.9874916244517706,-1.0,1.0,1.0,1.0,5.39094722008671,1.7669331689576815,0.5856558809615459,0.09640194390598593,0.06721821714635555,0.8896797153025372,0.0035587188611583627,22,5.927562746928067,6.774357425060648,1,1,3
2023,-1,380,7.579022657154809,3.1519716407754887,3.3787918372764505,4.057273206884055,-1.0,-1.0,-1.0,-3.0,-6.651566460346613,1.2387003696147916,0.7472514116197873,0.14259414812397433,5.032890123411066,0.5424242424242498,0.0010101010100863111,6,1.116430882431204,3.966506468475015,0,0,1
2023,1,579,10.91692211779927,3.30924159181273,1.907751496330267,5.456912559308368,-1.0,1.0,1.0,1.0,4.261941930719824,-0.17666664951978367,0.5698411561517119,0.10552031124872797,1.707089750512913,0.8404255319148333,0.001773049645428727,6,29.97585508600831,13.939593319777122,1,1,3
2023,-1,75,1.4890519044806902,3.810647239204817,4.594025606648921,11.186252031306118,-1.0,-1.0,-1.0,-3.0,-5.070546750551688,-0.33869805929155844,1.391753131800476,0.1962466224157443,1.7695757644602594,0.8241482965931923,0.07765531062124305,12,11.014309939196753,2.083337193712865,0,0,1
2023,1,305,4.01586074844496,3.847619506545868,1.9276131592535382,5.001215849160953,-1.0,-1.0,1.0,-1.0,2.820307773124319,1.19995952129556,1.2529941749101203,0.16810051195493841,0.9541274221302276,0.625,0.2342105263157799,13,1.4946837810065734,5.2362906246796825,0,0,3
2023,-1,197,5.76900580695309,3.284402698416672,2.0745520006322447,3.03773685806874,1.0,1.0,-1.0,1.0,-3.147717062612403,1.7521582835561085,0.5260265544247289,0.09847595021011657,6.579230690529041,0.5856950067476203,0.0,6,0.6802914028047701,5.46590567699058,0,0,2
2023,1,211,4.693188099332421,3.554262685496636,1.0745184252064879,3.344016982481181,-1.0,-1.0,1.0,-1.0,2.649901609500236,1.863000227878873,0.5677738498676765,0.0685628115626174,1.1430026596298613,0.46489104116225344,0.27602905569002467,23,6.153183986496581,2.462237288253442,1,1,4
2023,-1,170,1.8359942500509037,3.89753613060038,5.604897402648423,8.275434493631591,1.0,1.0,-1.0,1.0,-3.0403242182535846,2.3099187386805355,0.6188357214114566,0.061531519106263366,5.778307023223147,0.7067039106145341,0.0,14,7.010159863830865,13.934173369888548,0,0,2
2023,1,6,4.767313414575223,4.953209677605362,8.417137869798182,9.424316760201384,-1.0,-1.0,1.0,-1.0,3.0403242182535846,8.013195106338367,1.523546674974662,0.068676710067686,8.76812939072743,0.4767879548306104,0.0006273525721364109,14,1.491583975787703,15.25636214463128,0,0,0
2023,-1,71,7.063127075023982,4.335815413139753,2.734686535647209,4.124226934442138,1.0,1.0,-1.0,1.0,-2.915442817668244,1.3033203509502982,0.3857590066819026,0.07468273663095522,3.2140776717398243,0.3517857142857273,0.0008928571428441501,20,10.330544753979263,3.2629782527609517,1,1,2
2023,1,186,2.079732437250255,3.508208495580697,2.0173404641327726,3.01214581328417,-1.0,-1.0,1.0,-1.0,2.831353355804442,0.9576679559384847,0.694017406864759,0.09537712979806465,2.9237745400634436,0.4935064935065207,0.0018552875695462359,12,25.608438744008115,4.062410694095524,0,0,3
2023,-1,120,0.6696803017804582,3.171152117495017,9.777332405994704,11.561205441751953,-1.0,-1.0,-1.0,-3.0,-4.4998990729241095,7.839912869212834,5.099619664290915,0.17056615536052677,2.7767127887601637,0.45051194539249745,0.2997724687144536,22,0.4581001484642852,7.67511858910128,0,0,0
2023,1,45,6.2602574423753925,3.3437625542850977,1.913251787358023,3.8773338559954085,1.0,1.0,1.0,3.0,3.166352621978058,0.6169468451745361,0.8003895953402544,0.161041760185363,-0.432367169160339,0.6178343949045241,0.22717622080673927,1,2.425621022654681,4.385636668789771,0,0,2
2023,-1,455,0.7021593690289559,3.024807887972737,5.238701075556221,6.376537643440529,-1.0,-1.0,-1.0,-3.0,-3.987476323188888,2.9764373388894327,1.321367737031115,0.1549318218035963,0.921792295094256,0.8781645569620152,0.033227848101242415,15,7.03005344172352,1.3895141730481733,1,1,1
2023,1,209,2.353780143464002,3.204257351524847,3.8025300678314897,5.261803599397747,-1.0,1.0,1.0,1.0,2.6734631163520555,1.7256848661447959,0.7620092838099342,0.0935335269037443,6.012923600955452,0.47038327526131213,0.3588850174216317,9,25.505715980813964,1.1155023630722969,1,1,4
2023,-1,386,11.726894857950183,6.064998629258297,6.767664399874736,7.351216566397783,-1.0,-1.0,-1.0,-3.0,-4.690788667624758,2.3257530382916385,1.5803309078087224,0.1680857805544901,8.64927699049028,0.689764333450577,0.04537460429124688,17,19.53647913270607,1.637027529850171,1,1,0
2023,1,541,32.06741206885642,4.029793587293453,3.076723038413396,5.2511648214817646,-1.0,-1.0,1.0,-1.0,1.8644268231027814,-0.9315210209530115,0.4967075526110758,0.05879721120222293,2.8362121045623714,0.4915540540540234,0.3192567567567774,14,5.256769052881343,9.459942602626587,1,1,5
2023,-1,51,1.0726356373566055,3.042506871309111,6.13075231259798,6.657229437355633,1.0,1.0,-1.0,1.0,-2.0643704022056206,0.976387613163701,0.3220242663853342,0.0671895703961521,4.672365135786448,0.5718496683861475,0.02652910832718218,18,6.780238111364601,4.979391123875642,0,0,2
2023,1,648,6.271143383016964,3.0117921733130775,3.431020695875533,4.9725973557585155,-1.0,-1.0,1.0,-1.0,0.39859417292499716,3.298474549022223,1.035959653361234,0.13993737627977734,1.2090963767741716,0.08804204993430823,0.18134034165571006,0,4.44364833181102,1.286632760953325,1,1,4
2023,-1,169,3.843673316944139,3.542756190335201,1.493737334275074,8.095687527737624,1.0,1.0,-1.0,1.0,-0.8546348738534288,1.0790747701437746,1.2354946229213983,0.12728049724314838,0.4400533658115294,0.5516431924882818,0.1971830985915048,14,2.046973384006576,6.991849885654256,1,1,2
2023,1,178,6.583721554520839,3.5672320050100104,3.8860653830015415,4.766732264237849,-1.0,-1.0,1.0,-1.0,0.629456095260393,0.1934118837482189,0.720584555968418,0.10160983527879952,2.476940915996034,0.6637010676156369,0.08896797153024796,5,11.74986407716338,0.03928625492494233,1,1,3
2023,-1,109,0.22415888206982923,6.239880485538592,7.510610818775834,9.72901078960461,-1.0,1.0,-1.0,-1.0,-1.6254138675557441,3.439852767700493,1.248731273773048,0.12984906851833114,8.4209517893664,0.7433884297520571,0.00041322314050488756,14,10.849805199953757,1.1826313433337714,1,1,0
2023,1,329,0.760939204488254,5.053301275983184,3.6716169687416005,5.951022298778338,-1.0,-1.0,1.0,-1.0,0.3324842582245047,2.135305354520114,0.7525078480406878,0.09774983466160225,8.230067794219572,0.5340642129992196,0.0,18,2.5830985551463344,7.455839290613853,1,1,3
2023,-1,224,7.986527814209511,3.180110102277996,1.0693729983789935,2.515840685660094,1.0,1.0,-1.0,1.0,-0.387861130933618,0.8157846079051566,0.24648052223024502,0.05955985930558947,1.0682233534528074,0.41899441340778715,0.0,12,2.6790607748864432,3.590841962977842,0,0,2
2023,1,195,2.7295881554355668,3.1003371414570764,2.4870727616635486,3.10626100108185,-1.0,-1.0,1.0,-1.0,0.2523538399787315,1.5639448494496626,0.5660233419373075,0.06483259475812012,0.48048901752118656,0.42364532019716705,0.06896551724127425,4,4.225959734029796,1.1919373608803432,1,1,3
2023,-1,248,1.7052532111965792,3.593265344195822,2.4439512617365917,6.662982913576576,-1.0,1.0,-1.0,-1.0,-1.0024133447804426,0.5099461336604725,0.7331669501753693,0.09103177663192634,0.4659256836656601,0.7430769230769119,0.0,1,9.224537845050895,0.9739053900153336,1,1,3
2023,1,384,30.567048106218582,4.2132483016961375,4.204740775044036,5.7208526173223735,-1.0,-1.0,1.0,-1.0,-1.9444555046328684,0.34461216699718983,0.5507841823019344,0.0795603016257696,8.986467544513395,0.870314083080081,0.0010131712259224697,9,2.924850324621946,8.886219268198206,0,0,5
2023,-1,41,7.034804409585438,3.0740344707244067,1.7834715404583699,2.062701933156251,1.0,1.0,-1.0,1.0,1.98125650960646,-0.15753014476777139,0.4217779084643286,0.07633139452456775,1.3793721228479645,0.39138943248533403,0.005870841487265772,13,0.0,13.0923024447278,0,0,2
2023,1,6,1.9415565709390805,3.662410690433766,6.506952065294441,7.804130858893561,-1.0,-1.0,1.0,-1.0,-1.98125650960646,3.2504470925252966,0.7807839617261871,0.08119410458236209,5.22705048433918,0.9845594913714737,0.0,13,5.736225704162509,4.43483529110356,1,1,0
2023,-1,144,4.216432445698982,3.1896518459446197,1.5635402990129228,2.473469489422088,1.0,1.0,-1.0,1.0,1.6244076639811682,0.507897660659816,0.47622697112563867,0.08038272763288412,-0.0122386748465649,0.8571428571428,0.09890109890112819,1,1.6318917874944578,12.533954200284326,0,1,2
2023,1,17,2.9096792684363755,3.825516003332042,4.3327538451388055,7.001018676455978,-1.0,-1.0,1.0,-1.0,-1.6244076639811682,1.29622603103782,0.25508248005386636,0.0806378726181473,4.815805059954548,0.8599999999999931,0.0,2,5.696533647812058,7.627849144765378,1,1,3
2023,-1,430,2.953644402671504,3.5957187710653025,3.6256375736496858,5.192319326918463,-1.0,1.0,-1.0,-1.0,0.6080991192150588,0.7256808464766498,0.6564665356116633,0.08726699943983476,1.3556015319123127,0.7002724795640386,0.2970027247956741,14,10.337755409349908,0.8165498414793246,1,1,3
2023,1,260,3.8919216435359387,3.1282686865041054,4.029283583896068,4.609256220971901,-1.0,-1.0,1.0,-1.0,-1.566011210332046,-0.7737065220216217,0.42675879348754714,0.0671441006287359,1.1332146867831423,0.7857142857142759,0.08646616541349939,12,13.288495860020785,4.777143036967717,1,1,3
2023,-1,247,0.903006820328588,3.1077613617868725,1.4840112086019042,3.3320251664833047,-1.0,1.0,-1.0,-1.0,1.2300146444521982,1.259553469273679,0.7684887385720165,0.04880047273818292,0.6038219045154635,0.7239583333333817,0.0,9,1.9110144337183734,4.263032198295049,0,1,3
2023,1,123,4.361034152358536,3.093506589104846,4.166424109048351,4.891788815931591,1.0,-1.0,1.0,1.0,-1.2149757014287248,2.8059094885434503,0.28741235512023666,0.03854127872759006,-0.39148809951133484,1.0,0.0,19,3.3172166473315925,3.4764430464034444,1,1,2
2023,-1,131,5.16819630922571,3.274037492908197,1.9978907028720292,3.6488423016523495,-1.0,1.0,-1.0,-1.0,1.1552796954795033,1.1123262451968894,0.14478955692828355,0.02854338325564669,4.175297231673333,0.38461538461544614,0.0,6,8.781148358730311,4.007744823126351,1,1,3
2023,1,103,2.8627720675504524,8.049221644982689,8.025304362699629,11.45108827020181,1.0,-1.0,1.0,1.0,-1.143042869200312,10.087543645961619,1.4574710674925058,0.035668323112011076,9.272803734809804,0.5658578856152379,0.0008665511265353685,14,5.964108474063442,35.68922510879564,1,1,0
2023,-1,60,3.1470536964211377,5.230637988585474,6.030666246309237,8.330436255232286,-1.0,1.0,-1.0,-1.0,1.0023426272152334,0.34784753279512637,0.13584276910962134,0.04801472313836825,3.4279825306515397,0.8922914466736996,0.001055966209065935,19,17.458315981050962,19.551605091339944,1,1,3
2023,1,59,2.68595962989781,9.70224225232487,10.601771233381736,10.996895873151892,-1.0,-1.0,1.0,-1.0,-1.2202620594603995,1.5323570050427195,0.7244698689113488,0.0763732655641555,3.423374314786374,0.960701009028158,0.0005310674455578609,0,1.4695084917291503,6.7526356976440125,0,0,0
2023,-1,166,8.151816947804104,3.9092613792915043,2.0330077460847567,7.61759593423445,-1.0,1.0,-1.0,-1.0,0.7393418612380765,0.632185954966675,0.6467803030316446,0.06902817928353044,0.9761424146947525,0.8067061143984972,0.18934911242601768,14,9.254884411008147,2.126991072545983,0,1,3
2023,1,334,7.660499866132803,4.50968119532965,4.806416487436489,5.468867333003042,-1.0,-1.0,1.0,-1.0,-2.297327871001107,3.0566068965894386,0.8779876856181359,0.11772866326570817,2.911818712774743,0.7165354330708607,0.013123359580052158,18,27.822935513794384,1.0943571237332577,1,1,3
2023,-1,237,7.472510927384034,4.225746181999909,3.383778533155036,3.7375855653166656,-1.0,-1.0,-1.0,-3.0,-0.005470803126079362,0.41635710770566486,0.8554095828776596,0.12825354023662897,4.826653862382407,0.4676737160120934,0.10936555891237791,14,10.73924051756826,1.45513117738665,1,1,1
2023,1,294,2.8037029767544532,4.508248752736201,2.5538680580337316,6.315271556550929,-1.0,1.0,1.0,1.0,-1.457013145857708,1.6828936485023345,0.7626570359406142,0.09839338853830752,5.18575368170589,0.8096514745308176,0.0,14,5.218773857721258,5.909289813629773,1,1,3
2023,-1,141,4.037677818954532,3.489982726932615,2.7841393496388673,3.970101621147762,1.0,-1.0,-1.0,-1.0,1.2541869067587874,0.5358675386302767,0.45731829962061116,0.10167831792842563,3.9319635383327807,0.6627783669140834,0.03923647932132146,2,0.621701019822337,4.80804647395169,0,0,1
2023,1,135,5.7888301925642915,3.1237265039727333,0.9932459967589898,6.331396287710218,-1.0,1.0,1.0,1.0,-1.3199384089024155,1.8263858483460744,0.44480388137048665,0.07810598656484066,3.822312594448901,0.40272373540856304,0.027237354085630654,13,2.7609613390083174,21.033187252952946,1,1,3
2023,-1,57,5.148976782101893,4.517462664313126,3.899059468799494,5.886982567771806,1.0,-1.0,-1.0,-1.0,0.9316722912704173,1.205416831356524,0.5845854545566815,0.08055598732471407,2.7575742422931,0.6960276338514817,0.04835924006907388,18,13.638176282004714,1.9324660168120182,1,1,1
2023,1,427,3.354111618491433,4.80498549057247,2.445706388483336,4.03890940726697,-1.0,1.0,1.0,1.0,-1.6272251778449638,0.6991818260398066,0.12797377440819904,0.02459583917382337,2.820691863110701,0.9938650306747138,0.006134969325286192,5,5.604161495895899,12.563943104266029,0,0,3
2023,-1,80,6.5907714506394335,3.582642532514734,3.6525543213152094,5.216009307561212,1.0,-1.0,-1.0,-1.0,1.5642503989688719,2.505633462389617,0.0861515678046647,0.02555352260419345,1.2800050643769656,0.8019801980197735,0.0,12,7.615104027834701,8.086836135753664,1,1,1
2023,1,51,2.211608889191577,3.2770812501022784,6.882857571034849,9.65253599301282,-1.0,1.0,1.0,1.0,-1.8205960600317308,3.3318734472351403,0.24716998490758554,0.03327778077872788,2.9282868140478606,0.9366515837101831,0.004524886877926376,16,12.597902971609257,7.39958861991135,0,0,3
2023,-1,93,3.0913435386800123,4.101182787584146,3.5090926655289363,5.375038765452949,-1.0,-1.0,-1.0,-3.0,1.5029027915766153,4.250732510127809,0.5985124125606133,0.04950260946932069,1.7323054185147897,0.6348122866893859,0.0750853242321086,0,0.2088745634243354,14.39145741993676,0,0,1
2023,1,8,5.9287577117357575,3.8492162566093153,5.4642630923179,8.186717667239002,1.0,1.0,1.0,3.0,-1.5029027915766153,4.117141520647531,0.6841936562743905,0.05320782965785991,1.1145489427191186,0.6168224299065865,0.0,1,5.696510402026711,6.5416325568009235,1,1,2
2023,-1,64,3.430854088483611,3.339762214294485,2.739746790084017,5.504175983682169,-1.0,-1.0,-1.0,-3.0,1.1972222215893467,1.8243126856416265,0.33820551233580864,0.055784231818850255,1.554531134932332,0.9961240310078082,0.0038759689921917685,6,6.12123607153891,6.034847659238876,0,0,1
2023,1,50,5.516600460989433,3.5437781477043586,4.1870600621179985,5.033732554931661,1.0,1.0,1.0,3.0,-1.4482476522966914,3.9601692376270323,0.4998312464738183,0.051870985490151615,1.2452109329041936,0.9322033898305659,0.0,10,2.090222716633753,30.63234620484621,0,0,2
2023,-1,20,5.666055935576,4.24338810419293,3.887949389048474,4.498344173677308,-1.0,-1.0,-1.0,-3.0,1.4369804506554316,0.530126084973797,0.2840469333750822,0.05192444555180551,5.4063152783863915,0.9213483146067588,0.03089887640445477,12,22.88316969765969,9.938819427977355,0,0,1
2023,1,68,0.22678850384259067,3.1065165771911416,6.91251359712223,8.333721554535797,-1.0,-1.0,1.0,-1.0,-2.3507727659396678,5.327337675719614,1.5262812113777038,0.11352559306284957,2.816200239919063,0.9637826961770776,0.0,18,4.357363120495598,2.733557432982737,0,0,0
2023,-1,559,14.149438072468389,3.2362033481590426,2.4364629633578105,3.5418477393654624,-1.0,-1.0,-1.0,-3.0,-1.207211726074919,1.2908187812876404,0.7315524694245189,0.1315004914178657,1.557383406945262,0.3520809898762515,0.21147356580430374,16,7.4068474086077245,0.07694093568498349,1,1,1
2023,1,251,1.8518127635482498,3.3889870365597,4.285854867600821,6.707767193726102,1.0,1.0,1.0,3.0,0.1700223703117241,2.5721615376014446,0.6301668991287142,0.08345065861687173,2.537539105574572,0.6434262948206934,0.04382470119523298,13,3.7400148608780746,13.488313055015354,0,0,2
2023,-1,13,4.716706730737023,4.96584617284537,6.390708828627665,10.839849650275632,-1.0,-1.0,-1.0,-3.0,-0.1700223703117241,4.608903311815728,1.12508833560333,0.0991089075333477,4.988891464856414,0.8206106870229065,0.0,14,3.7767957167573774,3.53667246501089,0,0,0
2023,1,282,3.381928051348237,4.356618888417596,4.393565659751578,5.899258844351752,1.0,1.0,1.0,3.0,-0.04674677386879585,-0.41825735361639155,0.7065870966608148,0.05762791213702257,7.626326177637976,0.27335047129390416,0.1970865467009475,14,2.676134371066866,16.662612468642664,1,1,2
2023,-1,13,5.198906092580838,3.572362717274214,8.092082646926581,9.169068843129761,-1.0,-1.0,-1.0,-3.0,0.04674677386879585,4.347145135942437,0.6708014301542923,0.06957197065764653,2.139607858368811,0.7906458797327779,0.0022271714921725983,15,6.9269793983068135,3.705811593299158,0,0,0
2023,1,280,9.26954253667181,3.253191257474433,3.8975871768369146,4.671265530291306,-1.0,1.0,1.0,1.0,-0.11428478381834914,2.306860721288097,0.25083546050594663,0.02327872037577446,2.951861913080242,0.3214285714287416,0.01190476190459176,14,6.174829122853714,6.218622237200619,1,1,3
2023,-1,86,4.529766976035342,5.399588091349161,3.7228449236239447,5.171636790453286,1.0,-1.0,-1.0,-1.0,0.15318581788541666,1.1546603441162964,0.05941605737966984,0.018556345116871664,1.5952556743861592,0.9944134078211075,0.0,21,7.592402947686811,11.406943559084748,0,0,1
2023,1,35,7.2469626285655595,3.3959806732361018,2.6014737641010157,4.026090349203256,-1.0,1.0,1.0,1.0,-0.09638501163053662,1.8174148433472415,0.13244672738231106,0.016456154978493634,2.5357021661182637,0.9296875000001665,0.0,0,3.1382858106611495,18.251609583055057,1,1,3
2023,-1,29,0.484254544699565,4.846585148518645,9.242945440138406,10.29567271122475,1.0,-1.0,-1.0,-1.0,0.09638501163053662,8.815483961916286,0.505131442668004,0.016155818250843265,8.461631312552715,0.6285140562248482,0.0020080321285577698,3,11.516836345684755,3.0318545407289768,0,0,0
2023,1,179,2.3451637621856016,3.06995639324616,1.2686951500351777,10.149561200277924,-1.0,1.0,1.0,1.0,-0.3471166979341512,-0.9805704876512622,0.1713263704709049,0.01769592635497373,0.37052457216946827,0.9741379310342367,0.008620689655358962,18,12.552392923828604,40.502131532170374,0,0,3
2023,-1,43,0.8417557625880973,4.457244014557961,7.558265284906513,10.486873875578173,1.0,-1.0,-1.0,-1.0,0.06399916064094881,3.328266668833052,0.12299858016036747,0.019417600245929666,1.8425447086603728,0.9961538461539021,0.0038461538460978772,21,52.083637810146406,13.433019044636833,1,1,0
2023,1,71,1.0951495332200991,3.185680102208316,2.850690744763628,11.771481666118778,-1.0,1.0,1.0,1.0,-0.6538478203526349,1.867318406883911,0.46309720014739775,0.06180623994872618,0.15675885149434238,0.7237569060773259,0.0,3,4.732807027986012,2.751631993015123,0,0,3
2023,-1,174,2.882395596811814,3.145063140672478,6.029266321522498,11.38776239112736,-1.0,-1.0,-1.0,-3.0,-0.6896497274789274,1.4886799748551314,0.8280214363982015,0.08884313952659001,4.349002035798978,0.8657187993680869,0.10663507109004862,18,5.086354995969762,3.8368058409688244,1,1,1
2023,1,175,4.849257786639217,3.660475311356728,3.9316398648588797,6.204508871114843,1.0,1.0,1.0,3.0,-0.18261383237319237,2.0486219522248685,0.2960471325367626,0.048111376562982575,2.360048922649408,1.0,0.0,8,3.218721325629387,10.700836687838288,0,0,2
2023,-1,46,6.199383242490546,3.179499363130062,0.37300741531231374,2.9616788775798253,-1.0,-1.0,-1.0,-3.0,0.36057521932322706,0.66359486614128,0.20543085774862324,0.04566814385351895,-0.16125584906458526,0.982608695652427,0.008695652173786506,12,22.53710803316989,10.444207628744785,0,0,1
2023,1,30,5.51019726003237,3.011403783875967,1.8744734971342067,7.50418416805755,1.0,1.0,1.0,3.0,-0.36057521932322706,1.617386509381452,0.4630483156334894,0.053995902057420324,0.03495665003861054,0.16860465116265666,0.5639534883721115,14,3.1136388626894465,24.695244797815597,1,1,4
2023,-1,9,5.586369579750435,3.7625027470416845,4.76451799147704,9.251383419348189,-1.0,-1.0,-1.0,-3.0,0.36057521932322706,1.1986947569069955,0.6724054077074311,0.06140770843630609,3.277524397707128,0.4177215189873418,0.10126582278481013,15,15.298656254684564,1.854719124887429,1,1,1
2023,1,1153,93.17890242661463,3.6172832861196245,1.3544603174454046,4.917032412911179,-1.0,-1.0,-1.0,-3.0,-11.880348124109359,0.42800585558044413,0.7326508019040864,0.13458053025435954,4.383303411799095,0.6179104477611795,0.11442786069651742,15,4.447524109595109,2.868268907531512,1,1,5
2023,-1,280,1.6778367657767739,5.489236210584428,4.523844828156515,7.211991904508859,1.0,1.0,1.0,3.0,10.351633734777996,1.1282001001017599,1.016867032055581,0.08534028452302661,8.821694049690333,0.7373271889400881,0.020737327188945564,15,0.03608251109194364,13.756457353816023,0,0,2
2023,1,61,7.852177622427822,3.337699505984375,2.9368727053649333,3.547988432978366,-1.0,-1.0,-1.0,-3.0,-10.338954181634405,1.5850289719055017,0.386345205580094,0.08689796911254605,-0.2521743284267181,0.39753086419758477,0.599999999999982,20,4.8493571766729575,6.493654170395322,1,1,4
2023,-1,95,4.905387734867018,3.2844013183735683,1.1718188660448539,2.4420020894585686,1.0,1.0,1.0,3.0,10.397935160431661,0.8375149869698941,0.6216677171060891,0.08979471263579128,0.1679813337713168,0.8771929824561684,0.004385964912217017,4,7.651036318811779,5.752176550476109,0,0,2
2023,1,120,1.5751683285931433,3.23271325407876,3.0093819969097426,6.261910782796889,-1.0,-1.0,-1.0,-3.0,-10.446586196737371,3.047565807043116,1.1838410689369199,0.10854674960265832,3.3225401510603394,0.5407882676443702,0.0,14,4.810077781945818,12.104481451270244,0,0,1
2023,-1,15,5.399430280040524,5.071139878348943,6.871711209986363,7.287790603231926,1.0,1.0,1.0,3.0,10.446586196737371,4.024659253880729,0.9157696528957336,0.12066130030948999,5.274516402683916,0.5657342657342759,0.03216783216782199,15,3.008574074237149,12.354357368675954,1,1,2
2023,1,74,6.573411182032815,3.7605398756561406,2.3169341060436115,3.2140113967680897,-1.0,-1.0,-1.0,-3.0,-9.93937588057783,1.8235497792291486,0.5978615247056848,0.12352110835615088,3.017943626661219,0.37384792626729263,0.0005760368663510694,21,1.7663142517367725,5.8712161992934,0,1,1
2023,-1,197,8.839734121306286,3.049498960599654,1.1178939529451761,3.791975082677348,1.0,1.0,1.0,3.0,9.914439857966698,2.8893934521906126,0.7153084530798771,0.07814193205011154,2.871007553438041,0.18125000000009095,0.2843749999999545,13,34.77290397244766,3.048353995035498,0,0,2
2023,1,121,1.2188328893148794,3.968116121147427,3.5143363412318904,6.9847696109790585,-1.0,-1.0,-1.0,-3.0,-9.377682956453125,1.3282875465987511,0.8940276900353491,0.18323173435843784,0.47164453433479603,0.6341719077568038,0.29245283018869006,0,1.5052481651915426,2.8829683608321655,0,1,1
2023,-1,150,6.456787820754532,3.1204005113665505,1.912762707802541,2.1134247854400487,1.0,1.0,1.0,3.0,9.604556106184265,1.1406574995125207,0.8011161472107096,0.11935103991435457,-0.2329907303919155,0.5858585858586205,0.21212121212118243,12,2.8513433935261396,29.707696945717263,1,1,2
2023,1,18,3.5411340915002634,3.168410181904674,6.755064946566439,8.287110006878647,-1.0,-1.0,-1.0,-3.0,-9.604556106184265,3.4374905397117095,1.530114046220073,0.12543204338975772,3.127237600046789,0.6770938446013831,0.18768920282544674,14,22.476110166257584,4.923338417370709,0,0,1
2023,-1,284,8.931462261564112,3.312697699568037,2.5466288307136575,3.652270813279005,-1.0,1.0,1.0,1.0,7.0492173924021735,0.7091496413011642,0.7688954876363355,0.11450455845673359,2.2475891539578154,0.5951612903226041,0.25806451612903225,13,15.542072433599063,2.048591901630157,0,0,3
2023,1,286,6.008333207862596,4.154885082598018,2.5517695511533582,4.519800969689943,-1.0,-1.0,-1.0,-3.0,-7.885663490097661,0.04172695767276259,0.9362930765687248,0.09154512088606528,6.29763761888322,0.5130208333333571,0.1002604166666771,13,4.2362710195616735,18.512837920131986,0,0,1
2023,-1,7,5.793041518049988,3.142160745260226,5.129687381955838,8.065783245690902,1.0,1.0,1.0,3.0,7.885663490097661,1.764206068857173,2.0399900175324808,0.10199019475305585,4.01585486146732,0.42677824267785036,0.3877266387726498,14,9.788242564980859,10.775735653939442,0,0,2
2023,1,509,3.044938878789519,3.8679839699816045,1.864522044721471,3.903423849020605,-1.0,-1.0,-1.0,-3.0,-7.664336615138907,-0.2818185885602937,0.25302889482742086,0.028620215172086773,1.7243010458957844,0.8615384615385175,0.1384615384614825,8,16.847767540790613,1.569417836204337,1,1,1
2023,-1,192,0.7193785319406324,3.125113128721588,1.4180057600750866,4.240183077687892,-1.0,1.0,1.0,1.0,7.2912650214497035,3.5513120280661226,0.4494720313388868,0.0555377588805301,1.5604813901004644,0.3854748603352455,0.016759776536270837,0,12.47845068866061,1.7431095197021078,1,1,3
2023,1,140,0.7098955754137766,4.491596235729284,6.031521531252572,7.435767523494272,-1.0,-1.0,-1.0,-3.0,-7.540214162658745,3.402084423474847,1.291351887412384,0.07400853279127895,2.211580847078198,0.537414965986405,0.05952380952380658,12,8.72601568610745,9.01619197970734,1,1,1
2023,-1,86,0.8106586131401643,5.455841050928523,7.488026715687338,8.575308173121636,-1.0,1.0,1.0,1.0,7.044217191001232,5.094675185110712,0.9247775281509613,0.10041131373961787,5.511113315240102,0.8360450563204179,0.04255319148935734,19,0.44567013802956174,10.69608331271088,0,0,0
2023,1,47,5.287812771168783,3.7160133945201212,4.185860625188748,5.762859279329625,1.0,-1.0,-1.0,-1.0,-7.420709365212135,0.6522488885873805,0.6942831220912574,0.09826327301538816,3.560572368437229,0.6936056838365857,0.0008880994671274077,23,2.5076225512759205,5.649938388045406,0,0,1
2023,-1,103,6.950741799646746,3.4894909210677647,1.2143154786245312,2.715209410204346,-1.0,1.0,1.0,1.0,6.949502464342584,1.7754825425925418,0.5758459156984783,0.07924026669697457,-0.34840983486830346,0.7333333333333333,0.26666666666666666,7,3.7012335788476065,82.99117707111489,1,1,3
2023,1,74,2.520574517783624,5.5885435544438655,5.4137157069915745,6.7291980283167225,1.0,-1.0,-1.0,-1.0,-7.318265438025181,-0.3410819653601756,1.0594056807988765,0.08316880882110558,8.288665322723913,0.8041474654377891,0.0,14,93.23825921531474,0.04139629682498101,1,1,1
2023,-1,296,25.623033378032478,3.6759715948400586,3.6926066725281927,4.836512000431023,-1.0,-1.0,1.0,-1.0,1.4169944298961212,0.6227396351895315,1.3971638900368546,0.16488847936863188,2.8347043948353647,0.9117938553022663,0.0,14,5.529990669003622,3.0682528873181063,1,1,3
2023,1,251,3.3668134067665028,3.3439175933440275,4.0929041029624145,5.294411326429896,1.0,1.0,-1.0,1.0,-1.6272606448903746,-0.3203534966981939,0.6362112345909836,0.08471713624183526,0.8507762699270583,0.6437613019891323,0.24954792043398652,11,15.675779494662264,62.020246966750214,1,1,2
2023,-1,26,4.505749643016112,3.2703414322191553,1.7649911022005789,3.3979666097650587,-1.0,-1.0,1.0,-1.0,1.4336391993955202,-0.581587852076462,1.08259272506329,0.1285054021323829,1.3783089669175725,0.30937500000001705,0.23671874999999432,13,42.97107605406383,1.9228358349177037,1,1,4
2023,1,592,57.096037278906365,5.288580418394207,5.098270563879506,6.030656982318697,-1.0,-1.0,-1.0,-3.0,-6.137625818761371,1.2568004868970022,0.4221195163896724,0.08398008474043275,6.806689210875111,0.7826725403817976,0.0014684287811827744,15,2.282739162385722,8.01025573279797,1,1,5
2023,-1,306,3.865231627717691,3.297499673779646,2.032182546673181,3.64567421689625,1.0,1.0,1.0,3.0,5.700298394141628,1.029833731014932,0.6905703296908177,0.0758558969304043,1.5814407150165932,0.4182305630026989,0.025469168900775527,16,1.1845888211763855,16.170658606316827,0,0,2
2023,1,20,3.2717705931054026,4.218546161300377,5.214535406145848,7.147634722603968,-1.0,-1.0,-1.0,-3.0,-5.700298394141628,1.0521365057092371,0.6440953132151371,0.07969097386103577,2.1153343717857362,0.6757679180887393,0.02986348122866876,18,8.201173850073607,4.905239515512479,1,1,1
2023,-1,197,3.6824676838593042,3.3608729333252407,3.08852128323683,3.9716937572058257,1.0,1.0,1.0,3.0,5.17630468031245,1.1296684040787495,0.7704407027967513,0.07482066351945504,1.3221263681614595,0.5640138408303963,0.17993079584776697,10,8.80073623183222,4.317732094959827,0,0,2
2023,1,482,2.6827406873827204,3.294446539971681,0.8853044268364278,3.1656340111117403,-1.0,-1.0,-1.0,-3.0,-5.404632430381236,0.9350691062597051,0.530383566217238,0.08658978146147683,0.19760138435989633,0.6686746987952243,0.0,2,1.3234854057754104,5.7187088986042305,0,0,1
2023,-1,119,7.325623709033314,3.2660746054083396,1.12610720446303,2.815268011157575,1.0,1.0,1.0,3.0,5.579055675361815,1.8057550649396228,0.3578216782405472,0.06567748620250062,4.571266188400607,0.6254980079681928,0.0,12,21.550135765408214,21.47901320512651,0,0,2
2023,1,62,2.594836827778349,4.473412471422638,6.613565496429299,14.767548912525557,-1.0,-1.0,-1.0,-3.0,-6.1022969052550105,6.882718482113452,3.4522081573903334,0.13613635104717542,6.771043477473049,0.23425054308471005,0.018464880521369187,17,2.967151860022506,7.719142195230814,1,1,0
2023,-1,223,7.524254432282552,3.123151047364705,1.5758762970268267,1.8533193070667469,1.0,1.0,1.0,3.0,5.382380711653115,0.7708517707674593,0.6271424672574116,0.07018732668856872,5.356632788081199,0.6958333333333636,0.0,12,4.122803129193172,16.374686452556205,1,1,2
2023,1,31,2.88546883181588,3.147977473937213,4.393686068943467,7.042571804739222,-1.0,-1.0,-1.0,-3.0,-5.382380711653115,1.3463144814943442,1.0397150425616708,0.09176751850946968,2.006947444256341,0.8657243816254083,0.026501766784451274,15,27.764716197208166,2.8347724540971173,0,0,1
2023,-1,226,8.711968450308063,3.155993449808193,2.4249502346315195,4.989744225125246,-1.0,-1.0,1.0,-1.0,2.961854603493934,0.700560715737769,0.6049101464184234,0.12910475501056312,3.994270895097547,0.8318042813455695,0.010703363914383975,9,11.970030421990902,0.020827793426304638,1,1,3
2023,1,443,11.362108720147656,3.2791201744969793,1.3470541266153293,3.480587060074584,-1.0,1.0,-1.0,-1.0,-4.235687774200325,0.4268408795304808,0.195161264516505,0.046138727787310874,-0.44618817338593714,0.9875000000001819,0.0,22,0.3346718326994909,14.784128209500073,0,0,3
2023,-1,55,6.885894884711552,3.1931738929722138,1.417969891632956,2.3309094109037214,1.0,-1.0,1.0,1.0,4.0830752226424725,1.72792830459543,0.19378738666559606,0.03986530293847843,1.0037656758528304,0.5045045045044395,0.0,3,9.731546790523108,3.593485341809904,0,0,2
2023,1,202,0.34031633479679685,3.5047059732651387,5.868275260278647,15.384043544789906,-1.0,1.0,-1.0,-1.0,-4.381152024545783,2.09578756460529,1.2112284666873365,0.08862606257793648,2.416389767336077,0.49162679425836436,0.09808612440192428,20,7.678932682595107,9.664111302243274,0,1,0
2023,-1,52,3.633472954837062,4.050340497990188,5.680037540844794,6.2527837797097074,1.0,-1.0,1.0,1.0,4.156726595511888,2.7981002176985244,0.6349924597372336,0.10668764729654463,2.175186929333424,0.7336197636949267,0.03651987110635205,0,1.9590110208308809,7.350851409635329,0,1,2
2023,1,64,6.117165574585432,4.6586442459396595,4.667699830607413,5.541580626976739,-1.0,1.0,-1.0,-1.0,-4.536995247889534,0.042080640797661904,0.5895356431622857,0.09195308948227994,0.6740058224856377,0.9499999999999696,0.002083333333378808,5,0.4285376982196187,13.856052242433318,0,0,1
2023,-1,41,4.399904730153801,4.537455294445986,5.079773391081588,5.977713131929322,1.0,-1.0,1.0,1.0,4.193680435277603,1.0048049166523942,0.3021078336030416,0.09107887814450513,5.825652378127984,0.9229406554472931,0.0008857395925791098,9,32.608040303356205,3.082926443577312,0,0,2
2023,1,215,7.068651713899823,7.452591302617768,9.382028638448874,10.53157704848711,-1.0,-1.0,-1.0,-3.0,-6.471385795513793,5.002565144590052,2.422756379575354,0.16421547291058414,7.728405697749796,0.644918444165622,0.014115432873274651,3,17.7239896678155,0.18088132331870063,1,1,0
2023,-1,249,4.731011413152004,3.691213333035494,2.0594511285131616,3.826669498617948,-1.0,-1.0,1.0,-1.0,3.2900208639573796,-0.4175340766554261,1.021912040435145,0.19657561433380483,0.04897885649267904,0.8051612903225525,0.1832258064516223,0,0.2645891190995163,6.636447979801298,0,0,3
2023,1,91,5.333785253888654,3.383055728912472,2.2725400831104543,4.395359878392494,1.0,1.0,-1.0,1.0,-3.101285488826505,0.6761394105598242,0.571030243128632,0.14356865642346558,6.398252552245868,0.7156549520767114,0.011182108626180909,7,7.956563867454916,5.571733568473199,0,0,2
2023,-1,624,17.317410804483263,3.2676655937833905,5.079232051229634,5.991646826977821,-1.0,-1.0,1.0,-1.0,0.3352678713226877,0.011059628159086414,0.75711626120869,0.10227212155729268,1.509113494398156,0.8583333333333333,0.030000000000048505,11,9.715185668897409,1.8617694209598614,1,1,5
2023,1,132,1.1482448405016772,6.892014760154638,5.420543211016352,7.261872775063976,1.0,1.0,-1.0,1.0,-0.9347787120979728,1.2410008967909214,0.3189375409458807,0.10888795911468639,6.191890648226555,0.7835731414867966,0.0005995203837061344,22,8.84114045359177,6.117076117266583,1,1,0
2023,-1,315,7.906581449448167,3.2424212659092024,2.348817083308825,4.344760238608921,-1.0,-1.0,1.0,-1.0,0.31397872058430093,0.47373228189598804,0.38549559604144285,0.06851957561836407,3.3631731585288613,0.45916114790286106,0.0,0,3.8319903119711016,5.028453474126148,1,1,3
2023,1,108,5.159978096693547,3.0199135224387743,1.5903566408383703,2.5209583433374676,1.0,1.0,-1.0,1.0,-0.5566453890471078,1.1678236482628515,0.23770839391875143,0.05420703570190931,3.457370100992721,0.7086330935252245,0.028776978417240768,9,3.5279527229075507,6.361426563352976,1,1,2
2023,-1,82,4.6011635172485885,3.6591577084036335,2.5090830239989024,4.198296665508125,-1.0,-1.0,1.0,-1.0,0.34331028513303863,1.2074630552871928,0.41868508676066285,0.05342398763061722,0.8586026011851787,0.6651785714285932,0.1741071428571965,16,8.834799380277826,4.311382097575579,0,0,3
2023,1,116,1.1317225465631209,4.395135725609641,6.756335031197802,7.436339994797875,1.0,1.0,-1.0,1.0,-0.42784728333423994,2.515198748225661,0.39978168865516533,0.07744802153701211,3.7411930019806587,0.826464208242912,0.0010845986985052278,2,21.964160324282407,1.6028688427716018,1,1,2
2023,-1,182,6.419714745020903,5.626892388033246,11.493629914588178,11.84888756649363,-1.0,-1.0,1.0,-1.0,-2.428436288284005,6.244298353302894,1.2863231964769282,0.17929034652538595,6.556229961908557,0.6523871811641534,0.1631785480706376,17,1.6467237041264364,5.140787198161258,0,0,0
2023,1,178,6.766508493844157,3.2252444469881194,2.0405252176748014,3.5524169592681565,1.0,1.0,-1.0,1.0,0.7546754838902283,0.7692382900173875,0.5265638805653033,0.10544189840260014,3.1015468581858645,0.7009803921568396,0.06862745098037555,8,20.066926752056627,1.501319072071621,1,1,2
2023,-1,259,3.1159917220043827,3.0057908473689294,1.9580390968461006,2.873153975006505,-1.0,-1.0,1.0,-1.0,-1.6353565093664386,0.9652596507261031,0.5534809636374219,0.14482684223397466,1.9035535305955376,0.4466230936819385,0.0,5,2.269893887727511,4.4963325996765295,1,1,3
2023,1,136,4.921098280328656,3.650610158166613,1.9596377686526074,3.323877007859976,1.0,1.0,-1.0,1.0,1.8242631244945506,1.2770138933146549,0.7989495831461442,0.14174383166553742,2.0685830370923615,0.7888198757763684,0.004658385093156299,17,1.1597327877892456,13.282564585147803,0,0,2
2023,-1,24,3.554739899388923,6.5351569515734305,6.603172983549075,10.27866388071225,-1.0,-1.0,1.0,-1.0,-1.8242631244945506,1.1073578962394102,0.8644189984322137,0.17605306025138606,7.338395174037038,0.732401934443842,0.07227297152069156,19,0.4808855525395202,8.946166028080729,0,0,0
2023,1,442,4.247448793321533,3.2431217193113397,4.6616568022510085,5.88248040751701,-1.0,1.0,-1.0,-1.0,-0.11456339263582582,2.0076146655778864,1.1192069805456788,0.10299799639009917,2.378098671875132,0.3981337480559694,0.346811819595638,8,0.5050430986071408,6.56556028189217,0,0,4
2023,-1,121,6.917014990012513,3.040857488193818,0.30649792898846556,2.455767356957461,1.0,-1.0,1.0,1.0,0.2658741832694327,1.682252593747823,0.6598181179461224,0.09959519415652421,-0.6381822104954475,0.2287581699346514,0.522875816993489,18,2.516310157745262,3.534185995991145,0,0,4
2023,1,273,4.120757621276942,3.044709011839391,4.00064585204696,4.324023692281708,-1.0,1.0,-1.0,-1.0,-0.45189699660466726,2.274988965185169,0.138744077445888,0.04070085380323259,6.762978562837484,0.6345177664974385,0.00507614213209031,16,2.6239801893331833,4.638162165652741,0,0,3
2023,-1,141,5.803243525333376,3.5062134551726065,2.3347933253084463,4.5346274988654445,1.0,-1.0,1.0,1.0,0.48013197877838043,1.0927265349040742,0.14246783004576813,0.027918484027222926,2.5471314525443995,0.9888888888890506,0.011111111110949423,4,1.4440629237458453,8.610393881773609,0,0,2
2023,1,52,5.700299357905994,5.33454300105438,4.275224518429361,6.625863428906104,-1.0,1.0,-1.0,-1.0,-0.5097226554706683,2.043958103715797,0.13907315926889185,0.025591352816430313,6.707081610465611,0.8851674641147709,0.0,9,3.1145965563817906,7.404512568001953,0,0,3
2023,-1,89,5.567830756298041,3.0218774653564564,2.547747749668313,3.5926105908243575,1.0,-1.0,1.0,1.0,0.4528835417995132,1.773960196559895,0.10134526026977965,0.026316522162487588,0.978205815474393,0.9904761904759826,0.0,16,83.47452177565296,27.438384472552663,0,0,2
2023,1,16,4.863949725438822,7.43891293393899,5.921891045030363,9.805309791335366,-1.0,1.0,-1.0,-1.0,-0.4528835417995132,2.546301520092713,0.28351811365569657,0.029109184219623236,8.809337119591598,0.7282415630550716,0.0017761989342548153,17,14.566045729497068,85.4094089718949,1,1,0
2023,-1,7,0.9186893008026172,4.086534497055049,11.401169784319007,17.086050585866587,-1.0,-1.0,1.0,-1.0,0.4528835417995132,12.776689193844959,1.216238370049765,0.04801821590931928,8.989859576521592,0.4172274562584091,0.0004486316734059315,18,43.75944849036462,8.543025292933152,0,0,0
2023,1,260,9.353045542300658,3.2177332410293213,2.0477841647178434,5.157976728372456,-1.0,-1.0,-1.0,-3.0,-1.6955689581867655,-0.6232994157009379,0.9846925978411765,0.11853457308343557,1.112500671436734,0.905982905982906,0.0017094017093768343,16,5.007121155109518,2.5292381219399127,1,1,1
2023,-1,230,3.4686352858535185,4.010533304139543,2.4845561738557254,3.1130027354781267,1.0,1.0,1.0,3.0,1.55554241626085,1.4452853795890823,0.431711196998441,0.07838906950659336,7.652935563995188,0.6308411214952842,0.002336448598181682,11,5.456280224938063,5.397820079670835,0,0,2
2023,1,269,4.874516288732783,3.4746994224107546,2.2557285389862796,3.6960618013466835,-1.0,-1.0,-1.0,-3.0,-1.584824192306381,-0.2025373061319442,0.327806741045793,0.06391382801605103,1.3845841983488587,0.8252032520325395,0.17479674796746045,9,33.443109922331004,14.165261009992452,1,1,1
2023,-1,59,1.003212521930768,3.401438870808291,9.052183090927077,12.982294001583767,-1.0,-1.0,1.0,-1.0,-0.5947898129872576,6.779062245579397,3.131436974180952,0.14728963144739834,2.319304306350032,0.3872244205765938,0.0005652911249416731,14,4.093003665506258,1.6728827363124388,1,1,0
2023,1,116,2.9869545978346594,3.16797709862813,1.1934703332731431,4.134522225981867,1.0,1.0,-1.0,1.0,-0.987911182810432,0.13798820564112965,0.4444291173457014,0.11549962070791828,2.666986223128678,0.9282218597063969,0.0016313213702862316,0,4.705027275403549,2.6623568973015446,1,1,2
2023,-1,455,12.776673501268743,6.591688243504219,6.049694190041101,8.60772723739119,-1.0,-1.0,1.0,-1.0,-1.3286738483389768,0.27886312521440143,0.7415836932453668,0.13870955179673908,8.316408992269329,0.6086142322097379,0.0449438202247191,14,0.9390247895335648,10.267210701653129,0,0,0
2023,1,244,15.217246119350499,3.0384437696911744,1.6144281005194854,2.4279485105470204,1.0,1.0,-1.0,1.0,1.1217072947033009,0.9968152359954033,0.2497324412397274,0.0588102526805908,1.1550699552936106,0.4772727272728494,0.0,10,7.693758916538609,4.578417191317146,0,1,2
2023,-1,674,16.979937466055322,5.425491009079528,4.843058657496709,6.3015066643056565,-1.0,-1.0,-1.0,-3.0,-4.904268056427025,0.09688155786016432,0.8449431201525639,0.22833740611130138,3.3488254718246973,0.7999502363772054,0.0,18,7.287499682993427,3.9044691493227717,0,0,5
2023,1,457,7.275705434006793,3.419663158998325,2.5279993457142247,3.9553940982333313,-1.0,1.0,1.0,1.0,2.3705517994205687,0.8522750807593674,0.5310158457114716,0.11786597840075272,1.620425642321508,0.8085539714868005,0.0020366598777708305,8,3.317228409742035,6.255256917627071,1,1,3
2023,-1,68,3.525071069855254,3.080664544666425,2.768667613424472,5.312146411575549,1.0,-1.0,-1.0,-1.0,-2.793864259391806,1.141880977471204,1.1929201844294028,0.12659015978655935,0.5986315887572161,0.8734793187348595,0.1265206812651405,14,1.2962792058682058,13.511328916398679,0,0,1
2023,1,55,4.998444078770155,3.8725776827962015,1.8597562885256147,3.3174031092619596,-1.0,1.0,1.0,1.0,2.119691463348821,0.5598315645331773,0.6260083729713273,0.12968567840645093,1.9335035647776535,0.921518987341763,0.0,18,7.712682986348159,2.976727032384867,1,1,3
2023,-1,247,0.8822838889821261,4.289582948417966,5.566206205932821,12.356441705947159,-1.0,-1.0,-1.0,-3.0,-3.1850453829353422,4.005831531678563,1.7050415142151347,0.1626639816819463,4.330774002558777,0.8471047495120372,0.00260247234874075,15,4.234962667114172,1.9387909256620535,1,1,0
2023,1,196,2.809623921150372,3.168332960810255,2.1816747689135916,5.206595542259256,1.0,1.0,1.0,3.0,2.4413088630995277,1.9151383118910412,1.2165368507037788,0.10094429287578373,0.7080315410331118,0.3023255813953488,0.38139534883724313,7,15.350665561533619,16.21185297031531,1,1,4
2023,-1,59,2.723246186312063,3.0400994638888257,7.015615314236875,8.602913425057228,-1.0,-1.0,-1.0,-3.0,-3.1652135613718992,2.2579332171329836,1.6290386882765844,0.12013520203530707,1.4856964509188568,0.48866498740556924,0.1448362720402996,12,9.78732861843654,16.857469440296995,1,1,1
2023,1,29,4.3121635810092505,3.1990972720381743,2.2178699564466564,5.736543406410501,-1.0,1.0,1.0,1.0,3.1652135613718992,1.0357740905125117,1.1219947579585179,0.16642914185347035,0.15046993543918724,0.931297709923737,0.0025445292620495333,15,15.941346813052164,2.148493770125807,0,0,3
2023,-1,477,8.224205017158456,3.0603258680481265,2.736471093838707,3.06681985651837,-1.0,-1.0,-1.0,-3.0,-3.949269563275911,1.1922805658299889,0.47574680896842364,0.07275204039357291,-0.38508529632497995,0.32743362831866957,0.6725663716813305,6,10.191505857593922,5.52717855169937,0,0,4
2023,1,82,0.620333036189601,3.3957227334516276,6.4413197657180055,12.016514160152411,1.0,1.0,1.0,3.0,2.9559741610719596,1.762684447560588,0.8787029508513783,0.09160939724640149,3.5554899114818364,0.8438735177865696,0.049407114624505574,13,0.0039014656363563468,7.334755396456667,0,0,2
2023,-1,54,5.161104986211445,3.3495710390150246,2.384392414294079,3.6527672928242443,-1.0,-1.0,-1.0,-3.0,-3.2371565336372763,0.9734414403562728,0.48607483586411376,0.09443195929537314,0.9929761759493706,0.7855787476281545,0.06831119544589646,18,0.8303475180767952,6.661824812460437,0,0,1
2023,1,91,4.969845360275893,3.167791681301535,5.193544326229792,6.919754680174016,1.0,1.0,1.0,3.0,3.2630799360718563,3.731872542646625,1.1468301383293478,0.09590880358769874,2.689676655987714,0.6112224448897617,0.1663326653307148,1,0.3019936040377091,19.980045975782446,0,0,2
2023,-1,66,5.089081576870054,3.4299106383506426,3.4973223705209207,3.879344580044739,-1.0,-1.0,-1.0,-3.0,-3.2790904641754675,2.6241208104489924,0.6498558184091303,0.07905262467837165,3.487275467424736,0.8931818181818016,0.0,7,20.761087934237263,1.5508282553285004,1,1,1
2023,1,286,6.0945012169334225,3.05090801620009,1.9456437565113507,2.8649703379993903,-1.0,1.0,1.0,1.0,2.045750709088939,1.6583084474749414,0.4155902262684318,0.09117694394050892,1.6799717593639576,0.8542713567840133,0.0,7,1.9575316002373158,14.253524627639576,0,0,3
2023,-1,52,5.437257689803981,3.4279567009515444,2.396148846783002,5.449503765681888,1.0,-1.0,-1.0,-1.0,-2.0862412407240725,1.3082417447340327,0.5815035737516817,0.08898494160061585,1.2924031491404318,0.48196721311477797,0.5147540983606796,11,10.168325003980152,3.7881194715752438,1,1,4
2023,1,731,24.52409552202896,3.111524697854112,2.8363551943672425,3.839456421643462,-1.0,-1.0,1.0,-1.0,-1.2837212833672447,1.0669497417191542,0.87571033582897,0.1077698593059205,-0.21262504159154375,0.19918699186998964,0.8008130081300103,0,3.562738841705195,2.410901915212181,0,1,4
2023,-1,179,2.2728448285385863,3.6692159422078463,2.548229904694305,4.402489417476145,1.0,1.0,-1.0,1.0,1.010444792271576,-0.7146613785062915,0.6036061081532663,0.10201711599383816,1.9610951068708975,0.7906976744186046,0.0,15,0.9546682640064919,15.594138912444532,0,0,2
2023,1,66,1.8414414447107892,5.920569393474535,6.677870986278663,7.3481274508285574,-1.0,-1.0,1.0,-1.0,-1.14850338087519,0.056849051933515096,0.318909810299609,0.10521779727633998,8.93312745990623,0.5493037794828033,0.006251776072749982,20,6.321576760386401,7.214076157918604,0,0,0
2023,-1,283,7.591837928597575,3.783909072534923,2.562802431865203,3.677064358763118,1.0,1.0,-1.0,1.0,0.8017111575221664,1.6481428414289947,0.4041033946368594,0.05019885087803194,5.526404910318837,0.5670886075949736,0.002531645569583413,20,3.2610732393880046,5.89073138686692,0,0,2
2023,1,139,6.638396530653787,3.39193320315177,2.7173328707167625,3.718455507296235,-1.0,-1.0,1.0,-1.0,-0.7086780874888378,1.3835677885382682,0.06621580217520265,0.03120346460004283,2.020108477564306,0.9885057471263959,0.005747126436906576,8,8.116244232271226,11.858535992819446,0,0,3
2023,-1,39,5.332935409276784,3.498543890560147,5.924086268323588,5.999552335436267,1.0,1.0,-1.0,1.0,0.7086780874888378,2.9283352867487027,0.37440663956571196,0.029621407786705103,3.851378870315494,0.3451776649745696,0.11675126903549175,11,6.326571959589838,29.217945650352604,0,0,2
2023,1,25,4.819301445091705,4.843091587716707,8.674742601165224,12.456040658083023,-1.0,-1.0,1.0,-1.0,-0.8387364948116529,8.252385388264042,0.6680149289167062,0.03508697161915716,4.7850025759342785,0.47096774193551516,0.38279569892471554,13,58.054046638566085,8.462905175007347,1,1,0
2023,-1,823,34.31991136736954,5.096232367680623,6.348865629726484,7.179835688775842,-1.0,-1.0,-1.0,-3.0,-4.460014759187596,0.6943053110352159,0.5205202485041363,0.16700930214202864,3.364555395996035,0.8661320172732839,0.006169031462060443,9,2.535306608732225,3.7563238383557183,0,0,5
2023,1,289,4.645567339351481,3.011298329577413,1.3392928962437411,4.256198978538827,1.0,1.0,1.0,3.0,3.680491572260462,1.0950307851672145,0.5603348242852731,0.10492227370520726,0.5676593719274056,0.502617801047273,0.424083769633464,10,18.098915530190474,1.215097815639665,1,1,4
2023,-1,836,34.119526635655205,4.329787137666065,5.190025626014935,9.222312142456435,-1.0,-1.0,-1.0,-3.0,-7.539406713360942,6.505219355790802,3.154317128674025,0.14435035725088366,8.231794700502455,0.4575688073394485,0.03593272171254349,7,0.6406001109309195,5.653587160833986,0,0,5
2023,1,182,6.186218832782673,3.2369661178453506,4.687848241123731,8.579881396221195,1.0,1.0,1.0,3.0,7.035990954975903,2.905020084210946,1.1279789768344666,0.10732060065078576,1.0154394114809866,0.716566866267515,0.06786427145704423,22,31.583911226669326,3.251650703060596,1,1,2
2023,-1,489,23.959932050353984,3.469478423179716,7.856701824317906,8.042973637164328,-1.0,-1.0,-1.0,-3.0,-16.124115417329048,2.4592237944382416,6.4999344457469785,0.4692405399839641,4.313908707762404,0.8664488462323834,0.033898305084742994,15,0.15874711197906782,7.080249216130084,0,0,5
2023,1,118,6.607824428091145,3.545309860765027,2.4402433481863737,4.398650381735521,1.0,1.0,1.0,3.0,13.373775126097707,0.17889190935787885,1.5488816261437783,0.38427396410625175,1.1994433351714007,0.8911465892597953,0.0,1,0.29395045609946857,5.216862991496868,0,0,2
2023,-1,398,1.1548476704068085,3.025562644606519,0.6700095419495897,2.046780204099147,-1.0,-1.0,-1.0,-3.0,-13.485953561158844,0.5910808110491078,1.3401956524960459,0.20601295601893727,2.301837715734876,0.6499642090193615,0.062276306370775025,10,8.342608262840374,0.3943727050716024,1,1,1
2023,1,483,8.19901894784418,4.112591580822411,3.7365436704190333,4.175220132321553,-1.0,1.0,1.0,1.0,10.62969724887371,1.5178312424722877,0.7412296928918851,0.13174546105165452,7.656782580169393,0.5297372060857569,0.0,2,2.50958564753401,1.685675541422719,1,1,3
2023,-1,270,1.8228414228963334,3.609103174958933,3.3313998418447954,3.788856214257388,-1.0,-1.0,-1.0,-3.0,-10.665807366970112,1.9700125996572802,0.5995264902271313,0.08422037113361858,8.208940587320077,0.40954773869345656,0.07412060301509502,1,2.409503030265067,10.406259464043332,1,1,1
2023,1,83,5.6803576865547605,3.240049222215192,2.151843180290531,3.7021868889251186,1.0,1.0,1.0,3.0,10.57382944451531,2.0646457078641696,0.24588689012329434,0.06912994340868771,0.23656458443329884,0.9855072463764983,0.007246376811487226,8,18.21442062057102,1.2495939728066163,1,1,2
2023,-1,213,6.328056784781795,3.0183453437498495,3.6921155175413563,4.51008876671061,-1.0,-1.0,-1.0,-3.0,-11.270327074045946,5.7898277035971795,2.8162118154447295,0.12961698464434668,7.836625300446033,0.39302694136293104,0.00039619651346491373,2,5.125815882843354,8.267372482674658,1,1,1
2023,1,87,2.8708356018586025,3.020275999388015,3.337096604480639,6.978373005909876,1.0,1.0,1.0,3.0,10.298000445589862,1.9011952613129641,1.1629293829486607,0.13053161810680172,0.07476439688363759,0.9131355932202238,0.0021186440679197356,9,8.521474895539786,10.08899998054543,1,1,2
2023,-1,95,1.9777861712581883,5.617895553407008,3.6704263060901514,7.342510437973455,-1.0,-1.0,-1.0,-3.0,-11.176113719630852,1.6463664272606742,0.7697540814938101,0.17650010161493485,6.644596156475079,0.7881068874670822,0.036507339104242365,17,2.0822291962281603,7.378982605423263,1,1,1
2023,1,224,7.101737328762053,3.378241665712315,2.2314317349884814,2.947094325490987,1.0,1.0,1.0,3.0,9.559362743977616,-0.3695520039931124,0.7424601783698784,0.13712725612448007,0.11509031604062453,0.574817518248221,0.06021897810211491,11,1.866211592932738,8.653395157727596,0,0,2
2023,-1,24,5.614750459309912,3.571377198174499,2.5312729996027294,3.154014525778915,-1.0,-1.0,-1.0,-3.0,-10.269137473667323,1.08601601488595,1.0267954970899515,0.1450793159142108,2.1885970708196334,0.5531358885017632,0.019163763066177467,13,1.3664037370467708,10.947352654332892,0,0,1
2023,1,73,5.383727183908146,3.2077558392463312,0.4968427341260198,2.002541707011939,1.0,1.0,1.0,3.0,9.663615136049476,-0.36838160948187265,0.7096495443741406,0.15261256921085467,0.3114949557653843,0.6823647294588834,0.08416833667335882,19,3.6258141513322175,2.789525427097134,1,1,2
2023,-1,227,3.1662129542231043,3.892271053380987,6.310654306599971,6.760082373284794,-1.0,-1.0,-1.0,-3.0,-9.705208327061944,4.004655694273563,1.6878672455006358,0.1877926235577322,2.2866374289393616,0.40732351830879904,0.0981502453756129,14,2.581489933207461,23.20230711051525,1,1,1
2023,1,44,5.5990675417690134,3.3542791608666973,2.4130763916428193,5.258254734878704,1.0,1.0,1.0,3.0,9.08618713543215,1.643221323079504,0.6698764589186856,0.18947213104149138,0.12550831327633824,0.6717948717948593,0.23076923076923078,18,15.90561197871015,3.6257005304443792,0,0,2
2023,-1,230,7.101935635024371,4.629115861498899,4.006876259093,7.4952155905386695,-1.0,-1.0,-1.0,-3.0,-10.82831888117052,0.3526940294838159,1.2641703104220818,0.2126730847201894,8.612620117991543,0.45102978218995526,0.005334123573860627,13,8.235982630034854,2.52534218010063,1,1,1
2023,1,297,3.99235404429869,3.000331964787566,2.1190301398870504,5.395113279557758,-1.0,1.0,1.0,1.0,7.536327064803376,2.176355424082699,0.968104933383258,0.1934224200627897,2.3427832724699043,0.6787330316742082,0.09230769230766597,14,1.9582042403031725,6.170949332179753,0,1,3
2023,-1,39,4.683120623537774,3.2722399520176384,3.5755185519208625,4.776985205878081,1.0,-1.0,-1.0,-1.0,-8.528197484646817,1.9263283482754112,1.4218744890650223,0.20166840945633,0.47758548093362607,0.650115473441069,0.2401847575058113,17,0.4880958281701788,5.948126379386983,0,0,1
2023,1,98,7.482207438171416,3.0713396719723884,2.023939041423933,2.639417167462308,-1.0,1.0,1.0,1.0,8.248241773665143,1.9138005167575198,0.6424909319795801,0.1491203882946306,0.3731960464321138,0.6513569937370234,0.0,1,6.832000138877043,3.575175446862302,0,0,3
2023,-1,433,7.183798437033519,5.458474228905202,6.139400612313381,7.813547001319007,-1.0,-1.0,-1.0,-3.0,-8.660188661341973,2.5837488431610134,0.6491639867907486,0.11075915651088512,9.53375686650692,0.6909219357117611,0.024726245143059117,13,12.504266759988129,11.908208448113047,0,0,0
2023,1,39,4.933556678085012,4.986954935008677,6.311617738265943,7.419951544674648,1.0,1.0,1.0,3.0,8.086764242257084,5.214102042038253,1.7333507822553293,0.1158163199538243,4.914532757955328,0.6600458365164007,0.013750954927447597,17,5.948711978645298,21.004396871012304,0,0,2
2023,-1,51,6.115186835585898,3.0290617139924643,3.0226426061588065,5.153436915444611,-1.0,-1.0,-1.0,-3.0,-8.256391570399545,0.9477240214283728,0.43720898952932863,0.11886131038864994,0.5352315771150742,0.6076923076923397,0.08901098901097303,21,13.199354793720406,13.295770825814785,1,1,1
2023,1,19,1.5081283737465534,6.646668140933733,10.661164281571287,13.28456289713785,-1.0,1.0,1.0,1.0,8.256391570399545,5.248578742543981,1.8147017488103176,0.1519412582987806,5.445065100549249,0.7732681682957981,0.0,23,0.2141169913343872,11.270001291713495,0,0,0
2023,-1,76,10.284530782413178,4.15147722938307,2.3216683333426955,3.4615054995833097,1.0,-1.0,-1.0,-1.0,-7.971760446192755,1.1585270525411233,0.6318030772479433,0.14383384056804208,0.7903575802642597,0.8287841191066605,0.1439205955334833,5,0.481931152743955,10.65047850420613,0,0,1
2023,1,50,6.406355211893449,3.714890748075563,3.3118510819967106,5.164680049897355,-1.0,1.0,1.0,1.0,7.745042736327495,0.9394809308981107,0.6973099970181554,0.13232420138814868,2.8506015164469876,0.9981096408317855,0.0,9,3.916549037838828,4.473904093223616,1,1,3
2023,-1,105,4.129650865045262,3.816880372067921,2.482982715893829,3.9201086343536473,-1.0,-1.0,-1.0,-3.0,-7.992952344540277,2.4701251377977353,1.0588080043337436,0.15482761310760043,1.1074646179155636,0.8189873417721151,0.06202531645571462,18,0.0,6.351169381580487,0,0,1
2023,1,286,1.715118794110105,7.448128766321318,7.867341789947149,12.346558283493701,-1.0,1.0,1.0,1.0,6.830054008658494,1.5737296399941032,0.9643946747497355,0.14839164699837695,8.799759459704338,0.6054363983860642,0.05393926523678356,18,13.719036157798294,1.9065383023813252,1,1,0
2023,-1,255,1.1764156602962612,3.3161978318423357,3.7943238801363144,6.118675864446153,-1.0,-1.0,-1.0,-3.0,-7.811890933227924,0.7578410910172261,0.7543777420645417,0.1298623378607683,6.1266048952855305,0.5727898358919865,0.017469560614096796,15,0.4184271715392569,18.174197984764053,0,0,1
2023,1,18,5.849304424465905,3.593394106441291,4.94697314222356,5.9105868768898935,1.0,1.0,1.0,3.0,7.490621579536614,4.088462307049952,1.2403186479421078,0.13343220792078703,4.142143239905685,0.5013227513227803,0.037037037036980004,16,14.47322471212706,5.105462243320002,0,0,2
2023,-1,285,7.351152991949536,5.019855967915327,6.786650639710734,11.097905871467416,-1.0,-1.0,-1.0,-3.0,-10.692533109534562,1.9909945449464406,4.430431477231203,0.3963299524240128,4.810264629698304,0.4372592410458164,0.007868207523972262,16,0.814846873666424,5.729172941355293,0,0,0
2023,1,221,10.708077991603638,4.339973161301174,4.4830470060541705,5.722120749983148,1.0,1.0,1.0,3.0,8.553977778291982,3.2913838288734802,0.9345643113539549,0.20074786314827767,6.048294697933412,0.9760137064534716,0.0011422044545807612,11,6.764344911089818,1.825577637954109,1,1,2
2023,-1,418,1.7362377075316633,3.2883047689771745,1.906604466712325,3.2520007855354325,-1.0,-1.0,-1.0,-3.0,-9.328978256671826,1.5825959025557153,0.8902261602137769,0.10794189256517592,2.5855332570096583,0.595015576324015,0.0,21,9.750991569571283,6.155751872157566,1,1,1
2023,1,107,3.732267056895878,3.1542811864492264,1.3321178600066328,2.500642298608942,1.0,1.0,1.0,3.0,8.769442257013411,-0.34389910998889595,0.39972978526814523,0.11510218393162724,-0.26678991418413006,0.6512027491408696,0.1580756013746336,6,1.1918949273743555,5.13683343209582,0,0,2
2023,-1,199,3.774094119767977,3.058256242892504,4.229214575556145,6.390262726169866,-1.0,-1.0,-1.0,-3.0,-8.856457700803869,6.160496714402062,0.7629681450515173,0.087205414702992,7.078549438645829,0.1446601941747714,0.09805825242717034,23,8.607039912186096,13.213973505471406,0,1,1
2023,1,23,4.892702638135119,6.814117739456918,6.498120691273205,10.649273085816008,1.0,1.0,1.0,3.0,8.694263962028364,2.7863503250056008,0.635147072704743,0.10493133326874841,7.977880620814839,0.6918005768438337,0.03255047383601695,1,0.0025482826239916255,16.255494858679164,0,0,0
2023,-1,31,7.824688821523637,3.439281649828183,1.0826476459624088,6.230125286625092,-1.0,-1.0,-1.0,-3.0,-8.694263962028364,0.12622266204677096,0.81590485984078,0.12413731451508261,0.03115671300928138,0.7663185378589844,0.11749347258485864,3,5.88158680905166,1.958350570865751,1,1,1
2023,1,642,19.259235465441833,3.9379402356176505,2.0514551420446185,3.6245284041571044,-1.0,-1.0,1.0,-1.0,4.333094387504297,2.0981841180209964,0.611052124761456,0.1593007265098581,5.123897465110282,0.9037122969837298,0.03828306264504343,9,10.87882297028084,3.3835915449213023,0,0,5
2023,-1,334,14.356155056287106,3.273706201217509,2.626746428427513,4.064142779092447,-1.0,-1.0,-1.0,-3.0,-7.180788246969153,1.741299506766077,1.246436593107332,0.21228192167326343,2.7081273903029186,0.35815602836879434,0.5851063829787234,13,19.67706561808486,0.08904225181110213,1,1,4
2023,1,287,7.361358423881488,3.0359798390202593,3.559934482909175,4.960030666736212,-1.0,1.0,1.0,1.0,4.905329338165994,1.6741646586092023,1.6509420796252097,0.20123956166732798,3.2129710759332903,0.9891852919971158,0.0007209805335151183,13,5.330404947923065,10.301289073448574,0,0,3
2023,-1,20,5.687062222399031,3.9571152208116445,2.646182053216852,4.634096816683973,1.0,-1.0,-1.0,-1.0,-4.905329338165994,2.700752838205952,1.4872219041520642,0.2112803992666319,7.091820780054387,0.4950149551346143,0.1331006979062676,14,2.9674479615607203,12.141228756558235,1,1,1
2023,1,100,5.782956095886803,3.421757501171349,2.5352180989025928,2.997014955924388,-1.0,1.0,1.0,1.0,4.635864090422301,1.1328619570111236,0.897514359678143,0.23379680232762357,0.4695379692962803,0.476345840130494,0.06362153344211133,23,0.1854184350163507,5.620860734457413,0,0,3
2023,-1,95,7.986631969308829,3.3319643372287753,2.3329986278409267,2.9881824091595304,1.0,-1.0,-1.0,-1.0,-4.661816554285211,0.9583462885465216,0.6071880702121488,0.1420019592215403,2.679519908882758,0.7012383900929401,0.12848297213615822,7,0.5054830360322008,7.094259994159646,0,0,1
2023,1,50,6.121958482173332,3.0267266888236875,2.2341698463897326,2.710031368517464,-1.0,1.0,1.0,1.0,4.726495211994213,0.46001664266724485,0.5107122873191099,0.11504119134554244,4.2320547362009835,0.9101497504159579,0.0,11,8.710645162548085,4.023409169589933,0,0,3
2023,-1,172,2.166989963607193,3.186689181595857,2.1088512084861013,4.104067577417115,-1.0,-1.0,-1.0,-3.0,-4.924222439209225,1.2431466976852934,0.5969841561385398,0.10390006483701143,1.7884075755148927,0.6134615384615665,0.0,1,0.18762961880009654,7.949153427476219,0,0,1
2023,1,55,5.853739068521363,3.0796335869461666,2.881745017251855,3.9024927123476507,1.0,1.0,1.0,3.0,4.796830024270836,2.3223447671824777,1.311152471319662,0.0877350361354706,4.817419951494445,0.21142162818956062,0.09720534629404273,6,2.971994051269508,7.636935499283158,0,0,2
2023,-1,61,3.619562846989603,3.0202993721884885,3.0803356072146233,4.216082980990822,-1.0,-1.0,-1.0,-3.0,-4.975592596598102,2.120138799211806,0.46951885707885854,0.08134755879641112,3.5152641344773086,0.769090909090962,0.0,11,3.225252927904002,16.288032811453093,1,1,1
2023,1,82,4.397791813960268,3.1657168714605604,1.2360657465272542,3.0381194927801936,1.0,1.0,1.0,3.0,4.821899046387242,1.5600459222149823,0.5840601525397354,0.0839095616112999,0.09830927127680804,0.9963099630996844,0.0,18,28.959719319294976,1.1677568500086901,1,1,2
2023,-1,242,8.255057785396458,4.1972486950608205,4.272079871095242,6.721160142024842,-1.0,-1.0,-1.0,-3.0,-5.780575997410754,0.9961584344952977,0.496829482657619,0.14721089936389284,8.924176813543074,0.4004081632653002,0.007755102040822266,14,2.0255551112951578,16.475128709779742,0,0,1
2023,1,8,6.477584916195458,3.476990026117267,5.708242911302747,12.429681766549118,1.0,1.0,1.0,3.0,5.780575997410754,2.2325193481285535,1.5309603173032087,0.15601728479746954,0.6348532114231904,0.7570093457944361,0.13484646194924363,14,7.914949331586617,9.338575496890604,1,1,2
2023,-1,246,0.8944687407188973,3.069957534054113,2.3599211678672627,3.87530752957054,-1.0,-1.0,-1.0,-3.0,-5.695571647360194,1.9477375324999076,0.3457266575818207,0.12365730070598552,4.353948839037456,0.37196467991167365,0.1986754966887449,11,22.50500719973582,6.126676665797172,1,1,1
2023,1,371,7.414676004243574,5.915212068937848,6.107968938006363,6.858166105470293,-1.0,-1.0,1.0,-1.0,3.549554157070162,2.66452266837955,1.2975198056585888,0.1982811531196314,9.07710602337011,0.5676984628342914,0.00021057064644881975,18,12.34688138160631,0.3028068566855003,1,1,0
2023,-1,253,2.769793535422947,4.003412054508799,1.6140157182519785,3.7117269987561348,-1.0,-1.0,-1.0,-3.0,-5.080021228565356,2.2631408398831216,0.9011885583107986,0.15899424500636283,2.956276822942191,0.9474313022699927,0.022700119474331197,15,3.436784258107578,5.646509247764845,1,1,1
2023,1,118,7.488283894654451,3.21534157225779,2.3687854571998064,3.6043105591048428,1.0,1.0,1.0,3.0,4.788832653068257,2.344080897170757,0.7259521323983487,0.1280118890126939,0.6621022327038778,0.2827586206897221,0.7034482758620355,1,3.2766459628226396,2.7110593029978705,0,0,4
2023,-1,410,6.796187063277156,3.255663390905136,1.3682092767654415,2.3999736494080492,-1.0,-1.0,-1.0,-3.0,-5.401122586047985,0.8368906845693278,0.3651272601192352,0.09479112942844356,2.969381984466406,0.7827586206896803,0.1310344827585956,11,1.572879926773252,5.775637520771806,0,1,1
2023,1,89,6.277560241353341,3.0166339694874247,2.134370482060136,2.338839587064373,1.0,1.0,1.0,3.0,5.164266000608081,0.7752834332806549,0.3598479096063359,0.07372370853854851,-0.9912367500056548,0.9482758620690844,0.04310344827586748,18,2.6401624786491245,5.84351179037982,1,1,2
2023,-1,86,5.40488034485862,3.156385601494752,0.7396621081998604,2.789328191163509,-1.0,-1.0,-1.0,-3.0,-5.26875636545382,0.5255118976127354,0.2954433960578418,0.05957311035020017,0.13735503975527716,0.6689895470382939,0.0,1,1.0025540623191758,6.01978016974752,0,0,1
2023,1,241,1.5341003572132168,4.04247775040202,3.462939987627291,5.077782468904327,-1.0,1.0,1.0,1.0,4.288364155578742,2.0909282386299552,0.7915180242848737,0.1183378596845445,1.1629472112064623,0.7624999999999696,0.0,22,1.518400499756422,11.281469001143737,0,1,3
2023,-1,54,6.534571670134859,3.7101491765051064,2.3487631461788396,4.554074030922932,1.0,-1.0,-1.0,-1.0,-4.413074917058003,0.951366643732517,0.6736105997552191,0.12513746936518086,0.8874517287007042,0.877477477477425,0.06306306306306306,2,6.81505295741797,2.862621993109502,1,1,1
2023,1,252,1.7615568392281493,3.2442860973241405,2.9594812196359537,3.8139677461271853,-1.0,1.0,1.0,1.0,3.027588300663223,1.6438090380660288,1.449876157124209,0.16331677578240658,2.269566837569588,0.6108897742363641,0.21779548472776655,23,1.247221680013187,6.67321112323246,0,0,3
2023,-1,67,6.036783126233536,4.134319708435289,3.497698094700087,4.73728395224292,1.0,-1.0,-1.0,-1.0,-3.506314332945201,-0.04949853531219535,0.7507909961261293,0.13115389432846214,1.6618028907478393,0.8170266836086321,0.1562897077509813,5,1.0267902853312532,7.65857462318556,0,0,1
2023,1,80,6.057727884452199,3.1360583506616933,1.6159828029951933,4.1304697054700865,-1.0,1.0,1.0,1.0,3.4152676931784507,-0.1391655666335647,0.8345081965371941,0.1217262748262491,0.3546264031388244,0.5974264705882193,0.36948529411761044,11,26.102979047289548,1.6027370423149363,1,1,4
2023,-1,324,10.293335749198599,3.234252037073831,3.634010855851211,5.784133945563178,-1.0,-1.0,-1.0,-3.0,-5.2090920468646065,2.621064926951038,1.2759329985635748,0.17474488041327718,2.2814662572926774,0.6826056826056688,0.15731115731113396,14,3.664294279649971,1.979021745248928,1,1,1
2023,1,156,3.2413218150367995,3.7165831444048467,3.6040550163605745,3.829065986165616,1.0,1.0,1.0,3.0,4.519243252543409,2.573706375338406,0.8552534610844951,0.13557706161754665,2.5515224024470133,0.93841642228743,0.0014662756598027723,3,2.077471971217472,8.806463818232913,1,1,2
2023,-1,54,6.503537123008119,3.1333329498487226,1.7268447535541707,3.893288232434594,-1.0,-1.0,-1.0,-3.0,-4.328735181070038,1.3779114770459715,0.7504184389216301,0.12608997257157098,0.9617326349320126,0.24999999999990719,0.2933673469387973,8,5.531792572286905,5.441348815401545,1,1,4
2023,1,206,1.9132804057450767,3.2880992612847777,4.741607962064237,6.257443645842992,1.0,1.0,1.0,3.0,4.063104490242537,3.710553027824322,1.0209439944968624,0.11427394842248646,6.39661191019197,0.9255079006771401,0.001128668171623185,1,20.31589532284003,0.8873184490412754,1,1,2
2023,-1,1226,47.819070468314045,3.1472662728346625,1.6334651300438967,4.127474740126865,-1.0,-1.0,-1.0,-3.0,-10.720983621154849,0.16194331079039195,0.9010063060024037,0.18443359559356215,0.8445075745756048,0.8566084788029096,0.12094763092274112,7,0.8487741148106488,12.52759205819882,0,0,5
2023,1,66,6.429954711495983,3.6226717662561563,1.8436276654513202,3.183896461716956,1.0,1.0,1.0,3.0,10.321392190590105,0.5681016279084153,0.7460045997464347,0.1572810723954615,1.6252878848523467,0.524606299212563,0.28543307086614583,13,34.20262870470136,1.9057894535133912,1,1,2
2023,-1,519,29.113699597060176,3.488216966208007,3.6664784750374055,4.396245625580725,-1.0,-1.0,-1.0,-3.0,-12.686072278036331,2.6146358147873783,0.9812350603613946,0.1427121491963883,4.646591065098503,0.59259259259259,0.19468186134852264,8,14.008321522737075,4.341713574770872,1,1,5
2023,1,327,2.200800256224201,3.9518833985983655,3.4188732304060565,6.508580526535855,1.0,1.0,1.0,3.0,10.40498275927157,1.0920633451813118,0.7503028427864525,0.14411445486934554,3.445326198877854,0.7500000000000315,0.05989583333334748,11,7.081043020929312,2.1403736595938376,1,1,2
2023,-1,252,8.228691424837594,3.865489247750772,5.089533185532478,5.917654684244908,-1.0,-1.0,-1.0,-3.0,-11.770211194736174,1.6533118449913837,0.5435055399662031,0.13010756861498124,8.974277203352099,0.9528650646949894,0.04713493530501062,8,2.6419351829957547,4.916205429988128,1,1,1
2023,1,435,1.5208632888734552,3.242231821571613,3.112582105348411,5.577342244055239,1.0,1.0,1.0,3.0,10.312885532948949,1.4997896154906403,0.5972672148499324,0.08982163850528478,0.32291850477676537,0.5855704697986964,0.13087248322140646,20,2.6368378485958974,94.21001560976914,1,1,2
2023,-1,28,4.16634868783995,3.858114295694239,3.7624912301468743,5.1269362002060905,-1.0,-1.0,-1.0,-3.0,-10.312885532948949,0.22750689566665735,0.9036018409468092,0.10028911164557594,1.638688058908492,0.9116925592804904,0.08667211774324549,23,78.23654444542456,3.020945050766812,1,1,1
2023,1,391,18.496406800058004,3.5683747741149547,2.627353891398688,4.675537758969056,-1.0,-1.0,1.0,-1.0,5.096321533738213,0.9827688138897033,1.2096507666244185,0.2313018443678402,2.6971791788430752,0.8840372226199182,0.0,7,1.0132903614047348,8.79865224476622,0,0,3
2023,-1,85,5.6021009521079685,3.9399386280300677,4.121965743133501,6.399864981532665,1.0,1.0,-1.0,1.0,-4.698686716999015,1.7124555298817858,1.8515463903225011,0.21768783890205098,1.7516527118564718,0.6449353448275755,0.18318965517241523,14,7.665857690258255,2.3422529431372165,0,0,2
2023,1,274,0.174719516710369,3.3907804969190942,1.5595334639703309,4.034079508046038,-1.0,-1.0,1.0,-1.0,3.3708853984799547,0.6199355550192446,1.0791586818697676,0.18630602378031108,0.6118368969709292,0.67844522968195,0.20376914016493067,13,18.75193390827066,1.8377904720646223,1,1,3
2023,-1,285,16.198242917472253,3.6214445792929495,7.536135834412379,9.133258172919396,-1.0,-1.0,-1.0,-3.0,-6.889298702316171,0.37023283876944346,1.5630914674620946,0.20654733364593364,8.335495688153282,0.4323164918970448,0.00667302192564347,13,14.824717706356203,11.528941680679921,1,1,1
2023,1,49,3.722890473578725,4.05712101952709,4.038360919175805,5.647090583954621,1.0,1.0,1.0,3.0,5.235837887248156,0.6342961668667089,1.6791396223784298,0.27321645349112655,2.3387170378151363,0.6228457799381404,0.06694653115332685,17,2.4635528076870608,2.9367584760826797,1,1,2
2023,-1,149,6.1566505270887735,3.025259699886942,1.765564509872624,3.6446384082205068,-1.0,-1.0,-1.0,-3.0,-5.644446999351307,-0.47617889289468945,1.1618771423194338,0.1902162286860993,0.05796953361263291,0.8327868852459493,0.134426229508149,5,4.91298244466279,5.481763184740601,0,0,1
2023,1,367,4.987238243582728,3.0650348870144586,1.4192930969879698,2.426596947766903,-1.0,1.0,1.0,1.0,4.5267562037817575,1.2401909936199604,0.8092691961419423,0.11962130014805618,2.1146525866322574,0.7782805429863692,0.0015082956260304128,12,6.8658303566792185,3.012055350274527,1,1,3
2023,-1,149,3.987668016241837,3.48921265135548,1.7972053088923219,3.058668654668563,1.0,-1.0,-1.0,-1.0,-4.326024597512865,1.1550338830346027,0.45975523990558304,0.12484768109569586,0.368712822641196,0.7415506958250646,0.21471172962231183,0,9.30899155768693,2.1752643537860274,0,0,1
2023,1,193,0.28293170871524226,4.3720213187637444,4.889122109393292,8.506606099395965,-1.0,1.0,1.0,1.0,3.4170188574558953,1.8395368541503527,1.3871692782648082,0.1522361619424509,4.724051747586128,0.531458531935169,0.061487130600578054,17,3.4449267390828187,16.296555508034984,1,1,3
2023,-1,65,6.110914645524636,3.7096458732244058,2.7498372303662935,3.472617594864924,1.0,-1.0,-1.0,-1.0,-3.9072460600971834,1.0954164744195254,0.6538837365990543,0.1609190419627366,0.36239944434547355,0.7206427688504556,0.006180469715698282,22,14.494274552271305,1.267096441466838,1,1,1
2023,1,192,4.450767643754991,3.047465760466599,1.7502358905238948,4.443719713994594,-1.0,-1.0,1.0,-1.0,2.0453420153166237,0.5822916163672964,1.0447099041955945,0.20498619536472715,1.6145589872496624,0.7921994884910505,0.15601023017903598,14,14.85938524505186,4.232281821179627,1,1,3
2023,-1,292,14.300387166591653,3.5023267750921034,1.7005188942409704,5.904231654157587,-1.0,-1.0,-1.0,-3.0,-4.979725876178744,1.1299901415921982,1.0967333317477101,0.18786310943759052,4.046500399208677,0.7073065283181863,0.13099870298314972,14,8.42996553463175,3.225726562271444,1,1,1
2023,1,166,1.896124674138129,3.3687989752695757,3.958800839923526,4.393115883526805,1.0,1.0,1.0,3.0,3.8696272650828383,0.8453873178139357,1.2957228117957953,0.1826912876306516,0.9447107813825605,0.7170010559662465,0.26187961985212665,4,4.258593524888627,1.4451544813701789,1,1,2
2023,-1,413,8.897057172650072,3.2127373186790007,4.03291462898279,8.07555754305293,-1.0,-1.0,-1.0,-3.0,-5.953783135371305,1.0273369312394234,2.086024086167772,0.21269334673179274,3.5903093878986363,0.20915032679737125,0.341094771241826,15,1.1490185608707693,7.3362078764154885,0,0,4
2023,1,79,4.032268631260419,3.1477773374544045,2.3507784309125417,3.6198900509783662,1.0,1.0,1.0,3.0,5.228282373115618,0.5257669370654834,0.8945900193466438,0.20604354342060555,1.9102183858955952,0.7643280632410868,0.02173913043478964,21,3.4864734514754505,2.937370422115915,0,1,2
2023,-1,123,3.4859485496140286,3.4005084189578403,2.4471591992106676,4.735760203522521,-1.0,-1.0,-1.0,-3.0,-5.825852536842429,1.2564048776439807,0.9875172657359113,0.1964961421358336,1.3455558346832894,0.6480938416422387,0.12023460410559687,7,2.574238928945693,2.6383617283533938,0,0,1
2023,1,132,4.042167323093926,3.503432475457356,2.6471410396777877,4.608568971999681,1.0,1.0,1.0,3.0,5.091258931915946,-0.27724813271480125,1.3385883309536035,0.17321319101665086,1.9345160774717793,0.5791962174940832,0.30575256107172943,18,0.6948909118520145,6.420529802526971,0,0,2
2023,-1,93,6.40984517245856,3.3862757316735363,0.562319595157334,4.1695399768582,-1.0,-1.0,-1.0,-3.0,-5.5108907635919815,0.455413943715169,0.723716019376916,0.153508599153938,1.1568818700374144,0.6263736263735813,0.1978021978022099,2,3.8016393906649544,2.265729219849452,1,1,1
2023,1,148,3.844976308618073,3.012241770774227,1.7016981982119201,2.6968685369130054,1.0,1.0,1.0,3.0,4.713287534404467,0.3991215238646881,0.3875227826799594,0.10594757240945409,2.567165089090132,0.7914230019493006,0.0009746588693815422,14,1.7598575037205229,3.4744799920452567,0,1,2
2023,-1,175,2.817071039616185,3.9087783347936735,4.953747802714902,6.5938561113729035,-1.0,-1.0,-1.0,-3.0,-5.1170022406155775,1.9834940617567303,0.4167420168755015,0.09602440431096851,3.297304307611075,0.7192660550458849,0.08990825688076065,5,4.791408115686103,3.542824934568186,1,1,1
2023,1,103,4.091420295929162,3.3888476561455203,2.573368795477618,4.5281847245194005,1.0,1.0,1.0,3.0,4.692132601052772,1.2841962176931943,0.3915349575894753,0.09661091273451207,1.5132275442725733,0.7697262479871825,0.13043478260867528,14,1.5463821660897612,9.131917890740826,0,1,2
2023,-1,77,6.090041609523688,3.134409862669067,1.1254892872730737,3.1308632080284786,-1.0,-1.0,-1.0,-3.0,-4.611529602083889,0.2525865468548835,0.4237710702444722,0.09627681952407045,-0.21142395413106552,0.7004950495049973,0.21287128712866918,20,24.06210253786339,0.8393479430511323,1,1,1
2023,1,197,3.777478631809612,7.868637924993259,10.27309560645148,10.410881421065044,-1.0,1.0,1.0,1.0,3.685680400919457,4.077385774431757,1.236092724060421,0.12788034115553992,8.826594367094811,0.8257504690431458,0.009615384615381169,12,2.6823498195559936,6.187835674465923,1,1,0
2023,-1,195,5.422057106697971,4.199029969940275,3.707025291023401,4.25917321511737,1.0,-1.0,-1.0,-1.0,-4.064117950406291,3.9618842191710613,1.641294118513244,0.1301868843359998,9.280348109963674,0.49560565533055334,0.06266717615588216,5,20.525344535211154,0.4509503945976938,1,1,1
2023,1,328,10.765680635442688,3.8328044121461935,4.233491115589351,4.348755362221501,-1.0,-1.0,1.0,-1.0,2.0960479880344884,2.0857285575925286,0.7428149640374697,0.14220122642782426,7.314269183978136,0.7565217391304118,0.0466403162055451,8,9.385802940046457,0.8052030943303253,1,1,3
2023,-1,274,4.919179117849313,3.339616414532629,0.9884753427798256,2.9847573583807088,-1.0,1.0,-1.0,-1.0,-3.6300308244551607,-0.9122983838101799,1.8488983996329544,0.18050756885290198,0.09429137984504465,0.9214801444044209,0.025270758122705277,7,6.916749888786172,3.1742043927856596,1,1,1
2023,1,335,2.7821034377403175,3.372167254680355,1.5820070354322502,2.464071095565876,-1.0,-1.0,1.0,-1.0,1.444474964003778,0.8861854223019591,0.7624283987291243,0.1715239367316211,4.166457783833764,0.5326492537313601,0.0009328358208819415,11,3.7457142522776663,16.53088623020813,0,0,3
2023,-1,54,4.313862341855156,3.80364457981973,3.7860819955139036,8.514168032174657,1.0,1.0,-1.0,1.0,-2.4751163304811845,2.7448551199782694,1.404801301583655,0.18260433875049456,4.927710086193963,0.5703737886479012,0.044762344254717215,15,14.906891347026777,0.001290416494703064,1,1,2
2023,1,278,3.3969834906472216,3.6516983870718858,2.160157086568567,4.50591611775918,-1.0,-1.0,1.0,-1.0,0.6738690820833166,1.1000969270912695,0.786408483049026,0.15166448854436043,0.4357885919618264,0.6817610062892716,0.0,14,5.925225106046222,2.6233821080204094,1,1,3
2023,-1,142,2.656867168336451,3.6173283487243246,3.6627524229319435,4.005252195571167,1.0,1.0,-1.0,1.0,-1.0667467766984515,1.670874105764872,1.275409180588944,0.14307741517800235,2.370911425440119,0.7502420135527378,0.12971926427881003,2,0.6051937730128494,15.189698654519676,0,0,2
2023,1,54,6.0680538573212015,3.757635058954053,2.6795489081009682,3.8420843518716703,-1.0,-1.0,1.0,-1.0,1.1198171623762254,1.2331265862584178,0.7864398351100413,0.12360315856535975,3.3130863191528928,0.9142040038131566,0.05433746425163976,7,9.517544272444106,1.3454918414788506,1,1,3
2023,-1,187,0.1840947859218211,3.5672340692272066,3.7304297983611683,4.831651335966293,-1.0,1.0,-1.0,-1.0,-1.8718441167790252,2.5938827038747188,1.2289308760213904,0.14112115993647323,8.832385971627517,0.3474914481185738,0.0,22,4.312838757459464,8.220668985890727,1,1,1
2024,1,33,4.0074616124473135,3.8490437480002577,4.5227956426416895,5.866400682090884,1.0,-1.0,1.0,1.0,1.2344552712422674,1.7788586535301079,0.8241155411164762,0.15020037138033898,3.9615832043998003,0.7044482463643928,0.00042771599660316307,1,0.4997650262609007,8.642354083409279,0,0,2
2024,-1,25,5.40553922999555,3.132097147337423,3.4093760502912556,4.787258599113703,-1.0,1.0,-1.0,-1.0,-1.2344552712422674,1.250824320638115,0.6073842865973904,0.14709818921622264,2.233328935873533,0.5964691046658223,0.013240857503143532,3,1.9913454085545188,7.517328917293286,0,1,3
2024,1,68,5.582445906716509,3.7459423303632953,2.0104349109999045,3.681396760104886,1.0,-1.0,1.0,1.0,1.594465329269495,1.0559507636661143,0.43971493071329415,0.124211377940368,0.4262332317928374,0.9983388704319178,0.00166112956808222,9,3.97749270853554,1.3861816694042681,1,1,2
2024,-1,429,17.103179664689637,3.0772194535484156,1.341520589518488,4.068849663167419,-1.0,-1.0,-1.0,-3.0,-5.580256496760778,0.83753279267509,1.3699209846494182,0.27771364925295816,-0.04630336963145305,0.626578073089672,0.1461794019933555,21,0.40422769264006325,6.004633274933621,0,0,1
2024,1,150,7.201812786980485,3.9690166438417163,2.8023986585612892,5.624730696702355,1.0,1.0,1.0,3.0,5.332735648896961,0.7764163591944079,1.0154228108143903,0.18730869330077454,5.198137281352188,0.7794290183809132,0.021118498240130477,9,0.0,60.95275709957807,0,0,2
2024,-1,19,6.378072959074502,5.010231487952936,3.8503574084735837,7.502883769829391,-1.0,-1.0,-1.0,-3.0,-5.332735648896961,2.1998576073947014,1.7125248244368134,0.19764265970776987,5.738043558486218,0.8392000000000116,0.026799999999988357,11,50.01394963760577,1.6482152382720203,1,1,1
2024,1,320,13.496700126052684,3.4336760180856105,2.2578628087743438,3.019867239078674,-1.0,-1.0,1.0,-1.0,1.8202256969476782,1.1281158955218984,0.8626437986119193,0.23694393620905407,2.2225378245885867,0.8438690022848386,0.03808073115003935,13,13.231697311437406,2.17826489376162,0,0,3
2024,-1,143,3.2814290081864126,5.156890481711592,5.855615619695343,8.131091156831301,-1.0,1.0,-1.0,-1.0,-3.2105283135838873,0.5588111678542347,1.4202945028972969,0.3163680280832672,8.050870182369293,0.46278755074424904,0.0,1,2.6459358401574358,8.485444490156214,1,1,0
2024,1,87,6.268378957250657,3.1474941523691085,2.7690576780810594,3.1596637902912077,1.0,-1.0,1.0,1.0,2.5128130195957996,1.0375752174514157,0.7736824870309559,0.2668572244525003,2.2474952423090957,0.6628329297820794,0.0,9,1.7135720313915006,9.600418923147672,0,1,2
2024,-1,88,4.929743554365852,3.1887539358926182,0.48652364260333797,3.226910805254141,-1.0,1.0,-1.0,-1.0,-2.0209285148943748,0.6418994385773316,1.4875327615140597,0.2966661146308352,0.09904731596266225,0.6866410115447673,0.03188565145686016,16,2.1862476144460636,8.772192258888161,1,1,1
2024,1,54,3.4633234238434825,3.550544500982524,3.759620007123072,5.011738350789347,1.0,-1.0,1.0,1.0,2.155248276074107,0.2682867793157793,1.0419006376877369,0.27763901813731523,5.777161397028656,0.44579288025889857,0.0505663430420713,20,1.7157449533158082,4.632184876340317,0,0,2
2024,-1,114,6.156632623691534,3.2936328255803393,0.8187190190864919,2.9948764118157793,-1.0,1.0,-1.0,-1.0,-2.597094971353205,0.19676540201698448,1.2451839778363423,0.20510105360030997,0.1261243089664915,0.508630609896517,0.3728423475258498,6,1.5825581039250345,3.834875405406588,0,1,4
2024,1,137,6.726178817230817,3.084260886043682,1.577667031449856,2.1332732816779396,1.0,-1.0,1.0,1.0,2.462294944934762,0.7506226878254815,0.8295411801428055,0.14286035200310102,2.0182848133876234,0.1674641148325388,0.33373205741629114,17,4.75847301413089,5.158063755698898,1,1,4
2024,-1,277,0.24606039573679328,3.024217485447809,3.94753334264785,4.7264730003175375,-1.0,1.0,-1.0,-1.0,-2.636195452449192,2.441149891789388,0.8653665505440659,0.1510094033096591,4.203380545480158,0.7068345323740971,0.06055155875298782,16,4.67816666495822,5.970361135821127,1,1,3
2024,1,163,2.0567531383332365,3.811020109729064,5.767018657319965,7.64129972094897,-1.0,-1.0,1.0,-1.0,1.7150444597887473,6.066020348685255,6.979530554360296,0.20112297240992316,1.6065972157021997,0.5694956949569202,0.004305043050457199,6,11.686097376893484,5.77602962397206,0,0,0
2024,-1,467,14.741015834768925,3.2528013415307715,3.1700581256297364,12.154754238471844,-1.0,-1.0,-1.0,-3.0,-6.107694358764698,4.107897069497815,19.45048764093964,0.35320733143013455,2.261714790197237,0.7874396135265691,0.0,21,10.453088645085803,1.2744075656094631,1,1,0
2024,1,244,1.2322729827303065,4.228335778118749,5.172831454295617,6.556901709810921,-1.0,1.0,1.0,1.0,3.730691722868328,2.1520450140142975,2.0198832178566595,0.3500215930656647,3.053316529644176,0.9303238469087303,0.0007360157016754452,17,8.637635058717635,9.746495624549562,1,1,3
2024,-1,270,0.0876497991488803,3.101639544872328,5.349480444270303,9.67369512984775,-1.0,-1.0,-1.0,-3.0,-4.819617906061193,2.0762717596431894,4.2446342045214145,0.45776406067900993,1.1146039851720224,0.5043103448275845,0.30962643678159985,16,2.4082374544527627,4.100589252073291,1,1,4
2024,1,756,46.5712153391771,3.0127744373813465,2.892226633699437,3.8214378110882627,-1.0,-1.0,1.0,-1.0,-0.7346815357031133,1.2231470864132203,0.8239584137548367,0.1532448923015499,1.349288474245175,0.30403800475050063,0.32304038004748253,7,0.7185091322712822,5.129609501278275,0,0,5
2024,-1,148,4.763518049008882,3.3143165297873307,3.892697559831284,4.763518049008882,1.0,1.0,-1.0,1.0,0.4519316952674409,0.21076796954954016,1.1551696267081093,0.14420563520501012,3.77742841849979,0.6123310810810736,0.2677364864864586,19,15.749503399417677,2.435372972532215,0,0,2
2024,1,219,1.1306910924456837,3.558984172039892,2.4792971954354646,4.350077002936505,-1.0,-1.0,1.0,-1.0,-0.6801815461574631,0.42208020085578957,0.7650662972978517,0.17011546860988025,6.240560720452718,0.9088277858176642,0.04775687409550423,13,6.64709308892311,10.073429732697909,0,0,3
2024,-1,9,5.704907014227511,3.3430166306071825,5.16309311407738,7.612041187355658,1.0,1.0,-1.0,1.0,0.6801815461574631,0.7989335182112259,1.6165719064508608,0.18600665960756116,2.434906485742525,0.4921608725289858,0.3783231083844468,14,2.7039939607025762,12.77640318644508,1,1,4
2024,1,46,5.25605168683037,4.176942568143166,1.923449865502067,3.8772955885499956,-1.0,-1.0,1.0,-1.0,-1.2179985825455124,0.995313404809444,1.2536714579743324,0.19157437019034518,2.0334123937279895,0.9226985242445042,0.06605762473648112,18,5.389793460032159,7.1904440610488765,1,1,3
2024,-1,243,2.8642514175824574,5.714867444808952,6.4068453563512096,7.670008911427897,-1.0,1.0,-1.0,-1.0,0.3910364437985269,2.2348286492753453,2.533853938407192,0.18925051614786584,8.41268753176789,0.8461538461538317,0.011099638616424611,14,4.056338642314295,15.134270550804809,1,1,0
2024,1,11,5.943455586889726,3.589739080743666,5.9484475704165,11.280884373638099,-1.0,-1.0,1.0,-1.0,-0.3910364437985269,3.0781283611587265,2.713374777207375,0.23196113685803205,2.066034753893315,0.6313725490196166,0.14208144796379651,15,4.084440921546441,3.538317923725421,1,1,0
2024,-1,173,5.136630110664833,3.1220450258282924,1.6140956557766104,2.115163518384082,-1.0,1.0,-1.0,-1.0,0.457219671021718,0.6372522096211585,0.8893740860819246,0.17074932054997935,0.4805554491556418,0.45017182130581446,0.13745704467354639,5,5.79103021538166,1.3252286639455357,1,1,4
2024,1,292,1.307487915442074,3.2699530829058743,2.3655423507562334,3.371427692187344,-1.0,-1.0,1.0,-1.0,-0.7630395201144452,0.8390776852032346,0.39164404344636145,0.143054377520365,1.7966180359450792,0.42511013215854865,0.4625550660793545,6,0.883614027643001,8.593227933036662,0,0,4
2024,-1,54,5.072342710537569,3.4014655783993253,4.219775769377605,4.862215100797059,1.0,1.0,-1.0,1.0,0.3207352419390021,2.7581706525197687,0.6369991045517159,0.13652043591205876,4.108540446236889,0.6156424581005424,0.2614525139664967,10,20.55461389051118,5.046507348684237,1,1,2
2024,1,384,10.295667904869301,3.8237436116174415,4.708497745474965,6.131242635101751,-1.0,-1.0,1.0,-1.0,-2.910070548956994,0.9499171291840418,1.3546923546507879,0.2592083633170953,1.410382951923049,0.9378711740521168,0.03334856098673288,18,5.321158574167659,1.523773679834825,1,1,3
2024,-1,546,0.10226636320637088,3.0478797078583377,1.904365520249904,6.279707492028699,1.0,1.0,-1.0,1.0,1.767119173019447,0.8865277147954668,0.7804082316731995,0.08696369816957264,-0.6446284332868011,0.8880308880308382,0.0,16,2.8634581697805968,5.981200269696274,1,1,2
2024,1,662,17.8564049735361,4.00684283357769,3.01642095315661,4.408615239228943,-1.0,-1.0,-1.0,-3.0,-4.877723066986515,0.5794358331083268,0.997839549633178,0.27398034422019407,2.515986953811237,0.8128249566724337,0.08434430964759485,23,4.125223912222183,2.2671306160544797,1,1,5
2024,-1,227,0.611130782491748,3.466158285473657,5.109233085978701,6.458439096590027,1.0,1.0,1.0,3.0,3.40111671003704,3.0900192318838444,1.431961415411745,0.22464376482787665,4.180670275422015,0.8792701863354087,0.03105590062111819,18,1.4806440649339627,6.136022672738723,0,0,2
2024,1,64,5.949048781473909,3.1935016016432383,1.902415480029009,4.403410285550011,-1.0,-1.0,-1.0,-3.0,-3.7255698780264153,-0.02253469704228629,0.5824272861208503,0.210120241396628,-0.3343368471152547,0.763975155279527,0.23602484472047303,23,0.23469050781669729,4.423560480665549,0,0,1
2024,-1,154,2.546738391130751,3.0423661863065705,6.489751606026408,7.546572790001926,1.0,1.0,1.0,3.0,3.1177258705304434,2.6606239781953462,0.5900804672332328,0.15014305964122643,5.574498223824116,0.9369120088544484,0.0,12,4.927930425910772,4.157052948359087,0,0,2
2024,1,166,4.1764721640296445,3.480701193714451,3.3106972666726566,4.471549001705724,-1.0,-1.0,-1.0,-3.0,-3.348134375778988,2.1647542473045416,0.8868474056063583,0.15370756632084062,1.5581893171982835,0.657284768211977,0.0016556291390487153,2,4.549371464389436,3.9965077190734206,0,1,1
2024,-1,759,32.37587148214866,3.011394755078197,1.057741277414925,3.6643753206952576,-1.0,-1.0,1.0,-1.0,-0.13871583611777097,1.09508642855665,0.8851764146914898,0.1479558241150194,1.7066511584190458,0.3917634635691625,0.23759239704330193,17,8.168202368383081,3.2374266411924526,1,1,5
2024,1,115,2.541072905842142,3.4397330110356656,1.4701921812371952,2.2415893133678453,1.0,1.0,-1.0,1.0,-0.19793189171173903,1.6198200771067015,0.6863103451096777,0.1561951288537202,1.5403351087373265,0.5325630252100697,0.0010504201680519734,3,2.5002342341411516,5.971521328728968,1,1,2
2024,-1,122,4.8369847814271845,3.000261358141201,1.908122995804718,5.054303362485254,-1.0,-1.0,1.0,-1.0,-0.12877023263919116,0.6150225489571255,0.9873679105167276,0.14468836254530268,0.7406534161310725,0.7652916073968803,0.22190611664292886,13,3.486975414248713,21.697284695176954,1,1,3
2024,1,30,4.711963595556427,5.072187242004943,5.235673662052202,10.14028264991625,1.0,1.0,-1.0,1.0,0.12877023263919116,5.330692249226092,1.4828101049610578,0.1649688247261727,7.0808589522031085,0.7893258426966278,0.02013108614233586,15,12.2993380466688,0.6763993774360344,1,1,0
2024,-1,378,9.95074951632063,3.478925948931798,3.46313160037394,5.8391268930464175,-1.0,-1.0,1.0,-1.0,-2.0230901889993915,0.7763510971265998,0.9158480581150988,0.17128151409753306,0.43334105464856654,0.8511848341232503,0.10900473933649289,23,6.632479167408733,0.031138399847029128,1,1,3
2024,1,194,1.4941575555383888,4.926578759146094,5.445843802673726,7.423551515536964,-1.0,1.0,-1.0,-1.0,0.5783122983001441,2.118494558991564,1.567359005395448,0.185926052068201,5.649940630444593,0.9731024318349194,0.0003684598378723076,15,5.972901043562506,12.561116554672035,1,1,0
2024,-1,62,4.43189374956129,3.289523939884365,1.3262766354082622,7.175447023099271,-1.0,-1.0,1.0,-1.0,-1.6135366973215335,1.359287709442423,1.751686817270791,0.24162405606305304,-0.5130990443710067,0.6677927927928037,0.2218468468468068,20,8.559808766627603,1.2352766326868054,1,1,3
2024,1,218,2.906152361308011,3.196583092246747,2.0496021916594116,5.6221080234549605,-1.0,1.0,-1.0,-1.0,-0.3193715817850942,2.0408907468836777,1.4213418636182182,0.17669751243396847,1.7077933208597358,0.34970530451871124,0.09037328094299436,14,9.811755592388609,2.6640838351029887,1,1,3
2024,-1,272,8.895436205552462,3.056068979318682,4.898761565004845,6.8146223664711485,-1.0,-1.0,1.0,-1.0,-1.2802779027900122,3.3350366543090377,2.4492834874855354,0.13588736127301554,9.268590596183117,0.8328119568995515,0.0,13,5.424549372402872,11.196187428120542,1,1,0
2024,1,26,4.244017776660736,3.164064960500806,1.7540060179953545,6.5930322669985175,1.0,1.0,-1.0,1.0,1.2802779027900122,3.3462415426294143,1.1954969977632224,0.1641991499966247,1.8205665329948624,0.7229729729729165,0.2038288288288877,15,4.0395717375857165,6.167220516649209,1,1,2
2024,-1,239,5.845669174780225,3.0718184329474054,1.8478963694683601,2.47956109546365,-1.0,-1.0,1.0,-1.0,-1.0771435342453057,0.9084908277790851,0.4359214123878691,0.0839981515627137,1.094525436827771,0.3636363636362348,0.0,11,3.1306190367306415,8.117445820903345,0,0,3
2024,1,74,5.5554237477006785,4.675201588554447,4.0152527670638065,5.209560790645499,1.0,1.0,-1.0,1.0,1.166174159721308,2.8816172245991036,0.7083956073237117,0.08557678338763146,5.320317688282285,0.7634763476347672,0.07700770077007578,17,0.48366772900705707,10.130001765627467,0,0,2
2024,-1,69,7.459579940287566,3.151511445242948,2.8284734749739617,3.3028505776949544,-1.0,-1.0,1.0,-1.0,-1.0797567674921549,2.8109182426739237,0.6809674735933183,0.0785211380042887,2.822775963192251,0.5461956521739831,0.06385869565213563,23,7.4773690816395595,2.9767163195742716,1,1,3
2024,1,145,1.790824906605425,3.7401163037392986,3.4600871953781924,6.261957289322043,-1.0,1.0,-1.0,-1.0,0.7021895999359958,0.7511306294035046,0.3465841469599374,0.07831923512659732,1.4452823607025338,0.818333333333309,0.0,11,1.4231721112095748,15.242766299434175,0,0,3
2024,-1,41,6.025319391347924,3.4903532359531244,4.591131777602807,4.917214675697877,1.0,-1.0,1.0,1.0,-1.0575882458001042,1.6891843758625142,0.47788655992882934,0.08090436025637743,0.4387504896384709,0.5837696335078629,0.3821989528794994,15,18.938779293782293,4.161164062415572,0,0,4
2024,1,196,0.07632750005123694,3.597475222827699,1.847928948607479,3.9429179631700007,-1.0,1.0,-1.0,-1.0,0.4866021903953673,0.8949780246900533,0.5189906313932128,0.11610632642700257,2.2358914399834084,0.7335640138406928,0.17647058823536077,7,14.07639790417529,2.5931263833176397,1,1,3
2024,-1,100,0.2255086055504452,3.384057659168255,3.9118226109483456,8.434021847586651,-1.0,-1.0,1.0,-1.0,-1.2614168170170657,-0.07502006460140875,1.4179250270242492,0.15554894990575127,2.0538612399783718,0.6410505836575708,0.05593385214007822,15,6.781795464253809,1.6672602903695373,1,1,3
2024,1,137,2.0550891543871694,3.1200183322610764,1.2429460025370256,4.566510217279788,-1.0,1.0,-1.0,-1.0,0.4265008563938657,0.7373388822893447,0.8109544407124274,0.14603326385960305,0.4948762032952116,0.45344827586211917,0.243103448275837,3,3.073060334898907,4.520238799983779,0,0,4
2024,-1,293,0.12501813612797102,3.0641971388356093,2.585602360829062,3.8528316497628934,-1.0,-1.0,1.0,-1.0,-1.0374768865337989,1.1594839033224684,0.5730970122571509,0.12310584303792749,5.543551033247491,0.5337748344371246,0.2278145695363853,3,2.2787396630602554,5.82470861505448,1,1,3
2024,1,73,3.6293273693681747,3.0605538653529663,4.392222243568407,5.387108541502093,1.0,1.0,-1.0,1.0,0.7326693996328145,4.144705630946033,0.9260918252196308,0.10395813636202209,4.146995226737514,0.7345559845559808,0.0,9,12.886677451038278,6.8883607354694085,0,1,2
2024,-1,879,55.58036590700795,3.988119836555193,2.6486698057254845,3.7443736015794293,-1.0,-1.0,-1.0,-3.0,-6.97737129396613,2.5713635526101113,0.7419352127703418,0.1482856579740723,6.648496432187798,0.6024423337855818,0.0020352781547008643,10,0.8987071816386829,6.874750456663248,0,0,5
2024,1,101,7.938812600559908,3.3424131843653724,2.2712088542284903,3.3564577333514065,1.0,1.0,1.0,3.0,7.231486662899214,0.6102913517430926,0.4261069456726258,0.1214840302994606,1.9605254013578497,0.6734417344174431,0.009485094850909634,19,13.609889143304596,0.1337026619080191,1,1,2
2024,-1,426,9.306909045243687,3.676439607499409,3.1556457818564225,3.4237633727525623,-1.0,-1.0,-1.0,-3.0,-7.813636087543723,0.8084961684615611,0.5678156486541298,0.14868662948672962,5.90819584501454,0.42993456924755485,0.0,6,2.8089177978178705,11.576784147228521,0,0,1
2024,1,93,3.584525876821152,3.4929853920159384,4.856853749445804,5.961371891843059,1.0,1.0,1.0,3.0,7.253490297110056,1.4667862500476063,0.6674652927823538,0.1504385524404099,1.9888478517521067,0.8123028391167316,0.15247108307045448,14,28.70509229600185,0.9119495995136382,1,1,2
2024,-1,277,14.954688345729753,3.635000958116994,4.632012920537558,4.976663421411343,-1.0,-1.0,-1.0,-3.0,-9.862868037427116,3.5753872636703594,2.1230693161289733,0.17985471338161974,8.054300360400328,0.26323147593370017,0.06970241661672535,13,13.75795403324963,4.687022283869213,0,0,1
2024,1,214,2.0224629896977415,4.421096081669644,2.518787635658059,3.6241289969510593,1.0,1.0,1.0,3.0,8.554661801339511,0.37989870505154755,0.6881004193651886,0.16731887814510213,4.928348460370322,0.8765294771969037,0.0,7,26.94059769086448,1.3235323892272524,1,1,2
2024,-1,458,14.999785689462714,3.245359523568304,1.384646261438772,2.41284078018852,-1.0,-1.0,-1.0,-3.0,-10.955998551851225,0.6989367972675792,0.9331827811888478,0.23531419224656946,-0.6424817983771226,0.5728260869564901,0.2913043478261186,21,2.3675639999393328,6.2037421083250575,1,1,1
2024,1,67,5.260461944259089,3.022383043093827,1.5459162458789004,2.5598331968740835,1.0,1.0,1.0,3.0,10.649977310694124,0.16563646439753793,1.0407197331779376,0.20237395121180685,1.0669051637771292,0.7421671018276836,0.0,3,0.7861872350679777,6.436907987119334,0,0,2
2024,-1,71,5.2033625544578985,3.4208893570962267,2.4126088172178917,4.070033481291864,-1.0,-1.0,-1.0,-3.0,-10.282207437787438,1.3974745607708183,0.8140635532505147,0.17494166407979955,2.861751726053838,0.6627534685165603,0.13927427961578626,9,0.9553134821614352,10.22649814410993,0,0,1
2024,1,22,5.478974717618881,3.578833958704804,3.9404034367238823,5.525962334862154,1.0,1.0,1.0,3.0,10.282207437787438,2.1261129470556273,1.167810822587976,0.174877980098895,1.659267568803188,0.9984686064318753,0.0,10,3.202807119533469,7.722360257162496,0,1,2
2024,-1,51,4.2663584856736545,3.730169034499999,5.38023085245758,6.879639450683465,-1.0,-1.0,-1.0,-3.0,-10.837985217501775,0.5584557802014741,1.8674196152007247,0.21279208247210046,3.085014387951032,0.7208265802269018,0.038087520259324735,15,0.2973357256639275,5.470249925365029,0,0,1
2024,1,362,1.3938614282557018,5.444383257855766,4.4332018080092235,6.961833353459824,-1.0,1.0,1.0,1.0,8.836849950354589,1.2368933734463337,0.5776397391976253,0.15462986215162017,2.957166620409729,0.8774014155712837,0.0,21,2.3804014203724435,9.216426012211345,1,1,3
2024,-1,65,6.109379151816674,3.5867434530848126,3.3727415023587124,4.478019370023353,1.0,-1.0,-1.0,-1.0,-9.112518403065689,1.729416503921597,1.117247154271294,0.15418494767153484,1.7056213981037407,0.6860036832412615,0.05662983425412431,2,1.364524964771331,10.387588564070047,0,0,1
2024,1,74,7.574092934218238,3.285850349855473,1.3933824700728747,2.236274435373905,-1.0,1.0,1.0,1.0,9.010470906877293,0.7122192980986543,0.25711407441055417,0.12935802396029353,0.45036131255091577,0.5428571428572389,0.1340659340659021,8,4.311429698619428,3.8042026752524363,1,1,3
2024,-1,383,3.7979332337956984,3.5532940491163933,3.0800312200904627,4.474665239546639,-1.0,-1.0,-1.0,-3.0,-9.134885496480367,0.4039303657432688,1.255817157904602,0.14969798055759495,7.58784883539331,0.7172853393326022,0.0,16,5.39327104202968,4.189048309362851,1,1,1
2024,1,217,2.469663403101388,3.4737312199450807,1.5932887163017135,5.204215997250353,-1.0,1.0,1.0,1.0,8.403223559879788,0.3507253889217996,0.880134118333284,0.14548477664827733,0.7911078158312862,0.6498637602179311,0.19482288828341454,10,12.304827745334892,18.044093551368128,1,1,3
2024,-1,54,3.052104509076805,4.618574386228242,4.802196055642304,7.402775222326087,-1.0,-1.0,-1.0,-3.0,-9.002614185682656,1.6183207937132422,2.154973758662663,0.22524610302796455,1.2820949048903438,0.6884643644379171,0.033308841538081536,15,6.323939862257171,8.960709991499153,0,0,1
2024,1,87,6.470189390043386,3.362248142203827,0.9447502238277804,2.3483791278004826,-1.0,1.0,1.0,1.0,8.290712938741322,0.8501269319928959,0.8075699773526307,0.21255041601904906,-0.696579257474059,0.882352941176447,0.11764705882355302,22,2.454551057716393,4.951390934975527,1,1,3
2024,-1,95,5.20192562070774,3.13606018929508,0.8277480501745824,2.255241693589333,1.0,-1.0,-1.0,-1.0,-8.02267362414956,0.48597849357228945,0.5528126635276621,0.15590397183906474,0.8431950455270847,0.9558160504959925,0.0,6,15.30094749035219,0.8971401022850054,1,1,1
2024,1,198,1.3740591752839033,3.5289486376665713,2.177253185957176,4.301402635671508,-1.0,1.0,1.0,1.0,6.202565664240033,2.1718471368960004,0.897909538266499,0.20401233043813075,0.21026956317638584,0.8364485981308384,0.05841121495327202,23,2.856222385062279,4.866578114256201,1,1,3
2024,-1,170,2.8810689614031717,4.052532318439391,3.4709579804515482,5.7215758095122515,1.0,-1.0,-1.0,-1.0,-6.766177146946983,2.608266618960373,1.5260484450338836,0.1682924647213329,6.651210063498549,0.7121212121212043,0.0,13,3.5323806091540635,9.949306932279313,1,1,1
2024,1,86,4.394385789744862,4.208860716606686,4.568187728354402,5.319460624279153,-1.0,1.0,1.0,1.0,6.479473609459055,0.6227264267316283,0.5154732043319413,0.17165432412145,4.824058697156805,0.923909582935389,0.013371537726829382,20,1.977978191658616,10.814965792827207,0,1,3
2024,-1,24,3.6179457607551795,3.785593166117796,4.557084929635187,5.169785349974064,1.0,-1.0,-1.0,-1.0,-6.479473609459055,-0.24245790207443368,1.2498296766256847,0.1943328770976382,3.402874640058583,0.9293213828424947,0.0,22,2.4246865814722236,3.4652728691297106,0,0,1
2024,1,428,2.246065611386462,3.0056803158229086,1.003602215722346,2.9665017508876317,-1.0,1.0,1.0,1.0,5.3941449214888735,0.5940027597986463,0.3887628862773376,0.10146391638995017,0.5309051444932306,0.8603839441535848,0.0,10,11.029992873754894,2.132413920930209,0,0,3
2024,-1,365,6.68128016187443,3.850860341692917,1.7595966266864818,6.286268674250863,-1.0,-1.0,-1.0,-3.0,-5.8372314494390185,3.5756329153003765,0.6500432213014036,0.09746110705816532,5.118723517513425,0.4996326230712765,0.016164584864049324,16,2.603484804791309,12.351091514531001,1,1,1
2024,1,42,5.615091419413606,3.1668624802682372,0.5410427314989843,4.443845356468518,1.0,1.0,1.0,3.0,6.047228111779055,-0.8982517515795426,0.664073096700944,0.09533415244609914,-0.1230433602169082,0.9641638225256212,0.0,20,5.787333487493778,6.755941823285868,1,1,2
2024,-1,71,4.170460093374133,3.2250009966420357,1.2933112199677084,4.44036852188916,-1.0,-1.0,-1.0,-3.0,-6.102176688139595,0.16857265819972592,0.2903302843071409,0.10357911633877466,0.4229647301261582,0.7194092827003692,0.11392405063293859,1,10.972527364769542,2.569753163153202,0,0,1
2024,1,154,0.8637396029614728,4.827841018198752,5.210142472958119,7.640021242798767,-1.0,1.0,1.0,1.0,4.958451948631966,3.3221763498881454,1.3302166430302762,0.11867144089988232,5.785509624657449,0.7920738327904261,0.0,14,53.5371881073347,1.0527844971945262,1,1,3
2024,-1,897,39.38866603005065,3.321005068225797,3.5288944043270125,4.111834002561708,-1.0,-1.0,-1.0,-3.0,-15.866789170862306,1.3282125702003582,2.347425348947174,0.416354903416679,2.703801683052461,0.6519942136805106,0.09464765447407061,17,3.9875881632596615,3.411290638195189,1,1,5
2024,1,181,2.9896112821130707,3.3176484542165037,3.9773361008130723,4.435199427932561,1.0,1.0,1.0,3.0,13.253699933652697,1.0265062945196461,1.1239832417008286,0.28594317574591394,4.640954857899552,0.7726239199636213,0.018190086402910293,8,3.239917400747185,5.478610326957913,1,1,2
2024,-1,86,2.956127222608163,3.180942473726365,2.976293419552128,5.094930345546558,-1.0,-1.0,-1.0,-3.0,-13.625227455657118,1.5272087714320832,1.608374919225534,0.27470300339784115,2.1391256592661385,0.7748839608045326,0.16116554925219065,15,1.0379660191742115,10.818571536992923,0,0,1
2024,1,35,5.9059425033653605,3.459273515442589,2.428030862918242,3.4337550609827137,1.0,1.0,1.0,3.0,12.68343963962899,1.428787307882409,1.4026610841205882,0.27547180042298225,0.13834634455636413,0.4963544587773335,0.3331463825014049,18,4.177444820383369,2.7655962927711872,0,0,2
2024,-1,232,5.5066633712794735,3.5510789347054486,2.659468105447473,4.252467152139009,-1.0,-1.0,-1.0,-3.0,-12.75268066301752,1.750988363711644,0.7242349372566363,0.1813617536286002,6.656724596255542,0.6982136069935314,0.015583428354232487,14,0.4746815341152144,5.330557416061568,0,0,1
2024,1,265,3.5889975345191543,4.268260710714063,4.691898304889217,6.300549152279806,1.0,1.0,1.0,3.0,12.23617915881517,1.4492411763277326,0.4489388071139145,0.13184918366868922,2.955856255294939,0.9566176470588128,0.027573529411764705,12,10.285616024224673,2.8590112787714377,1,1,2
2024,-1,526,16.46973810483494,3.2079527266589194,2.6568294902627887,4.628613729604856,-1.0,-1.0,-1.0,-3.0,-17.15511268543896,0.6323505109168089,1.9880114060314868,0.40580783812309157,0.725032508610536,0.87405037984806,0.0375849660136006,7,2.321190806759013,11.632745591680004,1,1,5
2024,1,62,5.596108384196576,3.187978911511795,2.01927087491841,3.882532097775945,1.0,1.0,1.0,3.0,14.643892546090289,1.0612627428246337,1.0077975212283754,0.35004326490955356,0.4050488721435874,0.686267845003386,0.17369136641742464,13,6.7337139011166,36.43457847185256,1,1,2
2024,-1,36,3.5596523641423676,4.0714741945770045,3.73189876186865,9.117554681869704,-1.0,-1.0,-1.0,-3.0,-14.292725083948584,3.197890795637164,4.221800036261946,0.4746131122192486,4.860565918571209,0.4355892504931015,0.09677021696252414,16,21.795720427683555,0.5311196902060383,1,1,1
2024,1,157,2.848715258136828,3.1928677241983925,5.13045320761542,6.005570357935844,-1.0,1.0,1.0,1.0,9.282300900351744,1.7920904925159913,3.7209462319217264,0.5085572251167231,3.5721545991358323,0.7230559345156872,0.13847203274216263,5,6.976586639466219,2.384852062346955,1,1,3
2024,-1,706,9.966789735389137,3.42566101517877,7.719118883776347,15.655782541311504,-1.0,-1.0,-1.0,-3.0,-11.011988229185647,0.3986695022994012,3.837587477954906,0.3422392294194719,3.9102346801527403,0.6703359953953529,0.16454421181379814,16,2.775556157755955,11.78724992465057,0,0,0
2024,1,17,4.8421738996752195,3.0085983811195556,1.7579523327564406,6.099836355668313,1.0,1.0,1.0,3.0,11.011988229185647,0.029809042503436054,1.833041804355998,0.37975752737731,-0.023701032997729687,0.7468629343629448,0.05960424710424092,17,4.344582042278074,1.9263858274756915,1,1,2
2024,-1,633,6.761123672297351,3.3253545584070268,2.155591711383573,3.6886940671694726,-1.0,-1.0,-1.0,-3.0,-11.460405314006866,2.0465366228481647,1.0037356111609366,0.16303565280455035,0.7160940386316894,0.5533576262363337,0.0005205622072140434,22,17.55153201632673,0.7114164063971932,1,1,1
2024,1,105,0.6944741302518942,3.6782211478154516,4.615071112589856,6.162420345033515,-1.0,1.0,1.0,1.0,10.367263958971675,3.5251683650040313,1.2418930249516953,0.20833397459490166,1.2291731860551864,0.9260440835266828,0.01972157772622637,6,21.477511697529323,0.3631463330500127,1,1,3
2024,-1,401,9.037837382935422,4.811184098392223,4.344696988354869,5.636475920838946,-1.0,-1.0,-1.0,-3.0,-11.705907058647453,3.917599113792494,3.3585877874549426,0.30547018088732525,2.286793427756155,0.6854245051529658,0.03647963356778797,16,10.76528595181289,4.0751725522810425,1,1,1
2024,1,143,6.37312003128648,3.0300100598742006,0.5946584885078787,1.269227454529084,-1.0,1.0,1.0,1.0,11.492004369159462,0.06234482651137411,0.8675306826920668,0.26686300779905153,-0.4446317856270411,0.4742807323451496,0.40453356582392347,4,7.990009952918876,0.8530702924144786,1,1,4
2024,-1,385,4.001807156326642,3.2823903139852884,1.7636740461966582,3.2296756899845844,-1.0,-1.0,-1.0,-3.0,-11.324207619990851,1.8215431908509838,1.0742185060508556,0.19697707373094933,1.4103634267100684,0.6640355204735727,0.10113468179575873,12,28.32290020383948,2.195508658141829,0,1,1
2024,1,146,1.8610746548990074,3.2058612512667772,3.3616152336225875,4.341758755353748,-1.0,1.0,1.0,1.0,9.36226851709604,2.652718608705788,2.0699204576297316,0.3685170529546683,0.4740499972944548,0.6862579281183748,0.2729386892177713,0,0.07188218341189923,21.791533164966847,0,0,3
2024,-1,23,5.3020404777216665,3.571402963161715,3.7358712092313726,5.220299695023702,1.0,-1.0,-1.0,-1.0,-9.36226851709604,3.201946895855882,2.2461151325859787,0.35616382819914794,0.9213534320961714,0.8186638388123012,0.1537645811240721,2,20.548283650562574,0.20712955615705447,1,1,1
2024,1,196,4.662394545450123,3.407971966752674,3.7261977717332453,5.085782405114652,-1.0,-1.0,1.0,-1.0,5.949633394353052,2.970844932021205,2.5443382017790612,0.4479796243519244,3.751049828816302,0.5859894324186204,0.1203340719277419,18,3.423961018013558,7.13958210589451,1,1,3
2024,-1,24,5.608971949632247,3.0005721950408994,1.7157160231948119,5.70744063228581,1.0,1.0,-1.0,1.0,-6.430547056205393,1.0137517058100876,2.886252689846547,0.5134430470709265,0.980635388930502,0.09687721788503417,0.5039034776437138,20,0.03397457471673766,7.061528978834782,0,0,4
2024,1,33,5.826706513118947,3.051732620420172,2.510025690183789,4.077657893952395,-1.0,-1.0,1.0,-1.0,6.430547056205393,1.3088376094490002,2.474166006036879,0.443529155883325,0.31988521339021525,0.6300863131935925,0.32799013563502655,23,1.6223810862726433,3.080191567148612,0,1,4
2024,-1,140,5.811924019084026,3.1387258670830196,0.9070115876619349,2.486390233926995,1.0,1.0,-1.0,1.0,-6.58395594290096,0.4966404150513955,1.2683607972138768,0.2778387227206423,2.3814362480461764,0.4160621761658182,0.016580310880813937,11,9.006456710663471,0.7665405355124582,1,1,2
2024,1,287,5.010832142121027,3.340243497011756,1.673676571509824,3.958357689816012,-1.0,-1.0,1.0,-1.0,3.2418557203183,0.05842292962315147,1.56970233894527,0.3492976661363562,0.06413275276272913,0.5034602076124568,0.3757785467128229,11,5.859355146260462,3.7310368048813243,0,0,4
2024,-1,167,0.08650864902405157,4.335835776218187,4.939493844274221,7.787278562146422,1.0,1.0,-1.0,1.0,-5.141791325153481,0.6261219522447534,1.4791192363316836,0.2987929117081915,4.803902243747715,0.7129170796167748,0.09762140733400461,1,0.3365336462033493,10.576557430678609,0,0,2
2024,1,44,7.43031944009906,3.116924749735563,3.276702555339415,3.4204757186513217,-1.0,-1.0,1.0,-1.0,4.7672961724430545,1.7517170460465956,1.3710248733430557,0.28662785497853327,-0.02666445228872624,0.3515873015873247,0.10079365079362769,4,3.1273212189904886,5.5082455901489045,1,1,3
2024,-1,109,3.711605963076362,3.409721321736995,4.160130919223262,6.30066051656967,1.0,1.0,-1.0,1.0,-4.8790022797145784,2.487061983339057,3.660642747857259,0.2993035514555578,5.877848476775555,0.46343993085567126,0.1431287813310084,13,4.026316843908717,3.598111802902203,0,0,2
2024,1,329,6.879285437904785,3.135429090590095,1.9353889406951386,4.203847791666952,-1.0,-1.0,1.0,-1.0,1.4088103013621862,1.1640103512074238,3.675998619376424,0.47713966297678867,-0.346878187264114,0.8340853870184107,0.12877473099617748,17,0.9550563709662712,12.546913094620544,0,0,3
2024,-1,60,5.575702730291501,3.085451878541616,1.4318979027519345,2.1119458459586102,1.0,1.0,-1.0,1.0,-1.6446148256567785,-0.1675258942458523,2.230471579737193,0.4558601635987083,-0.14592741690357963,0.9434482758620689,0.016551724137931035,22,9.482698984714407,0.37523457576935876,1,1,2
2024,1,159,0.37573617868397646,3.209087516438085,2.8677672066578643,3.443580167201697,-1.0,-1.0,1.0,-1.0,0.5750441961075753,2.067397465951378,1.7458732047100478,0.42958067685226153,2.5670902634305786,0.7573361447900213,0.005447197329113605,11,7.015442715486565,6.622942362001951,0,0,3
2024,-1,363,10.358723829105923,3.04408458010937,2.8641210637757624,4.410667933297471,-1.0,1.0,-1.0,-1.0,-2.867884238787393,1.2652519931222674,2.9119832997869284,0.34711067947711455,0.9121289645766858,0.9928607853135711,0.0,17,6.564755634529175,0.23377019798744714,1,1,3
2024,1,149,1.8447637009224698,3.3509419264139324,1.6633365270301093,3.41916533878965,1.0,-1.0,1.0,1.0,2.390784563410164,1.063682868881612,1.286605173405257,0.295230461612941,3.2144866837379062,0.849049707602377,0.00036549707599149137,6,0.08741029106297826,19.315133328088223,0,0,2
2024,-1,43,5.814933490466145,3.2461418321544073,2.934917257383163,3.7292664527270962,-1.0,1.0,-1.0,-1.0,-2.5181019954711616,2.1030627561038537,1.6099359241967588,0.2669954490703618,2.830506589508876,0.5591820684231205,0.2249311836413609,9,16.45486637698486,0.9047231296142059,1,1,4
2024,1,257,6.833274704221521,3.3019059772599717,2.054177947126626,3.057837304847365,-1.0,-1.0,1.0,-1.0,0.6285355111239492,0.7768567974371378,0.6008069921253525,0.2842228890512054,4.945675156372331,0.9176502882239919,0.0054899807850672085,7,4.913680829492831,1.9108758781360788,1,1,3
2024,-1,200,1.0700555579970956,3.300899062901178,2.8599911609903037,4.2889766198133765,-1.0,1.0,-1.0,-1.0,-1.4995647365009155,0.6464888414763211,1.2109644866789457,0.2307645103895805,-0.08975588782701296,0.6451942740285957,0.14621676891618082,23,3.555628285855641,2.830360925274879,1,1,3
2024,1,101,3.344630058569635,3.102601129495126,3.5663935733226215,6.297356725493818,1.0,-1.0,1.0,1.0,1.276463388119186,3.093781575958851,1.8837199752502343,0.21182850772795864,3.991461923669657,0.4176491604144367,0.1829224723115285,8,7.617758505137819,1.7377534434742234,1,1,2
2024,-1,651,26.621337281177098,4.347118742681126,4.394314140391801,7.387897407886529,-1.0,-1.0,-1.0,-3.0,-5.128042891815275,3.0709835153776774,2.8373110091228995,0.2698433451352436,2.9066720451550485,0.5575471698113208,0.28452830188679795,14,1.6694881262454886,5.036138392942702,0,1,5
2024,1,129,5.395619973235952,3.07240837647364,1.1985212754036627,4.783851048978608,1.0,1.0,1.0,3.0,4.513120488417038,0.22462689396630203,1.5080017077430288,0.2486708534139651,1.0843888205172614,0.5726562499999659,0.154296875,1,0.2257177164779032,7.180893599786099,0,0,2
2024,-1,76,5.842775683594707,3.1275389659339385,3.396421384957481,4.091859540361959,-1.0,-1.0,-1.0,-3.0,-4.766492754951892,1.276858149064702,1.37332465509776,0.20919179347701256,0.670814465467671,0.2608098833218995,0.738503774879845,7,8.807970653291662,14.03333962805292,1,1,4
2024,1,66,2.8280425825756508,4.731294309951677,4.056801683124747,5.714339455475056,1.0,1.0,1.0,3.0,4.595693648955096,1.6585052643657934,0.9511377136269716,0.20822353400254254,7.56141722769598,0.8657700067249652,0.016005379959642473,13,6.698566011758191,17.166726507835882,1,1,2
2024,-1,12,4.801766969388964,4.95345586332907,10.414723213486454,13.320798495850063,-1.0,-1.0,-1.0,-3.0,-4.595693648955096,-1.4479384821193184,4.1164948799693475,0.2803501408456235,5.352820988075011,0.6217805151175805,0.10013064576334671,14,4.8136053915451855,5.147140067948247,1,1,0
2024,1,194,3.1081013228785017,3.0703080733558976,1.3960999824099545,2.3456442586712605,1.0,1.0,1.0,3.0,3.746430091362827,0.6929409749939482,0.8947470845058958,0.23274837464065026,3.828236260138637,0.9111538461538238,0.04538461538462658,6,8.56491390790465,0.6698335592230615,1,1,2
2024,-1,278,3.373135008884902,3.344583108675752,1.0621563083315952,2.801743991531486,-1.0,-1.0,-1.0,-3.0,-4.376995870499937,0.6091248798188879,0.6609208912145186,0.1623640402266619,3.1598116909520235,0.7526395173454071,0.1025641025640763,5,5.836601496277718,2.592292376274724,0,1,1
2024,1,284,1.4658247597309833,3.9611572455040416,3.3761187918452524,5.1303866590582174,-1.0,1.0,1.0,1.0,3.761033675756898,2.0516150203315657,0.7571178832679283,0.13856723765287826,6.542508761010999,0.680773881499356,0.0004030632809585587,5,0.8530114673224843,4.440586772126034,0,0,3
2024,-1,170,5.3827362089051425,3.2391701760733276,2.461330910376582,3.079681618651104,1.0,-1.0,-1.0,-1.0,-3.8914907703214974,1.711206270326467,0.8391124806038476,0.10677909073053186,5.450061882072485,0.4458666666666977,0.03359999999993791,19,3.2567364852285627,5.4216346265624376,0,0,1
2024,1,120,4.6248363111106,4.302921019668282,2.024477296788988,4.737003296473192,-1.0,1.0,1.0,1.0,3.7818649592185563,-0.2234872647866219,0.7510762025253005,0.10398601775057693,4.26086359044392,0.7524649714581798,0.18733783082513564,5,6.448233768285927,1.408926767359904,1,1,3
2024,-1,290,2.165684099306544,3.307595766996328,1.2614013461728262,2.5603941231917706,-1.0,-1.0,-1.0,-3.0,-4.159626213053935,-0.16902828936183753,0.8177173755570861,0.1359261630544393,-0.21323441332867674,0.6159822419534449,0.19311875693669106,5,16.282310588470565,0.24225588767553968,1,1,1
2024,1,615,25.472878127514445,3.0432820521643884,2.604237974933832,3.3328008383404883,-1.0,-1.0,1.0,-1.0,0.41877916020178596,1.0117740969802553,1.1759223903036462,0.24084178277361618,1.4650359287032868,0.7923832923833019,0.08026208026204547,8,2.3410072143537115,6.298201397103431,0,0,5
2024,-1,30,3.0466666937541236,3.5032324005670783,4.641955841595828,5.525431101868926,1.0,1.0,-1.0,1.0,-0.41877916020178596,1.3150194192396683,1.4339992659934255,0.23617165070582788,6.7057214699655034,0.8945312500000066,0.0,11,1.036421671291923,8.572097795623144,0,0,2
2024,1,37,5.08055248768785,3.4824715204155976,5.7502644849107,6.203323107916721,-1.0,-1.0,1.0,-1.0,0.34853483598679885,3.8071381454053355,3.2388607230483317,0.24301733908183035,2.2347806782459214,0.8310567936736143,0.1071171818835486,14,1.6912542602678424,7.49892263065476,0,1,3
2024,-1,147,6.0783162342540935,3.2440479713920594,3.8800971897064356,4.711700474118825,1.0,1.0,-1.0,1.0,-0.24943984380778425,1.6142237902883974,1.0490288155740393,0.21223857033943655,3.004663760167428,0.7905048982667955,0.13451394122079077,2,3.660347099006752,6.3935786192774975,1,1,2
2024,1,69,4.344889758644657,3.72298914576886,1.8137956711528727,4.334808807928521,-1.0,-1.0,1.0,-1.0,0.3505990936374982,1.0647886256491954,0.9987715877752819,0.19426803233926881,1.2618304736804842,0.950767841011706,0.01264679313461066,8,11.90715371122405,2.038678417896928,0,0,3
2024,-1,253,6.393142946963656,4.934936544853977,3.8004754343343348,6.796914245414642,-1.0,1.0,-1.0,-1.0,-1.6577542099514397,1.73009725763658,0.9973041536909845,0.255924538717435,8.501922143815897,0.6884891267220877,0.033018330866446434,5,5.2817493005761635,4.850514541883319,1,1,3
2024,1,107,3.465299285390904,3.458494447603236,2.790680738400278,6.970711024927102,1.0,-1.0,1.0,1.0,0.5627943575666146,0.590691603050142,2.2447848317403807,0.28287908343561247,1.915812497222817,0.800839091806521,0.00789733464954865,14,3.7841151547021776,2.776094391438305,0,0,2
2024,-1,644,11.733976328849684,3.070647662627722,4.146934656389343,4.234590846282277,-1.0,-1.0,-1.0,-3.0,-2.7979690864876674,0.367289455416673,0.744811243343993,0.18183887701639334,4.170120016820202,0.7034270650263601,0.00988576449912133,19,0.883733769011567,7.061901407556235,0,0,1
2024,1,65,4.4917010393825185,3.5017255402296277,3.7471929637000754,6.10973238708554,1.0,1.0,1.0,3.0,2.5895478056788703,3.1020626442450756,1.2953370920598337,0.17438276022974133,3.0540834440520834,0.9177859177859287,0.024827024826989584,1,21.25956779909756,5.322493163571333,0,0,2
2024,-1,288,9.38654534305584,3.374053373163564,2.588013659611515,5.501369594503326,-1.0,-1.0,-1.0,-3.0,-4.2189344577795085,1.9884886002466728,2.25264612850855,0.20077007554665316,1.2024933418786043,0.44484350949204554,0.1462288353001583,1,10.511921101299144,4.6725881949744545,0,0,1
2024,1,476,8.391581563558436,3.2352843994830067,3.1374270387990215,5.149232852221975,-1.0,1.0,1.0,1.0,1.5553511268169136,1.1699056783683537,2.0758080408234565,0.26725277890608434,0.25089708983017617,0.31205335874226686,0.5069080514530592,16,10.062795486129074,2.363696961317794,1,1,4
2024,-1,249,4.436365817450052,3.5730326844760163,6.105578478076038,7.400805157184613,-1.0,-1.0,-1.0,-3.0,-2.502013730409118,3.9716605902821662,3.333518794683165,0.25029823582563904,6.1013220570908615,0.7580077142377961,0.047794734194197316,13,1.5622778310483845,5.378764743353267,0,0,0
2024,1,153,6.161208773054188,3.210392290436234,3.052956071296026,4.339330316780195,1.0,1.0,1.0,3.0,2.4371856476249634,1.5774237524476327,1.3232883199589676,0.19426310300893396,0.6967602967636223,0.22608165752583761,0.4332723948811901,2,3.9820849805060976,1.431891694068349,1,1,4
2024,-1,128,3.09874517244749,4.74150905487636,3.511342879040298,7.660336759178357,-1.0,-1.0,-1.0,-3.0,-3.1086802297472387,1.8575654266774018,1.4020258314553786,0.16727014321703343,5.245187085991206,0.763831052944691,0.052944675788230415,13,42.85730806041952,1.8780015446772795,1,1,1
2024,1,684,22.527724201159018,3.8443426406768824,6.593654491095518,7.444154164528643,-1.0,-1.0,1.0,-1.0,-2.1339092148063554,5.997106061891268,5.424728136216478,0.3866004147190834,3.256149402284196,0.7531790702522383,0.01302897644361057,22,2.647542380528394,2.0895383950654884,0,0,5
2024,-1,198,0.7807321717299328,3.3328377123943964,3.074801361265035,6.821440743283934,1.0,1.0,-1.0,1.0,0.8122155592589891,0.7540329951512617,2.3651500608731792,0.3166314100223216,2.41206824282923,0.7232544494425989,0.2102483864658701,14,13.242306574048941,0.2989727805815014,1,1,2
2024,1,369,6.235910153840792,3.7606273363137395,3.9185654773167427,4.5034070340199035,-1.0,-1.0,-1.0,-3.0,-2.8582186109155177,1.7883558105625768,1.8098858937167817,0.3703961031610777,0.9840082307188708,0.8745751189666863,0.07273963290279109,21,3.099956694472978,1.0570344138531056,1,1,1
2024,-1,154,4.2166629264351,3.853711775436504,2.711662826256536,3.895329973803459,1.0,1.0,1.0,3.0,2.38574373367916,2.137962215791428,1.2637934400783264,0.26282172315801505,4.402810159955433,0.5251461988304051,0.0,10,19.66727111210393,1.646604452185677,1,1,2
2024,1,300,4.388720281550236,4.474507989457329,4.344059687967794,4.951334832411638,-1.0,-1.0,-1.0,-3.0,-3.6421638993678096,2.4226785127515424,2.1645294676834808,0.2943604777031083,5.052493520639766,0.7067252137739888,0.13357984746936913,11,9.395608535247304,4.449175475302036,1,1,1
2024,-1,168,0.5027342816686866,3.985541618681836,4.539998359967221,5.4279912595269035,-1.0,1.0,1.0,1.0,1.9016210330535754,2.729431432461008,2.4388629891609037,0.3138275635884042,2.6152644683678394,0.9332988624612133,0.0,1,13.204469806277544,15.769440631117781,1,1,3
2024,1,66,2.9855947865351595,4.8846174625092065,6.67658795355195,7.025042405179369,-1.0,-1.0,-1.0,-3.0,-3.0116024060625706,5.542201739945864,3.331179191840569,0.4073379700937938,2.8395096318609596,0.9023968371633392,0.07017543859648634,6,7.1813259632182405,0.08605242825351299,1,1,0
2024,-1,196,1.6386725020268595,3.904221251993408,3.5738839681725865,5.779789259362581,-1.0,1.0,1.0,1.0,1.1790307785364735,1.3860622593385474,1.4197849798760507,0.3489399790486557,5.208512812012937,0.727715812166089,0.005998687787047939,23,1.3335184915497929,4.715150898886903,0,0,3
2024,1,199,6.818768953180741,3.6397209825212333,4.100649372618398,4.686665979436886,1.0,-1.0,-1.0,-1.0,-1.5638889741709856,1.60519605912522,1.1471670145005182,0.21190487575598965,4.963197572985818,0.6376988984088034,0.18665850673194864,15,7.75830246173451,0.6674281754753625,1,1,1
2024,-1,294,3.1169539346591084,3.2822856074884075,3.9417793607799005,4.916573046195438,-1.0,1.0,1.0,1.0,0.6167206898733057,2.5545652684164395,1.8177006721451783,0.18185196695322658,8.362846022913843,0.32598870056496904,0.38210922787194246,16,2.733512362598806,6.024293143258536,1,1,4
2024,1,110,2.959866853456935,3.009842366188599,3.121192553179408,4.267190140326946,1.0,-1.0,-1.0,-1.0,-0.6783165046347995,0.43745114209010433,1.1355344646609775,0.18347526119750882,3.0821592754630527,0.9574726609963554,0.04252733900364464,1,10.404253805416134,6.133720127271156,1,1,1
2024,-1,370,7.9499324599861865,3.02217255323165,0.41068166595904715,3.1661394962989866,-1.0,-1.0,1.0,-1.0,-0.15022677622046055,0.25047108363513687,0.975434106578383,0.17510201543751575,-0.5674999861268489,0.6413540713632566,0.3586459286367433,8,2.6257688831949775,9.0436425809087,0,0,4
2024,1,72,3.4366718252897757,3.0986120307323324,2.368390837838659,5.242049710282564,1.0,1.0,-1.0,1.0,0.1080594186813641,2.6771024670485852,1.768227613201695,0.17675230671718792,4.52660737080547,0.5750521195274438,0.04656011118830453,14,4.040445896893741,5.937536299092212,1,1,2
2024,-1,74,3.360919509952547,3.2627802843213254,3.300140418130383,4.968280086926538,-1.0,-1.0,1.0,-1.0,-0.4247724299741577,2.0169171133048938,1.3453926592040921,0.18433814456924263,1.0361789839522086,0.7497745716862071,0.13570784490534457,20,1.0159964403253257,6.74647919226557,0,0,3
2024,1,57,6.147518516696226,3.585073271782305,2.8866132387576373,4.25780017253807,1.0,1.0,-1.0,1.0,0.37102198579633344,0.28168604552166243,0.8129399600685803,0.1639488572096321,0.9477889587590468,0.7285714285714516,0.22777777777775468,1,2.3242622725731885,4.524369137027986,0,0,2
2024,-1,109,3.8342040044850374,3.348183912654442,1.500776868317401,2.737713952966804,-1.0,-1.0,1.0,-1.0,-0.519597569425285,-1.1693527654791198,0.8466306676308051,0.15054521407927007,1.9299274898304364,0.6958746402302312,0.1704509114167042,10,19.03960172713746,4.996904800193368,0,0,3
2024,1,371,10.601625543741221,3.135247305566294,2.936770788521179,3.591986581976103,-1.0,-1.0,-1.0,-3.0,-1.313738250652335,1.1152992518303038,1.741450014629019,0.2648200572651012,1.631971659809979,0.4428657799274447,0.19195888754534293,17,4.227311895986852,3.112275018910891,1,1,1
2024,-1,238,2.6644183108445114,3.2462918220193937,2.895955478660519,4.81266541674597,1.0,1.0,1.0,3.0,1.1908419064544509,1.337517908087921,1.013791929375305,0.17965531329376985,4.40112280212693,0.8910295003010118,0.10897049969898823,12,5.70660779023086,7.276882417072925,1,1,2
2024,1,16,3.6371619535143758,3.148291892261222,4.889787988366979,8.198507946510109,-1.0,-1.0,-1.0,-3.0,-1.1908419064544509,0.6673179730679837,1.7602756103190906,0.19718713736066046,3.9823317751918546,0.8207492795389133,0.0002881844380361522,14,0.6835356085052651,11.008685878266368,0,0,1
2024,-1,9,5.900713135982295,3.3494188333314128,3.858862791794791,7.00146674692695,1.0,1.0,1.0,3.0,1.1908419064544509,0.834983396055592,2.3675465878454194,0.21392608787562714,0.7986352266978967,0.4864864864864865,0.005405405405439117,14,3.9225790686757995,2.4087682145023894,1,1,2
2024,1,323,5.362438231834583,4.01643462887474,6.601356514605376,7.952992837343447,-1.0,-1.0,-1.0,-3.0,-2.1215983345200873,5.314858566785605,2.145923362492703,0.160639135522207,5.83514802034529,0.7261606022584627,0.0,17,2.3170908389795404,6.974796281801301,0,0,0
2024,-1,344,0.6098960054240109,5.48923421190397,5.26313091320344,6.282916541705888,-1.0,1.0,1.0,1.0,1.451484905671759,0.6490589852543618,0.7165750116800575,0.12819576154281212,9.258204423169026,0.3902847571189291,0.0,22,14.344902200448143,1.9161105271620722,1,1,3
2024,1,227,1.5685442762646666,3.5516331850382388,3.0369847191592543,3.3538547480975445,-1.0,-1.0,-1.0,-3.0,-1.9180059574143309,0.7118269246866045,1.075211486965759,0.2103399089711988,0.9912168664004248,0.7063169560399013,0.06501662356851962,17,11.550326518021777,4.924657005566069,0,0,1
2024,-1,177,0.36436122732205034,4.017479078116415,3.5308144767888296,4.942815669529024,-1.0,1.0,1.0,1.0,1.7658244884880905,0.6503991756518653,1.1830943431955536,0.19614669560805942,2.1226730248732273,0.8654747948417509,0.13423212192261438,8,20.491058688438287,1.0038192387469433,1,1,3
2024,1,416,17.475996881194476,5.127348057129225,7.183500912103129,8.99802424365175,-1.0,-1.0,-1.0,-3.0,-6.4160229155201565,3.3957591006096615,3.685258112080932,0.40170790789104666,5.454754591028803,0.9562164922134339,0.0,18,0.01718139875137808,11.20939598050672,0,0,0
2024,-1,8,5.346935767733316,3.9822136204581757,6.3613478263374486,8.863459672473137,1.0,1.0,1.0,3.0,6.4160229155201565,1.990117001672827,3.4544247204716476,0.4460202577541334,4.050722835924721,0.8290080738177612,9.611687812239972e-05,19,1.759830428687834,5.463395134337646,0,1,2
2024,1,189,5.923824266466962,3.5220163024121773,2.8340962283172066,4.857004386819105,-1.0,-1.0,-1.0,-3.0,-5.460073551877935,1.5916609214203794,3.1969281539386794,0.2710337842744921,2.461560030115476,0.7292592592592646,0.04851851851851313,11,7.8929485045833365,1.6451552117938633,1,1,1
2024,-1,747,40.555675249929294,3.9068075051792897,3.7395086360852874,7.034327850570474,-1.0,-1.0,1.0,-1.0,0.12517418899367475,0.25506135961005794,2.2710667761964745,0.19261087378358888,1.2694691119176313,0.6921949432026133,0.23231953096372707,1,1.7524057206759802,7.3011415035305465,0,1,5
2024,1,73,5.281163322254692,3.562364750568907,3.285241475876941,4.409381366365559,1.0,1.0,-1.0,1.0,-0.6506324964679224,0.8457145217864686,0.8285992015703193,0.17080121925431038,2.8283538757845372,0.700821274931557,0.06883066093077335,7,5.907011000061456,2.7061947241232254,0,0,2
2024,-1,326,2.429116283609572,3.3992908496545287,8.83663389842387,10.85907263294239,-1.0,-1.0,1.0,-1.0,-0.4164145663057685,4.521553617520625,1.9609563104976715,0.20022365779024826,3.8819659638017026,0.6053268765133172,0.19564164648909355,10,7.5180601527169975,3.642110280994771,0,0,0
2024,1,258,0.4570608957240859,3.2614975962125823,2.4235036345908334,3.1971100830967796,1.0,1.0,-1.0,1.0,-0.27757899640601313,1.7650666243111155,1.0863837769505593,0.2024774771244762,1.8974193779872333,0.8525510204081559,0.08826530612242671,8,3.2658236299201704,7.475107419595034,1,1,2
2024,-1,66,3.740884242239552,3.4185506372305046,3.079317892169976,3.9147046196078166,-1.0,-1.0,1.0,-1.0,0.4216280388255442,0.45395683630089967,1.0772081111692884,0.21110764143035238,1.6769627122314334,0.7363690832834056,0.18813660874776023,13,3.492141288419517,8.210015927590922,0,1,3
2024,1,15,5.220987397771355,3.253900930206077,6.928160959795305,7.618338143015463,1.0,1.0,-1.0,1.0,-0.4216280388255442,4.729609528449074,1.947401857531906,0.2304620008818404,4.271475967901223,0.39933191618584524,0.014272699665971224,15,0.46079476644403705,12.504386613635809,0,0,2
2024,-1,39,6.3612005781519,3.0906394197036615,1.039077782936435,2.3337238884953733,-1.0,-1.0,1.0,-1.0,0.219880844497007,0.8932290122662129,0.9994529647068761,0.2260809477593441,-0.03153830917847072,0.38341543513959975,0.2586206896551662,18,7.818290110692792,0.5839561125127988,1,1,4
2024,1,538,12.722948234099285,3.4235202058296323,3.577620818791679,5.9999601059744485,-1.0,-1.0,-1.0,-3.0,-2.348659407064176,1.481498270451863,1.1260912525855373,0.2067870484199599,3.5777780918359854,0.9788327789537128,0.011490777139409918,15,12.346973662581094,1.7892012353537814,1,1,1
2024,-1,278,5.706492021367579,4.0988574716980954,6.264037617331889,6.480718163843331,-1.0,1.0,1.0,1.0,0.37732649317703626,1.8416645277213242,3.096298071831362,0.18732863507797032,3.4053495033149903,0.5862068965517241,0.1974137931034399,14,18.948842259156105,1.0748382840786854,1,1,3
2024,1,300,14.58646917230817,5.173609662594546,6.380829930108471,7.081940876333013,-1.0,-1.0,-1.0,-3.0,-2.538611159230397,4.179446571994099,1.355345507286347,0.13579919524736156,8.113489102061006,0.5921891604675893,0.0,15,0.6254774023680941,7.414488362812761,0,0,0
2024,-1,195,9.354616488761398,4.652679006447711,4.393376817189462,5.663507935275569,1.0,1.0,1.0,3.0,2.2821048610319754,2.545756392146241,0.8769159323899345,0.09811119649355426,7.552356130558818,0.5084897229669252,0.0,7,0.29065169765732496,11.721831760432408,0,0,2
2024,1,33,5.82891635577457,3.8314216453230965,3.543591081910504,4.219908953735403,-1.0,-1.0,-1.0,-3.0,-2.3593896670929797,1.1118532357787643,0.9045622902208889,0.10390720324279326,2.3421150027781676,0.920634920634922,0.07936507936507796,10,10.390129909942493,2.183091176960417,1,1,1
2024,-1,195,1.0003865142870365,3.661936358795627,4.896628727825645,6.026251777451137,-1.0,1.0,1.0,1.0,1.7250430332476907,3.661212266874319,1.270036351960129,0.13703464395767262,4.137194710207018,0.7729285262491981,0.09424414927262234,2,2.786961951883206,27.599180102290212,0,0,3
2024,1,53,4.454357412095657,3.1327590363977325,3.0101010093131584,7.628338174286849,1.0,-1.0,-1.0,-1.0,-2.0056668614178492,1.2358041590234135,1.2299489708578681,0.15384340962850057,-0.152478297713142,0.5733944954128313,0.35244648318040916,6,19.139040558688965,0.5032694346445501,1,1,4
2024,-1,278,10.169479069238488,3.554912097589056,4.047909766551421,4.644365600870036,-1.0,1.0,1.0,1.0,0.7528455580563997,0.5263858637974493,0.8809153749928639,0.17290891326145957,5.216058992088048,0.6971785483523587,0.0829205255222924,6,12.077766115485156,0.14214601658996773,1,1,3
2024,1,306,3.6377897115454467,4.190910174625588,2.464309159434007,4.09672517499497,-1.0,-1.0,-1.0,-3.0,-1.190547638000192,0.243732897760018,0.5091813257635877,0.13848529022743766,4.742162112236616,0.7629788757608175,0.0762620837808904,7,33.750927285430926,3.059182469019178,0,0,1
2024,-1,395,23.214872061182653,3.517922958330029,3.5559070036343243,4.110504469322131,-1.0,-1.0,1.0,-1.0,-2.29260157273101,1.6919209505828605,1.8443351759249198,0.21731098243030983,1.6489296729988108,0.64761476147613,0.0,16,5.1675517355630305,1.780772294527148,1,1,5
2024,1,134,2.7507965917460275,3.181341239005977,3.616804559764239,4.3078345075777715,1.0,1.0,-1.0,1.0,1.7197832414689282,1.5585126631936268,1.193471776218778,0.17118854317092475,8.555064436114096,0.6068805566293072,0.07228449942016738,3,6.954710143161639,3.9019210292349022,0,0,2
2024,-1,693,12.290875355286682,3.475210113176918,0.8270281459940937,3.2153296479300426,-1.0,-1.0,-1.0,-3.0,-3.4086617078526955,-0.21523773306729813,0.9262666667263143,0.1308327920373764,-0.02824511630373088,1.0,0.0,13,10.206122965107578,4.8464765729931845,0,0,1
2024,1,181,0.8701532446449995,3.1476591567207466,1.513828247532995,3.3451594847060906,-1.0,1.0,1.0,1.0,2.6784313846535492,0.6404608083164924,0.5989256746014274,0.13803766404083792,4.2076248077661145,0.7802114803624962,0.0740181268882387,4,5.290271656733136,6.678399061951386,1,1,3
2024,-1,29,4.509056746819789,3.0410509067657636,6.770706825380391,7.745363044571167,-1.0,-1.0,-1.0,-3.0,-2.6784313846535492,5.393900064685034,1.6647110789052109,0.14809004823421273,5.5329543358681486,0.1412386706948405,0.34667673716012803,6,0.5880493681547804,9.857457314967727,0,0,4
2024,1,13,4.121555073711831,3.1548199906117436,2.3804850990098685,6.7623593332371525,1.0,1.0,1.0,3.0,2.7954600847068294,0.0654702059043328,0.9975316775153357,0.15079551441759875,0.5911439987941844,0.9924026590692983,0.0,8,9.235886261480758,2.787295650233506,0,0,2
2024,-1,379,20.63003106724035,3.058022368311563,1.1353807951584078,5.236959496438391,-1.0,-1.0,-1.0,-3.0,-6.615448444710668,0.3478849864759645,0.9355592579872996,0.22883975662421757,0.3159207912889079,0.8169642857142857,0.11875000000002599,15,5.981001576251136,1.6687978976037623,1,1,1
2024,1,289,0.9091628183783306,3.9818024054935846,3.838121754065939,5.262961723028522,1.0,1.0,1.0,3.0,4.944600230694341,0.49147102773377477,1.0621000595635754,0.19491635595325257,3.7848824726776846,0.7246340232206157,0.013377082281646637,15,1.2939205231159978,13.097035896430858,0,0,2
2024,-1,32,6.215099645018043,3.8588937306542483,2.944955297911332,6.372623654295687,-1.0,-1.0,-1.0,-3.0,-5.580217524573787,0.8598409658254312,0.9107590942261857,0.2129238785533865,3.1219604403749424,0.47069884048885724,0.00564086493263202,18,4.943414402738128,3.589924846627402,0,1,1
2024,1,205,4.658689833876548,3.0638669611006413,3.7458384475086857,4.00454525205042,1.0,1.0,1.0,3.0,4.7156390926563185,1.9141851015949254,0.7655555369259454,0.1452923841972687,2.472881441865951,0.3141542002299841,0.23245109321069748,11,1.6171634474014691,31.526817815823804,0,1,2
2024,-1,19,4.48290699410256,3.0486563752626306,5.563465907214425,6.899156785922078,-1.0,-1.0,-1.0,-3.0,-4.933600273953216,2.2388577861983245,3.0640645961471193,0.16333348564060954,3.1282623284912887,0.33445532435741104,0.4112607099142992,13,28.207531365807043,1.5201980787405782,1,1,4
2024,1,312,10.813655714312539,4.320884733230225,1.7090102915235055,8.53104317653983,-1.0,1.0,1.0,1.0,2.1331276716588916,1.9154922678259698,1.4667717945167598,0.19894721949112165,3.862348197632739,0.8358723771198425,0.0,15,8.092362795411146,1.6655108923864077,1,1,3
2024,-1,427,14.071622338468394,3.149656773034489,4.2069437473120646,5.521066117359533,-1.0,-1.0,-1.0,-3.0,-3.794146380650792,0.2783425267944335,1.036879525084853,0.08281346980763332,1.1318175172912377,0.4418439716312263,0.1453900709219858,2,1.5191254597748225,11.802571046186433,0,1,1
2024,1,59,4.938538595411141,6.141621924940152,5.159419934005748,6.5380876224003135,1.0,1.0,1.0,3.0,3.556342717828667,2.023823626397523,0.5089522070563963,0.0782637690798805,7.160970999603267,0.8144366197183202,0.0003521126760768337,7,3.2027794096218014,8.49840950242745,0,0,2
2024,-1,99,4.559015537202508,5.346687984054434,6.817438444634584,10.019213659182327,-1.0,-1.0,-1.0,-3.0,-3.579771825259272,2.4194211534661543,0.5862065451769464,0.09308452546367267,8.139086508327392,0.8041066792541879,0.00023601604910507778,15,9.819297938469058,3.189280482003121,0,1,0
2024,1,118,0.2448561453431583,4.539073340797291,5.112118546673862,7.188916706260241,-1.0,1.0,1.0,1.0,2.878316820501846,0.3660723352134593,0.26597626920309525,0.09686909646224517,4.064189928134686,0.9068783068782761,0.0002645502645656634,1,2.817338696721477,12.177114154986064,1,1,3
2024,-1,46,5.955967929409225,6.828844547637985,5.492892444387686,7.1109326685218095,1.0,-1.0,-1.0,-1.0,-3.233474599652824,1.148044845090678,0.4960185858339628,0.10737357055348618,3.9495073482044902,0.9489647127442394,0.021872265966754526,5,1.5172532068059854,9.587024526666433,0,0,0
2024,1,94,6.542572201955142,3.5725159631556465,4.6561871796949985,6.859696301761543,-1.0,1.0,1.0,1.0,2.748207141255633,3.534211298045648,1.1289884757352981,0.11518664935096712,5.248863626446786,0.47445652173914626,0.0,13,22.182327409860434,3.2052185801846016,0,0,3
2024,-1,150,3.250705801708589,6.6546340482936515,6.474804076392239,8.27218840197702,-1.0,-1.0,-1.0,-3.0,-3.5936408860856632,3.2584041075446213,2.3471535891076836,0.15858784238836743,6.455506838029366,0.9383770591824377,0.0,1,11.25223142877607,1.3101913307479316,1,1,0
2024,1,296,0.6017105279213444,4.612889856723898,2.936516872179519,4.512828959410083,-1.0,1.0,1.0,1.0,2.403755624551596,1.389667852603242,0.4387665698532894,0.17113232822512214,1.79957169322574,0.88945783132531,0.013253012048175238,2,0.21780226151516618,11.184188502785865,0,0,3
2024,-1,60,5.34689221292582,3.341828040135091,3.4394820105769064,4.825642218021175,1.0,-1.0,-1.0,-1.0,-2.8066678856750777,0.7887421046508958,1.0627670905784503,0.15275883123319003,4.306624395059999,0.8411293721028377,0.013906447534778214,7,8.10385351194248,1.3093646280846114,1,1,1
2024,1,227,1.5313521132760366,3.341323452504343,2.8175725323365164,4.642121377909592,-1.0,1.0,1.0,1.0,1.5659339596563664,0.7537546642504338,0.842251010189781,0.15269807454129541,2.9177239720399384,0.7531276063386764,0.10675562969143897,2,3.4020433954072224,9.21022259717359,1,1,3
2024,-1,69,4.500567151358733,4.313409441972982,5.10102522891401,6.206327040465068,1.0,-1.0,-1.0,-1.0,-1.475192267322813,2.2321320632233617,1.9371357519931782,0.1550732369213636,4.8858029792830635,0.7405196629213203,0.06039325842700655,8,2.643736599427786,13.638429965366289,1,1,1
2024,1,55,5.712444641532981,3.64140174627837,2.4140188008659504,4.316639541411875,-1.0,1.0,1.0,1.0,1.690303565857629,0.4264643141047604,1.9788847664805904,0.159840638993575,0.8424581882237908,0.6825121443442022,0.0804996530187277,12,11.96469834673716,1.7834778232669068,1,1,3
2024,-1,230,0.7420616111486079,3.385060475423243,2.998159005664055,3.5664976659855574,-1.0,-1.0,-1.0,-3.0,-2.3413754880202813,1.6024241698701798,0.5219222492098594,0.12752741268901224,1.4759259571563335,0.5310880829015744,0.02979274611402846,7,10.445236228865376,10.60860483163001,0,0,1
2024,1,56,4.809120674929993,5.798943598771762,4.8793675106639895,6.4024973140385795,1.0,1.0,1.0,3.0,2.126426154776027,5.540659285322767,2.496738653573041,0.130161134307729,9.034643329964917,0.6680905595899292,0.00021358393850025927,12,1.9836368376304474,24.54848151617396,0,1,0
2024,-1,18,7.129949719398556,4.084145483555019,2.521378874343665,8.217692591182063,-1.0,-1.0,-1.0,-3.0,-2.126426154776027,3.546492855075484,1.959910682973206,0.16164017396840852,3.390117300251301,0.479297365119178,0.0,14,11.52006174501573,1.3289578182461195,1,1,1
2024,1,418,3.0365156350511846,3.1060557674690177,1.9293299496559928,3.3309799130813866,-1.0,1.0,1.0,1.0,1.450163805530467,0.757063283502618,0.29113905623516806,0.06250777966365217,1.0794678064958072,0.6489082969432569,0.0,0,0.6713785539096423,5.879862703714057,0,0,3
2024,-1,103,5.464545158541394,4.707147535567318,4.490430586801561,6.145633395693007,1.0,-1.0,-1.0,-1.0,-1.3820902016561256,2.9918121797651978,0.513077873632595,0.05601983199126746,4.015506706997552,0.9837019790453017,0.01629802095469836,9,5.541101588298584,24.44525998458614,1,1,1
2024,1,28,2.663936464808473,6.961561504272482,10.84692741940529,12.277637776293536,-1.0,1.0,1.0,1.0,1.3820902016561256,3.8153565542069834,0.6217743311128084,0.0699158824996825,7.966031847416799,0.9550143266475728,0.0,11,9.788075701531731,16.464724033677797,1,1,0
2024,-1,75,2.128133474637703,4.425034813705036,4.071972204632353,7.320671535384659,-1.0,-1.0,-1.0,-3.0,-1.8332455020582725,3.6121186365149547,0.9706852274651612,0.109951667217585,3.9526025283443333,0.939302884615435,0.0003004807692045443,18,4.209184350278996,15.84396717084917,0,0,1
2024,1,86,4.745443799815703,4.129213871598182,6.256835147017124,7.332144044577997,1.0,1.0,1.0,3.0,1.3938613646637834,2.057388263143522,0.6507051464202415,0.10829409782625773,3.0412869907967917,0.6593245227606461,0.0,1,16.26506279560079,0.05417173287460714,1,1,2
2024,-1,277,6.250009418635972,3.0064891232894064,0.9607233161555597,2.4699258735784078,-1.0,-1.0,-1.0,-3.0,-2.360729467600799,-0.3611151441653219,0.7492353442123241,0.16445147066890572,2.182479626162337,0.47782635852592564,0.27701436602123014,0,0.1433123178795252,5.933306889000889,0,0,1
2024,1,156,5.786126221788931,3.042947853856816,3.1385679057256355,4.306608339283027,1.0,1.0,1.0,3.0,2.458870625027302,2.673527259645301,1.0986760424715323,0.133386833610243,1.8142991203075804,0.5482352941177155,0.3082352941176128,13,19.762595224438964,0.3082328921887561,1,1,2
2024,-1,652,15.578539551977999,3.228007083321578,1.8902392580471419,3.730059451838481,-1.0,-1.0,-1.0,-3.0,-4.544428380810636,1.312775238972459,1.1960988806769055,0.14850248348289796,1.3128783053339372,0.7562056737588715,0.0,19,6.507864501409561,2.642720009489226,1,1,5
2024,1,102,4.64828282350209,3.0444835063356006,2.976071920583817,5.12762555497303,1.0,1.0,1.0,3.0,4.1124301875569795,1.8346879733258161,0.5621843986205131,0.11515647692413844,0.6381956793673272,0.38300653594756023,0.20392156862752706,4,9.80152211221792,1.358747589971393,1,1,2
2024,-1,155,2.403242947790283,3.641961831746681,2.307148173433107,3.9879331358280585,-1.0,-1.0,-1.0,-3.0,-4.113516400337993,1.823575725002197,1.2303604433496034,0.16168535988804386,0.2726751272043095,0.6982416335791479,0.0,17,20.90672854471785,0.6831464867946169,1,1,1
2024,1,522,46.8589195027044,3.7919818071366103,2.7528867140798052,4.315515645984953,-1.0,1.0,1.0,1.0,2.008585552848026,0.0665886471423791,0.21721478393261098,0.043277004476121164,5.346750809709608,0.9669565217391052,0.033043478260894876,12,12.600773727490452,7.154845662680498,1,1,5
2024,-1,219,0.46160912302589535,3.1638405322184067,2.679839388425707,3.571726698525218,1.0,-1.0,-1.0,-1.0,-2.246100002245462,1.8108847083920263,0.5409058047703069,0.06891806806371253,7.571112084910071,0.24392439243923403,0.0,6,5.572729141324787,4.74141497406564,1,1,1
2024,1,100,3.2251614216014155,3.524018801415481,2.072769298590144,6.550196827197384,-1.0,1.0,1.0,1.0,2.0693806831195216,1.7156818758544126,0.5477720757162486,0.093308483030142,0.7133929695079492,0.9048223350253842,0.09517766497461577,15,7.273899080448469,5.975537288522408,1,1,3
2024,-1,60,2.866801815081723,3.077340585321238,3.7240151388813403,4.443260091304277,-1.0,-1.0,-1.0,-3.0,-2.0404832592123294,0.6000270909024293,1.4396761818930857,0.12741195637773767,0.1972436239587167,0.49552866912152244,0.34192530247239866,20,17.187240231010694,3.7635962290303975,0,0,4
2024,1,453,21.04489059515796,3.5077559575165798,2.752120581973604,3.9885805535849337,-1.0,-1.0,1.0,-1.0,-0.4536874702283103,1.3368824744539036,0.47293289287816365,0.12962322417615257,7.075270369106473,0.7986463620981584,0.023124647490162173,9,26.568504864651118,0.0034187833316773955,1,1,5
2024,-1,118,3.3379688326757093,3.103144338154385,5.1587353102142455,7.850625715376312,-1.0,1.0,-1.0,-1.0,-2.240425460897701,2.480838078213861,2.4786897783725474,0.23750448849643563,0.6882268098653858,0.5505112474437865,0.20531697341512103,19,7.078422886702058,3.6520433218403436,1,1,4
2024,1,215,0.1419847613166448,3.1544123738361924,4.562133314435731,6.203880609222512,-1.0,-1.0,1.0,-1.0,-0.11051602973289468,1.787014888564729,1.405750962856505,0.1888815025723838,0.5795945333767412,0.5168439716312181,0.3829787234042196,13,0.1784507929116017,15.408062158397774,0,0,4
2024,-1,9,4.6502208255687165,3.4778216352445908,2.545725540323009,6.698480882226235,1.0,1.0,-1.0,1.0,0.11051602973289468,-0.13151177189190785,1.5030523967757026,0.20600213348852206,0.12485829221031437,0.7984709480122503,0.10703363914373089,14,7.784974337130303,2.964605896858776,0,0,2
2024,1,277,0.8690303356545026,3.5245282631273036,2.7467374144236065,4.079823504098966,-1.0,-1.0,1.0,-1.0,-0.857817244602444,3.1021567678875774,0.5802368684884208,0.1382630905685289,1.9285251086540725,0.7587844254511541,0.21082621082617736,13,0.3942325502907294,24.463902180713323,0,0,3
2024,-1,12,5.431645709081131,3.142082889152329,3.756408633162573,6.789809583167989,1.0,1.0,-1.0,1.0,0.857817244602444,1.5434859328494674,1.3004551221767706,0.14848503768317003,6.106528898617754,0.4367456414841232,0.11399195350916554,14,16.577677561997344,3.7584282076965017,0,0,2
2024,1,298,6.0924948553135465,3.37516136845352,3.7836854129045774,4.750410838943954,-1.0,-1.0,1.0,-1.0,-1.5969447159674508,2.4685180821784836,0.6211288480631716,0.0850261878567988,5.26331973537177,0.4128540305010921,0.27777777777776896,15,0.5276266977284463,11.062455058412837,0,0,4
2024,-1,60,6.381764170763961,5.750348003277445,4.867835054664093,5.449382133266729,1.0,1.0,-1.0,1.0,1.7728768333874894,0.6995599632057841,0.2629244806328817,0.07957020392827716,7.442813272948709,0.6133561643835815,0.006506849315048559,20,1.3346982131863792,7.064366971222193,0,0,2
2024,1,127,9.332898813670315,4.488941746092436,3.18548043340838,4.870032742804909,-1.0,-1.0,1.0,-1.0,-1.7765645092018316,2.012766314451386,0.378939422623729,0.05663772147001368,5.66178158516393,0.840932117527887,0.11651469098277953,6,11.555017578829933,4.6943922176548005,0,0,3
2024,-1,221,4.153891003146894,3.8026330044469425,7.33848418741494,10.14452498357408,1.0,1.0,-1.0,1.0,1.1164352073062906,-0.32314218196887246,0.5851881592634377,0.08882777055282223,6.129094078243375,0.7761024182076897,0.025320056898987708,1,6.965024432330212,3.923024972730782,0,0,2
2024,1,196,1.1718654155994426,4.335577656890272,3.704501278901163,5.878953574838906,-1.0,-1.0,1.0,-1.0,-2.648101766848484,2.3913689042529085,1.5919412757352442,0.18397125089581065,3.692224182583043,0.8523023457862319,0.09006660874603406,17,6.637844786057654,10.319448485309836,1,1,3
2024,-1,86,3.5100527713079965,5.166467118847257,5.333685779157339,7.271535398258958,-1.0,1.0,-1.0,-1.0,1.2216132298113247,3.2226175182213375,2.176009703779389,0.19883140168399865,3.9014283781818215,0.7690978886756182,0.03128598848369081,0,8.012793539742969,2.56642425820909,0,0,0
2024,1,329,0.8494533008241337,3.210138686476077,0.734249666888846,2.37277846039027,-1.0,-1.0,-1.0,-3.0,-2.3180402463868788,0.8329259567886296,0.9569809788444499,0.21970270301370423,3.004722539838809,0.5534090909090992,0.02954545454547935,4,0.878601208205283,4.3680221204142535,0,0,1
2024,-1,122,6.360129128847719,3.0087761124307826,1.6176105933268285,2.7483213490385507,1.0,1.0,1.0,3.0,2.517442935788414,1.6245214881811412,0.9001164047403798,0.16208878259919385,1.1958347284473339,0.4054580896686075,0.18810916179340337,14,2.615184674690662,3.751601287874423,0,0,2
2024,1,177,5.022980644014792,3.2403376070717997,1.3606185767738188,3.3036645872157973,-1.0,-1.0,-1.0,-3.0,-2.4744369743926957,-0.46600160376772176,0.8653921268210638,0.1258997620321519,1.4768580041105914,0.29673093042749865,0.3294216261525729,5,13.905302988369233,1.0821720583813075,1,1,4
2024,-1,101,0.155671839602588,3.630297263970831,6.531730936660299,9.318998160021675,-1.0,1.0,1.0,1.0,1.2333297362997322,4.339307338499194,2.080987143294571,0.16567823948026938,2.1286725522478256,0.92667277726856,0.0,13,5.669976110288606,3.0402339627156056,0,0,3
2024,1,483,10.852559130236966,3.021281972877235,1.8432188586282414,2.143214889871212,-1.0,-1.0,-1.0,-3.0,-3.1761336430752367,0.04732184342239237,0.5893798250718973,0.11492905394917194,1.087702357151465,0.9981378026069682,0.0018621973930318927,5,1.7783548518729568,2.751314953201637,0,1,1
2024,-1,350,4.797887922518256,3.0447708753614924,3.36356230671282,5.178236248753967,1.0,1.0,1.0,3.0,3.0046585973481483,1.699411910192939,0.37728602126344263,0.03395115064514646,-0.08531434223593032,0.9885057471266002,0.0114942528733998,10,17.734313524493672,6.14514584918495,1,1,2
2024,1,25,3.3513130180850994,3.2643571347599125,4.0483861258467355,5.531900688519268,-1.0,-1.0,-1.0,-3.0,-3.0987080350097265,2.1241523109079163,0.27669542736956326,0.03474699445360338,1.6495285124246644,0.9527027027027741,0.0016891891891646913,13,0.0,36.033317570451054,0,0,1
2024,-1,5,5.929609026158851,3.0464630663183994,3.8378227516246826,6.392049380239612,1.0,1.0,1.0,3.0,3.0987080350097265,3.4588034516234263,0.37687486578290896,0.03600636017221485,0.4542114943040815,0.3891625615763706,0.40394088669966455,13,32.552343429319876,1.7978989467072513,1,1,4
2024,1,452,22.122012332496553,3.615315004553877,4.693694955543603,5.625762574841815,-1.0,-1.0,-1.0,-3.0,-7.43261526636803,1.6957397023597065,1.4358157174253483,0.2544822565726197,2.2764012960903193,0.902859460555665,0.08213344149259809,3,2.114953159550024,4.2157938018084655,0,1,5
2024,-1,367,1.657602391091899,3.1556237317557816,1.0280526338613345,2.2723142752564085,1.0,1.0,1.0,3.0,5.152354957716626,0.4730900932589688,0.4921002215008498,0.15379485859600334,-0.2789884410414935,0.8346354166666161,0.1653645833333839,9,5.511209995957669,6.458714176031946,1,1,2
2024,1,52,3.9770171593855554,3.021090191967724,2.124135062307751,5.089562216023984,-1.0,-1.0,-1.0,-3.0,-5.4522943884357975,0.11448811485501821,1.1070501598017752,0.15853684991684847,1.8210727335703742,0.651609260304926,0.2670807453416335,14,1.0615576571590526,11.82193844327099,0,0,1
2024,-1,19,5.1388774863958115,3.0043777839931614,2.5119723193474988,5.719977964370761,1.0,1.0,1.0,3.0,5.4522943884357975,0.3771801003721632,1.1242637598519316,0.1776068617276011,3.3775265424617533,0.2864760058167606,0.24963645176926452,15,4.964179557890676,2.7271266102433107,0,0,2
2024,1,220,0.05284817015377944,3.2286730867045437,3.0417057932953053,5.7134743955141545,-1.0,-1.0,-1.0,-3.0,-6.005245633759924,2.8384884813359306,1.275860990745256,0.1389598436030455,4.55275523684166,0.33488372093023255,0.0009302325581259982,9,12.957196917925472,2.1785190141169077,1,1,1
2024,-1,262,1.3428359031456956,4.335142739945955,3.5592243876512493,4.567533388868885,-1.0,1.0,1.0,1.0,4.5172685193453175,1.3228592751485553,0.681923121266922,0.1381826601512701,4.774640209369068,0.8102785782901379,0.022574447646480093,7,5.910369292014581,7.646835790008481,0,0,3
2024,1,283,3.1620380932752767,4.105318654068333,3.897029276714484,4.877017521300059,-1.0,-1.0,-1.0,-3.0,-5.507456048707327,2.4638076356891165,0.7406525887176441,0.11423551220449694,1.9536929866070447,0.8187863674147765,0.12302576891107692,7,1.905532697805244,2.9156083007771967,0,0,1
2024,-1,233,4.958111122299625,4.089574441208139,2.16827017010189,4.163078726595598,1.0,1.0,1.0,3.0,5.14144071069689,0.3505538016506118,0.5311545537671012,0.07967269210338007,4.183320068492142,0.7995910020449363,0.12065439672804253,2,1.5652845608926624,21.009505438682382,0,0,2
2024,1,51,5.706916314100542,5.9216447255999585,7.208167956151987,9.374722484177374,-1.0,-1.0,-1.0,-3.0,-5.227457409628093,2.7632501366340176,0.4538705967139013,0.07564494074296996,8.526939931111174,0.7445991358617204,0.053768602976496445,7,14.511379181729003,0.0,1,1,0
2024,-1,576,22.234254836640517,3.4030801996072464,1.2702225855812848,3.7208946415180195,-1.0,-1.0,1.0,-1.0,2.0278442097803566,0.6070819923142209,0.6110069738443902,0.11891744561437274,6.078073790493821,0.7605202754399668,0.03978576893647441,7,11.791095731133927,5.458741364618158,1,1,5
2024,1,964,29.58041115819921,3.29770365071391,2.7699187873118745,4.854272472902409,-1.0,-1.0,-1.0,-3.0,-9.418178813970993,0.31442747082813954,2.1228260666246235,0.39109522279029113,0.16927205776324827,0.7387812942843817,0.08360888049124862,15,2.7549560569171496,2.76855853909416,1,1,5
2024,-1,480,10.415619734524116,4.280705791225247,3.6462000572289957,5.253265176286508,-1.0,1.0,1.0,1.0,5.852844590044946,2.2141512097964258,1.1723598704133587,0.17873066171373045,1.581732403649304,0.9635416666666606,0.033854166666679085,7,6.656025788115894,6.489845088456664,0,1,3
2024,1,300,4.990959296729471,3.5365315477079142,4.733819588114896,6.257066242955763,-1.0,-1.0,-1.0,-3.0,-7.644807291383285,2.5011992700652628,2.9841087858079285,0.2887043166475689,1.4404076484034358,0.5275697753573938,0.22260040844112466,8,9.947021061575548,10.318036926862394,1,1,1
2024,-1,73,1.2587535878891893,5.1832515529217345,8.190961347112548,8.906436886468756,-1.0,1.0,1.0,1.0,5.997470215584996,1.1096861246632295,2.296431961719288,0.3572679183708735,6.117582701326762,0.9782832686058481,0.021320440675280463,14,3.5300485618764355,6.867256074088269,1,1,0
2024,1,129,6.696423168511893,3.376099141445414,3.2341822457512066,4.578407193363609,-1.0,-1.0,-1.0,-3.0,-6.160259986429397,2.4548744486999405,1.9950440407566294,0.3051152382670792,6.321101818639165,0.6049785758008498,0.0489695980412155,1,4.863911380954815,4.30209428746547,0,0,1
2024,-1,437,6.015725884250128,3.457018647008973,2.2967456050756696,3.2543741468764353,-1.0,1.0,1.0,1.0,3.794173583992387,1.7577183187511283,1.4061552388421135,0.2435070996053581,2.0256955121620437,0.3003236245954787,0.078640776699015,13,4.845685670343634,1.4023432800554794,1,1,3
2024,1,146,1.7347655830862894,4.65765188880298,6.779620019299314,7.745408613425398,1.0,-1.0,-1.0,-1.0,-4.490856211691036,4.025334074837405,2.265091048070036,0.20651394717703966,5.49157790268972,0.7026704816404415,0.14234620886980906,1,0.5754870986495167,10.63530053737956,0,0,0
2024,-1,18,5.350437261430755,4.1982518726659945,4.61693427109726,6.024984374670714,-1.0,1.0,1.0,1.0,4.490856211691036,1.675883975681393,1.9079826744727448,0.2282502242979952,2.8151628398603483,0.7980828064450467,0.17275137670813348,3,1.4593493732522902,9.934448120644602,0,0,3
2024,1,48,6.298708186324593,3.0044635312310626,0.8372329708616991,2.28479304313301,1.0,-1.0,-1.0,-1.0,-4.603547051655508,0.26314316768979185,0.6947461143969631,0.20769358489636922,1.744897128347752,0.702904929577493,0.005281690140832328,7,13.57377411018229,5.298334864068499,1,1,1
2024,-1,85,2.2489215527936715,3.9098665662105185,5.821036927163193,8.808381903417878,-1.0,1.0,1.0,1.0,3.2250110129379443,5.1441245081559535,2.4923239598685893,0.27371912782297564,1.9119974683964804,0.7350401905328978,0.14944924084548042,14,2.4628929145360186,3.4921142124124906,0,0,3
2024,1,275,0.5876026620144046,3.873203532383423,4.026509358760454,5.365031181973727,-1.0,-1.0,-1.0,-3.0,-4.605527841752778,2.006410097442426,1.4890837857701336,0.2058595491219096,5.727798282771765,0.7656711519527573,0.015425008204782193,13,6.7069203556856,5.013984892489516,0,0,1
2024,-1,85,2.8130991525576934,3.860588814091415,4.695818647842172,6.4306729261564275,-1.0,1.0,1.0,1.0,4.126617765072769,2.1186860634328455,1.3879867076656793,0.2391404540583791,1.9054028672247199,0.9142992424242167,0.0,20,0.13176108442893078,6.126890425945281,0,0,3
2024,1,114,9.050440670533069,3.257682114483342,1.6151702475157448,3.4927758380547242,1.0,-1.0,-1.0,-1.0,-3.821328757291379,0.1244046895529722,0.47675264444248505,0.14448147099417927,5.9962677237346025,0.5549250101337782,0.1062018646128796,5,10.480713290009717,1.659307100660527,1,1,1
2024,-1,874,38.4633034309647,3.0221788748222003,1.1596303011841977,3.0644502820555015,-1.0,-1.0,-1.0,-3.0,-3.7295345578442896,1.0085196784170303,1.1857377563930074,0.2355680951663106,1.649666776323444,0.8569067296339886,0.04085005903188409,6,7.052185890515817,5.726511527730115,1,1,5
2024,1,69,3.0801236940697625,3.490526037960354,2.4811421416945225,3.5969768480265683,1.0,1.0,1.0,3.0,2.5445494636756703,1.3702603934663553,1.325332291188009,0.2525538169800946,1.2098491984469328,0.9432746024924914,0.020627417275443465,12,6.517166292544627,6.731441136538638,0,0,2
2024,-1,278,3.578461247303155,3.033074125396766,2.03927428381526,4.457902405609744,-1.0,-1.0,-1.0,-3.0,-3.875483257513925,1.4698244733848498,1.6990672322072777,0.2344347127590168,2.455809049010079,0.07410972088543774,0.12800769971128706,11,5.488425353302898,4.782497341758952,0,0,1
2024,1,230,2.20396717063674,3.0230105793959097,0.5444441768299558,2.7222208841498365,1.0,1.0,1.0,3.0,3.307249673706989,0.5414334949424373,0.6530147318099774,0.19384952965921973,0.24968675243319727,0.7413213885778522,0.2575587905934966,6,0.7936504035422265,10.560312269532854,0,0,2
2024,-1,90,4.567964991968117,3.0910728473336007,1.9782658919609615,6.330281482195325,-1.0,-1.0,-1.0,-3.0,-3.164723878421871,0.3630221820094507,1.3825840391458988,0.18360850020543173,5.469178410525868,0.4268717353453255,0.3084735925711067,14,9.367122872851157,0.479322985809025,1,1,1
2024,1,161,1.8675486821970113,3.2661277443349266,2.8496216961109013,6.0983429518020635,-1.0,1.0,1.0,1.0,2.2887993177096724,1.5574638400581042,0.8360296693929886,0.18345012247207915,6.215112602502495,0.9336196798125729,0.0,3,1.1701836343530692,8.132818626010307,0,0,3
2024,-1,50,5.776435400578492,3.589161600696923,3.253363093957008,5.509211202706383,1.0,-1.0,-1.0,-1.0,-2.613194183275036,1.9150451850693102,1.2765461701533547,0.1717519987626165,1.0536741652462827,0.5633093525180065,0.02877697841726619,7,2.290623860527215,20.575348084791987,1,1,1
2024,1,59,5.648109545270421,3.336060102570609,1.5177699149249777,4.052855880934792,-1.0,1.0,1.0,1.0,2.3627685835206145,1.3863364603091095,1.0729461727322376,0.1704748910107308,2.2589690619505944,0.7505183137525966,0.041465100207326334,12,27.46479865872353,3.0975268293784497,0,0,3
2024,-1,498,32.363209463478654,3.3934636523569175,3.6688719130796033,4.2559402398230946,-1.0,-1.0,-1.0,-3.0,-5.147905601251726,1.2946839409088613,0.7222966456448663,0.12279228982550082,7.509766498135485,0.7077158916709354,0.0,6,2.0077492671376684,5.13227092298717,1,1,5
2024,1,100,4.078614536925073,4.365532715914001,5.771195360548392,8.471745958239962,1.0,1.0,1.0,3.0,4.776884991235217,0.7661137135065903,0.8887924072363891,0.11773748644144727,5.618397439936937,0.6740561136127737,0.010737790093492553,14,14.010527235544629,18.84575066302979,0,1,2
2024,-1,39,1.1044663583814425,3.1742714949093265,6.41901810795075,9.833998537126675,-1.0,-1.0,-1.0,-3.0,-5.033003203082159,2.589412252106835,1.1186973088104462,0.16246005894888454,7.011988231529381,0.6276510067114172,0.028859060402684565,17,8.356451569392242,16.666729796042922,1,1,0
2024,1,20,4.460682257226615,3.2499750441294983,4.445888459468875,4.807279804692713,1.0,1.0,1.0,3.0,5.033003203082159,4.564623005775449,2.2756823646264563,0.2105132194446332,1.8570340454007526,0.33918406072105795,0.02300759013285462,19,7.246143035033439,1.7625753328460687,1,1,2
2024,-1,133,0.2548118361854452,3.2920389394423184,3.3635162376478296,4.102470562585644,-1.0,-1.0,-1.0,-3.0,-5.570665721639598,1.5036707150790265,1.0786856397214724,0.1868311630126731,4.557103924415859,0.945042275172932,0.0,6,3.8803064929115054,5.692655677780414,1,1,1
2024,1,155,3.130285471585131,3.075364010324837,2.2580602964929417,3.4721855837728275,1.0,1.0,1.0,3.0,4.565657922927551,-0.29925417828616735,1.1588398730978025,0.19425573253224845,0.9963025285237574,0.5188249896565813,0.18204385601986153,19,3.6005880703500512,4.399874554842044,1,1,2
2024,-1,109,4.323924914443851,3.44673387950451,3.0882802177393924,4.2756965211674585,-1.0,-1.0,-1.0,-3.0,-4.817075068815675,1.3180879336996405,0.7758313802087902,0.1793245015030808,5.292161103781622,0.7546255506608057,0.1114537444934049,4,7.045503038477356,0.9462743370456208,1,1,1
2024,1,340,6.601048161124094,3.4095135516382857,2.2688534152805997,4.194273302322227,-1.0,1.0,1.0,1.0,3.114576126520581,0.7009642686139033,1.2465288087368005,0.16485217084615825,0.4460737706492926,0.8170454545455538,0.0,8,6.162622380393559,4.225328461790586,0,1,3
2024,-1,117,2.450803034295597,3.2708378574048917,5.25269153099017,6.130027675737971,1.0,-1.0,-1.0,-1.0,-3.169809905081865,1.60076603910311,0.9373765094336856,0.20105407748835274,1.960148627014382,0.7609475951184335,0.06137832017230963,18,13.835787308523107,1.583282182044887,1,1,1
2024,1,262,6.561887789547198,3.4837727293958713,1.1567150349083888,3.7638606597832838,-1.0,1.0,1.0,1.0,1.5893272751726588,0.5130599681197165,1.1631550498634564,0.22865130428153102,0.2800858381840972,0.8307317073170873,0.12048780487803458,16,8.146069856530964,4.788840571599267,0,0,3
2024,-1,614,23.80424038448227,3.4377510573689327,2.9525411473542063,8.180217167922635,-1.0,-1.0,-1.0,-3.0,-5.404896943646985,2.808520721082517,2.001667809140476,0.19216591338562994,4.145484713274444,0.38051209103840683,0.09246088193456614,19,9.842314688974037,9.893656567217763,0,0,5
2024,1,22,4.412824972996359,3.045166114552817,4.320301619872948,9.933235328527948,1.0,1.0,1.0,3.0,4.682624760037292,0.8598018311043563,4.808685973945547,0.32291990327363934,0.19924205154857888,0.12229437229437229,0.5484848484848359,21,0.23400323775382798,8.582663858421085,0,0,4
2024,-1,30,5.3282466146933185,3.8242339668356924,2.8112069235143027,5.2845927926942124,-1.0,-1.0,-1.0,-3.0,-4.212994480076151,1.6499825621504367,1.5551620620577222,0.29849250033820257,-0.07520165959412976,0.9587104072398033,0.0002828054298807102,0,2.468921273748134,3.5314949865005594,0,1,1
2024,1,219,4.64546179866953,3.3388655117175223,2.538655418529305,4.122101892622052,1.0,1.0,1.0,3.0,3.8148588834311226,-0.0010302821879895052,0.4660235312125326,0.1427995563241481,2.961133311548955,0.6314960629921412,0.12335958005249344,18,11.871735707710853,3.4465666111421043,0,1,2
2024,-1,238,5.984970027577491,3.173276984937754,5.106371486377476,10.072228970559417,-1.0,-1.0,-1.0,-3.0,-5.615908943653529,3.1458342051950376,2.6779540779294,0.18832689435968553,2.087336418940109,0.4425817267393263,0.5159262363788886,14,18.61115679628264,1.5873449918343288,1,1,4
2024,1,569,23.03334291799013,4.027789648758008,3.696721475778912,5.522505316710582,-1.0,1.0,1.0,1.0,1.6449601933966844,1.152663173727662,0.863517980929402,0.1530024091954013,3.0093468455669132,0.70353373106933,0.1835704451583344,13,2.3852982437978274,20.445834205788056,1,1,3
2024,-1,70,3.8749432795019807,3.1673804111454986,4.5238679078341555,5.565719375339976,1.0,-1.0,-1.0,-1.0,-1.9295530801971181,2.7775965429103895,1.574807433406527,0.20399556183250392,2.676372033642021,0.6858789625359877,0.23451008645534746,19,16.000606002030494,0.5797159237049807,1,1,1
2024,1,305,9.462733739339676,3.897024522913225,6.05344644585246,7.382112080136065,-1.0,-1.0,1.0,-1.0,-1.0842895620182766,3.9710712630301646,2.9481279154210305,0.2704472230776081,1.5005555446544099,0.7643269657929702,0.011328298533997715,20,6.2201023508423345,5.345015674469365,1,1,0
2024,-1,69,3.6681463320365526,4.0428910021378135,5.729549602451287,6.742741477659424,1.0,1.0,-1.0,1.0,-0.8536872163727053,4.919000903244586,2.4607070822165054,0.26436961192776354,1.7961981591068954,0.619142289122411,0.10423175234307652,2,0.04807764609949958,5.413186820092776,0,0,2
2024,1,105,6.98334871460499,3.0006338061078073,1.9062284885019012,3.3733472928924697,-1.0,-1.0,1.0,-1.0,-0.3281846158557015,0.10898684714472982,1.2753277980671591,0.22546518526268328,1.523260552247531,0.6385224274406586,0.3153034300791299,11,4.708459603461396,17.071243934165135,0,0,4
2024,-1,41,3.1015584338277034,3.6010315127455166,4.0913021200902575,9.069848443317788,1.0,1.0,-1.0,1.0,-0.16196784770302364,2.6214093938297074,3.4220646063841884,0.2887342433096605,2.7904815914703742,0.8869752421959096,0.07987082884822076,14,14.137878442289603,0.9094795407464513,1,1,2
2024,1,885,17.01680179984039,3.4082877671038543,2.2036426809328034,2.4762703329632565,-1.0,-1.0,-1.0,-3.0,-7.614018895797316,1.2889991638333314,4.065651783868649,0.9252781656371466,0.5795812936118544,0.6756501182033166,0.08037825059101655,16,0.5756772738153603,5.65419609654564,0,0,5
2024,-1,552,4.960484844802549,3.0987919064292253,3.0605188294080037,6.3863505223969605,1.0,1.0,1.0,3.0,4.640095541875059,1.7177905550071666,2.8479707210803142,0.3494168734919836,1.7354259944809014,0.7853381936006493,0.012555690562974996,14,8.555703303308457,1.0923149565857184,1,1,2
2024,1,135,1.626877624232068,7.382690580364441,6.723899734863424,11.620365966432926,-1.0,-1.0,-1.0,-3.0,-5.898836438906404,0.6241157270953301,2.127814526273457,0.3962648520793825,7.000944507225497,0.8219330855018611,0.012904938927241441,1,1.0735896947149064,3.6777374138493024,0,0,0
2024,-1,432,14.957105493520235,3.1902713998206154,2.4794833988032834,4.622678268240202,-1.0,-1.0,1.0,-1.0,1.2556765096804454,2.1905416598514256,2.9461262328874165,0.29134277733284114,1.3670068411258194,0.3042776432606964,0.2881355932203415,13,2.3666233642459007,6.740665820314048,0,0,4
2024,1,4,2.7978522940249437,3.169587079570236,5.554198288158016,7.035863967191689,1.0,1.0,-1.0,1.0,-1.2556765096804454,2.596426438584426,2.9113216497749557,0.2999130814665335,4.296380303294682,0.8911467955094516,0.056131874378286435,14,0.14964113382058772,8.479300159482918,0,0,2
2024,-1,6,3.744494256586007,3.6597103809921863,6.583424612345418,6.768528858740269,-1.0,-1.0,1.0,-1.0,1.2556765096804454,2.199495479293901,3.2812050947526483,0.3355385887971676,4.854026806036714,0.7444749574996726,0.08160062769713756,14,1.1630134726318357,6.128896395456704,0,0,3
2024,1,118,6.28303627996706,3.568425739940257,1.656287848827279,4.280023980411185,1.0,1.0,-1.0,1.0,-1.0781500856677209,1.4294049225519174,1.2182325569636765,0.3193184949662258,4.940425028190192,0.3776392519605762,0.014478182183801173,0,0.63403968981084,4.810097549841075,0,0,2
2024,-1,416,1.4927953434203909,3.48337551713332,4.114517165302467,5.872698347553135,-1.0,-1.0,1.0,-1.0,0.7002755963206629,0.7607909401684213,0.601134944944714,0.1589768273824386,5.417796032579104,0.6037037037037037,0.06925925925926195,11,7.947061876847704,1.6317082434331367,1,1,3
2024,1,291,8.198599953767506,3.219455812798991,4.076003473166476,7.194786046759948,-1.0,1.0,-1.0,-1.0,-2.678055479114924,2.360722708224422,3.080244264652528,0.28538519818516395,1.148320539885288,0.595033428844306,0.03295128939828752,11,7.395312914199769,9.661266516269732,1,1,1
2024,-1,30,3.50875654012832,3.609538350486199,6.59655115284019,8.1176787507211,1.0,-1.0,1.0,1.0,1.6995131506116083,4.9635184825986185,3.202756733141846,0.3083901907937068,4.581312102123112,0.6980594623464493,0.14473918461811652,13,3.4115687600519977,12.649406095996074,1,1,0
2024,1,9,5.6343063980722174,4.031153054632154,8.621254673223609,10.101482386421534,-1.0,1.0,-1.0,-1.0,-1.6995131506116083,1.348542489806923,3.4504418098120992,0.34675025722260894,1.316372985266874,0.5905156191192976,0.3718479488144623,14,3.8289391774195307,7.0673286716692845,1,1,0
2024,-1,52,5.492333525252353,3.6415182032559636,3.1085128789188285,4.526077215138605,1.0,-1.0,1.0,1.0,1.3735025677305863,2.294761675742293,2.3648706493007388,0.3816777641805207,0.07437364958479947,0.8689138576779017,0.0838014981273482,18,0.25187200662518666,6.43080324388789,0,0,2
2024,1,240,6.772773841923663,3.0469370373202684,1.2384020273163379,3.771060295596224,-1.0,1.0,-1.0,-1.0,-2.366084460808081,2.0749946585049757,1.5617926517467555,0.27930455275291094,0.6380089108599175,0.15085714285715118,0.7868571428571263,14,11.596656035621494,1.8720170315931346,1,1,4
2024,-1,274,6.157162192384243,4.3242022792133765,4.25821177777576,8.929092991941703,-1.0,-1.0,1.0,-1.0,0.34471083544264297,1.579829311530429,2.0099264367782648,0.24788746224773217,4.15312997222321,0.7371152469577654,0.010737294201861074,13,10.869645853796055,1.0964257870919745,1,1,3
2024,1,275,10.359870262485826,4.5788179614495625,4.823743254198979,5.140970494969596,-1.0,1.0,-1.0,-1.0,-2.264211632445971,1.0595618034622505,2.189840043822022,0.21448624143799097,6.553034488980273,0.8991543340380458,0.03340380549683491,12,4.651354257353466,20.435574187705697,0,0,3
2024,-1,65,2.4161436755574,4.526360906457416,6.468548357650576,7.814374590316277,1.0,-1.0,1.0,1.0,1.49499405923008,4.118040864185617,2.147159633504144,0.2759828739637025,6.730772809323387,0.6840052015604653,0.006147298735080218,18,14.261155887826696,1.3427166526456789,1,1,0
2024,1,153,0.7138895279167318,3.3430242718873844,1.632121746393144,3.374274172318379,-1.0,-1.0,-1.0,-3.0,-2.7814319922044897,0.6501889769948219,1.1803418715031346,0.2608220189155416,1.0446081649274535,0.8629856850715959,0.0,6,2.414780449017403,6.8101131296130255,0,0,1
2024,-1,69,3.407759067194104,3.32668614589,5.176372151592599,5.5216177558673705,1.0,1.0,1.0,3.0,2.351936108351839,3.590286624803123,2.929163971547677,0.22461251832579468,7.078460060780109,0.939699942296591,0.0002885170225001305,12,2.0945927509347766,15.477483741638514,1,1,2
2024,1,9,2.1081998351977047,3.05066169049519,5.254818762773783,7.804869406406323,-1.0,-1.0,-1.0,-3.0,-2.351936108351839,3.401584298791231,2.292827303748425,0.24477582934146944,7.621653368744848,0.6415049970605509,0.019165196942978142,13,8.086427334809546,7.098883808702079,0,0,1
2024,-1,626,10.718002737420226,3.5541432445824146,4.708493588354657,5.961016750893635,-1.0,1.0,1.0,1.0,1.043084625262669,3.1983717950563237,1.3916144970110687,0.1423149884344996,4.798270549075216,0.5693287604115528,0.027927486526234228,17,14.628145868066001,5.174493707372947,0,0,3
2024,1,289,4.8403165930650225,5.031263601675627,4.351925742697387,7.186207190037491,-1.0,-1.0,-1.0,-3.0,-2.0788910860715135,2.316364279643206,1.5039682173736686,0.20917188918513682,3.3873402832251065,0.8730125079499509,0.04070383718466014,17,13.439224589951108,4.276043527929511,0,0,1
2024,-1,252,6.294354216289585,3.0688705267324026,6.021677549736242,7.8164597877963065,-1.0,-1.0,1.0,-1.0,0.3388376214107954,2.2986884918234027,3.0762376224682977,0.2048961311367241,2.4953601401592063,0.13535276073620597,0.0701687116564521,14,11.87649325874575,0.0008139601987140748,1,1,4
2024,1,210,2.7536366000308687,3.5928607115281994,1.4885895273229603,2.62357553552761,-1.0,1.0,-1.0,-1.0,-0.9703236255788015,1.3839973044182854,0.7559889892413137,0.16457437242908943,6.386360669748734,0.5376396308887984,0.010199125789210927,8,3.987184508679398,10.148827439523394,0,0,3
2024,-1,18,6.21536979681937,3.1748724834652404,1.585467465131637,4.52401709317714,1.0,-1.0,1.0,1.0,0.9703236255788015,1.9756069492262889,1.222835024636947,0.18060010973400903,0.6814763148396114,0.5243619489559004,0.08700696055684748,9,2.7211569259706714,10.314908898445276,0,0,2
2024,1,53,0.8557058799479645,4.386885075647031,4.20468676035345,9.581299644615344,-1.0,1.0,-1.0,-1.0,-1.2711504365184467,1.1181953365293074,2.8750432814099574,0.1921568591809878,7.5062625565392755,0.7801201529218974,0.00786455488804409,13,16.418259314859487,6.550276482038226,0,1,0
2024,-1,155,1.9785447729826395,3.7942673060379057,5.519170917618434,7.299792489969237,-1.0,-1.0,1.0,-1.0,-0.286012136742558,3.0384693920906534,1.9044049531750369,0.2428729037977864,5.001690557821344,0.4847328244274822,0.10791117279666365,2,0.14157006711858036,9.45014559683366,0,0,3
2024,1,61,8.0192586097116,3.2181197559196297,1.5700675246855889,2.1869963441566247,1.0,1.0,-1.0,1.0,-0.23323955322066525,1.0307570445835823,0.6812693399091413,0.20106733867174298,1.727844484555925,0.2109634551495112,0.029900332225901174,7,3.639553617514383,7.227696500072821,1,1,2
2024,-1,92,4.607714928857387,3.5529204324075976,3.42325206777725,4.320238219557375,-1.0,-1.0,1.0,-1.0,-0.43777456849581614,0.6358707802693357,1.0435892703232066,0.22580289403786144,0.3727528896948934,0.6658823529411879,0.18980392156860462,15,1.2800433526632649,3.2254739736552285,0,0,3
2024,1,108,3.2196018472363273,3.2763988721626727,3.663269650696124,5.2499146346765455,1.0,1.0,-1.0,1.0,-0.37650443867590777,0.009309390585287772,0.6861898024120775,0.17737255723861645,6.6795122756927485,0.6675997200839895,0.04851877770001347,0,4.646933966508811,3.1047483866330134,0,0,2
2024,-1,544,30.00480508603698,4.200800124320312,3.569140835515596,5.858485305293614,-1.0,-1.0,1.0,-1.0,-2.8317996737248756,1.3035874579922293,1.568577876253203,0.15188972182039967,5.4205462573882945,0.6757057949479885,0.09583952451709693,21,0.5456736931582801,9.989866777213269,0,0,5
2024,1,28,6.694151537391234,3.4164058334690393,3.7021991399466483,4.628255520327403,1.0,1.0,-1.0,1.0,2.764438227787603,1.5089527793503732,2.1696526107056586,0.15347119730903022,0.2167603161342152,0.45906228131559046,0.05458362491254605,0,1.0020456894929597,5.668802459770502,0,0,2
2024,-1,84,5.797511625464577,3.2278119325895904,2.6756724519723227,3.6423670152654912,-1.0,-1.0,1.0,-1.0,-2.7039286713547344,0.9051120456770062,0.5669533626240487,0.1180491732606933,1.5264851615818493,0.7682692307692448,0.23173076923075525,7,0.8312510942603648,5.893118780075956,0,0,3
2024,1,88,5.058594566665747,3.547146466283311,1.6974656375650745,3.92842047550768,1.0,1.0,-1.0,1.0,2.496655076079358,0.1603681731963124,0.6975387700314961,0.1059637589490922,1.6247042681902162,0.7190795781400109,0.045062320230079445,14,5.681733467382298,3.866694452323538,0,0,2
2024,-1,187,3.456708713211332,3.0234072577174476,1.3871850250755586,2.2874929832800315,-1.0,-1.0,1.0,-1.0,-2.6477703180534897,0.8234128881881385,0.709212506115555,0.1322514311296042,-0.3146822451231211,0.8289592760180864,0.08416289592762814,6,8.945033411055213,2.281569904607634,0,0,3
2024,1,868,34.168572153735944,3.4630279965804514,1.3886357927925523,3.531794975249983,-1.0,-1.0,-1.0,-3.0,-1.9361038148750296,1.9810877168247183,1.7611072727286368,0.21431076412045005,4.182159342226439,0.9316239316239316,0.0,6,9.045679891225895,2.6388771400196522,0,0,5
2024,-1,145,0.45761025950481843,4.4767179521359965,5.882128956116681,8.230972273516587,-1.0,1.0,1.0,1.0,0.4037525137066462,-0.20218126833887695,2.042150037747622,0.2523273883110717,2.9505485510112535,0.7277126846663223,0.05068772287315723,18,4.46921552713465,2.294063695094238,1,1,3
2024,1,869,7.210059009454527,3.3242706309739676,1.5613749212196846,4.622687864004542,-1.0,-1.0,-1.0,-3.0,-2.507309582994164,0.7457797573075465,1.5781955410516533,0.19439901644470184,-0.1504481029701218,0.6701863354037357,0.0,19,1.1374603136035255,13.317764505108107,0,0,5
2024,-1,39,5.011938004936058,3.6879411678189116,3.162690206522905,4.841127561718506,1.0,1.0,1.0,3.0,2.202804459695515,3.5266775607729066,1.4270584268468105,0.19227011919326992,0.5018838436448613,0.9340196537201766,0.0,22,6.834215733367491,1.0221656523071778,1,1,2
2024,1,123,2.309415055841828,3.0909123940760885,5.002901298076268,6.934064427925288,-1.0,-1.0,-1.0,-3.0,-3.0384583186968235,3.0526056944743396,2.4849910463800793,0.2068594194989305,3.8393281632165692,0.09781529294933936,0.2234359483614681,8,5.256454786928651,2.303595795441902,0,0,4
2024,-1,349,7.421127352193892,3.9957881751478848,6.666952160742339,8.020990040495372,-1.0,1.0,1.0,1.0,1.4902930407927866,4.860425796772697,1.2974924839328583,0.15704646023181368,7.061503370698996,0.6764872521246336,0.0713881019830152,13,11.570177612946043,0.810683995421954,1,1,0
2024,1,303,10.0918567146142,3.7250549538690816,7.6802980781443235,9.032018656639893,-1.0,-1.0,-1.0,-3.0,-3.726510479880009,5.248073521291974,2.678621419535132,0.23469230782738582,4.470622764293563,0.3657937806873952,0.11156573922531811,14,8.391808140890914,0.354269624144147,1,1,0
2024,-1,147,1.7888289031443956,4.375770049447901,4.752648273291062,7.1252090952735605,-1.0,1.0,1.0,1.0,2.2765762818503523,1.9768028422300985,0.9405114445998186,0.20907721048975897,8.117380883955583,0.8519565217391336,0.011739130434785772,3,5.780451322362752,0.7049942802013872,1,1,3
2024,1,402,6.3920963453026385,3.932071864179736,6.426754661900717,8.42354631135755,-1.0,-1.0,-1.0,-3.0,-3.877187211776157,4.703399023184032,6.347591161946548,0.2238966523440251,1.6163755012246674,0.8859189859465382,0.05593827500689674,12,2.348100949519048,29.15158270404257,0,0,0
2024,-1,17,5.628532657984232,3.6548148111761747,6.418239848104672,8.82677881694023,1.0,1.0,1.0,3.0,3.877187211776157,2.9112799054629144,2.206419638113944,0.2641651266534475,1.384568952954278,0.674882629107985,0.17879499217529196,14,21.682287602068058,0.9432991221060416,1,1,2
2024,1,273,13.336961664776823,3.2145512046258973,1.54071671073726,3.429474110952301,-1.0,-1.0,-1.0,-3.0,-5.126072293978802,0.6886768393795412,0.8549318491100233,0.17271705941195137,1.6210124003864008,0.8230452674896955,0.0006858710562813358,12,2.7153540377248206,6.316726294089998,0,0,1
2024,-1,61,3.7612719728949955,3.2293042563244265,3.3688579542174786,4.605126074340732,1.0,1.0,1.0,3.0,4.670056290059623,1.6624406634004651,0.7297175755997857,0.16912165984973557,6.213093420197924,0.453563714902803,0.09575233981283493,17,3.455210899831684,3.765644273938692,0,0,2
2024,1,132,3.4951098044503826,3.506766858997141,1.6505444268084895,3.0824736977482106,-1.0,-1.0,-1.0,-3.0,-4.933288452901498,-0.15065747135104005,0.5956984541523853,0.13425561632488203,2.040734819502605,0.8413757700205288,0.0,4,2.5427675316974345,6.11575898542599,0,0,1
2024,-1,96,4.598941167401168,3.1456547539645574,3.9095335819673127,5.591861526296336,1.0,1.0,1.0,3.0,4.745111122904608,3.19353651831669,1.363317336560239,0.12774326337780156,4.265094443896504,0.20751113940169397,0.1756842775302279,12,8.190508986694509,4.830188994800344,0,1,2
2024,1,99,2.3317389885566264,4.05055702053046,4.855305309134529,5.828699406080598,-1.0,-1.0,-1.0,-3.0,-4.874602093564177,1.7953780796094125,0.8691371403500691,0.14135712299051473,0.833465543408748,1.0,0.0,21,9.998351616301115,3.7600749337424593,0,0,1
2024,-1,629,21.726872302303967,4.098848628454321,6.075680608434881,7.534596943535437,-1.0,-1.0,1.0,-1.0,1.2418791712940678,2.4151363190783313,1.6552229601986146,0.22458249549681708,6.524354551653145,0.8550639423783546,0.03410260179333274,1,5.634868253420651,3.666115564655923,0,0,5
2024,1,184,1.0395926957784922,4.392898091503414,3.178862915026504,4.891906387841511,-1.0,1.0,-1.0,-1.0,-2.095078960167054,0.19605357896693223,1.5713371358294628,0.2786511520779375,1.7069216650715127,0.8632186364607827,0.030775806796327014,16,3.855443110171925,1.0477291828616653,1,1,3
2024,-1,251,2.9778546657114706,3.9028114387978983,2.523453441088441,4.310525450969578,-1.0,-1.0,1.0,-1.0,0.6946822854420807,-0.7280873914555377,1.8921199931177557,0.19408337027713488,5.565383016503406,0.7618186515112441,0.0777576853526186,13,0.5837169881521304,11.06008988627943,0,0,3
2024,1,8,6.114765384265318,3.3340451291632585,5.151377858417838,7.528232920029517,1.0,1.0,-1.0,1.0,-0.6946822854420807,4.020950039816454,2.003707238947022,0.20647780986183173,0.9650644188522861,0.7471509971509998,0.18732193732195612,14,3.258712382335656,7.023244812784772,1,1,2
2024,-1,262,4.790793759843381,3.210009757301513,4.327372223242861,7.0977996109856285,-1.0,-1.0,1.0,-1.0,0.8449130953063066,0.5291594234144766,1.0763153814872763,0.1371516502353832,2.6496370528116917,0.6245006657789626,0.36950732356856447,12,1.8637879782627131,28.254823713825783,0,1,4
2024,1,25,4.706481506861716,3.4095730720673596,2.7538038415864587,6.885587835697332,1.0,1.0,-1.0,1.0,-0.8449130953063066,0.26690086189561213,1.550510293612241,0.15910839363523796,0.1534776735692935,0.9357262103506062,0.06427378964939374,14,24.69581957231634,5.532407012991386,0,0,2
2024,-1,257,18.976723711092706,3.7884721405983117,2.5847225543629917,4.234692347345803,-1.0,-1.0,1.0,-1.0,-1.4187358607085372,1.8360216303135186,0.7710032784346211,0.12153286830358549,2.918249434966741,0.7891231964483235,0.036625971143204185,11,3.2212380979321735,5.460778687235999,0,0,3
2024,1,155,7.5685135404654655,3.043197782185769,1.1000646803213021,2.3954679487369277,1.0,1.0,-1.0,1.0,1.2481469292656648,0.7353819894289222,0.3130634103596981,0.09716514648236009,-0.20598151700760417,0.7183462532301034,0.002583979328127967,0,3.169968315567399,1.9345374206895352,1,1,2
2024,-1,117,3.6619256675232816,3.0714366332435996,1.8658383163095178,4.27971992979939,-1.0,-1.0,1.0,-1.0,-1.4556604629830596,1.2771667692594393,0.2875986002144554,0.06700385527196295,1.2140466555093128,0.36718750000025757,0.6171874999999734,10,6.182924834552842,11.414247216729139,0,1,4
2024,1,31,4.193347718125939,3.960431650882468,4.61829967092364,6.259493419660062,1.0,1.0,-1.0,1.0,1.2477988945651919,1.7475668580095989,0.5395456342284635,0.06803877940653505,6.030017440487227,0.6534586971121201,0.21961047683011448,13,4.623184176128319,16.41437973996719,1,1,2
2024,-1,15,3.7392974140087807,3.6999587040148003,5.159390139778377,10.34398902616814,-1.0,-1.0,1.0,-1.0,-1.2477988945651919,5.427306206487027,1.124279575500612,0.07952774613556306,5.268306411211814,0.8130580357142827,0.0,14,10.640191798850829,10.774638447444433,0,0,0
2024,1,8,6.212354559117744,4.031252066775658,3.925367072954731,8.322809620069668,1.0,1.0,-1.0,1.0,1.2477988945651919,1.8312744065723585,0.7440557735804858,0.08368773459823582,2.395939508810705,0.6822867853795466,0.24273664479852072,14,2.5150911816607766,17.70481379140658,1,1,2
2024,-1,26,4.199625009502462,3.2566536283813274,2.8907166130390256,6.731528896097903,-1.0,-1.0,1.0,-1.0,-1.5917036864119494,0.4016638094029527,0.8518871934837476,0.09915455337347885,0.750723574017372,0.8345612860013135,0.05894172806431841,17,21.77807947166009,4.942518964252106,1,1,3
2024,1,437,16.099706383055395,3.3030199652003334,2.1113680903863283,2.8280999023813305,-1.0,1.0,-1.0,-1.0,-0.842203026042944,0.5026497748741863,0.3918324780459359,0.16305625617061537,1.5725327153316415,0.9685251798561143,0.0008992805755265056,5,10.24097474854896,0.7492628312801874,1,1,3
2024,-1,340,13.873839794835781,3.9057053732119327,2.619066041752858,4.487878790295199,-1.0,-1.0,1.0,-1.0,-1.6241175285521143,-0.028196129957541713,0.819669125126706,0.17182339743700523,2.066966914534364,0.988278388278399,0.0007326007325900719,9,5.778899067572914,4.783108332948169,1,1,3
2024,1,101,2.6783586956610432,3.6127833679943095,2.996349158562865,5.978479231386236,1.0,1.0,-1.0,1.0,0.5311108726002953,-1.8262484514944155,4.423285352828985,0.25599209359503233,1.3311111933862345,0.6163666806195117,0.01716199246546079,18,13.669711972304745,6.5278529985947005,1,1,2
2024,-1,515,23.123253758910643,3.6212852354552094,5.1032081304528445,5.528767955636757,-1.0,-1.0,-1.0,-3.0,-4.364234125199404,2.9490175763653452,1.0890855039477425,0.18123453495840106,5.767217998114346,0.8960187353630112,0.04730679156907983,13,4.948778173272715,5.2514959870633335,1,1,5
2024,1,305,5.441946738942541,3.4110242057142846,1.6975042467952424,2.699688049762161,1.0,1.0,1.0,3.0,3.8364976294436697,0.5980838984843849,0.6107149445133678,0.08916922209625595,1.7373473330480265,0.6365348399246057,0.20338983050853496,14,2.7351635826106766,3.565291051262843,0,0,2
2024,-1,138,3.714737727474075,3.3190845356806,4.0644407715002755,5.605534088066631,-1.0,-1.0,-1.0,-3.0,-4.072754732888855,1.4772912153906195,0.5615092723715484,0.09267942191987756,1.6275772173977816,0.9153737658674206,0.0014104372355224649,2,5.547250247395576,4.654136100642478,1,1,1
2024,1,188,0.9933636087672598,3.7592861059043274,2.787578499021303,5.0238016927113875,-1.0,1.0,1.0,1.0,3.2247811377072075,0.4025916139031412,0.8747002483704097,0.10294907302939012,-0.4523333524638549,0.6076555023923444,0.3913875598086264,17,14.309056262103251,11.271981786926496,0,0,4
2024,-1,51,4.278323193931816,5.769776611655349,8.631307060615208,10.941788237020296,1.0,-1.0,-1.0,-1.0,-3.761921341743623,4.502669248051103,1.267373034135415,0.12004939421036347,7.621184488167823,0.5820253708879767,0.20103203612126488,22,1.8705164976897586,29.937596547129477,0,1,0
2024,1,7,5.921915059869025,4.871093262210777,10.528500858372261,11.523504617193172,-1.0,1.0,1.0,1.0,3.761921341743623,3.1211723538426432,1.115720672171268,0.1345930640733116,5.287267639292652,0.8352329038652125,0.05847373637264279,22,16.470362927557407,9.230771899344107,1,1,0
2024,-1,183,0.8247596357884199,3.047414168749628,1.4180397715875905,2.6939110313707815,-1.0,-1.0,-1.0,-3.0,-3.815575850591838,-0.03365798599707398,1.9262525369219672,0.17387870568977365,1.5443367120429712,0.6206206206206342,0.11561561561561086,13,0.61059553146767,6.228074420970247,0,0,1
2024,1,216,3.8942379854369293,3.3244610194950903,1.2184099752581412,2.9732602622035094,1.0,1.0,1.0,3.0,3.3760528716729765,0.6083383399385939,0.850056937459096,0.14816209666165148,0.3430502421241678,0.7785800240674549,0.16726835138380775,7,4.117312174455412,8.953773043984741,1,1,2
2024,-1,79,3.8875687352452015,5.162378381663235,6.15269107373742,8.663233496965061,-1.0,-1.0,-1.0,-3.0,-3.713210040756004,3.665310593324524,1.7531406057589003,0.16665033721897168,3.5302949682875444,0.7647824954415335,0.11226882000520548,14,1.3579274727385366,16.60453086918298,0,0,0
2024,1,37,6.027419289789247,3.213094189543381,3.3297342649509676,5.573685617417873,1.0,1.0,1.0,3.0,3.317512881619801,1.802852028667821,1.2103879446385495,0.17786682436568357,0.48993255928187907,0.9102632993014301,0.06878022568512902,17,8.620939775055865,1.609253861348261,1,1,2
2024,-1,165,0.35382597095396945,3.681155811253765,2.7742723476757787,4.243934970046188,-1.0,-1.0,-1.0,-3.0,-4.6187728297445165,0.337260436038195,0.690768142014725,0.15900705019132647,2.054187939477862,0.6815847395451535,0.2567865003668461,7,3.844645326846673,3.3484982949502933,0,0,1
2024,1,275,0.3620076781245786,3.449498790906031,0.8248843687297852,3.11124865162217,-1.0,1.0,1.0,1.0,3.4022002737332113,0.26823361380414046,0.656000549358912,0.1400687385313367,0.8328432490392782,0.9220898258478449,0.0009165902841296622,6,13.193666832455515,1.4973444519334276,1,1,3
2024,-1,600,28.789720130488895,3.1349927333595753,3.9090222716287757,3.957755832249805,-1.0,-1.0,-1.0,-3.0,-5.4549333948373055,2.1754489946065263,0.409430285630312,0.10322115554300168,1.9649049296027972,0.7222222222222465,0.2477477477477261,8,3.454175705832967,2.8767568512025132,1,1,5
2024,1,188,3.490202297027169,4.124705686522769,5.676229855133138,5.707857487888659,1.0,1.0,1.0,3.0,5.278653850890115,4.606663133610581,1.298080812140554,0.08157779347080082,5.828201566594351,0.5005050505050799,0.03787878787878788,23,1.226035881524856,9.090153743749692,0,0,2
2024,-1,70,6.4535890416319655,3.3349976715510756,2.908170286265044,3.8061113109085984,-1.0,-1.0,-1.0,-3.0,-5.31404880998932,2.7703227913821817,0.801829015225223,0.07902182900589935,0.3199722516742937,0.46767241379302604,0.5301724137932122,5,2.5625112681762814,5.797030012860053,1,1,4
2024,1,96,3.836391519838412,3.390282436429718,1.166484803419343,5.324885839375175,1.0,1.0,1.0,3.0,5.142904218784465,-0.14302219468942615,0.4563267723282905,0.07127444302034532,4.616088331040338,0.6414182111200393,0.03062046736505381,13,5.695943162583728,6.657706684232813,0,0,2
2024,-1,113,2.0337925638243997,3.163826495212701,2.7430987307118686,6.387117142589023,-1.0,-1.0,-1.0,-3.0,-5.40762533189271,0.9583804861811751,0.7051539509767828,0.09077625841727725,1.2701664123392795,1.0,0.0,23,23.363402179470373,2.773353496124181,0,0,1
2024,1,390,15.556138799918617,3.53441475878971,1.5258706077971835,2.1207360516914155,-1.0,1.0,1.0,1.0,2.4686237498735633,1.3722784593961048,1.0310045738265834,0.15320500674756432,0.5473954432950736,0.7793263646922991,0.07200929152145406,7,0.11408378376050522,23.205863943147413,0,0,3
2024,-1,67,6.439541581155381,3.2740307123890515,1.07566064112244,3.366397157300491,1.0,-1.0,-1.0,-1.0,-2.4303259475380874,0.68488174849981,0.7528521155091342,0.13102294587725105,0.752286313668771,0.29184861717611443,0.47598253275109725,13,40.571034930022634,0.22835253833884203,1,1,4
2024,1,322,10.219040553179365,3.9795135119768625,2.196175841039574,6.922635076533995,-1.0,-1.0,1.0,-1.0,0.14953113687526598,0.146972212322881,1.4483299900299327,0.2630018859483367,3.136849097642695,0.8495649733370777,0.10665169800729853,16,1.3364302136613102,13.472611728104777,0,0,3
2024,-1,27,6.300759551833964,3.8234058586705086,3.9739697493088353,5.096777662674017,1.0,1.0,-1.0,1.0,-0.14953113687526598,3.2662681352004026,2.2757081319404113,0.2772010466417924,1.9642193492532296,0.5194375516956043,0.2561345464571332,18,5.6282598253593035,2.1845872171912366,0,0,2
2024,1,378,0.8733052379218967,3.208303718656339,3.223619666619551,5.261573466649768,-1.0,-1.0,1.0,-1.0,-1.0418550724307614,-0.9288802462036416,1.5498849577660496,0.22560711664412267,0.5223878555760694,0.8295819935691149,0.1500535905680612,1,3.3040652113576265,2.168406034740489,0,0,3
2024,-1,472,14.144678523991189,3.5604258413360492,3.037383598836084,5.075333991437446,-1.0,1.0,-1.0,-1.0,-0.5679790264386818,1.274607694136802,0.7777346340711021,0.08682068051194539,1.3332972174779145,0.4121287128713454,0.4467821782178279,17,3.9977328249384807,3.5398919148199814,0,0,4
2024,1,200,4.423878560879141,4.148224942042891,3.128382669949251,4.462263624314065,1.0,-1.0,1.0,1.0,0.31283049356416764,1.150450057459282,0.3007877413311292,0.06709291144060797,6.614145123984483,0.8139534883720586,0.0014534883720718108,9,18.54238470555026,3.677768890361972,0,0,2
2024,-1,302,9.653309655468359,3.37528546797712,1.0096122024985257,4.098671292248383,-1.0,-1.0,-1.0,-3.0,-2.18825001664542,0.5910797977891357,0.9777941683176956,0.1347001450611103,0.6610782090550024,0.832589285714283,0.0,10,2.9296466367237746,18.635906175241757,1,1,1
2024,1,34,3.982507848471694,4.0832902912732045,4.858495263310826,7.168103347687523,1.0,1.0,1.0,3.0,1.6787945880460944,2.0075866533818365,1.142418181698267,0.15335259092483902,5.112858173313389,0.6947337962962804,0.09606481481482583,13,9.75806848276886,8.195052251367684,0,0,2
2024,-1,60,2.627849562002559,4.266172289211773,4.489895526973414,7.701102634772133,-1.0,-1.0,-1.0,-3.0,-2.2537826688422986,2.0311071142952657,1.547314925165543,0.20331875795998877,2.2653551619507297,0.8027039413382392,0.06003666361135985,18,5.640950013309405,4.87592944654056,0,0,1
2024,1,230,0.04208786282620077,3.8322684649583696,4.137334794570466,6.858364065662488,-1.0,1.0,1.0,1.0,0.9558000208038445,0.8844547166825073,1.65442788542278,0.1621503743335966,3.0533800049861335,0.6536824877250313,0.21112929623567922,13,1.6737266379738693,11.46845322639753,0,1,3
2024,-1,18,4.606003756931023,3.6365570854896885,4.823511804797727,5.293529195590051,1.0,-1.0,-1.0,-1.0,-0.9558000208038445,3.140279251392911,1.4832988005646863,0.19300237556434593,2.817521843653785,0.8948872657986714,0.05716100349317217,15,2.809270610568933,3.3226229381010106,1,1,1
2024,1,716,15.605167086144792,3.2633547886672063,2.073447717989989,3.2120013292717133,-1.0,-1.0,1.0,-1.0,-1.7586931695294532,0.40805431666443354,0.8139433386077688,0.16999487667176996,0.016177178168139177,0.8167400881057012,0.0,3,5.395037256865578,1.116248046495087,1,1,5
2024,-1,565,31.719448894676507,4.372748029990157,4.335466535666755,5.377448153899905,-1.0,-1.0,-1.0,-3.0,-1.6888548391250513,1.784649562744294,0.8706222381243517,0.10852221185245091,3.7577954574903596,0.7436893203883589,0.0899676375404625,2,1.2433236234488174,3.8210891500791737,0,0,5
2024,1,232,1.8719240404720483,3.5919607846487955,2.4071361252831474,4.379247649611427,-1.0,1.0,1.0,1.0,1.0669295594198318,2.3461659470657037,0.6157903861580456,0.1205722324649081,1.64833356976043,0.47834645669291836,0.0,21,21.136922580935714,6.522732501588556,1,1,3
2024,-1,499,14.0491566821555,4.859553457124485,5.651011000327799,16.354564931186026,-1.0,-1.0,-1.0,-3.0,-3.9711206901466105,3.4331557789145206,3.4281521259484724,0.259433258584828,2.780585502432714,0.6432413051272746,0.0867694514162804,15,0.725523790964572,14.549661228622833,0,0,0
2024,1,12,6.035291006541265,3.29544987808547,1.9996381654362245,8.583251568866766,1.0,1.0,1.0,3.0,4.541600893091676,0.013442095779627246,2.090066444600527,0.28162778158214674,0.09981788692816297,0.8348717948717724,0.10410256410257902,16,5.331833492483316,1.4999960984170715,1,1,2
2024,-1,442,7.928126020417862,3.058648572726999,1.8335732799008435,3.2806983797327622,-1.0,-1.0,-1.0,-3.0,-5.840452295194752,1.148711469085086,0.6234290259084425,0.16280118713498348,0.3555750656256201,0.13472222222238392,0.7763888888888081,4,4.279251242179844,2.5790619676929913,0,0,4
2024,1,244,2.123572320058577,3.077202139004194,3.3964446555530805,3.5308134898278642,1.0,1.0,1.0,3.0,5.396226266581278,3.3353875780996027,1.241702730362071,0.16304697257961823,0.004365101658465981,0.6640806826997295,0.0,1,7.418430708507101,0.48935676806815165,1,1,2
2024,-1,412,10.375375585566106,3.9364655704628313,2.921437881000816,3.6031067199011555,-1.0,-1.0,-1.0,-3.0,-6.103106181529893,1.4702945971522157,0.44972215275328375,0.08595418172906291,5.975063494970794,0.5171288743883011,0.03262642740619747,11,1.6691490115425218,4.26256579713277,0,0,1
2024,1,133,4.813957975269939,3.0309316362150995,3.157921196951797,4.2325833616049575,1.0,1.0,1.0,3.0,5.835872372739277,1.5786036467493956,0.4292841666737364,0.06642679023413985,3.217509618065599,0.5250596658711035,0.0011933174223301359,22,1.6560367783181418,6.399525103446318,0,1,2
2024,-1,397,2.7826564267597433,3.136330057832648,2.1206722183902027,6.3864055470581365,-1.0,-1.0,-1.0,-3.0,-6.504013008659884,0.5474914263300534,1.0681440154219406,0.12559020919346506,0.48930504911228223,0.3911764705881782,0.34117647058826384,7,19.67602887402452,1.3344207989760875,1,1,4
2024,1,460,9.074747695887948,3.1392973215004143,2.687743744323368,3.004716645145422,-1.0,1.0,1.0,1.0,4.135749935160769,1.3374069751636268,0.6314650096129838,0.1584273898925635,0.40740915741352773,0.8289290681502555,0.0006954102920116616,22,1.1103374261149557,7.916864334649631,0,0,3
2024,-1,52,5.514363483614772,3.0729860554668598,2.7127532208493523,3.125677121518136,1.0,-1.0,-1.0,-1.0,-4.031044661691218,1.2047031388793419,0.7112694073653382,0.14261538972103505,1.3356522807884748,0.7605011053795085,0.02947678703021434,2,9.669736914395571,2.2475604719946465,1,1,1
2024,1,268,2.758578213010491,5.458468089237938,4.7528452081884085,5.545559883440459,-1.0,-1.0,1.0,-1.0,2.8910531092155805,1.8635740456773184,0.7608032753006716,0.1730812497654469,3.3693115767829274,0.8427017225748081,0.0,0,4.208875963064368,1.8152391423523762,1,1,3
2024,-1,365,6.095363435453509,3.813508553414038,1.669647214423718,4.014608075652981,-1.0,-1.0,-1.0,-3.0,-4.304696754316359,-0.4081457403759336,0.7454447691640769,0.135207820221734,4.240075257864288,0.7722281261069704,0.000354233085390789,7,2.6508253213897053,14.074150320926677,1,1,1
2024,1,54,5.6001644214716055,3.0551358166966183,1.429349534304774,3.076257791102173,1.0,1.0,1.0,3.0,3.660800611156362,-0.8438893001170436,0.5698216871289304,0.13039219962320997,0.0958242946533626,0.7758985200844574,0.2230443974630499,11,8.042909248631174,23.49408753468405,1,1,2
2024,-1,50,1.4480279586162939,4.2792305557342525,7.767006433664626,9.369844233101729,-1.0,-1.0,-1.0,-3.0,-4.3437652474803885,4.045714482106108,1.3849152274296,0.17339677700602954,5.23521137796872,0.926694915254225,0.008262711864425279,15,15.999297692779688,4.000252074688865,0,0,0
2024,1,342,2.6475136582205447,4.306478492076692,3.0841015342063436,4.164376663247683,-1.0,1.0,1.0,1.0,2.90741638805884,2.031001207183254,0.5275769376914021,0.10612527773859555,3.824489747193603,0.9680542110359271,0.0,20,1.558842608487092,6.00588193503333,0,1,3
2024,-1,1052,43.720519579449785,4.215379978584565,3.919110229461117,5.2129611868634695,-1.0,-1.0,-1.0,-3.0,-7.70616622070621,1.1563513651619608,0.8606742897066529,0.14827735140695078,4.950216407521249,0.8421317244846903,0.157365510306706,12,3.5979948249388047,6.169734862910563,0,0,5
2024,1,105,4.33560116340623,4.225307979711487,4.825588154366427,7.479286823071755,1.0,1.0,1.0,3.0,7.345028291060453,1.8111050981001713,1.3976708175666253,0.20176049153541137,2.26653783644237,0.79247536578087,0.05553896685575274,20,1.7432360540698568,4.76084717503232,0,1,2
2024,-1,199,7.258555810684886,3.2085396104178368,1.2582709529800247,3.1138416113504785,-1.0,-1.0,-1.0,-3.0,-7.549049846735521,1.1499563362177818,0.6230753213406848,0.1375011846156849,2.556369995944693,0.32264150943388903,0.4157232704402882,13,22.78632683203832,0.6983656453888251,1,1,4
2024,1,279,14.862548777875762,3.673238200936974,2.852020277527628,4.456639310140672,-1.0,1.0,1.0,1.0,4.419732481646475,-0.7646317259867913,2.220804650257125,0.1736448130218305,2.16571632605601,0.8947976878612465,0.09075144508673044,12,9.801827213480804,13.311062825812698,0,0,3
2024,-1,38,2.8867693815189543,5.090594214019185,8.873930227295155,11.48390970591137,1.0,-1.0,-1.0,-1.0,-4.419732481646475,6.232367342128661,3.0907380675130325,0.2510441718161589,4.806070988798612,0.8203719357565519,0.016483516483512317,15,3.1210645690383148,6.76067951633637,0,1,0
2024,1,634,4.999410232262164,3.2733720001005295,1.8670170806954114,2.881499620273229,-1.0,-1.0,1.0,-1.0,2.3148291636113023,2.4385381568696065,1.011394606859317,0.1731778321942601,1.2243893196312419,0.2021229544449178,0.2494471472799968,20,5.700066080523139,5.001088449862765,1,1,4
2024,-1,215,1.4848782505516385,4.305649442383282,2.6107287474307395,7.255387556064314,1.0,1.0,-1.0,1.0,-2.342893859948056,0.5349942213121093,1.0706984063892115,0.17414471861963476,7.132338389450554,0.8324468085105985,0.0705996131528318,14,12.486934823862821,4.317582002594797,0,0,2
2024,1,181,0.9863262716506919,3.3851642226377443,1.3532608723263668,2.0469492186449245,-1.0,-1.0,1.0,-1.0,1.5882842876786172,0.5387362218348264,0.6978720142683837,0.19241956847366812,0.4553905393224236,0.9991993594876599,0.0008006405123400602,5,4.169711371313735,0.7118834504842463,1,1,3
2024,-1,1281,104.02787258833648,3.3669358332653823,2.448787590107969,3.812703746466053,-1.0,-1.0,-1.0,-3.0,-8.161539418372731,0.6278077613775561,0.7840539099625784,0.09649728413530179,3.4561752038504348,0.2960975609755956,0.30585365853657115,16,6.103592859391163,10.731651673380606,1,1,5
2024,1,80,4.738252776426471,3.541741855853049,1.7115219131736814,3.3430311145553557,1.0,1.0,1.0,3.0,7.954647458311149,0.2667471849175007,1.2205576807947223,0.10440119692496351,0.5987524075226338,0.6781088082901622,0.31800518134719996,23,40.85023996562927,1.427726826036647,1,1,2
2024,-1,716,28.656477761890034,3.060246280880154,4.286071496796229,5.773248046461974,-1.0,-1.0,-1.0,-3.0,-16.821900896929424,1.8492039245266771,3.1021621093145,0.4114931452304713,3.8437593947585347,0.5566300366300281,0.3583882783882869,10,3.5623066189668497,6.642103319380713,1,1,5
2024,1,93,4.001220581293126,3.0434409882782236,3.3999149267245676,3.6576173501111127,1.0,1.0,1.0,3.0,13.715540756912201,1.8693872826058273,2.0547402370149244,0.4635070091198534,0.2988460694515175,0.6421310240964,0.28915662650600926,18,3.6910503349633355,2.810567055059347,1,1,2
2024,-1,122,3.756608052956023,3.414851133871661,2.3466581148191765,3.157149321101341,-1.0,-1.0,-1.0,-3.0,-13.208591107185534,2.1930361111624688,1.9558277684490473,0.4013688090866826,4.873848738872546,0.7112642204774949,0.037333760615290326,4,1.3711360634124428,4.305177482394273,0,0,1
2024,1,107,6.2861394092589595,3.7499642016106005,3.0619815067032428,3.7817104765869773,1.0,1.0,1.0,3.0,13.346949914087439,3.7224735835922678,2.3459994276200415,0.29723647555230065,7.852223495389596,0.37496507404302676,0.08032970103380964,13,18.384802383214822,2.185393399847475,1,1,2
2024,-1,93,0.16743121673489827,3.7323931598810214,5.291008192341839,6.919657300581355,-1.0,-1.0,-1.0,-3.0,-14.373484392185885,1.9420788643324536,4.470889921560094,0.4991441589821337,0.22858593491150622,0.5276773610483425,0.35144600090375827,21,0.4134665053697787,5.626097805210203,0,0,1
2024,1,127,7.245119369308388,3.096122286519992,3.7860504357306537,5.684746789659064,1.0,1.0,1.0,3.0,13.704161576834732,1.8770377969030219,1.0683537901585418,0.33966006161616885,4.35544638419631,0.7833425059622005,0.1243808475509121,7,3.2289828418745588,9.06928079212167,1,1,2
2024,-1,83,3.3444645759211085,4.856525043449474,6.5976572140977545,8.985939585077158,-1.0,-1.0,-1.0,-3.0,-14.56231140581967,6.040124002089875,4.963503585599348,0.3621231547736808,4.064029418702229,0.8710738539898124,0.018994057724951496,14,5.868413058445803,2.5217753411497914,1,1,0
2024,1,224,0.5315619027580647,3.2385292211464822,4.070107455290325,6.045170094678715,-1.0,1.0,1.0,1.0,10.548810380945243,2.9129211376177797,2.3086971504665605,0.3016730018029806,4.1603789073435875,0.4362804878048514,0.06676829268295345,9,5.72831313936593,5.285530617990869,1,1,3
2024,-1,71,2.9512644217012274,3.571104177855528,5.096893105225699,7.266438032037813,-1.0,-1.0,-1.0,-3.0,-11.905908915024206,2.5251889413889836,3.2042970624572646,0.3329360855833006,2.7367186269565322,0.8528002947678818,0.047715549005147455,15,0.32867751489656555,13.701615779519102,0,0,1
2024,1,51,6.6533874763828535,3.5378485930106147,2.0958104374084217,3.1718406777703083,1.0,1.0,1.0,3.0,10.695310447018072,1.7311425768350728,0.9549622648721114,0.3350190105530747,1.2920763720842985,0.7383512544802608,0.13210445468511278,19,5.661732300993994,0.36496351633427004,1,1,2
2024,-1,238,2.431742216065959,3.3109146118069623,3.576567173843313,4.145513986865871,-1.0,-1.0,-1.0,-3.0,-12.168068407319058,-0.350331539497284,1.2303367943017374,0.19148600744495947,2.4472430951728574,0.7339142091152958,0.14778820375332483,15,1.6883568877816792,5.956324401917363,0,1,1
2024,1,211,3.9349975561142103,3.9356366270532233,4.0561695154226225,4.785674168402162,1.0,1.0,1.0,3.0,11.204796044659863,1.5398561595981537,1.2808157482388776,0.17717218096175275,1.4431708858311183,0.7571602681291962,0.09079829372330477,9,1.497339211454686,8.41836005052743,0,0,2
2024,-1,65,5.359233639817453,3.8862729444323465,2.549741241450755,4.569231845335239,-1.0,-1.0,-1.0,-3.0,-11.225868615562684,1.4864083620181099,0.7982807148449053,0.18580734476289523,4.2927484540246095,0.8480376766091234,0.1290423861852616,14,8.322785345044572,3.4102042693033745,0,0,1
2024,1,133,2.662476937267299,3.781118994109354,4.54974680419486,5.379267745704865,-1.0,1.0,1.0,1.0,10.285895521230767,3.308651382832128,1.4226468554851122,0.2005989991026488,2.5264484813788384,0.8134985327681851,0.0003260515161585318,1,8.504235525361617,2.8237726758942157,0,0,3
2024,-1,122,0.6832618869661697,3.399352370280878,4.364434230875781,9.155181669989927,-1.0,-1.0,-1.0,-3.0,-11.434659780063635,2.3490448048961485,2.1758493475346956,0.20968134014790607,2.0774658344581827,0.8523738872403611,0.14762611275963886,11,5.109427114579419,12.18527666369397,0,1,1
2024,1,47,2.7176316924803166,4.271725600137573,4.487580571883262,8.669079758606587,-1.0,1.0,1.0,1.0,10.171357815105987,1.7863892164707424,1.9424830666068498,0.2699772166731666,4.885979250843522,0.8720710716268771,0.087617990005546,15,3.428998706211665,8.644077063112642,1,1,3
2024,-1,43,5.115651027666871,3.1386395514492516,1.4908886910797132,5.707057785208346,-1.0,-1.0,-1.0,-3.0,-11.426910973139767,0.2729962886642297,1.7677077188828745,0.3184278196749887,-0.05292742577741629,0.7055279014933323,0.0,19,1.41561240373205,6.873491737766487,0,0,1
2024,1,24,5.640594613505479,3.3232295828577447,1.8694560938482245,5.120698380546085,1.0,1.0,1.0,3.0,9.92771540704783,1.9703261820807454,2.3117779700700325,0.3304549066676194,-0.7742176569230372,0.8078028747433146,0.10308008213548776,21,0.08484075148863611,5.736287089021692,0,0,2
2024,-1,1059,30.200284094278135,4.217458880124227,5.197936433488596,6.537167084820883,-1.0,-1.0,-1.0,-3.0,-13.024118474082341,3.3172572146354606,1.875376542754111,0.20224635507981184,6.725319864164452,0.7466577540107275,0.13346702317289602,13,2.2987172616440765,10.157393609216289,0,0,5
2024,1,45,6.018463220016384,3.260590731869085,2.294388620294545,3.8722737561258724,1.0,1.0,1.0,3.0,12.69403291492445,0.9180771385144656,1.4107664219816696,0.2428420813978825,0.9861036130215672,0.4443387250237653,0.23120837297814698,17,1.9220226726911163,2.859787082541898,0,0,2
2024,-1,276,6.777717824330331,3.140677731194787,1.9742266068968868,4.786003895507604,-1.0,-1.0,-1.0,-3.0,-12.108495465273318,0.09647226513115947,0.3867279726265836,0.11055162942871206,5.9496925597379775,0.837662337662342,0.0,16,10.18406405842147,0.0,1,1,1
2024,1,120,1.131765695876619,3.4410888866883274,2.875357203583525,3.3945500475665282,1.0,1.0,1.0,3.0,11.428272287758624,0.883278330383379,0.7093026361283232,0.13582442807844794,1.8265341939167234,0.5878989995235304,0.09337779895190569,2,0.8299615103095639,5.029820746097124,0,0,2
2024,-1,100,5.484121943350557,3.0484192274234325,1.7035320105067742,2.305525227631139,-1.0,-1.0,-1.0,-3.0,-11.853110716995953,-0.5335108876369664,0.3964105540601263,0.11273498354062411,0.12885431244882212,0.7402159244264457,0.1646423751686549,10,18.297329981931203,0.26926503838237253,1,1,1
2024,1,141,2.1194411053839843,3.6617781598268255,4.489089769998351,6.168531728540511,-1.0,1.0,1.0,1.0,10.005753564444328,3.2010795152784937,0.9177323460552769,0.16777959426612707,0.3723053921282175,0.9840909090908926,0.0,22,4.659352962743042,4.493361606375528,1,1,3
2024,-1,180,0.5020744321587073,3.4255141314725,3.4795353984201154,4.8010100346519895,-1.0,-1.0,-1.0,-3.0,-10.956943900485363,2.793048234002538,1.5568505333431575,0.16728706414146638,2.596222326379287,0.6230569948186753,0.0,13,17.95008162405975,3.232180879887149,0,0,1
2024,1,329,9.34707207248277,3.240931087999398,4.3254946964665715,6.036387536569624,-1.0,-1.0,1.0,-1.0,6.154725656303114,1.2937764866747796,2.088458264048614,0.3263219963734995,0.08699871230185384,0.5012272950417638,0.4511536573392022,16,0.443432847046761,12.120389849264788,0,0,4
2024,-1,19,4.964581855675341,3.2709274024674726,3.6477418210355257,4.8958430022638675,1.0,1.0,-1.0,1.0,-6.154725656303114,2.0752023047904014,1.422583275950772,0.32983964663011506,0.6801338213562633,0.913796458454974,0.08620354154502599,18,5.746568145199231,1.183617590170921,1,1,2
2024,1,157,3.647714348698368,3.044166426104702,1.7355034730313519,1.9367657504749007,-1.0,-1.0,1.0,-1.0,5.757504739986175,1.1479539725265466,0.9799340407635604,0.24391536366465905,0.7600033190787162,0.3782894736841924,0.1274671052631518,7,6.3781287313579815,2.615532646951066,0,1,3
2024,-1,320,8.42280407664996,4.02657823290341,2.908246030514137,4.532310048688971,-1.0,1.0,-1.0,-1.0,-7.117122379831852,1.657667404313587,0.7431966081317418,0.19187920814619241,4.869543546041088,0.759932375316995,0.1823048746125617,10,0.33823209318574765,8.372756726276101,0,0,1
2024,1,49,5.877932241168548,3.360355592444291,3.9675024275108615,5.181888116629629,1.0,-1.0,1.0,1.0,7.15476850716803,1.2375852456381868,1.1523536887842205,0.20438117634353298,4.78581088629677,0.43582163094360993,0.0931263858092853,14,0.24542301977157685,6.745568808991813,0,0,2
2024,-1,428,4.116624004527718,3.4506182473482476,1.4168450437671247,3.758656699786156,-1.0,-1.0,-1.0,-3.0,-7.931040607158341,0.8897032881682395,1.037770314207723,0.15852217352930023,3.1523756632315476,0.5871666022419633,0.2930034789331417,1,1.117667989804379,4.761357088067666,0,0,1
2024,1,214,4.188140523137892,3.0567483287267394,1.014403606463062,2.2189436538538563,1.0,1.0,1.0,3.0,7.200763830887904,0.2664941653626655,0.3697874099788731,0.10020871115742895,-0.4162915658939293,0.9991474850810632,0.000852514918936733,19,0.33402347730547605,13.971431232278835,0,0,2
2024,-1,38,4.775815091208001,3.3222818392770876,2.5928733433739852,4.83965689707074,-1.0,-1.0,-1.0,-3.0,-7.43156176740178,0.5322506974830077,0.44331497015548055,0.09249000205444859,4.9768598126875405,0.6534416826003776,0.0,22,8.91881228219746,2.391267640649442,0,1,1
2024,1,114,2.543263040195642,3.1342894875010496,3.157397533248531,4.752735411753479,-1.0,1.0,1.0,1.0,6.935779979251727,2.9578007786648284,0.5160495121524448,0.10237535911921766,1.085147592321225,0.575958702064915,0.3252212389380821,8,6.234120584650899,2.8034382441490746,1,1,3
2024,-1,235,1.550775477373913,4.239756066092408,6.286781700268046,7.1121073786094025,-1.0,-1.0,-1.0,-3.0,-7.300075739828423,2.8815138799162625,1.4752797687310808,0.1532209111475741,5.121024662168235,0.9255293258700261,0.0,3,12.31982468013041,1.9394816022509842,1,1,1
2024,1,130,1.971670833606409,3.5251608473190874,6.131607861507915,6.706293039616793,-1.0,1.0,1.0,1.0,5.566768304431471,3.636426946380519,1.8525608158116167,0.18990239067945286,2.097812218175485,0.7883841288096707,0.04293655357484053,14,3.6641622198928796,12.852594556246794,0,0,3
2024,-1,33,4.013018083626924,3.4129767322269813,3.3044369167401384,6.610153630891823,1.0,-1.0,-1.0,-1.0,-6.854190604233958,2.461985992952865,1.5957618102264743,0.24558627649740694,0.6158235819553712,0.757204169221332,0.13018597997138098,17,4.4792909405849715,4.009605290529323,1,1,1
2024,1,262,2.18341032935933,3.078993089485063,4.526799163176439,11.765826489892286,-1.0,-1.0,1.0,-1.0,5.047313859716588,3.074248786431543,2.0891982102569986,0.21099243649567428,0.7616594289775452,0.47969924812028614,0.12130325814534881,15,1.617560433962311,5.244233629155452,0,1,3
2024,-1,266,1.3440706094720143,3.472795105593382,2.2751866174183815,2.6745430604883866,-1.0,1.0,-1.0,-1.0,-5.608953266598227,1.0434245139295568,0.9281859363909701,0.14597226931628338,0.6642118495147156,0.48810250152533763,0.42892007321531944,13,7.652900440407444,24.188976815195847,1,1,4
2024,1,70,2.5872722289499257,3.7964313114331345,2.4260882555879886,5.472416360039982,-1.0,-1.0,1.0,-1.0,5.22742014694771,1.15825024141791,1.2259558095765422,0.21104313207174755,2.6664031317943016,0.961348684210521,0.0,19,38.7693998420236,1.2483184319948106,1,1,3
2024,-1,256,14.17088712039028,3.0741488763295135,3.0861719784719206,4.805152958155311,-1.0,-1.0,-1.0,-3.0,-8.224327799474457,2.987610617446761,2.0936739357238228,0.3131406026880166,3.2117375155521533,0.9133689839572089,0.0,16,33.21861749260782,2.8406485833298607,0,0,1
2024,1,262,6.315752017888641,3.1541890215815274,2.418474519616287,5.727203294725021,-1.0,1.0,1.0,1.0,5.366739686136029,2.3589006557004044,1.1243059254719103,0.27103164940750074,3.945040479227102,0.8633377135348226,0.0,14,9.98749348398908,2.5247402612985788,0,0,3
2024,-1,183,0.03422997049994004,3.3862210955252072,2.5885258772626414,2.9391517913021676,-1.0,-1.0,-1.0,-3.0,-5.808494693308532,1.0662953440366585,1.1369498347854403,0.21813582650724053,2.5847130640066776,0.7965239508266164,0.03560830860531745,5,1.05789111531452,3.6528929329419806,0,0,1
2024,1,157,6.612248163992728,4.013092276985969,3.707119548669373,4.342029037568221,1.0,1.0,1.0,3.0,5.996581600705007,1.9827017046187183,1.1682668973375616,0.14332033752345721,3.1037575361939327,0.7653153153153547,0.23378378378375755,18,1.8984629125298165,3.9667919602475488,0,1,2
2024,-1,133,5.436997828981946,3.324747532400275,1.8113296585761804,3.840048964713991,-1.0,-1.0,-1.0,-3.0,-6.021455257189927,2.01398650903106,0.5649323592962605,0.13367636686634857,1.1009163536017057,0.47186932849366037,0.19872958257721696,5,5.570139585447032,7.688372275875009,0,0,1
2024,1,88,4.573171066070215,3.397140560996121,2.902553318135226,4.788524135139931,1.0,1.0,1.0,3.0,5.790982039208735,1.0763001070810934,1.1131892993772377,0.13767886483420816,0.9091750187143415,0.5732565579014981,0.40179142674345325,13,3.099053929979939,5.51651902182681,1,1,2
2024,-1,137,3.6295097765723336,3.3978430562735666,8.679341781518447,12.207356559315164,-1.0,-1.0,-1.0,-3.0,-6.597374221467243,6.241613534961389,2.650045109272901,0.1654512672430641,4.219672473108978,0.29140164899881527,0.6442873969375736,0,6.533360699623548,3.2223142725026848,0,0,0
2024,1,170,1.0420484909238583,4.836861332863965,4.6110763762404146,5.97513532063507,-1.0,1.0,1.0,1.0,4.392962608055823,3.7495061044573545,2.4265418058544563,0.2114051695851904,4.600887347880083,0.9792420491335097,0.0,14,1.4032478998757216,29.011158802141587,0,0,3
2024,-1,8,6.61687809369879,3.668064906346212,8.128341106255851,9.316352768449326,1.0,-1.0,-1.0,-1.0,-4.392962608055823,5.13543259173366,2.3595779306109086,0.23454832532635922,3.326668957598839,0.5153626860943771,0.23725055432372638,15,18.613194396461232,1.1489893813185064,1,1,0
2024,1,465,2.617775652520825,3.1913488826573455,0.5377499260378301,1.5253772343335856,-1.0,-1.0,1.0,-1.0,3.416975378861842,0.49066534227745784,0.6400279338056094,0.2725294392370981,-0.26591444824787686,0.6844919786095806,0.11675579322642123,6,4.342555966970365,1.7792312496978397,1,1,3
2024,-1,446,11.784108962542948,3.032683793962963,2.8328372685825687,5.968934217698995,-1.0,-1.0,-1.0,-3.0,-5.805502957807204,1.7941842485095614,1.024144326515473,0.23417880376897482,2.164122928857694,0.7014263074485036,0.20380348652932775,19,4.719691741567121,0.8680382428764557,1,1,1
2024,1,231,2.071811434114693,3.977402544995042,2.70676464709416,5.730670656109456,1.0,1.0,1.0,3.0,4.676453732741806,0.03430256093714249,1.3265183414626456,0.14799977306763495,3.0460802361515844,0.554068522483953,0.39989293361883743,14,7.347219966028758,7.510148826381389,1,1,2
2024,-1,272,3.4681358340715285,3.069905342115889,1.608903358970578,3.8817591087372683,-1.0,-1.0,-1.0,-3.0,-5.2267915475074425,0.13660947105762283,0.7008199113977743,0.11930260493905231,8.290197932952955,0.19358407079645706,0.15929203539824363,13,4.660100300943983,5.033107262065435,1,1,1
2024,1,148,3.955219859563961,3.290974543511887,2.1955540772752076,4.165531721736343,1.0,1.0,1.0,3.0,5.015778239070635,0.43041321800180293,0.7490025494735837,0.11595890688990869,1.1948345299361578,0.815873015873039,0.0007936507936969902,1,10.250159185795471,1.954713073819692,1,1,2
2024,-1,412,12.235660599782248,3.5003768537112756,4.187031807646655,6.301497219486275,-1.0,-1.0,-1.0,-3.0,-6.9086745321888365,3.122698140414739,1.7631860935373587,0.16798315737996602,4.3969951626632895,0.4428571428571184,0.0,11,2.6011827487668975,23.298148750650157,0,0,1
2024,1,32,4.000681749233201,4.964776694510763,5.5644319607646295,7.715375624209906,1.0,1.0,1.0,3.0,6.036801631331665,2.8091303798946226,1.275445861302799,0.18119071927177516,6.0932921759681005,0.9201324503311412,0.040264900662243946,14,13.653428440883948,0.6396682912271325,1,1,2
2024,-1,297,5.697697845790402,3.7607091422424883,9.961166443825451,11.709148853429738,-1.0,-1.0,-1.0,-3.0,-7.588462280943324,7.021662765933501,3.078349581868517,0.1900157091560199,3.982316768758909,0.5490877497827976,0.43683753258038005,15,3.7541161549069413,7.882551746576667,0,1,0
2024,1,25,5.629045760299521,3.2397055683871177,2.044461967255412,4.686848602647643,1.0,1.0,1.0,3.0,7.228886306197261,2.1095632623574487,2.0773148984095813,0.21964452292034903,0.8846398125052467,0.5415902140672516,0.2678899082568985,17,0.34427248951505784,9.581615769073709,0,0,2
2024,-1,58,6.121097748698367,3.015091794490484,0.9368072604259461,3.3578949734145085,-1.0,-1.0,-1.0,-3.0,-7.17153156742132,0.7648147046731089,0.7782471021982161,0.21172679734001199,-0.475376319744156,0.727735368956812,0.10559796437653675,22,12.53085508120851,2.0419992780753966,1,1,1
2024,1,438,14.672253991723379,3.1696703229635443,2.095568249522655,3.63048906234482,-1.0,-1.0,1.0,-1.0,3.4824656229568327,1.4113140981281942,1.2809028806192626,0.238092987832565,1.2538392450144304,0.4884219554030686,0.3289022298456177,10,0.8161945517488247,23.363722617797176,0,0,4
2024,-1,48,3.7330971665260386,3.955427992375459,5.542519461251166,7.488198533081464,1.0,1.0,-1.0,1.0,-3.9668335157580707,4.030408556936256,2.93936119209918,0.23400862159017638,7.825576801948109,0.6119708288865127,0.059854144432589164,14,22.45232402615122,1.9012475140785665,1,1,0
2024,1,307,8.511391325269393,3.1745510380576594,1.0534252518312988,2.8724818747570957,-1.0,-1.0,1.0,-1.0,0.38338344814665426,-0.1101161652920354,1.9022338451779401,0.43181466833514276,-0.726557755993924,0.5109524981540482,0.30593157765198625,16,0.4028639814435982,5.251467235142772,0,0,4
2024,-1,247,1.0372543493236535,3.1931010938652804,3.3533800756568217,5.498675012883995,1.0,1.0,-1.0,1.0,-1.0863420248784623,2.0871537532483475,1.624138917045225,0.2182123688261975,1.8479865517899707,0.7545528676270608,0.12095678173416881,12,3.4675818738990607,4.601577415948463,1,1,2
2024,1,470,3.5807895314185676,3.1250268534426646,2.9343798405951955,6.2323651322785345,-1.0,-1.0,1.0,-1.0,-0.23503926258046384,1.3678760705823239,1.512648745118562,0.2725376873404811,1.808075421233621,0.3348977539390136,0.18270197787462109,4,0.8724243999379343,6.214832793966085,0,0,4
2024,-1,30,4.866284858692296,3.0370325358992467,1.708481829403474,3.991865024745642,1.0,1.0,-1.0,1.0,0.23503926258046384,1.4789782812824672,1.1451052860352322,0.26681848416301607,1.4695491079741683,0.9502398081534607,0.0002997601918639659,6,0.3311716746666624,7.026220548065479,0,0,2
2024,1,44,5.914676083556998,3.056568724094917,0.6767910088405148,1.8922872035590874,-1.0,-1.0,1.0,-1.0,-0.6036940366732307,0.388357969459997,0.8015712396987518,0.24385742375064695,-0.045242484557217744,0.6575258988421993,0.26447288238874245,10,1.1941866541379522,14.154649235271252,0,0,4
2024,-1,43,5.2681046649400605,3.426004779571106,3.872610158753624,6.71643828349665,1.0,1.0,-1.0,1.0,0.2800493698168247,1.3787291401174362,2.2992998745366724,0.23335776642061062,2.43377320492313,0.621611445783086,0.13253012048196863,13,10.942212424074855,3.128346422120844,0,0,2
2024,1,110,0.9894964801132128,3.065320107768406,1.9037638717056513,4.80242344040405,-1.0,-1.0,1.0,-1.0,-1.953557198911652,1.9273021798560768,1.4737966504850457,0.29181282716300094,0.38980890199533585,0.152894066254097,0.36366945759008096,23,0.994175801408775,6.042083635933304,0,0,4
2024,-1,650,15.508806300372093,3.0934885438458704,1.8236501438784347,3.6467816159297977,-1.0,1.0,-1.0,-1.0,-1.4963038907731088,0.8188418713768675,1.1999058276336674,0.19658158163136522,0.6343953726633637,0.6836616454229778,0.06546929316340372,5,15.16285219173526,1.9061189643780252,1,1,5
2024,1,335,8.316833161261838,4.751022342720432,4.325133276487172,7.962136039006013,-1.0,-1.0,1.0,-1.0,-0.8062642097581133,5.437699587611195,4.004535159972695,0.22759076883427679,6.934234561884033,0.6626306685718532,0.002256148003309022,9,0.8270233921986062,14.341707621824618,0,0,0
2024,-1,66,5.83531890562334,3.536747303420178,3.4629968658283037,4.73722767618324,1.0,1.0,-1.0,1.0,-0.28673282061598127,2.0614308916727233,1.5659745201719195,0.2258303533390995,1.6461410532721106,0.6797520661157025,0.3202479338842975,14,9.692312202445358,0.8241478285962758,1,1,2
2024,1,284,5.902423049323562,3.8994014604761906,5.129002098032863,5.779437858860793,-1.0,-1.0,1.0,-1.0,-0.973787409713656,2.8728253084822333,0.8979347335277851,0.12141015383728747,8.502092129963305,0.7561122849381491,0.02837307576213254,14,2.131454603724964,6.7555245465478775,1,1,3
2024,-1,288,1.8550028863064236,3.7952403078844554,2.418646964275756,5.793814670768304,1.0,1.0,-1.0,1.0,0.7877914361451759,0.56032611410251,1.3070207449397722,0.09463395428447574,7.7343122698869005,0.6834704165561417,0.0,14,17.654895099636164,1.218810560678018,1,1,2
2024,1,329,6.906763729659226,3.6052866840759865,8.900790778184513,10.064333676347863,-1.0,-1.0,1.0,-1.0,-2.5475240006090023,3.634781658741676,1.7616987308491048,0.22149393249766286,3.6834449233274476,0.7555483731954376,0.17981038569273292,17,5.246276033189129,10.044628901946886,1,1,0
2024,-1,48,3.1265796410486395,4.067676001602466,6.346400644853536,8.456734974393108,1.0,1.0,-1.0,1.0,1.0405234582170895,5.603891406265488,3.84690634530366,0.25238192132288106,4.263199930927696,0.5040557220948609,0.00026450361488530004,21,3.3708035774424774,1.5478921642893084,1,1,0
2024,1,128,3.4235799030484597,4.497343960010125,4.714765322901113,5.42321373797948,-1.0,-1.0,1.0,-1.0,-1.9824178145126181,2.835408275064708,1.0811170321776375,0.18175323065771176,6.023695000308133,0.9327535002121415,0.0,8,15.236340416158129,0.0981018949570183,1,1,3
2024,-1,111,1.7333771490930203,3.9180854991861365,7.009518128857065,7.5469819828181945,-1.0,1.0,-1.0,-1.0,0.33181516205354133,4.3379598328873525,1.9454286064410622,0.23819988156494717,4.535856141768435,0.781354051054384,0.00011098779134941262,17,0.3409184948138505,4.979748779127702,0,0,0
2025,1,245,5.013191513832019,5.097276489986073,4.015465094973836,5.957961684304697,1.0,-1.0,1.0,1.0,-1.5313321139644405,3.183977123260601,0.9305268142680377,0.13810423839833014,4.053621155658373,0.9906858594411434,0.0002822466836178943,14,6.254209682519445,5.553498743736825,0,0,2
2025,-1,499,14.765220809400217,3.0768424354569714,1.093104618320734,2.9029043994797883,-1.0,-1.0,-1.0,-3.0,-0.7915327680319643,1.0714275750881646,0.4701601296923819,0.14372279603223076,1.4939073350187848,0.7142857142856968,0.23837700760774638,7,1.7635613835566297,8.670422025425012,0,1,1
2025,1,82,5.30136902221692,3.1965197414008393,4.575952126056307,4.668524579251773,1.0,1.0,1.0,3.0,0.5853545828075499,1.3539974942254993,1.181241622366074,0.12913281464983736,2.3497727559847013,0.5063575168287102,0.0,14,15.25450381750387,3.7874901971161004,0,0,2
2025,-1,232,7.072154101523513,3.378241017242943,2.20801238312741,5.087213152721811,-1.0,-1.0,-1.0,-3.0,-1.5617906230243397,0.7830871974103546,0.34368527627131495,0.10382530618872766,5.228882776062179,0.550807217473869,0.0,9,1.066992126133612,5.3053493783236405,0,0,1
2025,1,117,5.726631237977611,3.5843439150407015,3.125155861257324,3.768383607921028,1.0,1.0,1.0,3.0,1.1276661295705486,-0.3556475773805612,0.8145825774321204,0.0962419747798115,-0.3945711166419867,0.9160908193484723,0.0009871668311082526,19,5.7837600181090165,2.2544709344411697,1,1,2
2025,-1,150,0.15063009527021853,3.704613685147973,5.215058163271628,7.11489720271483,-1.0,-1.0,-1.0,-3.0,-1.518369654824651,2.0482373074002655,0.48162894746929763,0.07526638077347327,8.476843513751438,0.981242312423151,0.0003075030750039045,8,9.216933397070122,4.645106451438667,1,1,1
2025,1,147,1.964190506155347,6.259346999907884,5.902623670493301,6.223287320167515,1.0,1.0,1.0,3.0,1.3743603645703042,0.5957345546911381,0.4538466583479189,0.10095195447372954,6.500547583666701,0.7532423208191276,0.00017064846414892296,20,8.907211911484945,6.739967934376159,0,0,2
2025,-1,471,23.51699108885773,3.779718678640767,2.9169016450317873,4.169901134288896,-1.0,-1.0,-1.0,-3.0,-3.68540335700233,0.7800481045982635,0.6495247919750285,0.11704684249509213,4.050787238532282,0.9504504504504414,0.0,11,38.21141154991641,0.6899106499552707,1,1,5
2025,1,628,27.852233208763266,3.399276981153893,5.433401667971697,9.207986452008731,-1.0,-1.0,1.0,-1.0,-2.0731809237327514,2.5408483669376456,1.3538070108304128,0.2622892536341257,2.2085022366398266,0.7712808273667475,0.19789180588703148,15,0.45412784131060424,14.020692962096806,0,0,5
2025,-1,23,4.497573174243094,3.9114889223747293,4.445400847507465,6.3208167757382645,1.0,1.0,-1.0,1.0,1.5021799815488932,2.0377621368232015,1.5394729228570576,0.27069496782661767,2.1997593933017168,0.8751526665762164,0.00013570362327489435,17,6.778818117310822,1.9972841112927529,1,1,2
2025,1,133,3.8497622699186627,3.0940673544725232,0.9318550054883541,1.4614094072655677,-1.0,-1.0,-1.0,-3.0,-1.7818968372369,0.638791826508985,0.7206728984627049,0.23882109059861406,-0.9697861438986664,0.9371665678720127,0.0,4,6.5270035794096275,0.8242474078253282,1,1,1
2025,-1,104,5.272188601504246,3.3421427966108848,7.77364654964407,8.431868717971305,1.0,1.0,1.0,3.0,0.8273711164536047,7.989767731670647,8.118391330197914,0.20028768642967204,9.436504811217798,0.7657515882730112,0.005187387072328609,13,6.82478082647099,12.990805213374266,1,1,0
2025,1,52,4.403963285985347,3.5137591988856736,2.834328659450013,5.748939620362436,-1.0,-1.0,-1.0,-3.0,-1.6998094234130274,2.056650812045013,2.184464872956401,0.31855686868618754,0.7474841022387662,0.5062023939064327,0.31556039173014144,17,2.860759046762705,2.8164881480138844,1,1,4
2025,-1,465,9.766870409421617,3.5985469548987292,2.1314863285889025,2.774881783422959,-1.0,1.0,1.0,1.0,1.2434173264425414,0.9453598800191536,0.35111888395166607,0.08336528198413834,6.632574676656322,0.5752782659636717,0.2495606326889663,8,6.250491289932329,16.46455339172383,1,1,3
2025,1,57,4.096489388051819,3.345366877473807,3.0798423866375573,4.045887048614974,1.0,-1.0,-1.0,-1.0,-1.295128432979589,3.5078566632682247,0.8654905794667356,0.09190838554872394,1.9524291589266396,0.5586592178770949,0.0,13,9.616744599351339,3.1557458957929927,1,1,1
2025,-1,101,1.2573384464355937,3.5090905774121444,1.5907384543939203,4.110303910431511,-1.0,1.0,1.0,1.0,0.9877835793566783,1.071015652291418,0.9072382792339836,0.1084900548389792,0.316673278871935,0.9617563739376501,0.0,21,5.358842943167379,16.22025258659841,1,1,3
2025,1,32,3.0630908741141707,5.649362563953496,5.894852466475927,9.025886206559312,1.0,-1.0,-1.0,-1.0,-1.0691026438093694,1.6018379666865068,0.9171505606318532,0.12982776120798153,8.01886483891044,0.6290375561151947,0.00010949304718194473,0,5.70881842870295,19.20437460366871,1,1,0
2025,-1,16,3.6777738325038065,3.768381256178106,5.447060147397768,11.048932847348777,-1.0,1.0,1.0,1.0,1.0691026438093694,2.1170349012803342,1.2119181895469409,0.16347356869056273,1.9389594817039704,0.8414634146341463,0.15677506775067357,1,9.410391587342238,5.436002107929699,0,0,3
2025,1,229,2.4613100354275392,3.664111421509984,4.805894259383296,5.400220560920105,-1.0,-1.0,-1.0,-3.0,-2.4560389419606996,2.679934855030183,1.7893287412770693,0.33962332904026216,0.7787544834293103,0.5807486631016094,0.10677361853831405,20,5.267763508010124,0.7349635999946945,1,1,1
2025,-1,719,33.402866077631714,3.6856728564939623,5.002570051120815,6.549267310302892,-1.0,-1.0,-1.0,-3.0,-2.5551608953966816,3.1641128957733176,1.1966821460970476,0.16431092606290298,4.761418225479243,0.695868591338984,0.21105027376804952,8,8.826469253474707,6.914827882122337,0,0,5
2025,1,105,4.506725704454015,3.872829673086025,2.5766857797793508,3.8526566188697995,1.0,1.0,1.0,3.0,2.1615208751540855,2.3118424908699025,1.3480712470260177,0.24233541763389513,0.4459670419083984,0.7665295792470688,0.1654539702625813,17,2.2240823320022485,3.5396437336501503,0,0,2
2025,-1,410,19.569772687755993,3.107875131933354,5.83428826995084,6.347828844959238,-1.0,-1.0,-1.0,-3.0,-5.070565518695361,3.125485542293292,1.8749054927128102,0.18234485544997672,5.726941080156615,0.6438742611499283,0.0,3,5.434926830026965,2.5517709027046824,0,0,5
2025,1,123,2.8763810032057853,4.392686382929402,4.431277334986215,6.282874822879784,1.0,1.0,1.0,3.0,4.5977670114185605,0.22377750462395724,1.0259648228816352,0.18931280624322938,3.912342440568217,0.8859349739536548,0.008262978264758924,13,3.21358743660399,6.163890570854903,0,0,2
2025,-1,232,1.1406570112852097,3.864572311410294,2.9985532748367745,6.098894709834283,-1.0,-1.0,-1.0,-3.0,-5.427461682757796,2.6969034800268257,1.7945104047725138,0.18361243547412046,4.619738841114157,0.6196109885702864,0.028072989773411033,9,1.7975579211881938,10.188784959589778,0,1,1
2025,1,7,4.819055460022217,3.9685575116961527,8.477369360647664,9.17400727077598,1.0,1.0,1.0,3.0,5.427461682757796,2.4758443747285153,1.626279488520063,0.19673584834709062,3.8887991015681496,0.7698969072164829,0.09512027491410535,9,1.8472483087821934,5.720246329911181,0,0,2
2025,-1,143,3.815876044672622,3.736428199987274,6.774890103006199,9.45268381755054,-1.0,-1.0,-1.0,-3.0,-5.979975266843557,1.6446159646573029,3.32575586487655,0.2401663173353654,3.7995566270904253,0.4093589743589781,0.1842307692307655,21,18.345327121153947,1.6369184164797517,1,1,1
2025,1,107,1.4741771931900216,4.094424632378351,5.117567577944124,5.795782537029775,-1.0,1.0,1.0,1.0,2.834896374010708,2.0767942858551485,2.170620444849179,0.4088680576659167,1.1670333016037597,0.9555538318336929,0.002171889543905458,6,12.410422611639813,0.0,1,1,3
2025,-1,127,0.7381526470245119,3.3319236265490986,4.477265046106623,5.127495069629573,-1.0,-1.0,-1.0,-3.0,-4.398059952837042,2.7216178414240564,14.108357503918578,0.580789280883014,0.7931764015106869,0.24378867206091506,0.6376963350785424,17,6.371326986284657,2.713348458230366,0,0,4
2025,1,228,0.07360133982922906,4.545197195872798,2.2198054648116465,3.431081046313133,-1.0,1.0,1.0,1.0,3.2972491215600157,1.3400003886616967,1.8945391391473212,0.34912292593200206,7.181682885848743,0.9693210617580365,0.011871415232752052,12,6.992674505631989,5.160028504977606,0,1,3
2025,-1,304,0.5217213187511697,3.8271067825433986,2.6110399954288446,4.763627115611856,-1.0,-1.0,-1.0,-3.0,-3.8321545979003893,0.9101599903169497,1.050547356825689,0.19670308422562569,7.299582394081729,0.5358230485654724,0.06603622375380111,13,6.069877133828234,3.2957992262896663,1,1,1
2025,1,299,8.702983909211072,6.2190106228312985,7.253965181547663,10.731610127939833,-1.0,1.0,1.0,1.0,1.8453392273427052,1.46550895467511,2.1269715512436567,0.22752600889485736,9.415348728845402,0.916918429003029,0.048002685464914756,14,11.840975486203385,7.9227105593585145,1,1,0
2025,-1,390,2.7594022094713844,3.314955268755939,2.1205179282790603,3.8553776943559983,-1.0,-1.0,-1.0,-3.0,-3.675102708357474,1.582818819040658,0.8068941966453419,0.2385172010429976,1.4520950313546452,0.5233064014915948,0.3271182929355908,23,1.3809050324012964,3.0587788889748513,0,0,1
2025,1,234,3.9445699331334936,3.3702326163098424,1.7097160421730444,4.665125458409405,1.0,1.0,1.0,3.0,3.102554018466121,2.92080293855967,1.1688367630044965,0.12606975442276697,3.7261329406300954,0.48122988916699044,0.0,18,0.7899702983914747,5.040116134914229,0,0,2
2025,-1,180,3.198337335519802,3.8270929814947925,4.319724567221768,6.0940452147945825,-1.0,-1.0,-1.0,-3.0,-3.115382386422679,1.187696734552312,0.5844753973229042,0.0923187052103224,8.011160919622231,0.6517933390264672,0.018146883005977457,9,1.6323335396771204,5.468058257356409,0,1,1
2025,1,105,6.425809050137158,3.912545599875121,2.1482769571873557,3.847163383208748,1.0,1.0,1.0,3.0,3.067433734940304,2.5575838948781016,0.7027422080461758,0.07996045588792183,1.9123067728427416,0.9992758870384412,0.0007241129615588354,18,0.5064559954410367,52.61554692542461,0,0,2
2025,-1,42,4.926224544325662,4.209264095094276,2.411870220165185,6.026764070185651,-1.0,-1.0,-1.0,-3.0,-3.1380980555056763,1.6499648249839451,0.49648314611173744,0.08213398540554154,3.5699130361107625,0.8342541436464088,0.0,21,53.87403012305086,2.0729739217256924,0,0,1
2025,1,204,10.507728237695488,3.2087930137434375,3.913158705004134,5.6906255259507645,-1.0,-1.0,1.0,-1.0,-0.6938187776272381,2.559042448028774,4.607598557386818,0.31657062142660086,1.9093316971480956,0.7663310095533196,0.12380583526980823,14,2.057465960397223,9.126047340029809,0,1,3
2025,-1,22,4.140618727255005,3.226714705288363,3.360201729796764,6.069326054306637,1.0,1.0,-1.0,1.0,-0.6925358330420417,1.6270699723251854,2.1183239469548116,0.34351190938524173,3.2148342777880208,0.6378079436902849,0.15495223730518434,16,2.591171287857019,9.161797747938394,1,1,2
2025,1,53,4.745632502318156,3.561938812305965,3.2484881108190113,6.027040035393842,-1.0,-1.0,1.0,-1.0,-0.12993663970230382,1.2654564489614781,2.553674879369939,0.3402355832712723,0.3446220983606588,0.5709975864843038,0.12630732099759306,21,4.893987741421711,2.105314114373929,1,1,3
2025,-1,285,1.1810458862727304,3.4752738704932615,2.2539850259010077,4.487649234763659,1.0,1.0,-1.0,1.0,-1.3634172926848427,0.27001091366132807,1.1247268742288776,0.2423695660151377,1.5737384399554697,0.812764244010468,0.020535534527878294,20,5.22163714619125,3.1708602906743373,1,1,2
2025,1,115,4.682404788542336,3.229982639102086,1.9634514154325398,2.5338127097524503,-1.0,-1.0,1.0,-1.0,1.1264233920815359,1.0055573589752875,0.539561678186653,0.18275583159248002,1.2699257771893862,0.7728164867517063,0.22669283611381957,6,2.4420426979442835,4.817392073353338,1,1,3
2025,-1,90,4.612791947960993,3.178145436800097,0.7802033533173581,4.097747760923741,1.0,1.0,-1.0,1.0,-1.4621973543571596,1.135904254728505,1.578177939213433,0.16091589133316497,0.7817854534857714,0.550032278889608,0.04454486765651671,13,2.1371584415851244,18.574582887670196,0,0,2
2025,1,59,5.121651536513191,3.0150306167915604,2.529280862791444,4.481445094449098,-1.0,-1.0,1.0,-1.0,1.0636549709261849,0.443698694854641,1.0046499680921976,0.1881154167603255,0.776728045980725,0.4916170903190754,0.027582477014634836,18,10.130568820708199,7.400124544376433,0,0,3
2025,-1,6,3.708875757249533,3.2520110305986143,5.9733401014998755,6.832065983486181,1.0,1.0,-1.0,1.0,-1.0636549709261849,3.309686612043566,3.414544381499783,0.2114194027777897,2.1281725099575,0.7541110766366761,0.014737821905057267,19,0.5870833485093482,15.101088353323789,0,0,2
2025,1,5,5.447074588538239,4.940786771763599,5.839063023664783,8.453691766367783,-1.0,-1.0,1.0,-1.0,1.0636549709261849,9.636949088309814,5.37939326535626,0.2348373330156,7.607437589853928,0.4833540888335506,0.03603154836031065,19,6.101761155608753,2.58210029062845,0,1,0
2025,-1,343,6.187645980234787,3.1012026691132486,2.1897584067671936,4.128636097882854,-1.0,-1.0,-1.0,-3.0,-2.4921314319808032,1.7032161370858134,1.385499048832048,0.17130433137622741,3.1954819571054007,0.2832498608792154,0.05731775180858696,0,3.322353530655283,2.8362372219316785,0,0,1
2025,1,182,2.7806522611657143,3.380439860017645,4.276953878531972,6.429580953817307,1.0,1.0,1.0,3.0,2.4634934218923377,1.0318177877003294,1.6571171156723346,0.15799050406290943,2.8416953648978827,0.576923076923093,0.22314049586776555,15,5.312021275011795,21.729791858153078,1,1,2
2025,-1,36,4.197491370724881,3.6582544699325323,3.0084301401108413,5.422329664914778,-1.0,-1.0,-1.0,-3.0,-2.8618294944227256,2.377705436851475,1.682915539862864,0.1828135111276307,1.5966854794755385,0.8148233664280523,0.030247056107147643,18,12.932882349434466,0.0,1,1,1
2025,1,824,19.526782646153073,3.1772059290404124,0.7750733525816986,6.661831453023301,-1.0,-1.0,-1.0,-3.0,-3.1901519171750063,1.4194065086664298,4.026909538167197,0.4081009439891892,1.4209781308970466,0.7100661278471883,0.04761204996325375,15,14.475381381271717,0.5828247661080176,1,1,5
2025,-1,170,7.978990916966995,3.6274945260998175,4.868110033185383,6.235032862998431,-1.0,1.0,1.0,1.0,-0.06861445571415539,3.1741657347271857,3.3592991448500666,0.2979108219152255,5.317389909176696,0.5915907873594017,0.22388859132297326,5,2.8971822188270586,3.820714347309199,0,0,3
2025,1,112,4.82480028387647,3.565694551224282,4.397905185699525,6.039237127486711,1.0,-1.0,-1.0,-1.0,-0.8668019749258264,3.974910420033709,2.8542253178553025,0.2815929568451438,4.191422254531278,0.30830922955561163,0.523008151459374,14,1.7816227790304011,14.6692492366893,0,0,4
2025,-1,69,5.22396758467665,3.6552183337847266,2.726168876156394,7.807119643350939,-1.0,1.0,1.0,1.0,0.9117044742473575,1.452925530961737,5.653506628998027,0.357425873830205,1.0274175298163208,0.6595046744300602,0.326226012793169,20,5.448626737088693,2.8115222263104256,0,0,4
2025,1,219,2.880660835086087,3.1970184620788693,1.8083994249190738,2.293602342818514,-1.0,-1.0,-1.0,-3.0,-1.2255467360374552,0.6450916727314333,1.591287536553636,0.21856549599643696,1.7495532638522664,0.7846909537454333,0.12648383135486618,14,1.396347328611287,11.655981546790073,0,0,1
2025,-1,43,5.574808072597242,4.693261177331011,2.0415622299351095,5.4660928158999225,1.0,1.0,1.0,3.0,1.2712014486893173,0.5426904826691649,1.509282534738637,0.26217926336283903,3.0478457762880278,0.9381729200652386,0.009135399673745222,18,2.8604717178831995,3.2705173056436774,0,1,2
2025,1,145,5.278547748980065,3.1795020431955274,1.550286956854163,2.483348483264047,-1.0,-1.0,-1.0,-3.0,-1.655985017554127,0.5120817498724743,0.692267596777648,0.20474992417240434,1.653404055130421,0.6607222469907237,0.10164957646005146,6,5.245170748302308,0.7975608669420027,1,1,1
2025,-1,111,2.2222096171121564,3.597203003875853,2.194769376900826,7.549664778136313,1.0,1.0,1.0,3.0,0.7705560495095052,2.13219660951197,2.7134718116934624,0.2286019889795935,3.2873774623520324,0.6804077010192394,0.022197055492645324,15,7.333741576473593,1.152490088874753,1,1,2
2025,1,124,2.1004515674727577,3.007955223500739,3.852390075677204,5.750465477926927,-1.0,-1.0,-1.0,-3.0,-2.0396876785278426,0.8444994986337967,0.9245493635438596,0.240217212779186,4.540724260632937,0.8700354448786698,0.04107970553485138,1,0.5410899575436922,4.99123531702705,0,0,1
2025,-1,218,3.131879480339848,4.037941280462803,2.9002091696614167,4.545357061223778,-1.0,1.0,1.0,1.0,1.77785762868455,0.5337333921452865,1.3616532997806623,0.28708406659017505,0.03712400370703632,0.8723046765611732,0.12769532343882686,20,3.5129446642595488,1.1601558393009193,1,1,3
2025,1,282,0.4522953595021314,3.513295608861555,1.842178074556,2.838515539082122,-1.0,-1.0,-1.0,-3.0,-2.333579564434959,1.2497116951184444,0.8107341168493986,0.12852188678959459,0.8103006026394943,0.5833842394624417,0.14111178985953715,19,2.767693489907267,3.006717905872023,0,0,1
2025,-1,207,2.344503690209639,3.476687227721843,2.8497000920748956,2.8604906948332394,1.0,1.0,1.0,3.0,1.876746531837568,0.7507966863320494,0.5988037297516733,0.10577818438178886,-0.04889315026081435,0.7587719298245537,0.0,12,7.243437342471897,3.7080434933022737,1,1,2
2025,1,135,0.3075669591046777,3.1277320208133745,3.9411487085270065,6.404068621357192,-1.0,-1.0,-1.0,-3.0,-1.8825262635088542,1.3299099249628057,0.9217642491919824,0.17340558822455898,2.182410455852381,0.9318637274549021,0.02748353850559903,0,5.274534924645287,9.232969373121938,1,1,1
2025,-1,20,3.4459998528423252,4.364915646945761,5.303931804366522,7.753641107076607,1.0,1.0,1.0,3.0,1.8825262635088542,0.34083161897978714,1.252519410783577,0.1850743899629808,1.8943508549906918,0.8578570463450935,0.0,1,1.7261115664129918,13.32177943439129,0,1,2
2025,1,22,4.348375674028871,3.0432050153454897,4.75434979128852,6.763790712331075,-1.0,-1.0,-1.0,-3.0,-1.8825262635088542,1.8362631896769352,0.8479846753187381,0.19727682931508292,2.0648067882434864,0.7498697238144855,0.0,3,6.092230946748032,0.9418599520424022,1,1,1
2025,-1,408,6.2661658723449305,3.769448600467727,3.4529617127683756,3.6267336968111032,-1.0,1.0,1.0,1.0,0.7809393034326637,2.0704979315737453,0.723752507668316,0.1187802671218207,3.539948366320159,0.4315626211709932,0.2725862737495174,13,22.185754500015836,0.9665526276602906,1,1,3
2025,1,329,4.139638597877847,4.878704077663684,7.100639329629083,8.290358785320695,-1.0,-1.0,-1.0,-3.0,-2.1209038485348515,5.412315988387529,2.6555098308813605,0.23271033355203963,2.2496169438947096,0.7777777777777803,0.010157837162056664,16,5.0824602380626756,2.857277053423387,1,1,0
2025,-1,158,1.716534261906075,3.419940117868887,1.4223713010081511,2.234821383487974,-1.0,1.0,1.0,1.0,1.0067868689027963,0.29530168643643057,0.5897982412337028,0.1776580521346665,3.027025786677196,0.7910391566264992,0.0,6,5.4869563400811945,0.7972750091001368,1,1,3
2025,1,186,0.5994886670704147,3.0750808356923853,1.2041993608576231,3.699283726069001,-1.0,-1.0,-1.0,-3.0,-2.1409655004371646,0.7049627904672126,1.0476804545485403,0.19804795722860483,-0.5120048560255414,0.5159954836281514,0.4309371471584305,21,2.7154538926537217,2.50396181062973,0,0,4
2025,-1,699,10.483135313375088,3.585741635973985,0.9033162702462628,2.9582774532974216,-1.0,1.0,1.0,1.0,0.8238551049704697,0.637944533943498,0.18896324663342423,0.06167936726694793,3.017738473540411,0.7241379310344828,0.02586206896551724,7,10.826462161476183,1.26497610538173,1,1,3
2025,1,364,6.643006195284014,5.273824193120768,5.582941753782984,6.553301015065981,-1.0,-1.0,-1.0,-3.0,-1.808957711558922,3.145258512440262,1.0059873221125297,0.10700386594680453,7.500914883558292,0.811542669584264,0.0,14,1.0890015964099227,16.74978983317917,0,0,0
2025,-1,19,6.8448607570885,4.406540057815179,6.028602414666306,8.545257553568574,1.0,1.0,1.0,3.0,1.808957711558922,2.4156289833690847,1.4943450685806212,0.12295642970276546,7.522987665399323,0.41571609632448064,0.0984971935542193,15,5.942055272330393,4.547967479607515,1,1,2
2025,1,250,1.1427357817652868,3.4210640997941906,3.4596198444972823,5.331634999617898,-1.0,-1.0,-1.0,-3.0,-2.0189946290004372,3.181500415415554,1.2047381419464664,0.12249346178277812,5.6131249977819655,0.5981988223068587,0.00034638032561765407,12,4.916480618278274,24.082350063560643,1,1,1
2025,-1,32,4.4097475056585305,3.701270361080374,2.2751639390812572,9.998691568738241,1.0,1.0,1.0,3.0,2.0189946290004372,-0.43302083662915963,1.570289058807297,0.15001800251302178,1.051264342221189,0.7146571335716958,0.26941826454337003,15,13.890879494033893,2.633259216305213,0,0,2
2025,1,106,1.360710908477096,3.024341845954668,1.6092255718555752,2.227585398077853,-1.0,-1.0,-1.0,-3.0,-1.9116830858667824,0.9151839149358372,0.6479514812597768,0.1963550306990143,-0.002414311437041174,0.7490576198168737,0.2504038772213286,0,1.205854876264847,3.671311911452293,0,0,1
2025,-1,761,15.958129045446261,4.115509544104704,8.330653586736673,9.650893184385945,-1.0,-1.0,1.0,-1.0,-0.3577786164563857,7.360751721675531,4.634066561245018,0.1579263077226363,2.5609843906820813,0.622085276482336,0.02548301132578729,15,19.185885001445182,5.999028873085258,1,1,0
2025,1,258,9.99959459664356,3.0235256594120408,1.3936613962726911,3.0895626134236984,-1.0,-1.0,-1.0,-3.0,-1.1213327697114983,1.6379101852495312,0.9650861112816276,0.10456617174635842,0.6426195619212064,0.5729877216916552,0.2387448840381897,13,0.4958313401338211,4.831886286722667,0,0,1
2025,-1,194,8.433231253092115,3.0551638603578124,1.2573925619115125,2.813351878686693,1.0,1.0,1.0,3.0,1.2264569977244049,0.5406434604579894,0.3171661604490814,0.06085836180823351,1.4734064419030921,0.9943820224723969,0.005617977527603048,5,11.82836177982754,3.2927647822107398,1,1,2
2025,1,216,4.6775815091585216,3.6119100493693908,4.624427173827135,8.855792025861872,-1.0,-1.0,-1.0,-3.0,-1.7206430031402973,1.8042927519074294,1.342581310337667,0.07438376126582273,1.9668483553430378,0.5757575757575758,0.3194805194805321,23,5.041269066688576,15.269282223078157,0,0,1
2025,-1,50,4.251534619318942,3.362853869687693,2.7712594326633706,4.565016441662158,1.0,1.0,1.0,3.0,1.3048221531783097,0.20217662625984167,0.6237356416030251,0.1044697112934692,0.24938543886709505,0.9534482758621191,0.045689655172438885,3,5.572565046381707,5.739822120922757,1,1,2
2025,1,903,31.793979771581213,3.0816747161280955,2.6419632435695153,3.677449407737003,-1.0,-1.0,-1.0,-3.0,-7.923949897620891,0.827933142334802,1.292676813265208,0.3454062464754467,3.2607390200431183,0.9951508620689576,0.0,6,2.0629349195574007,3.057564255772576,0,0,5
2025,-1,99,3.919981837559083,3.14057623744539,2.6195564827819315,4.583662671671522,1.0,1.0,1.0,3.0,6.721044130667327,3.3989855683356187,2.880103811950814,0.313913647378072,1.4367454104748894,0.454201907504067,0.4786755443584693,14,9.288912869321814,3.6289200061388622,1,1,4
2025,1,291,7.15241903855818,3.9408754332391407,2.54328668694899,4.668397368822137,-1.0,-1.0,-1.0,-3.0,-9.938713674908307,0.39089918999240936,3.4141972868536703,0.47241100663477414,1.6726472447843668,0.8934212810275853,0.045304634612056166,15,5.67053815557395,0.10218106416026565,1,1,1
2025,-1,566,19.24603761294514,4.288837701185748,2.8450288889481037,5.1554456219811495,-1.0,1.0,1.0,1.0,5.492190994130238,2.131808104256119,1.288111035839736,0.1632073942845101,6.668756143732274,0.7434757394162066,0.01739802822346791,14,1.007344573729743,70.62924525522256,0,0,3
2025,1,14,0.9835603762701745,4.129655350062071,7.866668323120025,8.237469375182524,1.0,-1.0,-1.0,-1.0,-5.492190994130238,4.044632238407438,3.397228406184076,0.19139139421679469,9.32082922102496,0.5337633541624673,0.007055029227978251,15,51.98594456175171,0.5407767382445205,1,1,0
2025,-1,279,17.19019901244972,3.0856561157335354,7.4475087944508465,7.682482264931491,-1.0,-1.0,1.0,-1.0,0.9020530323744279,4.004623684027557,4.036135488909933,0.3331822347379101,5.785899111138179,0.20816874114929085,0.32354475665200283,14,20.70165570068145,0.6809301130571863,1,1,4
2025,1,329,13.710422876633961,3.4629282938449517,1.3213423212592357,5.300562419741331,-1.0,-1.0,-1.0,-3.0,-6.213323540092123,0.7152339146803962,3.1955087744302526,0.5066144964591984,-0.13349263399063632,0.7196082197042427,0.1503744958709494,18,7.329536499807329,1.4893875990500445,1,1,1
2025,-1,512,18.88586775485577,4.27752936339034,4.044024419851531,6.699460194074695,-1.0,-1.0,1.0,-1.0,0.9935022359614657,1.8626754781215542,1.8665545365738148,0.27255388375086853,3.8228989052724325,0.8729342064234475,0.11131898971000129,12,8.25064321480172,6.57690161987978,0,0,5
2025,1,297,1.4681570770329044,3.3660858632929673,2.2951931222586053,4.944734208609899,-1.0,1.0,-1.0,-1.0,-2.1171934864173485,2.5416565617307714,4.151468903575349,0.33144468070482236,7.593688012870455,0.31727218070944585,0.320707721377646,13,4.5893776639742425,14.07911199266828,0,1,4
2025,-1,35,5.113715268910744,3.6936220182559256,2.5035951018597995,5.8609271444581506,1.0,-1.0,1.0,1.0,2.3500857184958193,2.7964070639511167,4.691190554231502,0.4465762409806111,1.6012562411663287,0.5733486943164442,0.0195852534562155,16,4.845354046986928,3.9506459273287486,1,1,2
2025,1,779,15.99984482195054,4.462999291081616,8.058078394120194,9.198886642100781,-1.0,-1.0,-1.0,-3.0,-5.152092291652523,5.504204308455232,3.5393778989594438,0.32693889582138946,5.747753809433852,0.4798401112269688,0.1669273548835639,9,0.9206201860106322,19.388985323966697,0,0,0
2025,-1,54,4.59007944283099,3.2075534281790654,3.199269705853072,6.104335684960841,1.0,1.0,1.0,3.0,4.383678529467141,1.0848839404273656,2.991984904864345,0.39176927040832193,1.927567881026852,0.7973954131612134,0.16272905382045608,13,12.714050082637439,0.7049610065781384,1,1,2
2025,1,220,3.0782509486030865,3.136108364194369,1.5413210883875212,1.8615429581643024,-1.0,-1.0,-1.0,-3.0,-5.662905758957695,0.5060150904029609,1.6248273569191156,0.36651266312512404,-0.026590964417840524,0.7891478514202203,0.060815731973768154,8,4.953980951630956,5.901810663227573,1,1,1
2025,-1,77,2.7085949888468197,3.5769644752740226,4.9740415603276285,6.714596796914716,1.0,1.0,1.0,3.0,4.918935591639875,2.6771301999034125,2.8577456703457838,0.42068242569566294,2.988459065001353,0.640531561461794,0.1601328903654485,14,1.0851147733342035,12.609967870914868,0,0,2
2025,1,41,5.0998754972352875,3.030818777205991,2.5422233782725914,3.1661399974078495,-1.0,-1.0,-1.0,-3.0,-5.095278702749587,0.23494539564453992,2.587635052838905,0.45122104780930167,0.9278399208344028,0.7163558617412941,0.02921962228293858,18,5.051153158213919,0.4953437800509856,1,1,1
2025,-1,154,1.9824787136550948,3.184494797534745,1.1730643276065722,3.0403313662288785,-1.0,1.0,1.0,1.0,4.48903827627118,1.1904310534767584,1.124265900973698,0.2936359534120661,0.4140447198831301,0.706172839506137,0.2932098765432099,6,0.15962053886363295,13.401840991359489,0,0,3
2025,1,26,5.467576257793112,3.0878194240629835,1.7885351583367086,3.493713248207927,1.0,-1.0,-1.0,-1.0,-4.297507002922636,0.22226622365168175,1.7948104232068565,0.29830935494199734,0.023049442414707563,0.8170144462279039,0.11637239165329188,9,6.6507610548466625,9.164826425603621,0,0,1
2025,-1,69,4.240044019809537,3.0797279035514133,3.540825012745006,7.445930961616743,-1.0,1.0,1.0,1.0,3.9699332634604008,2.456079092723421,2.693514278843997,0.34256296564637706,0.2808656085960642,0.35895157707679376,0.4069302532208061,14,3.575177635405312,7.35503964749476,1,1,4
2025,1,77,5.795290513643231,3.048653238414259,0.5264985075457411,2.078203436509118,1.0,-1.0,-1.0,-1.0,-3.898453208330008,0.6090026445482474,0.9883150452986613,0.315574828968015,-1.1145506264832716,0.824582338902102,0.07040572792364261,21,4.069228161356728,1.6152806706554939,1,1,1
2025,-1,137,3.0183801756458872,3.015890524226777,3.2872496716736963,4.452350821127639,-1.0,1.0,1.0,1.0,3.7130135896418994,1.4709810388245048,1.7522483699969407,0.22702328340928413,0.41011374829130814,0.5186116700200692,0.43460764587528905,8,9.393894753083849,7.792414143806851,0,0,4
2025,1,220,2.5348995907770693,3.5003023157740047,1.8947474628830627,3.5118385811374,-1.0,-1.0,-1.0,-3.0,-4.6388268021734005,1.0396311433093643,1.1478543361819333,0.23661215969050883,2.2798730712258077,0.4363569861009709,0.3686905632772147,2,5.4209830396678935,2.5235876656255436,0,0,4
2025,-1,559,24.834339494211388,3.6965873634612176,3.80417043758351,4.594365572101621,-1.0,1.0,1.0,1.0,2.6922476418347934,0.5996224077266035,0.5431090294432588,0.09333927652952805,8.291129016776061,0.8253058103975129,0.02408256880735004,1,2.984614256063878,5.835188949729494,1,1,3
2025,1,175,3.528278993393671,6.555305299406384,9.509329419470056,10.927317041412904,-1.0,-1.0,-1.0,-3.0,-3.2067638969358057,1.811806065180383,1.1665289732252877,0.17714039629271758,8.086395837401898,0.6688128772635782,0.0,16,0.3317984218953766,17.586651565367845,0,0,0
2025,-1,38,7.440394939023198,4.012736858664434,4.308189761449509,6.282106429596884,1.0,1.0,1.0,3.0,3.2067638969358057,2.8455448267551264,2.090547343278384,0.2249698842110871,1.5753745544083704,0.36719465898678116,0.11964916873935709,19,5.182268590322145,3.762292676914392,0,0,2
2025,1,105,4.467426539742584,3.5352214921609724,2.2158197056266618,3.749298161391474,-1.0,-1.0,-1.0,-3.0,-2.8941362283271044,1.0318692100718185,0.8017795132740092,0.20006425261070793,1.6104138885552355,0.7736665064872441,0.030754444978416878,4,1.180378788004047,6.986243933244994,0,0,1
2025,-1,30,5.948225999102125,3.5860485595264957,3.3767778272537563,4.148976832278559,1.0,1.0,1.0,3.0,2.8941362283271044,1.9499132680679383,0.8830338310403918,0.18983811798656208,3.0561090575086767,0.7359073359073584,0.08185328185327062,6,1.8731560022879328,8.42283073137635,0,0,2
2025,1,132,5.9665198905506,4.156279562357392,3.2643379700978343,5.451537775141578,-1.0,-1.0,-1.0,-3.0,-2.917747987478489,0.30514149747515545,1.177844173245257,0.2417916060917464,1.7718314543108002,0.4402912621359317,0.1720064724919141,17,2.765571894582361,5.573895167066034,1,1,1
2025,-1,94,5.443635221699047,3.625084009057286,3.5597935183859217,4.925193772013411,-1.0,1.0,1.0,1.0,2.609377518743388,2.7910757350222997,1.1147654507544345,0.18737765115150934,1.5740260245980435,0.5989782886334264,0.3094934014474625,1,6.207823051619252,2.084031966062999,0,0,3
2025,1,276,2.7064220526393936,3.0853258703203403,0.24937746056461108,1.5922783076362141,-1.0,-1.0,-1.0,-3.0,-3.235268186388566,0.7211878502454215,0.6379066909732636,0.18744745844176824,-0.4552428342854636,0.30070546737220083,0.2698412698412067,0,3.7864133288830573,1.852610333651966,1,1,4
2025,-1,407,17.89419582188561,3.218011407115118,5.756805267353417,6.891848024946823,-1.0,-1.0,1.0,-1.0,1.2372204458691258,3.4143868123850147,1.1381598984527674,0.17869809446477788,7.812349813547345,0.9244151169765706,0.02779444111179478,10,9.429079835544064,9.497511398900382,1,1,3
2025,1,46,4.846334424456787,3.4120983567180443,3.239720630484279,6.1577400301376715,1.0,1.0,-1.0,1.0,-1.4088712647170778,1.5451536835044077,2.06930967907915,0.18431832110413102,1.4013444339358008,0.5558404558404724,0.23532763532761045,14,3.027776290172189,15.116173128684617,1,1,2
2025,-1,18,3.6317324067494794,3.3503566391141066,5.0828554563051584,7.470693348523888,-1.0,-1.0,1.0,-1.0,1.4088712647170778,2.687327838494072,2.1084386382392855,0.22509007950375845,4.7182129814661335,0.7409500264877338,0.044675966802053296,15,6.7129486042913395,1.8195293340444327,1,1,3
2025,1,505,6.459269174398638,3.3397738523115144,2.127588559996988,4.096894028115717,-1.0,1.0,-1.0,-1.0,-2.0217174921373546,1.818727171318125,0.633898222244741,0.0897855011791429,6.600817236669223,0.30987292277611134,0.0009775171066062358,9,0.5434386154486556,6.68086550302824,0,0,3
2025,-1,63,6.8568712854196665,3.492648459159517,1.8882644364323182,3.3097124296406357,1.0,-1.0,1.0,1.0,2.0446434695688294,0.13075926585970327,0.4395190374631841,0.07372663985395593,0.34154421336237617,0.7294117647057845,0.2689075630252101,14,3.03996036729343,5.191515738831192,0,0,2
2025,1,143,3.9187471675220036,3.074016812857724,3.222739167999792,5.301507741040597,-1.0,1.0,-1.0,-1.0,-2.281011051758661,-0.06852728888109365,0.333041745422469,0.06413733906541516,-0.11378481015511611,0.7846410684474886,0.010016694490673241,2,4.511094401157837,3.776213614428435,0,0,3
2025,-1,534,19.00511224837786,3.053781814716705,1.7515157835856208,3.4866445897070193,-1.0,-1.0,1.0,-1.0,-0.7188055317146523,0.2541594253192517,0.8146254393476975,0.18218963042619835,0.8748812408828237,0.647420147420179,0.03931203931200403,23,5.209168028548204,3.5137461293594963,0,0,5
2025,1,148,1.4089627948557717,3.1912039089968856,2.491177218374091,3.2138940032684467,1.0,1.0,-1.0,1.0,-0.49582896262312603,0.28556801005568677,0.8188112438781407,0.1536605195974731,-0.029985548516801,0.8987626546681682,0.032058492688397056,11,6.313909872562793,4.439758621930559,0,0,2
2025,-1,191,1.8634157096844801,3.2668665812934594,1.0104335573056122,2.974242593984679,-1.0,-1.0,1.0,-1.0,-0.16519655290231386,0.39382926262549356,0.6649128198846705,0.1590160312984294,-0.14381049037516364,0.8096313017305943,0.0,3,0.6507509900875291,8.667772066636932,0,0,3
2025,1,40,5.9205125517172625,3.0759297668444527,2.633837131375685,3.6785389935463924,1.0,1.0,-1.0,1.0,-0.009928256153504024,1.2315387320874016,0.7540951465147299,0.14174348964925396,1.1468123556507466,0.4380952380952885,0.29004329004329005,6,3.309159395853344,11.807299140167165,1,1,4
2025,-1,79,3.649040927139212,3.0929895899962903,3.07811442801257,4.109972412672612,-1.0,-1.0,1.0,-1.0,-0.5425351204484907,0.11149806678376095,0.9104764211940529,0.1311348824114497,3.598232981440494,0.29756599245801774,0.6386698663009607,13,13.417645705772653,4.525509130691259,0,0,4
2025,1,153,0.832359435827748,3.261173238892385,0.8936123787750051,2.9047506722099494,-1.0,1.0,-1.0,-1.0,-0.1890802246290315,1.5685721258113046,0.5794478645825859,0.1678130261929606,0.29957578250703126,0.43253333333336436,0.07093333333334885,2,1.1270541502294726,2.3602800682343297,0,0,3
2025,-1,110,4.425898611063155,3.344182307158612,2.18501712781519,5.457587110588265,1.0,-1.0,1.0,1.0,-0.15677986990337048,1.3061341952587673,0.7258748143657886,0.12770771393383354,6.008800867954175,0.7968441814595834,0.0,11,10.627743102094914,5.622477062914139,1,1,2
2025,1,121,2.9985085217516723,3.830110738528118,2.5411207523647668,3.6053329058696275,-1.0,1.0,-1.0,-1.0,-0.0829023756599764,0.20328036603882396,0.6720997254253015,0.1633896912731447,1.1933147043386847,0.8478024959305681,0.016820401519254576,21,0.000698301938035922,12.37391034127628,0,0,3
2025,-1,71,6.942497777684627,3.0730394891529382,1.6342873468537,4.120370416401823,1.0,-1.0,1.0,1.0,-0.03690835697298987,0.08697660851613179,0.738045327194374,0.14304034029132634,0.08874359299982042,0.4323962516734159,0.5381526104417491,3,15.99877056069334,0.7309164810632334,1,1,4
2025,1,566,29.351494673093487,3.441875435563416,0.6638660967809318,3.661420602318838,-1.0,-1.0,-1.0,-3.0,-3.1294931139700446,0.30980398943196186,0.8208040293874231,0.147891099091608,1.3787188873474674,0.5469897209984849,0.13362701908964822,2,2.2378056677287477,3.218572349264302,0,1,5
2025,-1,131,3.2672961531660754,3.0552472770909658,2.7880130029150747,4.910410321074134,1.0,1.0,1.0,3.0,2.7293101431449713,1.9675722025346059,0.9107629902242472,0.12129815511126521,8.182122489593453,0.3795546558704342,0.10070850202429589,13,7.341701145631929,2.932495449456419,0,0,2
2025,1,280,1.9703909486067175,4.983274115501977,5.229976778246169,6.1657146484178815,-1.0,-1.0,-1.0,-3.0,-3.2697716310242395,3.2199159357610387,1.9054229738970205,0.18311366555047534,8.737037598170755,0.5056375838926136,0.0,12,7.129148776903324,8.0068563915604,0,0,0
2025,-1,304,1.1671023957623592,4.2978292055183065,6.151246653930797,7.28684122348583,-1.0,1.0,1.0,1.0,1.8107594436619299,5.0015237030426185,2.150878431075571,0.18408062767976482,5.008237035137343,0.5618085618085719,0.048340548340562,14,1.6666327237573193,17.828834742014052,0,1,0
2025,1,8,5.08593487934825,5.118123317777639,8.229102119403906,10.47167223579489,1.0,-1.0,-1.0,-1.0,-1.8107594436619299,3.6008742591867744,1.4612148162226077,0.19950143914515256,4.721735173358068,0.9255576076147256,0.00014206563431065446,14,7.19525945036219,1.4187081505550383,1,1,0
2025,-1,178,0.32354889348988586,3.1840604247975834,1.222052915276233,3.155330425250877,-1.0,1.0,1.0,1.0,1.2796600363456214,0.14852171662257602,0.6845288675647828,0.16305349040762582,0.3156175727770225,0.4220963172805032,0.34702549575071534,5,2.2983630857369706,9.746546059522052,1,1,4
2025,1,42,5.125505390568999,5.496383292897649,4.526420344917998,7.538307886255007,1.0,-1.0,-1.0,-1.0,-1.3636525126690544,2.8796716207334474,1.2323122662707648,0.1638416897382847,5.942446113262294,0.7225570776255549,0.00018264840183711555,9,14.420986260184819,6.0774565383774,0,0,0
2025,-1,143,0.04168608169761461,3.4547934346483697,3.157453470122661,13.543344764872817,-1.0,-1.0,1.0,-1.0,-0.5559172957883602,2.5966244439770247,2.3310188506609295,0.3313733124461057,0.9463754042652558,0.9706856575024885,0.0,21,9.126401561407384,0.7168580886805149,1,1,3
2025,1,320,9.531979964438767,3.3360664231742434,3.7196961423897634,4.08690752463347,-1.0,-1.0,-1.0,-3.0,-2.957144212700759,0.522187947477727,0.6956602277459668,0.23225761973762904,6.408178860878158,0.902371632512069,0.03638038222427539,23,3.6322894894331927,3.588844762519807,0,0,1
2025,-1,133,2.695014369568091,4.450266644947636,3.843690629479751,12.710596387752757,-1.0,1.0,1.0,1.0,1.4139041026118004,1.5587798231784886,1.5749668618298922,0.216321505451876,1.4511840753142544,0.8370691732947886,0.11713665943598928,10,4.461216294598218,12.114944928755621,1,1,3
2025,1,81,3.6388248677860346,3.708479330395344,2.7396840545479653,4.097380027164977,-1.0,-1.0,-1.0,-3.0,-2.1882397448836213,2.0405358055233087,2.3820195182562123,0.3571477344404895,1.937728480673282,0.9206744868035105,0.027272727272735806,17,1.4595231705633067,2.7210490117865844,0,0,1
2025,-1,229,7.9378268605757665,3.778801811861688,2.720781337918387,3.047018507436448,1.0,1.0,1.0,3.0,1.6891533724995684,1.250499261741215,0.7592958324140783,0.13118228493272271,4.208582121167187,0.8239564428311553,0.0,12,7.793952603232178,1.0602708009334982,1,1,2
2025,1,134,0.6708500588655426,4.0875118564518536,3.911876714566695,4.568573818603849,-1.0,-1.0,-1.0,-3.0,-2.114915376852764,0.6978587340577653,0.6019232623777295,0.126846033910384,8.901719336595983,0.7115613825983313,0.00023837902265988264,23,2.2314492112759536,5.227157983284898,1,1,1
2025,-1,98,6.630330748214712,3.849200982332648,1.2281006873358313,3.048468532610074,1.0,1.0,1.0,3.0,1.960171911047962,1.3644166602895778,0.41073887787563,0.10243383178438438,1.2625362552275556,0.722966934763167,0.18766756032172557,8,8.885184838577178,2.7541011578891257,1,1,2
2025,1,362,12.141687598048586,5.043823928640898,9.14710917605363,9.849486290220916,-1.0,-1.0,-1.0,-3.0,-6.136064601876544,3.2084032252163466,6.442694099367617,0.48102656589132586,6.6376097054131336,0.6944749560632678,0.015817223198595597,14,4.366657868315828,5.925637067755238,1,1,0
2025,-1,297,2.9871507823638215,3.776035106204254,3.952909049528532,7.336739729276793,1.0,1.0,1.0,3.0,3.3538879968446684,2.5077131139036677,1.5518830402873762,0.31206041691737807,3.578009082290758,0.9349189754312736,0.019602718243596894,14,9.152643070032706,1.5299343107156123,1,1,2
2025,1,199,2.745311942374245,3.1557586317248196,1.3703495827128465,3.9056027594304443,-1.0,-1.0,-1.0,-3.0,-6.465430729361076,0.7132562216436785,1.8397356232562372,0.36213237143221083,0.3192938842266375,0.5720000000000106,0.23272727272727273,7,1.649245173601605,7.409184266345739,0,0,1
2025,-1,42,2.582676192598463,3.1688823768153687,2.7629351807701736,5.073280445117785,1.0,1.0,1.0,3.0,4.575530991090485,1.0022638431279176,3.1794066615938017,0.33763840155609415,8.076443531353098,0.7921598902041497,0.004031566306396533,11,1.9490503096069094,26.144546090476883,0,1,2
2025,1,36,4.806406984674016,3.7553096862144075,3.0135408872162643,4.716150617685735,-1.0,-1.0,-1.0,-3.0,-5.481667195152513,2.9427439847695873,2.9281524724166386,0.37617612051985977,2.0314132953216544,0.6279687499999909,0.0,14,18.746758308562047,4.434823224733566,0,0,1
2025,-1,302,13.229402154804626,3.3517330219255554,4.0372759306334745,4.895830299297349,-1.0,1.0,1.0,1.0,1.5015849988013863,1.4245924883397765,2.064277350185031,0.2813440773155676,1.7000795692937138,0.9252713961121133,0.02196415046704691,15,10.006189063212153,0.10351989565726859,1,1,3
2025,1,153,0.3713299295985965,3.081441074081855,0.8478538470859979,2.734074155268832,-1.0,-1.0,-1.0,-3.0,-2.882541845791065,0.8979153798879962,0.9343808988084826,0.2553136981033234,0.2073964733222946,0.3077642656688117,0.14873713751164683,3,10.409841916709775,1.6331730193440666,1,1,1
2025,-1,625,23.70171750545938,3.1695831306584936,1.8807840611619397,2.9402968274956507,-1.0,-1.0,1.0,-1.0,-0.30924536889346976,0.46043967505149164,0.6384700338263433,0.17925359194226778,0.17151474962680716,0.5924834193072653,0.26086956521746124,8,5.607277744625382,4.10304756481497,0,0,5
2025,1,196,0.6815057200894123,3.176286779199425,5.237967716526866,6.860554771806488,1.0,1.0,-1.0,1.0,-0.13411099100094134,5.144987267160487,2.055950951199939,0.24640353555133634,4.646164189196096,0.4119829600109992,0.0,0,3.8064704590798017,3.5435423913853965,0,0,2
2025,-1,185,2.4445703628286757,3.776185061990656,4.264615450482146,9.060420530618767,-1.0,-1.0,1.0,-1.0,-0.6395229644951791,1.964264929146905,2.9706373999624436,0.26089739974034887,1.1881162393631919,0.8041044776119403,0.06007462686566621,15,0.4840642792200629,6.392576662819016,0,0,3
2025,1,141,8.398414988041095,3.5827179330285346,1.4507044200606003,3.910060643669877,1.0,1.0,-1.0,1.0,0.4035056186034559,0.6192703711229587,0.6086179745327485,0.20042231969501761,1.867438618527498,0.7194679564691909,0.06650544135429497,3,3.7708959310642918,1.2869812287599318,1,1,2
2025,-1,147,2.918572330347516,3.314838414066969,2.784629578137341,3.4399717992514214,-1.0,-1.0,1.0,-1.0,-1.0552691390190532,1.5543894008725716,1.1381955040030813,0.20525653620731293,0.5338489488116863,0.32092198581556874,0.2757092198582005,15,6.840853009875052,2.098819692357497,0,0,4
2025,1,271,4.913832705138151,3.489989621573949,5.021985999728046,6.297378624608182,-1.0,1.0,-1.0,-1.0,0.009589414364583373,0.8207233798554072,1.2909568614421705,0.1742296111092157,4.137078536560387,0.8064220183486038,0.06307339449541284,14,7.57957334348768,8.03327301324502,1,1,3
2025,-1,43,3.5676830465110676,5.0604221859629135,10.953716149463848,12.187602896621803,-1.0,-1.0,1.0,-1.0,-0.5589677605460102,5.299620151280287,2.597581391698033,0.22238309595279865,4.017655764581903,0.8959225470117145,0.03090672128096377,17,0.08103459372753859,7.591860971020681,0,0,0
2025,1,151,10.122321266145423,3.355741664378498,2.2504232473069865,2.956258644629282,-1.0,1.0,-1.0,-1.0,-0.03593523794588506,1.1193064484198323,0.7232640360161525,0.15470185311685614,0.6139565080495145,0.7253164556962394,0.03417721518983658,6,3.2343150132713716,5.500016083031222,1,1,3
2025,-1,96,4.873190129577029,3.577729924182185,2.5615787962032295,5.846417680780646,1.0,-1.0,1.0,1.0,-0.3610803407267389,1.2350092385870919,0.8790949207509193,0.15208676056079964,1.9092115670013083,0.5525487728131285,0.3820012586532367,14,1.6486882187859595,11.99765461874174,0,1,4
2025,1,22,5.625217413958594,3.338720718024877,2.790247594277765,3.6609334200905277,-1.0,1.0,-1.0,-1.0,0.3329861194127725,0.21159005618075444,1.3886142504460464,0.1686454093166584,3.1132964368675755,0.5526729559748211,0.3211477987421343,16,4.092083624365448,2.8363673892245473,1,1,4
2025,-1,277,6.174008972050804,3.8377483774272134,2.963578859347617,3.348175839713899,-1.0,-1.0,1.0,-1.0,-0.41464931037194025,0.3963756672549617,0.7165250967915752,0.08695583586234536,3.889377511102602,0.7020905923345276,0.11324041811846403,15,0.855114562729335,4.597434116364867,0,0,3
2025,1,132,5.769111060924378,3.065546981283165,3.1736644369692772,4.08182574780572,1.0,1.0,-1.0,1.0,0.2613248797579217,2.6079003714534847,0.9961160512574639,0.07228520349634455,0.7740670785440165,0.3465517241377805,0.01379310344832604,2,11.500654297839528,2.0482631003394376,0,0,2
2025,-1,172,3.630676669693986,5.766308107028141,8.036891267311905,8.626134497246984,-1.0,-1.0,1.0,-1.0,-0.7882772140186792,0.5512333062700374,0.6106334203153746,0.08560368477283374,6.647106361126806,0.8616033755274344,0.02812939521800281,16,0.0,9.383732935734914,0,0,0
2025,1,55,9.1757672414143,3.215251577921479,2.2885611806185784,3.0791550430141705,1.0,1.0,-1.0,1.0,0.7147812873719998,1.589611478633997,0.4376649257735193,0.08169494109534019,-0.6289459887782073,1.0,0.0,21,0.31709844571567775,4.442247909213324,0,0,2
2025,-1,112,4.796074752262702,3.7376543903272403,2.9300900427850194,3.6597622713383213,-1.0,-1.0,1.0,-1.0,-0.7590421365652638,0.3358834187706657,0.3334993707876875,0.06196630188846668,6.312704039383511,0.7590011614402663,0.0005807200928645212,6,19.522532489994063,0.14061391904431317,1,1,3
2025,1,161,3.303036342457511,4.3740029705667505,5.20995936465638,6.032348005023265,-1.0,1.0,-1.0,-1.0,0.3643359625356408,4.268032475785889,1.1849511686622904,0.07864589447852184,5.758837801249621,0.6963931827189658,0.030915576694422593,20,41.03105145408339,3.8527934117009623,1,1,0
2025,-1,806,35.238886968009524,3.737679797464768,3.9239788638008593,4.891924175128139,-1.0,-1.0,-1.0,-3.0,-6.559212831978093,1.6031191118974173,1.7003555235437522,0.2368258172248813,1.8835802646642272,0.7732397362263252,0.07785577536695462,15,1.4743537854654338,8.96516991286124,0,0,5
2025,1,21,5.907289557884803,3.1267086246399503,2.0269008900297143,3.9232013813419297,1.0,1.0,1.0,3.0,6.193132561762017,0.10005580501205547,1.1869091876726001,0.24661045954546798,0.10792468147180106,0.4362545018007133,0.48187274909963285,17,1.7765113838792783,3.7458962042751094,0,1,4
2025,-1,128,4.9935214001449095,3.179252309206397,1.7622077681462236,3.5969417743691614,-1.0,-1.0,-1.0,-3.0,-6.469824675802077,1.338705612403511,0.9321431180298305,0.17977822780246383,2.7819348319739796,0.8715596330274897,0.029488859764087997,3,7.085393886821977,0.947036827779263,1,1,1
2025,1,137,1.9949263454527222,3.2637770368217303,1.9865038578664942,4.370669451059833,1.0,1.0,1.0,3.0,5.533853295852902,-0.48771667622858966,1.4264419749438642,0.1781580895200878,0.9791619015244915,0.7699033594109557,0.00046019328120487543,15,1.7783480932322762,4.061443835389565,0,0,2
2025,-1,500,9.17449063245699,3.0663388342077047,2.177841493025852,4.154788219756206,-1.0,-1.0,-1.0,-3.0,-6.4433007386968395,2.40942720845686,0.9840881594949682,0.11933964386269338,3.1746495361914557,0.4951383694839082,0.11967090501122175,8,3.849001495837526,0.9671394058825267,1,1,1
2025,1,162,2.9651925010531253,3.458189764105545,3.6545632680529003,5.270205831103113,1.0,1.0,1.0,3.0,6.161426994609949,1.60444587006808,0.9514147511036097,0.0941495836075479,4.485420804553216,0.3330219523587154,0.3736571695469305,22,7.625743077301135,11.391458960880167,1,1,2
2025,-1,44,2.3285439723666324,3.074144406557416,5.244255552947257,10.574267328852926,-1.0,-1.0,-1.0,-3.0,-6.371999333646812,0.8952201387797899,1.0230765985867323,0.12147854790702306,3.8115337859301257,0.7300221975582561,0.06992230854605298,1,4.247558226932577,3.0285947720257553,0,0,1
2025,1,201,1.4950056531864033,3.262556171576268,2.287499585368705,4.127256360899807,1.0,1.0,1.0,3.0,5.651921628459392,1.174489238149636,0.38288245476691946,0.09778744679752577,2.7123159672845536,0.6567915036332826,0.000558971492486394,18,2.064170241962977,17.64410225207378,0,0,2
2025,-1,45,4.846102049991486,3.7449337306370234,5.83854266792332,8.390532828319534,-1.0,-1.0,-1.0,-3.0,-6.050319298822854,1.028353073580396,1.1703868067196181,0.09553234785358579,3.135545165257337,0.6410903584048272,0.2766279656739086,22,11.903705634429546,7.073232570547159,0,1,1
2025,1,89,2.8738387711919886,3.1043274754710195,1.0876740470507915,2.6019202594292907,-1.0,1.0,1.0,1.0,5.469293953967176,0.9685626739298443,0.6191696469411235,0.12490958367474536,-0.5538386275173345,0.8035190615836547,0.06891495601169047,5,11.59732452667909,0.4078777676440468,1,1,3
2025,-1,97,0.06055261690088116,3.851185342298866,7.393542560250707,10.577657696164293,-1.0,-1.0,-1.0,-3.0,-6.5684827059136985,3.253882175078963,1.3367874370097304,0.15650213886779205,3.401258659742618,0.8387376954256061,0.0275043427909663,13,3.7297690545038855,6.523353829730674,0,0,0
2025,1,67,4.5438069714517555,3.252672228957119,1.262061775537894,6.121223949409469,1.0,1.0,1.0,3.0,5.239926622734329,1.2859977083750342,1.0365406717635728,0.1646504670082497,-0.5330668285583796,0.7441595441595773,0.022792022792022793,19,4.234861427617611,3.2721307080351143,0,0,2
2025,-1,310,1.5175744369151674,3.899502726625847,3.055363947205058,4.760649779742466,-1.0,-1.0,-1.0,-3.0,-6.1359677577396985,2.3555730230724183,1.372630658009952,0.14677107348218335,2.296645752772116,0.9785067873303006,0.0,21,5.003952627145223,5.617624497448595,0,0,1
2025,1,169,5.833481732899733,3.084067558286527,1.5379444581981534,2.1920575442165804,-1.0,1.0,1.0,1.0,5.420311989667662,0.40536339227437607,0.517979286200945,0.1080734666229971,3.2009176458960247,0.8102189781021482,0.0,11,1.232302331695539,21.529275649637075,0,0,3
2025,-1,14,3.4002415281225904,3.2108997571949276,5.733134512390709,6.971404288140139,1.0,-1.0,-1.0,-1.0,-5.842911984888154,3.772019491273728,1.4956475859679157,0.11649283614533483,4.636977064348989,0.8993243243243145,0.0476351351351548,12,14.288287662025223,2.7338305548300883,1,1,1
2025,1,166,2.5288898213346656,3.8800477179704216,2.157561040417767,3.362711934172158,-1.0,1.0,1.0,1.0,4.835602621550215,-0.07199220835377126,0.5031701640096992,0.14218689905164952,5.83407263164771,0.7538011695906943,0.09824561403501963,2,10.835981590830341,1.918161447131959,1,1,3
2025,-1,526,13.571155186659526,3.113005216339218,0.4164491284733435,3.476237572408659,-1.0,-1.0,-1.0,-3.0,-6.522576276959324,0.9235968175128292,0.595779101288123,0.13031990478150787,-0.5426628859257115,0.7355769230771316,0.0016025641024243298,22,3.011308678979411,2.5193582772142724,0,0,1
2025,1,820,14.632277012691796,3.1623165227195544,1.163251865285443,2.9612192513859807,-1.0,1.0,1.0,1.0,3.227458801987807,0.5715171536781251,0.5317482569550962,0.13419455904736988,3.3056102518512214,0.30254424778758965,0.0,18,3.298633078436404,7.326363167771689,0,0,3
2025,-1,23,4.8330650693918695,4.153034175661574,3.1249451361110276,6.355080035995861,1.0,-1.0,-1.0,-1.0,-3.701462212174747,1.089875263621865,0.5730320506750541,0.13168267926855234,1.258440554475325,0.9455414012738668,0.0,20,0.3018137068279423,10.629021053328573,0,0,1
2025,1,16,6.337806183835957,3.142276578409047,1.5878512274282883,5.431491100371828,-1.0,1.0,1.0,1.0,3.701462212174747,1.5665686500261988,0.5780006831550004,0.131918850898752,1.3409949469667435,0.7558066541117798,0.0,21,3.207699456920623,6.424198089408905,1,1,3
2025,-1,53,4.6962434608100905,3.08885870376078,1.4323123995448017,6.492703080578134,1.0,-1.0,-1.0,-1.0,-4.01355653468024,0.8845302897207118,0.8618319360852449,0.12692318226027685,-0.2999816210477421,0.9976608187134843,0.0011695906433429328,2,1.5620660067506629,4.037429984222317,0,0,1
2025,1,159,2.785930194793869,3.222920974623835,3.1874984392290373,4.561071911140155,-1.0,1.0,1.0,1.0,3.1137459432104357,1.757988564415119,0.6139485544191947,0.13084325577858652,0.4342155159557031,0.5683741648107163,0.25077951002228466,15,17.837063509358668,3.593106605640532,0,0,3
2025,-1,319,14.670641245009225,4.836040810919248,4.903108181423607,6.7636260939923964,-1.0,-1.0,-1.0,-3.0,-5.568196615946438,1.303223182312579,1.7540185132501922,0.14011924112864713,3.677693597506536,0.9210720070681706,0.00809895449860102,18,1.6187472921830064,17.957233863053517,0,0,1
2025,1,40,5.713281182001686,3.6380914086585756,2.377600069358548,5.85347283072389,1.0,1.0,1.0,3.0,4.822104218223614,0.9082658518315082,0.5100817844637529,0.1638153313610854,0.7204975330136623,0.9424275760909525,0.017968463512996816,21,14.285088941310093,1.7005309856200217,1,1,2
2025,-1,1167,42.14715005538116,3.6705796310968064,3.319944755018544,6.33345263299403,-1.0,-1.0,-1.0,-3.0,-9.64883808197818,0.4002403772544518,1.2785041234662122,0.15192854442352594,0.5694683766498282,0.7969121140141874,0.09342834520983878,22,0.10998667993456683,10.55554246793811,0,0,5
2025,1,26,6.024472617434934,3.0537561487113276,1.8197930004970388,4.5960947430096395,1.0,1.0,1.0,3.0,9.301768710339157,-0.286298507823713,0.8742031994806346,0.14975269523640405,-0.15462541205335945,0.6271386430677779,0.37286135693222205,0,8.193538169255513,5.843131841244998,1,1,2
2025,-1,163,4.426125144083424,6.186179372100159,6.800263491629949,8.464877871002313,-1.0,-1.0,-1.0,-3.0,-8.600624509275479,1.2649200398455973,1.59778539859359,0.1966721536558867,4.556239441635691,0.660463930665313,0.06856997196023239,14,11.0129385282961,2.71605379739087,0,0,0
2025,1,226,0.19591091809513503,3.110687002620828,2.9913407252345223,3.861398276895543,-1.0,1.0,1.0,1.0,7.134319944816019,1.3014243750703929,0.7197834426598736,0.16377892660553728,2.3956310125249027,0.8527702440914408,0.0,9,7.132104420078434,2.3503391412557577,1,1,3
2025,-1,265,2.9493873144176446,3.012350298650646,2.860126554453309,3.2043099932991796,-1.0,-1.0,-1.0,-3.0,-7.527618556122257,1.147398257113526,0.563326035312518,0.12792217228199393,2.7618785950909333,0.8826271186440802,0.0,7,4.298888973540859,7.392757687561979,0,0,1
2025,1,64,4.463978775238558,3.2978415982891063,0.9886014410450792,2.1694102459104245,1.0,1.0,1.0,3.0,7.701373506101259,-0.3424377458453973,0.7475366891928832,0.12888008758229663,-0.16454546300261444,0.8891708967851264,0.057952622673420405,12,1.2508378443967483,12.032329973110574,0,0,2
2025,-1,19,4.7853685820579654,3.4965146064714188,2.3992163256755266,7.336128111533288,-1.0,-1.0,-1.0,-3.0,-7.701373506101259,4.193236806530809,1.2956125739304574,0.14835052151618533,1.4296901149139356,0.8875198728139815,0.008346581876016583,14,4.310489663254161,3.1294977991591333,1,1,1
2025,1,306,1.348647186860943,3.2722448035249854,5.065461208826292,9.925356227707761,-1.0,1.0,1.0,1.0,6.005640533533788,3.114712808663853,1.4398483314045736,0.17511495450346176,1.502162927066592,0.4328593996840722,0.20734597156398343,15,6.098833026203253,3.114521708030247,1,1,3
2025,-1,199,1.7901782614453112,3.429170152637129,4.204349927465549,7.246571293214891,-1.0,-1.0,-1.0,-3.0,-6.7489144567687145,1.9120143098392743,0.8429245144383943,0.14350112206371354,2.522237090451632,0.9399319984888217,0.00037778617304806147,8,0.09397083774209422,9.776347371133545,0,0,1
2025,1,82,5.945336635843572,3.0102072054067777,5.137836699181423,5.145275978329941,1.0,1.0,1.0,3.0,6.675225778581332,3.8108150895391333,1.3430183147843837,0.14209364975837518,3.2388498870019466,0.3436152570481122,0.0,15,3.1339654158228916,4.728676346015072,1,1,2
2025,-1,111,5.584454582067035,3.336793226063362,1.4307149609062253,2.8954380717953203,-1.0,-1.0,-1.0,-3.0,-6.349453183636907,0.45031192346917664,0.5993856128566266,0.12248250271017133,4.816723033907345,0.958850931676997,0.0,0,5.454749079806806,3.374715720390834,1,1,1
2025,1,350,2.107607266091488,3.095354821415062,0.4386522511939716,2.0219532762134964,1.0,1.0,1.0,3.0,5.9795207935381764,-0.9631978737332612,0.35018942469155334,0.07450119687479935,0.40729039837172654,0.3533190578158128,0.3201284796574511,5,11.20120585815031,1.6429992603891888,1,1,2
2025,-1,173,2.499311438782848,4.659593480704141,4.09145629934341,7.305207451963064,-1.0,-1.0,-1.0,-3.0,-6.191865637869951,4.663226436522874,2.247355051208749,0.15740043309877844,3.7624129917065634,0.5256929810342006,0.0,20,1.2877100684102467,22.123693715846855,0,0,1
2025,1,29,6.466956629094708,4.338814462802209,4.943077940613361,6.223500086104841,1.0,1.0,1.0,3.0,6.191865637869951,4.149994108130078,1.6148697791260658,0.16742942210157802,0.7424604322325757,0.9283276450511886,0.0,22,12.024932987867254,14.216610698475243,1,1,2
2025,-1,62,4.241759267827479,3.080114870939337,1.7438919250322338,4.675966222966531,-1.0,-1.0,-1.0,-3.0,-8.210959413280206,0.14351488475967988,1.1809122648482597,0.204155132016655,-0.6851505628396676,0.9026104417671031,0.0,3,9.281762341469058,0.35414710440836583,1,1,1
2025,1,135,0.4622317461616749,3.955600247731433,3.639381905438821,5.999435379298164,-1.0,1.0,1.0,1.0,4.9256884828023715,1.4326395590459489,1.2383933702351393,0.19040562602993016,2.096989107177418,0.8718440396292535,0.12815596037074645,14,7.886671647160111,0.20112373687948445,1,1,3
2025,-1,258,4.93763000278437,3.2617457788718607,2.5084145411098238,3.4774385718490395,-1.0,-1.0,-1.0,-3.0,-6.370973681038458,1.1131933432350207,0.573604133055369,0.1434168723139657,2.809376552118476,0.872890295358623,0.06118143459918494,12,4.341307522329452,16.54129344779633,1,1,1
2025,1,57,3.927865021890288,3.6356134972871086,2.112651675132763,4.028610262146422,1.0,1.0,1.0,3.0,6.416959747049133,1.4504893923282678,0.7707685623089623,0.1577643729954995,3.430295622574766,0.9365935919055551,0.0,17,9.54860988451285,3.258628783046045,1,1,2
2025,-1,297,2.9399612162306843,3.539421612160932,5.97360860171911,11.838431431809289,-1.0,-1.0,-1.0,-3.0,-8.798325190716625,1.8294533264885293,3.1481491814500973,0.27438566734783826,1.9092543785360137,0.5186208903113224,0.3228105906313588,17,0.39464869833842636,15.887870249542708,0,0,1
2025,1,21,4.45735711467538,3.5701163339058697,5.521509709608833,5.63974888682364,1.0,1.0,1.0,3.0,8.798325190716625,2.0948664246825746,1.703312994558636,0.28429346126554117,1.227458877028918,0.8669986639135192,0.1162395238673591,19,8.791927391473864,1.996098197761279,1,1,2
2025,-1,415,13.90418560417241,3.3271873868583817,1.7003821845071936,2.463119898236237,-1.0,-1.0,-1.0,-3.0,-9.282980403450594,1.2828462072355606,0.6791804635924867,0.15063332909400878,2.315576186721289,0.8211738891936876,0.0,6,19.233131679761016,5.398067302601178,0,0,1
2025,1,342,10.50030572179999,3.377468752412722,4.6255916763113225,4.724812743933865,-1.0,1.0,1.0,1.0,5.8703499965199875,4.779905670429622,1.81789504909628,0.15546950095909684,5.385091373873815,0.6155451225873855,0.00026082420450136224,10,3.1425910763089604,2.435050367904933,1,1,3
2025,-1,144,3.2817772854966107,3.965162379230921,3.79652020962337,4.8112547523590825,1.0,-1.0,-1.0,-1.0,-6.750971450256622,1.4414516624983689,1.5976695183273204,0.11904048240397051,5.625217831396749,0.5768063145112258,0.10362274843148449,22,8.216477173505979,1.2864691180666286,1,1,1
2025,1,281,4.302359490782489,4.444569594342797,5.378128538869131,7.160565329403176,-1.0,1.0,1.0,1.0,5.472725528806242,0.2110801201654987,1.1285979351627686,0.1290517939016873,4.170673184281893,0.6625735482220492,0.06919928370426076,22,12.456989889936754,0.41353680262891207,1,1,3
2025,-1,325,5.145827367904455,3.9506474440369415,3.372818646810702,6.116001071330699,-1.0,-1.0,-1.0,-3.0,-6.375013488257743,1.6577545093549908,0.6221387125894119,0.1412957829915288,4.77677437071112,0.6315633343221587,0.17650548798576549,1,8.181364150034067,6.819214225492003,1,1,1
2025,1,82,4.644461509517899,3.2971595368272504,2.18029226502258,4.980431378007251,1.0,1.0,1.0,3.0,6.294049143610137,1.2366458072972482,1.2207825037414977,0.15583901939475592,0.8113012256370777,0.5942028985507246,0.0,8,6.254073248796314,5.982487849878099,1,1,2
2025,-1,161,2.6834432037412794,3.654638598276279,2.725789898816882,4.754530908954348,-1.0,-1.0,-1.0,-3.0,-6.375642646387901,2.181138451944177,1.2708294366278066,0.16464571796201305,-0.0851084484580893,0.8407386035775801,0.14021927293711772,21,3.705893012475746,1.3835111035900323,1,1,1
2025,1,353,4.657993190901104,3.2019875777635076,3.079952838415828,3.4360764175539544,-1.0,1.0,1.0,1.0,4.436511015326334,0.842284109590263,0.8046020520513579,0.14300615879138256,2.4207592135796325,0.5081184336199221,0.19866284622727998,2,2.173515105283317,9.749528130318286,0,0,3
2025,-1,22,5.893943025429962,3.701775777577691,3.4384092102311796,4.834952700815932,1.0,-1.0,-1.0,-1.0,-4.612011662136717,2.1688959551961826,1.3888464924412856,0.14075019400943345,2.5518000827362086,0.6643628509719348,0.023326133909262112,4,3.0902661410143746,10.031947718859266,1,1,1
2025,1,50,6.327467958390345,4.0995955086220235,1.9451753030343746,5.8231362574912495,-1.0,1.0,1.0,1.0,4.446786901652902,0.4273166294413381,0.5123269105531811,0.12653478453932782,1.070100825050828,0.995134896063663,0.00044228217605403887,8,3.078464023985319,14.8500906611567,1,1,3
2025,-1,58,4.47755426035352,4.238852203374357,6.0442769006998525,7.253553631617232,1.0,-1.0,-1.0,-1.0,-5.106351049533487,3.4973842335606187,1.774540298727677,0.132416056376351,5.954225049621773,0.8949897048730546,0.0,13,13.75850738219028,2.185406031715793,0,0,0
2025,1,581,26.016357787762388,3.339417152071799,1.7523066925561703,3.0800282037186153,-1.0,-1.0,1.0,-1.0,0.7022228676308321,2.476327194432522,0.6164493289287859,0.12078628507720528,2.7176680584242745,0.5089058524173279,0.413910093299328,14,4.272834797428928,0.8547256829180453,1,1,5
2025,-1,141,0.7169448733354158,3.9029343333787923,3.2411882815371924,4.959864464005205,1.0,1.0,-1.0,1.0,-1.5223483547165018,-0.22348333987857288,0.56147381109553,0.09658243995866228,5.655301629986823,0.8047832585949091,0.01046337817638266,1,2.744305654044921,7.172436003659751,0,0,2
2025,1,33,5.913500986916126,3.1101335473664276,3.101360561592902,4.873709562748537,-1.0,-1.0,1.0,-1.0,1.3493029215133752,1.2404617205855708,0.5761012821769369,0.09549301056714844,-0.17309723132915908,0.7292759706190753,0.27072402938092466,4,0.6004570303180949,9.366128911245026,0,0,3
2025,-1,56,5.384331794689296,3.530747917465523,2.831641609937045,4.530398860450129,1.0,1.0,-1.0,1.0,-1.2597404788258588,3.287752428666513,0.5474070241336881,0.08444064601140668,2.9430097892287606,0.9223880597014925,0.028656716417840945,9,3.5125108028371077,14.487256873678819,1,1,2
2025,1,58,3.8112624828602875,3.1362700046215313,2.8602857673961055,5.996932723927136,-1.0,-1.0,1.0,-1.0,1.0990324804355323,0.9870627942996801,0.5100923291067354,0.09108236711243506,2.4279526624353336,0.56855479089464,0.1339332980413112,14,12.453066359078536,2.12892687903906,1,1,3
2025,-1,158,2.251497710644526,3.111412860200231,4.387689608614634,5.904871354331987,-1.0,1.0,-1.0,-1.0,-2.2952328035752254,1.6407748190576008,0.6263448709174685,0.11024137710488001,1.9667693599925382,0.582815734989687,0.40372670807454025,3,4.1588119052606265,11.011271629917818,0,0,4
2025,1,48,5.510653673819819,3.337527464773427,1.4532409167488303,5.603051090131654,1.0,-1.0,1.0,1.0,1.6318389092715229,0.7500522751458947,0.46987344083612564,0.10584397331039119,0.01044043602932646,0.5452586206896723,0.2428160919540236,7,5.202064244584187,15.424986150306259,1,1,2
2025,-1,29,4.983854165921776,3.633660615475348,2.3188155111780975,7.9871200486751315,-1.0,1.0,-1.0,-1.0,-2.0739196200672216,0.6181561009512545,1.1431081324857835,0.11961411341934866,-0.10344903362009807,0.942397856664488,0.0006697923643086179,9,7.640097313554042,0.7196324000207889,1,1,3
2025,1,137,2.446208080631397,3.0999943026837937,1.765084112277467,3.5859555210105403,-1.0,-1.0,1.0,-1.0,1.2429976619736824,1.583820199439477,0.7073532888404642,0.1468551734166339,0.8212933253444076,0.2804614275415252,0.02811824080745682,21,9.721909441639758,2.9100210686058987,0,0,3
2025,-1,137,0.7878048805471094,3.0838001085428908,2.8472295954555853,3.2745281121871903,-1.0,1.0,-1.0,-1.0,-1.8105594477121216,0.5116408358072608,0.45553804295022154,0.11137971704768335,-0.2747301255789799,0.361014994233033,0.6089965397924415,8,0.22520943867816598,16.49509284128151,0,0,4
2025,1,62,3.84647442811968,3.2280042097982564,1.8931326541272038,5.656696163088086,1.0,-1.0,1.0,1.0,1.8891259950284744,-0.5605423032761149,1.7020967812798868,0.0959931358290018,6.703401893880769,0.7275771346567635,0.024635254723756918,13,12.165203317058099,4.446591557269512,0,0,2
2025,-1,131,2.189907083133645,3.460842477887305,1.8495311773804193,2.496089975523468,-1.0,1.0,-1.0,-1.0,-1.8842713196726693,1.4268233354417719,0.6231513159463549,0.12236409022651584,0.5474269737852178,0.9388145315488077,0.06118546845119229,0,0.7040652297087259,4.953324254043145,0,0,3
2025,1,111,5.080409908425218,3.165420869582745,4.4324616097878335,5.203189920428275,1.0,-1.0,1.0,1.0,1.808936555177357,2.999272122405376,0.5706273882472801,0.09162224883249316,3.753866419306703,0.7079207920793172,0.1666666666666133,9,1.8943201851885394,17.25007580401354,0,1,2
2025,-1,20,4.007422749029497,3.4783795977780625,5.499398504061974,5.98298363760006,-1.0,1.0,-1.0,-1.0,-1.808936555177357,2.193894591816874,0.5360529881268012,0.09458385589487814,6.181935165829816,0.8288888888888458,0.05592592592594749,11,10.550399982015874,3.509762372519172,1,1,3
2025,1,297,1.0988380111939078,5.355439095050473,5.582097096865051,8.33468631490579,-1.0,-1.0,1.0,-1.0,1.3364577241472777,3.1580608571374666,0.9400209952794008,0.08643341551283928,3.4064781619655857,0.9288039056142622,0.045158665581796945,12,6.471057047921018,45.62814957681576,1,1,0
2025,-1,19,3.5482249236301637,3.978788595168994,10.154471128074805,12.534701812505014,-1.0,1.0,-1.0,-1.0,-1.3364577241472777,5.746003834695175,1.6510178245916771,0.108187264842642,7.059073494656795,0.7669902912621503,0.09151384394101843,13,36.779430717109996,4.037543722325322,1,1,0
2025,1,196,9.499550843914255,3.1841926269425365,1.9372046099465956,3.2561392484422895,-1.0,-1.0,1.0,-1.0,-0.5944267971049904,1.1913531529176324,0.6250955065239964,0.15649543761420281,7.094186089134997,0.820619335347434,0.00037764350455369965,6,8.286552242610979,1.7910004884411614,1,1,3
2025,-1,615,33.21251126642618,4.198541898211709,2.773545858605159,4.219462863455812,-1.0,1.0,-1.0,-1.0,-1.7251904967342104,-0.2751680051350891,0.4623708101155979,0.06110371493559655,6.205871270932055,0.48461253244347796,0.0,9,3.4474770352469277,17.91442919895808,1,1,5
2025,1,28,5.7730717434916645,3.0440000540746635,1.8451190082139202,4.401967204412476,1.0,-1.0,1.0,1.0,1.7251904967342104,1.336441640623142,0.46285913025175646,0.06692292220526445,0.1687567327840538,0.574599260172657,0.0,11,9.855256052308686,2.171976746632281,0,1,2
2025,-1,136,0.3849817079895874,3.2472709025440745,1.9285064998352008,5.853880737373214,-1.0,1.0,-1.0,-1.0,-2.4342879630340395,0.04194678349913461,0.5669621229985728,0.07896105568358987,1.0047853081466867,0.2549537648612467,0.6354029062087239,23,4.124461351327055,3.9901375155174885,0,0,4
2025,1,118,3.3507889051845146,3.120929061695507,4.787728402330193,5.720435024937263,1.0,-1.0,1.0,1.0,1.7668356866889368,2.388969867104091,0.455729743829418,0.07603976193858747,3.826829002552669,0.2882205513784356,0.501253132832062,8,27.449642840026403,1.3860194285345717,1,1,4
2025,-1,355,19.616965489745496,3.669921020631245,3.133434549759614,7.435899444611949,-1.0,-1.0,-1.0,-3.0,-4.896861310915037,0.5090589979974433,1.204460283784891,0.13598968859065125,1.9770990589789061,0.4702850212249983,0.2789569436021807,14,2.3739371281068626,11.741071995156508,0,0,1
2025,1,57,5.097939303376697,3.0386627107560935,2.573239549447707,5.454107932832348,1.0,1.0,1.0,3.0,4.38060495735974,0.7721282165788718,0.7719791906633611,0.1448261570901814,-0.05937048141383125,0.5422327229769719,0.3260484347312235,19,5.257427202938272,2.169791898382899,1,1,2
2025,-1,205,3.792793308830836,3.2869880435687655,1.0521167995028606,3.384509177680665,-1.0,-1.0,-1.0,-3.0,-4.379034648156231,1.1865395044508402,1.1389829214544902,0.09925892945325346,4.7420994812614214,0.2870984191739185,0.12085670576235667,12,6.784721591174643,11.858714198434345,0,0,1
2025,1,22,5.329576208726428,3.533134007561268,2.2395637460454454,5.040482195756509,1.0,1.0,1.0,3.0,4.379034648156231,1.0681767900889014,1.2232854182336113,0.12427102320161149,0.7576940041053016,0.5109707446808365,0.38829787234043145,14,2.9407082129446613,12.062173234828363,1,1,2
2025,-1,45,5.676711984473674,3.7979603896676553,4.473552779277316,5.118990742456674,-1.0,-1.0,-1.0,-3.0,-4.754020179300605,2.153537193447177,1.0128636358980259,0.14023633482200829,0.33642729918174674,0.6307231493367395,0.2391955498502134,17,6.103512747144051,1.513440741248041,1,1,1
2025,1,283,5.37164828372585,3.6660206565760536,2.9265130227320535,5.398025147382645,-1.0,1.0,1.0,1.0,2.1881402257965274,1.7850308904628571,1.0317561936239557,0.14009873306680878,0.0056323738925775895,0.9404223227752008,0.05882352941178407,17,1.0201252019302325,37.123457332299516,0,0,3
2025,-1,15,4.487713663520293,3.174586225295834,4.268351065912686,7.4545133169610995,1.0,-1.0,-1.0,-1.0,-2.1881402257965274,1.3617899333293555,1.0486765671790972,0.14667510562847347,2.16144730202745,0.8939220183486247,0.10607798165137526,18,29.324646381631492,3.8537875481151382,0,0,1
2025,1,257,8.18036116564931,3.6459032655216492,0.906195164596127,2.86760631747441,-1.0,-1.0,1.0,-1.0,0.7487099740655303,1.125419109421762,0.6551781564001568,0.20358285912326166,1.0306950689254577,0.964355879876517,0.00028066236319343235,16,1.5482381526269997,5.573657349457226,0,0,3
2025,-1,179,6.586355778802208,3.0619294384807585,1.7999117389569312,2.9221041054294616,1.0,1.0,-1.0,1.0,-0.5528772434863286,1.243945292705656,0.2525141699237085,0.11686580656973689,1.4008113817615773,0.7029438001784016,0.0,7,2.1554901341473873,1.528334661896343,1,1,2
2025,1,177,2.2167297658548275,3.756884352377807,4.14055309665923,4.988075266716329,-1.0,-1.0,1.0,-1.0,0.02461426981227284,1.0838182797473483,0.9549646584768052,0.10956628505857313,0.06539932402501697,0.8772252915899281,0.12277470841007192,21,5.456032293128211,0.9645114266600702,1,1,3
2025,-1,134,2.0037428684382945,3.2928067117524016,2.190821621275386,5.21114337305516,1.0,1.0,-1.0,1.0,-0.6986233453381289,0.6145604779243652,0.24706560626394283,0.08094221542174557,1.0973992738794112,0.8498273878020404,0.0005753739931289937,9,2.233179074748019,9.513954688309976,1,1,2
2025,1,49,2.7732658012097255,3.036909213034685,5.1190600585386825,6.346127134912548,-1.0,-1.0,1.0,-1.0,0.3019813976424424,0.7116297866792552,0.3196784223667597,0.08053757501349035,2.649124317704598,0.7719432732847784,0.2142583365273876,13,4.377167296431793,11.44045743471443,0,0,3
2025,-1,85,3.1483008661076086,3.2311621949045595,0.707530380814013,5.259378940223187,1.0,1.0,-1.0,1.0,-0.5799206048800638,0.18093074811922735,0.6522335210548583,0.09096938676035093,-0.4473541593373557,0.7981118373274982,0.20116194625996858,20,6.577101942360789,10.033115725567962,1,1,2
2025,1,68,3.30384671771035,4.161060876299843,5.567201168620118,6.712121022925192,-1.0,-1.0,1.0,-1.0,0.8219950923327535,3.565129419434387,1.246239972158862,0.12489626198980962,3.9519436071736345,0.8505718547986283,0.034311287916430774,1,10.9194933890429,1.399935049877295,1,1,3
2025,-1,263,7.433970848662777,3.332858534958657,3.5933924972928826,5.785298687050959,-1.0,-1.0,-1.0,-3.0,-3.412471395979447,2.858355532100343,1.2450154270436578,0.16268583587126356,1.3142631999877081,0.6070921985816016,0.1485815602836673,23,4.948890738952796,4.590183825129323,1,1,1
2025,1,357,10.522730245580595,3.008865746421317,0.3231615910474515,2.3287262591313147,-1.0,-1.0,1.0,-1.0,0.2865514265177135,0.3772338469262436,0.6177623094549757,0.13526735841088885,-0.7190903748466551,0.5192926045016788,0.08842443729903951,5,0.2796995115572626,11.98782292516657,0,0,3
2025,-1,50,5.878283081581866,3.0218794864330265,2.508498091590857,3.5174341725740006,1.0,1.0,-1.0,1.0,-0.10742040463855299,1.476001682955501,0.48392671140804017,0.12428375652437301,0.8273279116271781,0.6403508771931504,0.0009746588693106956,9,8.39677825324324,5.1531102733751935,1,1,2
2025,1,547,0.8125893346318259,4.786639969181737,3.1287453292626766,4.153602898247435,-1.0,-1.0,1.0,-1.0,-0.1931771510045744,1.4238777485994614,0.493646411866902,0.08618204841951495,6.712104158061083,0.977396726422492,0.0,7,16.938341763121272,12.694082639786014,1,1,3
2025,-1,89,3.243686134844335,3.3944460540688977,4.58385225161515,8.807539443933988,-1.0,1.0,-1.0,-1.0,-1.0001364045933507,-0.04240204349696336,1.824897290547444,0.13005289209940996,4.009605181463069,0.8631086989296096,0.000150761344778035,14,18.840813743436748,0.02200601176963607,1,1,3
2025,1,236,11.260082441975353,3.0916052706018053,0.3433300876707568,3.268502434625671,-1.0,-1.0,1.0,-1.0,-1.1701936299789848,-0.9672871064519993,0.4150240618858588,0.08409310814233739,-0.4993178750616873,0.9985315712187105,0.00146842878128946,10,0.3730853619356223,8.846471925649833,0,0,3
2025,-1,49,5.419253500298042,4.00408313965221,2.139700684731295,5.8826281708769095,1.0,1.0,-1.0,1.0,0.7920728237580381,0.42443584133694123,0.6344389392706349,0.07809170036273937,1.365059461343798,0.7702612190220881,0.08238446081716458,14,28.938615456438704,4.62879082695795,0,0,2
2025,1,412,9.014142651639675,3.5091725866004078,3.276725341148932,3.94368741009234,-1.0,-1.0,-1.0,-3.0,-2.984763521223338,2.036873682575364,1.4924872566648728,0.24280020707434083,2.9784602921881005,0.5847953216374192,0.0011246063877642677,0,3.0813485109651766,3.6329529504445226,0,0,1
2025,-1,187,2.902692128167521,4.081877174623128,3.869413931994925,7.151113562969913,1.0,1.0,1.0,3.0,2.4815987566668554,1.865946209781558,1.6926297600134836,0.19683377861157897,1.1970539329720857,0.6091832416419916,0.21265340668641294,16,4.985717363596936,27.873727786466894,1,1,2
2025,1,13,3.85042358643207,3.1456192515234043,5.8684527444843555,10.553377154858733,-1.0,-1.0,-1.0,-3.0,-2.4815987566668554,0.4603582067305877,1.7392350155761953,0.22917481603082743,2.714922140977742,0.6405560458958462,0.03232568402471657,17,17.259324831828614,0.3045436118128783,1,1,1
2025,-1,803,43.284609968111084,3.2765338628283174,2.095315642919025,2.843582333618755,-1.0,-1.0,1.0,-1.0,-2.212409639849899,2.03181950028894,0.5365601570574273,0.1106160701744996,0.841260694629265,0.9219047619047896,0.0009523809524363883,12,4.587567340723828,5.75388370625032,0,0,5
2025,1,98,3.71110087204193,3.233009962896118,2.7054753855455695,2.8404634657641417,1.0,1.0,-1.0,1.0,2.346153038481122,0.47235808115451855,0.6884942569860271,0.12989665995249944,1.5778393651265576,0.7842931937172674,0.0003490401396363727,20,1.3127412245598726,10.301233232767563,0,0,2
2025,-1,30,5.932717811365468,3.094949963688528,1.2278938695229922,2.3044035633513253,-1.0,-1.0,1.0,-1.0,-2.346153038481122,0.1785729511484094,0.5406638305882828,0.1335359922422116,-0.14796920627574883,0.8527204502813247,0.14634146341468077,23,3.5386051068617563,4.751080217749104,1,1,3
2025,1,99,5.624721042769479,3.0961090404752003,2.7457706249086,3.722422439891524,1.0,1.0,-1.0,1.0,2.2658721502715315,2.3622177660069723,0.4579717923014965,0.09841967754475106,0.8720089821975439,0.999209486165962,0.0,7,1.077717331620538,11.889838536755928,0,0,2
2025,-1,6,5.973353725415205,3.347070148973467,6.424919033987698,7.474279557574934,-1.0,-1.0,1.0,-1.0,-2.2658721502715315,2.9911974943564523,0.42508432715817274,0.10173999280501053,1.4789376669342453,0.5212765957446809,0.4776595744680232,7,5.152075068479723,3.089221734206209,1,1,4
2025,1,105,2.724952855284395,3.6248387909357898,1.8706116266579327,5.796478095766321,1.0,1.0,-1.0,1.0,2.088522316702267,1.057716930666639,0.7806366667021221,0.12697544066674296,4.3717451427119425,0.560598970519407,0.029948525970994583,16,0.6784905469194804,8.144817407728306,0,0,2
2025,-1,15,5.639455688713771,3.745179198661974,5.065133406078356,7.356657695640072,-1.0,-1.0,1.0,-1.0,-2.088522316702267,3.094354985228747,1.3656115431355915,0.13031592720102225,4.260389379079292,0.7171207534476791,0.0,17,0.8344607318592875,5.354096060202375,0,0,3
2025,1,147,9.433720554025602,3.113337030211617,1.0246691559146601,2.0618648296277877,1.0,1.0,-1.0,1.0,2.0426303766830674,0.3697543882113876,0.11443855108065684,0.07440516923267251,0.3519766174778377,0.7572519083970354,0.0015267175571186083,6,2.08691786522454,3.1566824852137554,1,1,2
2025,-1,413,3.1467550667982995,3.2090177322924935,3.2335519573737654,6.439152373715026,-1.0,-1.0,-1.0,-3.0,-2.3448323741703843,1.4670053272211705,0.7233763001194341,0.06325171636881279,1.1523514871707756,0.34372217275147166,0.05877114870886598,16,3.873495133651351,17.40204099352871,1,1,1
2025,1,70,4.0030174326302,4.141072735076561,3.9520235799853514,7.3459477726897,1.0,1.0,1.0,3.0,2.0286307368652743,2.970729272056953,0.7316786685491795,0.06544704410433476,1.7089282298288997,0.8671532846715541,0.0846715328466516,22,12.966603530890923,1.3400051278374094,1,1,2
2025,-1,101,0.3543581654058314,4.1088479016358495,5.535780824517554,6.450292790908259,-1.0,-1.0,-1.0,-3.0,-2.996442466286909,3.909520701418183,0.6871102723550881,0.07622647239788886,2.436416287357113,0.7955555555555124,0.0,6,7.842153213790715,2.247921557866167,1,1,1
2025,1,555,13.193904013922262,3.336940450014311,1.5768616183526947,2.4835800620639485,-1.0,1.0,1.0,1.0,0.7296056090572702,1.272251392539778,0.4436052855130316,0.10215292084668735,1.113910822303572,0.9977924944811079,0.0022075055188921487,4,13.401942966489434,0.9076389700501006,1,1,3
2025,-1,382,20.63363759264037,3.3748988932193336,6.813790417157173,9.693763226297985,-1.0,-1.0,-1.0,-3.0,-3.6756611201829057,4.95800687304861,1.9137546185679988,0.11434183798833371,0.5811804373972879,0.887414187642994,0.11258581235700604,12,0.07240155106778579,14.23092709321256,0,0,0
2025,1,9,4.132024870261157,4.525912593025713,4.220309550651922,7.835454027171504,1.0,1.0,1.0,3.0,3.6756611201829057,1.4266135536445796,0.9828826690536714,0.12075862078227984,2.6227208148977157,0.8559502664298299,0.009769094138543518,13,5.580799112573307,5.873572240707133,1,1,2
2025,-1,156,3.8190694014713444,3.0848677561623887,2.694092230472253,4.635904394033135,-1.0,-1.0,-1.0,-3.0,-3.5661961738973083,0.3419435506049195,0.40112407983836246,0.10646030913297104,3.6775507520726975,0.9177861364857473,0.08167651800105649,2,5.797893055738419,1.808398650550275,1,1,1
2025,1,698,29.345103098169293,3.1412699277306264,3.1014243422526917,3.884443425965821,-1.0,1.0,1.0,1.0,1.9689217967179407,1.1431642779394486,0.10208716516687015,0.033191365851384935,2.881156305851972,0.47613882863335755,0.1822125813449397,12,26.70624518971185,0.0,1,1,5
2025,-1,271,6.5443536430202744,3.0102788778039224,1.1673906663638038,2.953306222827522,-1.0,-1.0,-1.0,-3.0,-2.832782708762229,-0.16808682178846115,0.23559797102104368,0.07665926307384681,0.29853715158798877,0.7039563437926845,0.001364256480297637,11,13.90660136401728,1.9144246113001875,1,1,1
2025,1,248,2.25629579488055,3.346752844785875,1.4656998276654891,2.919850444654622,-1.0,1.0,1.0,1.0,1.5819873626654721,1.0368581979600466,0.3228134055926583,0.08783104888285945,1.7483348884737646,0.888888888888647,0.002136752136876379,7,7.7621195028163905,3.0416421208790436,0,0,3
2025,-1,232,0.3341821671249957,3.026830764578499,2.5685264176293714,4.380865883709733,-1.0,-1.0,-1.0,-3.0,-2.5290181172717925,2.085818354840488,0.3398024563852603,0.08088013103268035,2.2349278489698414,0.13698630136987666,0.0017123287669739524,3,1.4804384058983313,7.172940781736757,0,0,1
2025,1,93,6.441218733121574,3.3176569765748556,1.7847423436894907,3.3777474242846774,1.0,1.0,1.0,3.0,2.2944683617048636,0.40385211332119964,0.2511397948630725,0.06370347182271845,0.9472973501229082,0.6153846153845796,0.0016025641026575336,11,12.253885235347589,6.6243061948731965,1,1,2
2025,-1,43,1.3935272924636157,3.065404811372622,6.065760440938281,10.001032040513902,-1.0,-1.0,-1.0,-3.0,-2.623305186596842,6.781140939259685,1.6897135173260631,0.0893652296667006,3.4557188421092824,0.5662941709453237,0.020839625490814286,14,0.6184292718033931,35.77716408927935,0,0,0
2025,1,23,5.3764694058451115,3.388171832181802,2.0648292566689785,4.609979757536176,1.0,1.0,1.0,3.0,2.5997865579877564,1.2581431184643863,0.731939148065669,0.09947566802102918,-0.059516333439518676,0.671581769437023,0.0,16,25.641977226199696,2.489021006813444,0,1,2
2025,-1,819,72.70912412740296,3.033758813003493,3.128303880797082,4.300531128646747,-1.0,-1.0,-1.0,-3.0,-9.495335928474809,1.871857131280449,0.9488848547395612,0.09611536192240457,4.5110844708268525,0.3977900552486007,0.20718232044198479,12,4.188805990046929,3.398749652804764,0,0,5
2025,1,176,4.1242932057334825,3.217837331112029,1.6670519207673649,4.081519422486377,1.0,1.0,1.0,3.0,8.944119602794892,1.9090932682976247,0.4044319776964154,0.07546547335178892,-0.03451629834019717,0.5388601036269371,0.0,3,3.7325754012589205,1.0592139483066345,1,1,2
2025,-1,433,12.133754094676348,3.9857810650646393,3.43179187391446,6.16563857076005,-1.0,-1.0,-1.0,-3.0,-11.575519054574926,1.1487764687962334,0.45778628775344815,0.18248491023157676,0.5439285952963856,0.9369469026548988,0.04867256637167121,15,4.231919874292732,1.7480561559005796,1,1,1
2025,1,399,9.960228907674486,3.333633789708298,2.6602636702776286,3.211858625607703,-1.0,1.0,1.0,1.0,6.931920411262559,1.3732489699520496,0.7755489845545288,0.188010644305752,1.2257743967978034,0.6781383153064249,0.1274991805965519,0,2.982215011551917,4.978313327452452,0,0,3
2025,-1,297,2.6492575807468133,3.1766479818845625,3.141384391334344,4.629804622744235,-1.0,-1.0,-1.0,-3.0,-7.145597565306814,2.016352255169152,1.1378116063713495,0.16860489128446282,3.5687856079649123,0.7873252562907898,0.07343895619756603,1,2.833366183688227,4.956384188179933,1,1,1
2025,1,95,3.4810886574397846,3.430343714891703,4.566631344375775,5.77805019716482,1.0,1.0,1.0,3.0,6.7436099750123875,2.9787669922268893,1.110773630577979,0.1507061697211443,2.009642680577108,0.7311406943356866,0.13938919342206568,9,0.46173159952278064,9.583854804570604,0,0,2
2025,-1,30,6.503466588860949,3.160981072127601,1.146706955214783,2.9486750276951565,-1.0,-1.0,-1.0,-3.0,-6.7436099750123875,0.4624988004051407,0.4233745455773835,0.1397146115564299,0.987833986763228,0.6331967213115172,0.0,11,3.37398803066101,11.589627650006836,1,1,1
2025,1,45,4.233535626851604,3.5712858304150443,3.4560430360075904,4.016004232626147,1.0,1.0,1.0,3.0,6.387945131954769,1.1622977603091367,0.9105798866009865,0.16135712982535258,2.0407605707525636,0.9603274559193778,0.00031486146097550044,15,9.700443034359422,4.131535260181271,0,0,2
2025,-1,202,0.21297181735857323,4.306716673403183,2.2015400511026346,5.184641783237751,-1.0,-1.0,-1.0,-3.0,-7.015760497619407,0.8022866483975997,0.8543213345144673,0.16872763516649442,3.3985216238923215,0.9173503494378712,0.0,8,7.967739537010396,3.449445172955516,1,1,1
2025,1,566,9.589822516541991,3.4547812509964038,4.316064846095552,4.959606291099958,-1.0,1.0,1.0,1.0,5.335978028370856,0.9902273501304523,0.4234534543464,0.0721736574438238,3.7416364486883964,0.8940677966101666,0.1054613935969623,7,6.964079644392756,5.8469667170897015,0,0,3
2025,-1,172,1.8395198013156369,4.5298458539562265,3.863839287740427,4.418238343067763,1.0,-1.0,-1.0,-1.0,-5.363291069833036,2.071466135647895,0.9597388391214556,0.10029550661750844,3.3620999099175144,0.8485694347522862,0.1095603628750684,22,10.57851041503121,8.476202070670482,1,1,1
2025,1,60,3.172640185546743,3.307897687336696,2.549316639798922,6.351767181881727,-1.0,1.0,1.0,1.0,4.4844673383533085,2.2021014912293873,0.921366347284227,0.1432947426685871,1.117856057351586,0.5450503852993401,0.1760521636040166,3,8.142126959450604,1.155242030387711,1,1,3
2025,-1,108,1.9488173862789384,3.310864049001214,4.215498849465406,5.8669382012156035,-1.0,-1.0,-1.0,-3.0,-4.965347085209317,2.9241728088991645,0.6702749418948366,0.12836203865634319,4.735758838486931,0.43154435925518214,0.1286966046002201,12,8.725732373152859,8.674847687244515,0,0,1
2025,1,21,4.299043615057445,3.2449128322135943,4.833671406685212,6.391065408383627,1.0,1.0,1.0,3.0,4.965347085209317,2.5289388784520583,1.1982322245633805,0.137497630680399,2.4016200770823986,0.8295732536015273,0.0,13,1.8638568433522846,14.242875858423096,0,0,2
2025,-1,30,5.169411334643684,4.092394074468931,4.304445354105416,7.83207412696309,-1.0,-1.0,-1.0,-3.0,-5.122650443764155,2.370067562357123,0.9992895156435662,0.15422696941246192,3.9409676698211924,0.6915500259201682,0.022809745982381658,16,6.188638763940367,2.792132222527364,0,0,1
2025,1,178,1.1735678290598823,3.004413017054026,2.3786240623917556,3.3877524469198543,-1.0,1.0,1.0,1.0,3.9873821589271907,1.5847558421523817,1.138616531586238,0.16946059440285652,1.188518173610955,0.5505308690522941,0.09830908375933824,7,7.583707270155625,3.1163523910512247,1,1,3
2025,-1,248,4.0529246397445995,3.1692763218333777,1.3966275877694978,3.08385959738628,-1.0,-1.0,-1.0,-3.0,-5.95545229238282,1.060927704010036,0.6916136352950142,0.14648253370971145,1.0505735091121062,0.8255884127942384,0.0006035003017852898,3,4.8522306634,2.102134560412761,0,0,1
2025,1,246,0.3949918848691578,3.2746316122996117,2.346849073437811,2.7717048240674185,-1.0,1.0,1.0,1.0,4.617695545313443,-0.1191076834783175,0.8264763263236695,0.14930538949437283,0.758730790391278,0.6695508858672938,0.3304491141327062,0,2.255567068660573,10.226401880869878,1,1,3
2025,-1,53,4.538719657108238,4.017930568401186,4.301965523844482,7.234361205921963,1.0,-1.0,-1.0,-1.0,-4.370298813793567,2.1144762826997034,1.1017994172864374,0.13655725276871278,2.1510451638687305,0.883641975308651,0.0,4,4.941388104233865,5.865412766079484,1,1,1
2025,1,123,5.645036710528077,3.686511021185746,5.253942663916361,7.086238139188757,-1.0,1.0,1.0,1.0,4.373482988593227,1.4745220995449495,0.9859341213008762,0.1480173407968524,2.2469679408914383,0.6081714668453152,0.04554588077693123,14,2.5452332438418876,5.089898862071906,1,1,3
2025,-1,110,5.517197416833728,3.120047645458237,1.2490404060261133,2.057861415925204,1.0,-1.0,-1.0,-1.0,-4.020287813542988,-0.4607438838237739,0.8534787860904832,0.12887181284127822,1.1191813333369423,0.41478129713422013,0.4509803921569015,0,22.55040282757539,0.4080242462610549,1,1,4
2025,1,235,6.52750875363169,3.3392349167136453,1.5665828257829757,2.8517493580387403,-1.0,-1.0,1.0,-1.0,1.7358069300566459,1.0521704825847784,0.7779260746333401,0.17743998789171234,0.4654641578981722,0.8502651978784235,0.0,19,3.7943011904692767,2.0393043736430903,0,0,3
2025,-1,454,15.105518745239262,3.3042408472518074,1.9221888697553107,3.5392157446574006,-1.0,1.0,-1.0,-1.0,-3.5056812592333735,0.9862573725549355,0.14943577287071005,0.0511739362265189,0.44147993053412493,0.9260143198089457,0.0,9,0.0016584891025602185,28.603961550191073,0,0,3
2025,1,15,5.835341905307487,3.5925648983425194,1.7440089649196304,6.934825817974133,1.0,-1.0,1.0,1.0,3.5056812592333735,0.8943246690153772,0.3953165863357425,0.051303783518852134,0.9792749730730322,0.7100529100529717,0.25079365079362,10,21.490212547879533,6.532615810941735,0,0,2
2025,-1,22,5.396400412006379,3.0031106456740595,3.291704502702538,5.14370390472801,-1.0,1.0,-1.0,-1.0,-3.4667371973664123,2.719552043183747,0.5246504086258783,0.051036800338211674,4.503365707867261,0.9968454258675535,0.0,12,0.14131054683318975,28.12079881980476,0,0,3
2025,1,18,4.907600041719903,3.3142573987099673,2.0291038634033347,3.2804116989743717,1.0,-1.0,1.0,1.0,3.4667371973664123,0.0,0.29062129209393744,0.051969060634289674,0.8942274424412973,0.6826086956521529,0.3173913043478472,14,24.28741320381636,1.7524818451366349,1,1,2
2025,-1,247,4.149810403632931,3.3524041574329417,0.9509982174993052,3.204159879952792,-1.0,-1.0,-1.0,-3.0,-3.997836649925502,1.7881895388464955,0.3980506964453122,0.09456095498498153,0.6655415516544879,0.6236363636364165,0.0,10,11.260460618448787,3.864600066613489,0,1,1
2025,1,207,0.055125143265581475,3.5142324932728473,2.883173190795573,5.740706780072288,-1.0,1.0,1.0,1.0,3.171836828992763,1.8581102772888622,0.8342293271145924,0.13138058575687966,1.7110999966324227,0.7316239316239814,0.0,3,3.2889198848314223,4.015802587891096,0,0,3
2025,-1,122,2.8846044543387546,3.448524232956496,5.648225742097018,6.583735111585066,1.0,-1.0,-1.0,-1.0,-3.519716560196226,3.204262256327689,0.8499826762029602,0.12041650181232788,6.464276483743273,0.6248561565017261,0.0002301495972516013,14,8.025685643502737,1.9146289501852949,1,1,1
2025,1,208,1.572267007949741,3.0432021401518123,0.6058047826614777,2.0509275769662083,-1.0,1.0,1.0,1.0,3.0134650950018944,0.2586118903472908,0.39224872014047274,0.10171201896614834,-0.5889591449299199,0.6859205776172804,0.2515042117931079,7,3.7661279492749946,8.465477806545566,0,0,3
2025,-1,52,4.64948246538623,3.3617020533897484,1.7209449687263603,6.448309615179062,1.0,-1.0,-1.0,-1.0,-2.973025869973094,0.24912668337667365,0.7322858041773644,0.10153145111426932,4.736187308437783,0.562015503875969,0.2248062015503876,11,15.99515761687274,9.659902780661103,1,1,1
2025,1,37,3.688827990393684,4.356494944530721,5.103530300343487,7.621501624844309,-1.0,1.0,1.0,1.0,2.462135614542142,2.975325283731531,0.9979784936628036,0.1272790420572274,7.0141788174450825,0.7973533478175121,0.0,14,1.2801896312988192,19.019297612407144,0,0,3
2025,-1,46,6.978484333335128,3.084494709814009,1.4546682469258012,3.784099067961754,1.0,-1.0,-1.0,-1.0,-2.795555419561029,2.0518246354234386,1.7194653572707366,0.1389782068427641,2.2188791337162335,0.22767668218361276,0.05247566652563935,18,10.286889107316963,6.954577017013917,1,1,1
2025,1,70,4.199601078065961,3.25500347135097,1.8617264201288548,3.567154872999304,-1.0,1.0,1.0,1.0,2.5721215996008366,1.0371366212941242,0.5596759838003688,0.12844000987513032,-0.10509164735602805,0.41250000000008397,0.27884615384615385,0,5.62013197036411,0.8349081288994737,1,1,4
2025,-1,156,0.4798893266605872,4.315033391433153,5.881873320560052,7.888863879264664,-1.0,-1.0,-1.0,-3.0,-2.99829431334852,1.9256544803768556,1.015889169237667,0.08543076581139482,4.384999534579363,0.9786595531843663,0.0,13,14.233736011882373,10.307188146535411,0,0,1
2025,1,4,4.653446743327524,3.081618132803259,4.442980390045632,7.268223640881596,1.0,1.0,1.0,3.0,2.99829431334852,4.736447804353733,1.7166020477833694,0.09454767701790036,3.0281530817253293,0.7316329359578898,0.029664541169939496,13,2.244677166147088,21.5139419770096,0,0,2
2025,-1,48,4.865809129991595,3.289725568223987,1.4914384176537694,5.386175546613439,-1.0,-1.0,-1.0,-3.0,-2.9125857831192716,0.776462114773786,1.163499655218709,0.1219099048176133,0.6205764243131578,0.6603603603603211,0.20045045045045046,17,24.479513047535423,1.6147380906685684,1,1,1
2025,1,690,29.280364180741152,3.1410152744655395,0.780638489191541,1.8194621756742158,-1.0,-1.0,1.0,-1.0,-1.9826528109713402,0.06762695357727619,0.30514453163934435,0.13035685275545753,0.08818412680884982,0.7147982062781313,0.07623318385650224,3,4.727087093857656,1.4524607041321989,1,1,5
2025,-1,573,9.405849217208878,3.2906398854881767,1.3731478982736338,3.106479762387317,-1.0,1.0,-1.0,-1.0,-0.20285407469060832,1.614297698585708,0.28621269821346,0.1021485590356282,5.145016788795972,0.908045977011468,0.0005224660397378068,3,6.640731455700876,5.396770680567054,1,1,3
2025,1,88,2.649840652167042,3.3332656557394276,2.2887315684470986,3.9175640311837774,1.0,-1.0,1.0,1.0,-0.7375437100905513,1.591201190853488,0.48917108649861835,0.10193296355679168,3.9219381639945965,0.5701257861635312,0.0,10,1.1883306017449555,19.93697763875889,0,0,2
2025,-1,26,4.35898418200939,7.217506884768704,9.025918833395163,10.059194266175568,-1.0,1.0,-1.0,-1.0,-0.02121055012668053,2.606005593902745,1.0503403032222285,0.11257860087883075,6.058434780995982,0.740929410541653,0.009252521052078421,12,8.324041875273489,6.898403154099935,0,0,0
2025,1,204,2.1784966228575957,4.623019875683075,4.341288326703816,7.969872471607656,-1.0,-1.0,1.0,-1.0,-1.0920783294132603,0.6824279585164726,1.0280575533413245,0.11691512896276511,5.613109429999377,0.9251715265866325,0.031946826758135434,5,0.07777674177046957,6.358248639730528,0,0,3
2025,-1,255,1.70391607757509,3.1832603928985446,2.8127986818712976,4.942693778840056,-1.0,1.0,-1.0,-1.0,-0.20296741305825647,1.9347034627739792,0.4184734895877652,0.09150049655101591,3.101322939163545,0.5720930232558139,0.0,2,2.0458454249808646,18.612226795798264,1,1,3
2025,1,62,3.55211008951701,3.184272502051474,2.3626170027048623,3.995168982403066,1.0,-1.0,1.0,1.0,0.03637210405288822,0.7828498918432759,0.2853406738186179,0.07971265327417708,3.908423021542719,0.8679007151872337,0.0050483803113046035,8,19.916915896705117,1.7744181276666253,1,1,2
2025,-1,373,12.201847491196434,3.254827646594486,1.6998970860218305,8.58396307434353,-1.0,-1.0,-1.0,-3.0,-1.7753535203044086,1.5584358454961533,0.6368640585667661,0.09980463804572894,1.239265603932355,0.680548750612397,0.16707496325333096,15,3.3110064439199016,6.097906686875511,0,0,1
2025,1,79,4.979101639942,3.3615826030018825,1.232468003503398,3.2949302266051568,1.0,1.0,1.0,3.0,1.3408633631484466,1.3742525690947294,0.5455484910672812,0.09902326162595675,0.02577769131738786,0.9664991624790603,0.0,21,0.20814631313552676,5.372074969720597,0,0,2
2025,-1,253,4.285773419388068,3.342553757911667,1.277645660874246,2.0007977257088974,-1.0,-1.0,-1.0,-3.0,-1.6949380269056855,0.6072890846035878,0.17262163658213306,0.07429842996866443,0.3763317403287141,0.6856702619415099,0.20030816640987928,18,1.8540879617568327,7.650856430352372,0,0,1
2025,1,93,3.304203409415845,3.2301051321675263,4.791027483395531,5.340153978958074,1.0,1.0,1.0,3.0,1.304067141211683,2.0519395983960824,0.30376245344519354,0.0634033680461853,6.961930757797255,0.8004471771939728,0.19955282280602712,2,24.815930301913916,0.4870630587173785,1,1,2
2025,-1,409,17.97493905262074,4.8280680972931815,3.2634412546317733,5.9584086009094195,-1.0,-1.0,-1.0,-3.0,-4.6166295409244915,1.0908896497386988,2.8184952584393983,0.1541626426408102,2.384179077513262,0.975517890772128,0.01713747645952132,12,6.495993078590362,5.968163157964129,0,1,1
2025,1,299,3.5518344047279258,3.700631249652439,3.9691552002427244,6.760728534277392,-1.0,1.0,1.0,1.0,2.5561213792046935,1.4354635572509666,1.0853076613329684,0.1271645866511533,2.426023106562796,0.670990056204043,0.32317336792044554,13,5.276409301019222,5.995859820731467,0,0,3
2025,-1,196,2.3204595854489702,3.524353171861497,3.888572233958743,4.610878698704365,-1.0,-1.0,-1.0,-3.0,-3.272858786029796,2.0296788695581394,0.7750907661213893,0.12592292507025854,3.1404083029070824,0.550719671007524,0.00034270047980061605,5,0.439258460076389,20.049011142057175,0,0,1
2025,1,34,6.529674472147477,3.0858498274022668,1.0708326636515306,4.5634163447027145,1.0,1.0,1.0,3.0,3.3367573020171792,1.331925253260757,0.42685905380324324,0.11791600774277644,0.39851308135579216,0.241050119331741,0.544152744630043,8,16.37298899000682,1.0425411798034045,1,1,4
2025,-1,256,11.595528454767484,3.2667463275448796,5.012121819483148,6.656179774176612,-1.0,-1.0,-1.0,-3.0,-6.372756750383487,3.3273021107180236,1.0603841771042548,0.16008511093103256,3.983375192284089,0.632433668801447,0.0002287282708275803,6,22.9568503991562,0.9844873226203905,1,1,1
2025,1,838,64.22541860701526,3.363253091891093,3.3544582917632537,3.981899992170094,-1.0,1.0,1.0,1.0,0.7756348427909425,1.500720486270444,0.23740076766493123,0.055916606580063276,0.07880666353967569,0.8942148760331541,0.0,3,10.921739429114817,1.349075617339596,1,1,5
2025,-1,156,2.797952247030308,4.05868799575795,5.7152289281251045,7.8699264673821485,1.0,-1.0,-1.0,-1.0,-1.5057907496738974,1.207026222250323,0.3941924945389375,0.061949125081060624,7.902334393355473,0.7962636587944889,0.0,16,10.511522559431631,3.441206954803373,0,1,1
2025,1,278,10.032056903426867,3.3340067030038294,4.155751420583055,5.586925274931582,-1.0,-1.0,1.0,-1.0,-0.3372752664933405,2.336671914452306,1.252182706027756,0.13675426462084156,0.6591078388228012,0.836451418225759,0.16354858177424106,16,4.408015471393444,2.923369187322005,0,0,3
2025,-1,123,2.7569832421306595,3.076868571152508,1.4381965704342956,5.221049384595019,1.0,1.0,-1.0,1.0,0.2584835307691862,-0.7715741595182378,0.6366939582312853,0.1310742535236734,-0.08329591905440926,0.6253541076487588,0.15014164305947256,2,8.837651952998945,2.437017491368997,0,0,2
2025,1,444,10.3100285940302,3.276967680261518,2.298618071846283,10.444467430984872,-1.0,-1.0,-1.0,-3.0,-2.3281584769125794,3.053485625706498,1.5465737756783977,0.15316262874560393,3.4399538842321795,0.6333480760725255,0.030959752321981622,15,2.525733894276074,5.557186647564583,0,0,1
2025,-1,213,4.570230789294989,3.427867781040805,2.263102283696871,3.970856259551336,1.0,1.0,1.0,3.0,2.0479962422618283,1.4760980979578637,0.5570149010929175,0.11413605847269452,3.3581321828306274,0.7626488095238425,0.21354166666665425,9,9.37681287511263,3.8828038157488405,1,1,2
2025,1,208,1.3380533823558927,4.281035414437024,4.4299776458794256,5.880267946613768,-1.0,-1.0,-1.0,-3.0,-3.1559418268400097,2.53674860179082,0.8686478815533287,0.13038383390269345,2.0857116948522063,0.8888394842152039,0.09204090706979824,2,0.34144363723582416,5.739633735633448,0,0,1
2025,-1,100,6.92900942407017,3.060745482495601,1.4675864013743567,4.376175326847288,1.0,1.0,1.0,3.0,2.593896164027104,0.9588400242540975,0.37895215631230733,0.11365264283356956,-0.27164721620455645,0.3404255319148936,0.19787234042559385,10,7.0947677176724815,38.03136395804532,1,1,2
2025,1,40,0.5900764500705346,8.12037346979633,11.880047238718795,13.06852783069559,-1.0,-1.0,-1.0,-3.0,-3.2473515716798347,5.696068403623559,5.038412518762719,0.14735838159236356,8.76984107356156,0.8845432627913207,0.010983123493169033,14,19.703318883202545,0.5823435933659636,1,1,0
2025,-1,260,13.127449092916752,3.032592777426256,1.2543368571641826,1.8432049236954593,-1.0,1.0,1.0,1.0,0.12645583777800745,0.8026980139863649,0.38685965986978016,0.09050197927350916,0.42679683504146193,0.9965517241379812,0.0017241379311348408,11,8.504595393383385,0.49598968855807873,1,1,3
2025,1,170,0.9451258562303136,3.304394748717802,3.8453650032895315,4.928156250343214,1.0,-1.0,-1.0,-1.0,-0.4473586705631974,1.987732295823507,0.3088979597668602,0.06540423989876834,1.812771846294862,0.4174418604650486,0.47325581395362376,1,1.780384140937838,11.471233431499932,0,1,4
2025,-1,13,5.369375274450057,3.6215126441388943,6.360889676876381,8.212778752360116,-1.0,1.0,1.0,1.0,0.4473586705631974,0.8618304225073371,0.7455092076772754,0.07096845342255587,2.6965941857550817,0.8839528558476648,0.0009066183137426847,2,4.850944381710208,3.6094065700194493,0,0,3
2025,1,765,21.25941523897683,3.5109948267672926,3.7583453005728558,6.286245253387133,-1.0,-1.0,-1.0,-3.0,-4.782873893742079,2.3520345427390406,1.1626681227959763,0.18579652099061403,1.4653188348441681,0.6892857142857383,0.04532967032967033,18,7.222432558232614,1.920446468186776,1,1,5
2025,-1,165,1.4257505818018203,3.0963795292811027,0.9113621366026915,2.202225531008535,1.0,1.0,1.0,3.0,3.737804136793276,0.6362308206980936,0.545999161460061,0.1294189903943573,-0.014456388186355675,0.7820636451301209,0.0,8,1.752135641459475,14.054126690908197,0,1,2
2025,1,63,4.5782170179662725,3.422956850356109,3.107432018387375,3.906972008519924,-1.0,-1.0,-1.0,-3.0,-3.2208117015816464,-0.08595376003951467,2.045400391912527,0.12651948928618525,7.614207188518861,0.5266965208404845,0.019634860489163998,13,7.507028400260334,4.642718914333388,1,1,1
2025,-1,128,0.8757157837180884,3.2227711856501187,1.2002742456615687,3.036209425908959,-1.0,1.0,1.0,1.0,3.1832147667944968,0.11965598399911047,0.8106071118327265,0.16748644676838587,0.7416648180279743,0.8934987168520053,0.00021385799830158153,0,0.634584455441668,12.860158094884257,0,0,3
2025,1,45,5.975035854679879,3.0460767793131707,1.318058377385556,3.7438207970205424,1.0,-1.0,-1.0,-1.0,-2.5234147411575747,0.8493758819923005,0.38350533838919504,0.14679826093437992,-0.0932628629031434,0.9380165289256186,0.06129476584018153,4,7.722922309930653,0.0006079605061211002,1,1,1
2025,-1,187,0.7177400595637927,3.4545838232758372,2.4620381441552293,4.358128110076534,-1.0,1.0,1.0,1.0,1.912217904004244,0.24955683294240943,0.9373121360780531,0.13646967389018336,2.340706900208954,0.7664926435690661,0.04271476032273434,19,4.957444331188933,3.8569531915479573,0,0,3
2025,1,527,32.676175979608686,3.4204648542945613,2.722607771170922,3.669856529433392,-1.0,-1.0,-1.0,-3.0,-4.783538515172618,-0.0900048525755039,0.5979476209164952,0.09406113988059393,0.6618474439817921,0.9464285714285601,0.0,15,0.0,4.44425680294078,0,0,5
2025,-1,165,2.931242617603284,3.0761972440414342,1.3287158988051067,4.57166279809681,1.0,1.0,1.0,3.0,4.248950176710794,0.4141386185538175,0.4211862526598834,0.075358384271095,-0.15400004387904281,0.9985401459853165,0.0014598540146835148,5,4.953042154515545,6.212082978590335,0,0,2
2025,1,45,5.105904636781708,3.56405847598695,2.462412720249458,4.797937828505685,-1.0,-1.0,-1.0,-3.0,-4.663000107443965,0.28715157420733767,0.33162040918188784,0.06937752015857543,0.14714158115297424,0.922077922077922,0.07792207792207792,9,0.20222713161474087,11.870600451187089,0,0,1
2025,-1,9,4.731714768717857,3.4144478933586537,6.000048872940461,7.037660893882295,1.0,1.0,1.0,3.0,4.663000107443965,0.7761990383397784,0.631600170773367,0.07229349739484,1.947915719928688,0.8995111352525043,0.09288430200980598,9,4.605518712116888,5.519484091742586,1,1,2
2025,1,84,3.119926727530618,3.5131568417032435,3.4441887750551037,4.525427426766043,-1.0,-1.0,-1.0,-3.0,-4.514592778783544,2.233735129040353,0.5857890329356122,0.08381017158810822,1.5300478932468358,0.9062259800153993,0.0,16,3.0531024542233482,14.567691581005597,1,1,1
2025,-1,77,3.134981068223323,3.2968761357235534,3.0850786458426893,7.852423397272642,1.0,1.0,1.0,3.0,4.385113983081415,2.6915535226393614,0.6561671214724001,0.0831236098484446,3.1784697726682904,0.6069991954947916,0.0,23,14.113513991962698,1.1921134235373565,1,1,2
2025,1,99,0.6621769527558397,4.058183571120227,4.570072048543457,6.113750172269525,-1.0,-1.0,-1.0,-3.0,-5.375928476223067,3.534006780657899,0.9424456147275878,0.13122594117902858,6.118726429591501,0.6699316207724932,0.011642949547223882,7,7.866241768928143,4.34864568127268,1,1,1
2025,-1,165,2.357043195959808,3.004629384946797,2.2093384795551514,4.678562472784332,-1.0,1.0,1.0,1.0,3.816767426027586,2.473832318091574,1.4636947378332663,0.1481305139556504,0.316477621978615,0.2639842983317271,0.7355250245338701,21,5.734931647070928,14.195233441136141,1,1,4
2025,1,32,4.442624728527853,3.0654022197122455,2.555461000733883,5.051765100006952,-1.0,-1.0,-1.0,-3.0,-3.816767426027586,0.9115121013466018,1.395474280662048,0.1563656815511938,-0.1688231761965809,0.7184210526315598,0.0,23,8.258537728707015,2.0675629916550187,0,0,1
2025,-1,149,0.7137427601824522,3.0055367633761536,2.7402864762391497,5.006993162640826,-1.0,1.0,1.0,1.0,3.2159890512032474,0.47196732442271155,1.2415016320139713,0.1356479393802671,1.3173187788741687,0.0705017301038197,0.875432525951543,12,6.371739480078522,16.62656339079043,1,1,4
2025,1,16,4.007685267140282,4.360168392939082,7.191090907018265,11.64641659084811,1.0,-1.0,-1.0,-1.0,-3.2159890512032474,4.130585070630469,2.917955123487398,0.16324765299985047,3.1796096321106404,0.7363404255319248,0.13617021276595745,13,7.26375620390339,1.7423030344758283,1,1,0
2025,-1,454,6.712432543188357,3.3428122154553344,0.6869819282450169,3.239481557402758,-1.0,1.0,1.0,1.0,1.3869459803220707,0.998194285926514,1.124912386226702,0.12051362763882914,2.000454607848132,0.5819022457067979,0.20145310435932082,3,7.512792596398864,0.29314212573321885,1,1,3
2025,1,227,5.002616827667701,3.1345919155041275,2.499801601536382,3.321767709817369,-1.0,-1.0,-1.0,-3.0,-2.8970130236936953,1.870486569385665,0.7454081268092241,0.11981712314905082,2.297575028798866,0.7052932761087537,0.0,22,7.279410209175479,2.888559174288916,1,1,1
2025,-1,191,3.2557548440446435,3.9839441255910106,10.518800374826812,11.637189443391781,-1.0,-1.0,1.0,-1.0,0.6661481090297834,6.86883248584642,2.621747621581081,0.16656900384775286,1.986278719704722,0.4747785210631169,0.3563550894955603,14,5.21050443344952,2.905650439972194,1,1,0
2025,1,438,10.379539476456836,3.155315705887217,1.7214845960951277,2.955855396743518,-1.0,1.0,-1.0,-1.0,-2.3606238421383554,0.6534580168457506,0.22048699185730647,0.0518038919035536,0.183570630302274,0.6427432216904343,0.3572567783095657,2,13.69854781030798,2.6014320975476344,1,1,4
2025,-1,264,4.400438577042509,3.623520703677289,3.6145176114720985,6.232257412952579,-1.0,-1.0,1.0,-1.0,1.503527646273328,0.43281202211666553,0.9192519730820609,0.07537857081972181,4.381333114499854,0.8897389738973883,0.06975697569757067,0,1.9947536702356985,13.69970463612325,0,0,3
2025,1,77,5.089987120758706,3.272097718819718,2.2946839362473797,4.6087050966768075,1.0,1.0,-1.0,1.0,-1.5559183722492358,0.7704535451988763,0.37600080230954686,0.08361911473495073,1.293855638590946,0.6453819840364928,0.24002280501706194,7,15.792066415186264,1.7016757280036818,1,1,2
2025,-1,205,5.597531401444471,3.588761335059673,3.8510861146568347,5.772756787757328,-1.0,-1.0,1.0,-1.0,0.6313273811588282,1.3618763293628846,0.7136462884439219,0.09254031443440403,7.520713074209707,0.7638427464009163,0.049557032115155934,0,5.539445638025675,15.642496088643739,1,1,3
2025,1,67,3.814099428364943,3.1064757843966158,2.1891139541643234,3.2508942356021406,1.0,1.0,-1.0,1.0,-0.9439219653660493,1.4564157299554819,0.26880897430353323,0.09657292542970808,1.9619512371225298,0.6401971522452927,0.0005476451259902387,5,10.025052431175522,0.33607654125504666,1,1,2
2025,-1,103,0.8581577196510667,5.291959261108114,4.811206027251764,8.907988672384802,-1.0,-1.0,1.0,-1.0,0.27274043042750745,1.0788250980033722,0.9779028311172491,0.12650517368927358,3.866814114526454,0.8866732200533683,0.0,14,6.56363206366797,1.5945306804078783,1,1,3
2025,1,195,1.5246588613093277,3.2757849461434736,2.8837738723135153,4.782561835312043,-1.0,1.0,-1.0,-1.0,-1.0369626535815224,1.103316915462495,0.7705733711832553,0.10797117199223207,0.4260726456373273,0.7795454545455207,0.0,6,19.809804846750083,1.6761314843383244,1,1,3
2025,-1,365,15.331131394045553,3.371954759470282,3.1359321897539734,8.878331815075747,-1.0,-1.0,1.0,-1.0,-1.1468631528625748,2.7768179856097643,0.8993453888249997,0.10572771084966955,2.531553246652271,0.8447592067988586,0.0,13,0.7879436105603453,10.476731710783852,0,0,3
2025,1,9,4.9100641197047885,5.3846191185659364,6.730078890121633,9.105963867522593,1.0,1.0,-1.0,1.0,1.1468631528625748,0.21735954796452964,1.3493988392300271,0.11854253543373222,3.9176237935605562,0.7406887953872605,0.08134642356240818,13,0.5102225873377594,5.197938624248816,0,0,2
2025,-1,604,14.404805370610326,3.0749742253648114,0.9753768261727167,4.504236544597588,-1.0,-1.0,-1.0,-3.0,-2.5435403995145416,1.8419639392215905,0.5272512690091404,0.061302019386908824,1.7419139973336648,0.43862068965521256,0.07586206896551724,16,7.540467446330225,5.562894460125049,1,1,1
2025,1,46,3.81176343135986,3.1612588908098216,3.3532151364995673,5.334660444431011,1.0,1.0,1.0,3.0,2.553787788933527,3.1483218856616766,0.5031541510820293,0.06677865911963454,0.43951911540080046,0.8835192069393493,0.0012391573730585425,20,1.8496934034927486,4.554482500499771,0,0,2
2025,-1,98,5.052779059729181,4.545606545866792,3.6325791630601003,3.8961369381577473,-1.0,-1.0,-1.0,-3.0,-2.415852420321871,0.7778963562038748,0.24565737312674205,0.05750677363552404,3.8602781378857918,0.7012035583464475,0.0005232862375262868,4,0.19729182021604078,9.872121232943302,0,0,1
2025,1,53,7.698901657738572,3.0842100468387175,3.377771748006422,4.253354663161845,1.0,1.0,1.0,3.0,2.519876593980752,1.0392396530071593,0.14609988770813082,0.047092569712842425,-0.048091901709549065,0.9051724137929331,0.09482758620706688,8,3.54079869245998,15.10838469498685,1,1,2
2025,-1,55,4.008005823238828,3.4632731463773987,2.0271191830044755,3.2273871203097566,-1.0,-1.0,-1.0,-3.0,-2.5134558550249038,1.1849934121528913,0.24126559759659638,0.04864784439118781,0.7284694477305578,1.0,0.0,13,8.901542658000457,4.621476102305714,1,1,1
2025,1,89,1.2956948007792688,3.119256195130504,1.2330720371052812,4.063024547898439,1.0,1.0,1.0,3.0,2.3410399367654318,0.5910792433985056,0.2272327227734832,0.05792097710604051,-0.1299622142885533,1.0,0.0,20,5.328898985023624,15.144271681836452,0,0,2
2025,-1,32,3.972060015496393,3.273442368284497,7.1737889654059765,8.351942359832861,-1.0,-1.0,-1.0,-3.0,-2.3410399367654318,4.9454758479052385,0.4269860404712237,0.06693431118247266,2.2671093973592518,0.5415662650602059,0.0006024096385892818,23,8.014032430222437,17.658059501745292,1,1,0
2025,1,60,2.1236800861166696,4.564483311216215,4.700557881332399,6.207932870292658,-1.0,1.0,1.0,1.0,2.0996819336967976,5.461755485352739,1.2504244170350982,0.07882480861254766,8.468735071854887,0.5373081042484715,0.0001785076758404475,4,9.51167848879774,14.263686351598043,1,1,0
2025,-1,52,4.677981078982998,4.0656717725835225,2.0448190071351675,5.859025305184227,-1.0,-1.0,-1.0,-3.0,-2.44193588765245,3.912753420013019,0.642537875913637,0.09957513810901467,0.7916495506122292,0.9056856187290581,0.0,8,7.670250325144513,0.442782632406095,1,1,1
2025,1,244,2.1605844497362883,3.125779857313062,2.561526935196103,5.8321364233289765,-1.0,1.0,1.0,1.0,1.865795552300266,1.2154129680157717,0.8050248387926005,0.09608203262368435,0.3616349402165232,0.4725274725275928,0.5139475908706199,5,4.087811362991392,3.2733124711809434,1,1,4
2025,-1,104,3.838304722046352,3.2747072809022573,2.9254421892675713,4.606160306654435,1.0,-1.0,-1.0,-1.0,-1.7971141726640005,3.6831616666055638,0.9785639512429554,0.0893217587756491,4.301673534223067,0.4248062015503726,0.38036175710597325,13,4.259700752636004,18.007138000005625,1,1,4
2025,1,27,3.4517761856302904,4.784502739086478,6.895033673862677,7.688124401607501,-1.0,1.0,1.0,1.0,1.7971141726640005,3.362095263555379,1.1192047588627385,0.1013039063645222,5.154162656247867,0.9990813045475558,0.0002296738630943275,15,8.798962542294133,2.7941327465122,0,0,0
2025,-1,240,3.776115066186797,3.1453057008509284,0.6975529796604131,1.407827290257008,-1.0,-1.0,-1.0,-3.0,-3.5392630555261904,0.34657111885882974,0.3263094044284761,0.08117871895517188,-0.38003689135249696,0.9139784946237274,0.0026881720427762547,11,16.71582884998079,3.1050648593095302,0,0,1
2025,1,131,0.6180708403024974,3.7564256903832174,3.1353257738480313,4.570956736864132,-1.0,1.0,1.0,1.0,1.9272720417359548,0.5175635883372777,0.5195107056033814,0.14870825727098785,1.410031823155503,0.999693063228957,0.0,22,7.108391222098564,3.4564689250126603,0,1,3
2025,-1,290,3.161766029969604,5.22226906725542,4.62823154497492,5.327837785307897,-1.0,-1.0,-1.0,-3.0,-3.5083970300351637,4.561834852485097,1.2583371378845212,0.09813764911908267,8.828199742812739,0.6516920641203265,0.0,23,0.8594413738922393,6.472886201133956,0,0,0
2025,1,392,15.885756800439287,3.343060707144321,4.419223817540182,4.559917473772126,-1.0,1.0,1.0,1.0,1.3831212620707414,2.798589334311945,0.3069725398893817,0.047846668469713714,6.205170401331977,0.8968085106383288,0.04042553191492458,7,3.4253493997994076,4.756527839531972,0,0,3
2025,-1,127,4.773447773124797,3.154822819786412,2.777835599463818,4.577891916673573,1.0,-1.0,-1.0,-1.0,-1.8986798893952521,2.199523737503276,0.2674095284237183,0.03669737224284301,0.21798086446613077,0.32312925170074425,0.0034013605439213827,18,5.232886231051405,5.430798182158115,0,0,1
2025,1,142,0.6630694493577477,3.3652996352876414,8.116461222691992,8.926879438573287,-1.0,1.0,1.0,1.0,1.5594689072827113,3.731338508641332,0.30040735275632274,0.02814484570842002,1.1714719657584252,0.9981464318813985,0.0009267840593681757,6,1.0652087913289683,14.314318714603536,0,0,3
2025,-1,29,6.034628039421387,3.1562539982815982,5.519107051129108,7.43563213701561,1.0,-1.0,-1.0,-1.0,-1.7195559332581154,2.7798486378451437,0.20861094336834526,0.02854284579626615,1.941059550413463,0.329512893982863,0.0028653295126442845,8,7.757074635598032,5.18856712334144,1,1,1
2025,1,569,19.74295221446744,3.152061536811329,1.138836591335204,1.792829678351037,-1.0,-1.0,1.0,-1.0,-1.8749700362220096,0.3914912294136494,0.5152863630807433,0.11348162227100261,0.7119805692262389,0.5892420537898524,0.02078239608798324,7,1.6112082370224092,5.125154406590464,0,0,5
2025,-1,114,4.176051330048064,3.2067039020246124,3.2514041588103972,4.524637879070429,1.0,1.0,-1.0,1.0,1.2841269387973933,0.7186459223217334,0.7096467504812508,0.1146520877865923,0.7109733364382304,0.8573651452282179,0.012966804979252917,17,7.231812258672073,0.222039539021002,1,1,2
2025,1,152,1.7783543797668038,3.7676436621234077,2.306314890017803,4.588967684337999,-1.0,-1.0,1.0,-1.0,-2.4481004286870958,0.8175571697513304,0.6056065537442807,0.11996915311407023,0.2674063126568489,0.9344804765055702,0.025810721376628595,6,3.333397731388276,2.7388875769881067,0,0,3
2025,-1,233,2.603005996665443,3.0402303856145787,2.1882926677810812,4.334094215799423,-1.0,1.0,-1.0,-1.0,0.7206284113392037,1.884365592892041,0.9028419469330742,0.10430773847869171,3.4306158990745077,0.8059810357403441,0.0,1,12.092972684475646,2.7942160355977705,1,1,3
2025,1,489,16.862492118807847,3.9979557403227286,1.2155792681849988,3.8704748582644437,-1.0,-1.0,-1.0,-3.0,-4.663832555897012,0.24466559279158817,0.7689303185509855,0.1546396500445108,0.9592219249021018,0.789010989010989,0.0004395604395860253,18,0.7634072698746369,6.848937683498394,0,0,1
2025,-1,176,11.017908550235076,3.007990166826374,1.3914103407687,2.051041909725676,1.0,1.0,1.0,3.0,4.163919367797489,0.31420404300619964,0.25256408576056805,0.07107636521845827,-0.4416359638132253,0.9983249581240993,0.0016750418759007325,8,2.3615325505824702,3.1435566958107666,1,1,2
2025,1,157,4.488753251101339,3.265470126120209,2.435320801503947,3.478731599063505,-1.0,-1.0,-1.0,-3.0,-4.107625415739525,0.8645995092198481,0.12921009431906283,0.04376234227537273,1.461224722372148,1.0,0.0,22,5.214967166202548,4.505447823862049,1,1,1
2025,-1,101,4.028476759372416,3.4000839403723853,1.6207741329397198,2.6529513439173065,1.0,1.0,1.0,3.0,4.045319133318299,0.6839798855474534,0.12071043056590629,0.042929941295386846,0.4675279097702941,1.0,0.0,6,1.934265971810893,9.526313226107476,0,0,2
2025,1,87,5.619278742243898,3.207456508099005,3.386023173509082,7.667201898635576,-1.0,-1.0,-1.0,-3.0,-4.099991164352261,2.651992008217802,0.2874335275882462,0.04925331278743931,2.971188129749885,0.3305509181970757,0.16527545909841637,13,24.79377012326509,1.7476846483958477,1,1,1
2025,-1,514,36.357287950945434,3.1426669019859963,1.629108436807962,4.209061920952678,-1.0,-1.0,1.0,-1.0,-0.6113420199576565,1.5873013089188885,0.487669015605651,0.09669059295887528,1.88252033934518,0.36781150159741777,0.0,8,7.575764471110456,1.6181687047197424,1,1,5
2025,1,126,1.5133502529107876,3.6468146315356798,3.5571236931904915,5.078337362625657,1.0,1.0,-1.0,1.0,-0.037396091069444456,1.8487500091255802,0.5184689857327678,0.12288463413329663,2.8125381875987476,0.7869068541300581,0.0351493848857636,19,6.31146404485094,1.2803071813714435,1,1,2
2025,-1,734,46.44611697401701,3.0143306531979035,1.1868366855015904,3.12981625248911,-1.0,-1.0,-1.0,-3.0,-6.030544741561597,0.7740475559849175,0.5349670334383889,0.10338856611187637,2.8279005483601303,0.595518867924559,0.0,8,2.2117584070874363,30.89175596546243,1,1,5
2025,1,14,3.944104337358634,3.231407905736518,2.761188690759814,7.45260531452871,1.0,1.0,1.0,3.0,6.030544741561597,-0.2862374822152391,0.5429322251874691,0.10537453844456078,1.3955432378837314,0.8799876275904653,0.0,9,28.744297816784197,3.4493157380141493,1,1,2
2025,-1,360,15.79582446070355,3.1661643786258513,2.686837808241978,5.588191650025637,-1.0,-1.0,-1.0,-3.0,-7.6783860081889825,1.9294781589290595,0.6434733366385686,0.0838422556034374,4.573607473280464,0.681112548512283,0.000646830530438661,15,3.258880564353222,5.460853365274834,1,1,1
2025,1,73,4.499078454478736,3.662417942388418,4.816585755429794,5.021907143378336,1.0,1.0,1.0,3.0,7.5709722778852315,3.060784984737065,0.7309845754815232,0.07726522105532406,0.7377225507427627,1.0,0.0,21,37.988690201142774,2.114598624334949,0,0,2
2025,-1,147,5.529312741258925,3.1676891993669725,7.938088958766617,9.969688258083815,-1.0,-1.0,-1.0,-3.0,-9.912505212244717,7.167796454090477,2.716026620989422,0.14511894605475129,1.8330792624461134,0.7200883002207763,0.0,9,4.454946987661324,3.0549649049870817,1,1,0
2025,1,175,3.3584414620997824,8.064493736097795,5.680925650090059,7.347348469431129,1.0,1.0,1.0,3.0,8.205533166937926,2.3520869347217714,1.4399519728732453,0.11944120987425827,5.431829100275645,0.9963382943538793,0.0,0,0.2653882743817874,8.610973857096454,0,0,2
2025,-1,326,0.8148698285583924,3.22405854720231,0.5581709082066644,2.7944363864336137,-1.0,-1.0,-1.0,-3.0,-8.764049413212414,1.5470148304504947,0.7913780808633936,0.13496794623132022,1.3781325084775007,0.3450000000000208,0.38642857142850906,3,5.076668880630419,3.10366903932237,0,0,4
2025,1,112,3.0259062194662105,3.95891958116273,3.30557008305277,4.208444282246038,1.0,1.0,1.0,3.0,8.273206992394158,2.7305139719135245,0.739748255139679,0.11282885751434564,4.800314842270757,0.9325906883747346,0.0,12,1.6559791719480903,30.86736658830075,0,1,2
2025,-1,11,3.9040468431443034,3.8789919396233095,6.101885394384702,8.788132512567328,-1.0,-1.0,-1.0,-3.0,-8.273206992394158,3.090065775913386,1.1743011917871118,0.1254285867031014,6.812939329152592,0.6528555431131007,0.055991041433370865,13,20.735456586768155,1.346667420724818,1,1,0
2025,1,228,6.854091900896875,4.6289575081492265,6.872811621266082,8.145752606372174,-1.0,1.0,1.0,1.0,5.077611743063065,3.50102323251851,1.2034853667073597,0.15225989575959448,6.372107930397457,0.9876187733947513,0.0,8,2.766239821415407,6.353473093308902,0,0,0
2025,-1,203,2.370862905935562,3.275479297486129,1.393108967213955,4.290049187093232,-1.0,-1.0,-1.0,-3.0,-6.290663742370457,1.2171227194921481,0.43836001299626665,0.139538415405052,-0.10248716518315334,0.4818037974683306,0.28085443037975977,1,7.314114993972251,1.114252840891871,1,1,1
2025,1,120,2.0361537543915147,3.7128017695253606,3.9533940946446293,5.197215688520319,-1.0,1.0,1.0,1.0,4.893821110895754,0.6724789141099702,0.9506085762344018,0.12808366344744115,-0.22333372901213744,0.7230769230768899,0.2769230769231101,11,6.124358778433783,20.375527357343362,1,1,3
2025,-1,33,3.255903122362679,3.5508116506158722,4.910327490408477,8.894863106470176,1.0,-1.0,-1.0,-1.0,-5.566523248150765,-0.35488043255488944,1.6073325067734068,0.16297400561097955,3.502562926517502,0.5540759178593616,0.1520846297448626,14,10.656187189854561,0.42154793407076474,1,1,1
2025,1,272,1.1213229968843497,3.220624425544782,2.366413965004423,3.5892711658366383,-1.0,1.0,1.0,1.0,4.164596836523411,1.2821054281535125,0.37929330973812525,0.11074533408714363,3.7941464139066294,0.9039952295765927,0.00029815146095950556,13,4.88401754756624,67.08224040977396,1,1,3
2025,-1,23,3.524064865547754,5.739009170684815,4.198113564696259,9.008055948619445,1.0,-1.0,-1.0,-1.0,-4.164596836523411,0.38059469343543495,0.9550519040325911,0.1441241707334082,7.214365639118752,0.9124306839186817,0.05487523105360499,14,108.99943575229237,0.8486100289279007,1,1,0
2025,1,542,41.175715195840056,3.0655705632527055,0.4784089961652626,2.723288570049354,-1.0,-1.0,-1.0,-3.0,-3.4035065637431487,0.4375459789355459,0.6600073596906989,0.1837639443422176,2.492715580471011,0.28776726253063595,0.18436733263233537,12,13.220601904181166,4.516472340447461,0,0,5
2025,-1,280,9.187265217998469,4.37126885423145,5.127597564334944,6.184248113888159,-1.0,1.0,1.0,1.0,0.687191224143229,1.3275353733798148,1.208439923520847,0.1950775176484173,6.513944401450996,0.8221386351423923,0.14597886440981475,11,0.02707046668368646,9.369088519223844,0,0,3
2025,1,94,6.116564004991312,3.0557761006833104,1.1127235628612262,2.674407553711837,1.0,-1.0,-1.0,-1.0,-1.4426718890288084,0.4430505144563883,0.8454866309211869,0.22833415124355705,0.04100611778119045,0.5171889260723881,0.21326437480986718,19,1.6227851141864649,8.308993753507457,0,1,4
2025,-1,78,4.767385531321945,3.2153681932945126,1.7405224669979398,4.033785285453589,-1.0,1.0,1.0,1.0,0.8098850468585277,0.2683837776606159,0.3014586169624794,0.17219045089980983,-0.5846767109749774,0.9846768820785955,0.014656895403044665,1,16.23522372383378,0.577633988609649,1,1,3
2025,1,199,3.8678694166027303,3.394120057685499,2.1341927370822176,3.6570890727149568,-1.0,-1.0,-1.0,-3.0,-2.300904831198299,1.1937958111120117,1.0901094043297346,0.2640944870857994,-0.38142604785817075,0.6829100892244474,0.19148936170214148,18,0.6784387930840097,4.6859376609467835,0,0,1
2025,-1,116,5.777370536582148,3.480918727028704,1.3883994160654687,4.261340814352776,1.0,1.0,1.0,3.0,2.808378596336132,-0.3647827577976469,0.9716169605942273,0.21303872125372308,1.1548099759244206,0.46406625701307974,0.23617419182476102,4,0.8350548649997462,7.023445367813532,0,0,2
2025,1,54,5.910564820428904,3.274303724312644,2.773487268678789,4.526394862481886,-1.0,-1.0,-1.0,-3.0,-2.407142702186961,1.4499979840217099,1.6416819854930966,0.18873357266415078,5.403013554324687,0.3777205710273779,0.04095483267025621,8,0.1955994058221394,13.612876351127925,0,0,1
2025,-1,33,4.813482525375642,3.3824656488103924,1.9436276695470038,3.519289263574776,1.0,1.0,1.0,3.0,2.407142702186961,0.7067792824900848,1.2456018948033905,0.19129712566200394,7.150301505231749,0.6336269015212123,0.04899919935949691,11,7.983040372827988,1.772502404438916,1,1,2
2025,1,814,27.32891617788367,3.2460484715423097,3.415034726263832,3.4864452331873594,-1.0,-1.0,-1.0,-3.0,-5.227417296793789,1.7715770832166506,0.6371676642633204,0.16184252033866148,3.9424962975459805,0.7411764705882076,0.07408585055644805,7,0.9254571340820196,4.272536700531395,0,0,5
2025,-1,282,6.544836933393017,3.2470419623189906,1.7745818245340803,4.11118565719899,1.0,1.0,1.0,3.0,4.9447010320789415,1.598173884198151,0.39370523045931427,0.087951047916115,2.498325982152062,0.3642081189250955,0.0,6,5.95828645052416,19.926719586190174,0,0,2
2025,1,38,2.3758847277161435,8.217275000676771,12.232232143925657,14.13924282314385,-1.0,-1.0,-1.0,-3.0,-5.257219279431488,5.821919280149468,2.385285091290284,0.12057884298592755,8.064729556669011,0.7626147688927347,0.15608569410656517,9,11.565047432292532,7.558095932588958,0,0,0
2025,-1,175,0.3215730637283449,4.16891737540466,6.038126642932819,7.615527145010805,-1.0,1.0,1.0,1.0,3.804371986685196,3.726264341757819,1.0565332898951287,0.13718668847953688,3.6198140879596723,0.5999557228248683,0.07372149656852348,0,1.994429991039416,24.90126406327573,0,1,3
2025,1,27,4.249057308891527,3.132609175184129,5.383156022061534,5.741260349458494,1.0,-1.0,-1.0,-1.0,-3.804371986685196,2.0272862405227943,1.6297815977216887,0.15073955261207433,1.9578948250965535,0.9755208333333485,0.0,2,17.734399995617615,1.4098451458504762,1,1,1
2025,-1,278,7.873235586969689,3.1228760771237787,0.7637719167835475,3.165316579414393,-1.0,1.0,1.0,1.0,2.3462072982901625,0.35647229671453906,0.6696005379119839,0.1509793937055134,1.7751544841404694,0.39434129089298187,0.48894783377542056,1,15.424819593842791,0.43188049237678927,1,1,4
2025,1,149,3.7683304811249627,4.003484955641779,4.988551779774925,7.072321121659793,-1.0,-1.0,-1.0,-3.0,-3.5933185664915914,5.1764809474510205,1.3089538897455886,0.20574711362339176,4.124842685141576,0.896557000765102,0.0,14,18.803105109697974,1.113883930575889,1,1,0
2025,-1,99,0.8797043461517974,3.351176842042915,4.150338886972233,4.635810403076081,-1.0,-1.0,1.0,-1.0,1.296269989047637,1.1944948510135802,1.8305528292594888,0.2681201877474755,0.25155881460882484,0.8384197324414939,0.05727424749162732,22,6.047626936934965,0.6642040167732778,1,1,3
2025,1,348,4.4179909446119385,3.0026814862703666,1.2461939224076235,2.313379092551736,-1.0,-1.0,-1.0,-3.0,-3.806074667617482,0.9124078807446261,0.7123267219592455,0.20104993660335752,-0.10319402221796929,0.7262872628724818,0.10027100271014146,3,7.479452648924881,1.6733426842027601,1,1,1
2025,-1,418,9.6284468209977,3.076430659472631,1.851624388653407,6.21045517096624,-1.0,1.0,1.0,1.0,1.330301953885386,1.9381436447701217,1.6168457146543795,0.17826561145566924,1.068432658341388,0.6932358939496911,0.0,14,2.4170447659313385,4.810148308680653,1,1,3
2025,1,168,8.12537909585059,4.61147621601122,2.838804821402365,3.432155012241935,1.0,-1.0,-1.0,-1.0,-1.3076471920364665,1.1803744320809948,0.3920923664434726,0.11229077972356354,5.100606511271722,0.6147945205479293,0.049315068493150684,4,3.393771172403232,2.675673502088022,0,0,1
2025,-1,281,0.9613445563886411,3.0447975431598207,2.3779960992462175,4.560679452207569,-1.0,1.0,1.0,1.0,0.8611254923494819,1.4442051448778963,0.4429438174064364,0.07089197750685194,1.8377456337761946,0.6623505976096001,0.2679282868525472,3,0.2866277964958846,27.05208362502497,0,0,3
2025,1,51,6.560417803892622,3.0060988334386414,1.2146638227132713,1.9823066954432487,1.0,-1.0,-1.0,-1.0,-1.1214757940948457,0.11563822310762159,0.290315226540031,0.05809285428995236,-0.8728017131696035,0.991902834008214,0.004048582996187553,7,35.87266051038347,0.3468265991249695,1,1,1
2025,-1,444,18.508196587275783,3.7623718871079497,1.6650087719639295,3.149066129770383,-1.0,-1.0,1.0,-1.0,-1.3999605707077474,0.9249838059420928,0.4803708998312171,0.13670296370158036,1.435764512329011,0.7443678160919942,0.00045977011490238554,20,5.933032409774457,1.260905260488845,1,1,3
2025,1,194,1.1177016967424211,3.744947018897639,4.100685291476396,5.660250095173109,1.0,1.0,-1.0,1.0,0.9481719259761311,1.6445113637846487,0.46742599756098857,0.10687198225815785,4.536678070753847,0.9412955465587044,0.008097165991902834,13,10.591670637546962,21.634172083481033,1,1,2
2025,-1,74,0.06428466099440235,3.747888654815948,4.079001489357844,7.150690290786025,-1.0,-1.0,1.0,-1.0,-1.135890626299302,1.7845019876873744,0.9123729641337918,0.15686031774001324,2.3869553413509905,0.9457769839244707,0.00012758356722539994,19,11.23136877130026,0.3449011811612554,1,1,3
2025,1,643,22.163380858736094,4.156698708442563,3.7530179409104236,5.051548488709473,-1.0,-1.0,-1.0,-3.0,-3.0517803440242366,1.7498726342720734,0.6405238944931787,0.21432977409475718,3.0896589244228614,0.8018614641131239,0.04259889028101492,0,3.8371108133352063,3.3696910402123317,1,1,5
2025,-1,193,0.7568815920555914,3.2721857945530606,4.971587821456934,6.029321929183082,1.0,1.0,1.0,3.0,1.6658902616709534,2.640383563831333,2.328604275563514,0.23215581164912316,1.167605028636158,0.5335968379446584,0.1327703916636866,16,0.8427829024509476,5.613670427269734,0,0,2
2025,1,124,6.108019247443452,3.092469773665318,2.3859541469687904,4.09947116779632,-1.0,-1.0,-1.0,-3.0,-2.0493271103606023,0.6983349322002351,0.29755808884802,0.1554187495372658,3.855392630804467,0.7174876205368907,0.00026062027623473965,3,2.4730029148185855,1.932015270329538,1,1,1
2025,-1,224,1.505998312270743,3.1905563069514975,5.680639232064417,6.51239450761497,1.0,1.0,1.0,3.0,1.53680956235867,2.320011861963189,0.5554086564760993,0.08035965043827355,1.0742768230154691,0.9401926001013546,0.0005068423720517957,21,0.0011331815742207057,11.15617259917691,0,0,2
2025,1,81,3.97471173582713,4.5372605044964125,4.058193142191042,6.1165705050707615,-1.0,-1.0,-1.0,-3.0,-1.694361080687669,1.0242324828087377,0.5206289703024608,0.07269520150437532,7.423859549460944,0.8496359607471151,0.00031655587208379455,4,10.13489193078923,2.150580707221899,1,1,1
2025,-1,135,1.9171804156130958,3.0411047100709045,3.4476810768748805,3.789120153564648,-1.0,1.0,1.0,1.0,0.8644666280835623,1.0669634108289456,0.5853878770795257,0.10643713835868346,1.3177872822912844,0.7102922490469663,0.060355781448540986,15,5.951283106702752,5.410955767841045,1,1,3
2025,1,95,2.3571792389495156,3.425492665072263,3.733340848336343,7.946499386458918,1.0,-1.0,-1.0,-1.0,-1.5797259167745343,1.143081052352373,1.0862701311210223,0.10572091914419587,0.8264640663760767,0.9379207180254614,0.045250560957335574,23,1.0135186495483544,31.182162806104582,0,0,1
2025,-1,13,4.800312863652077,4.136926483850823,4.741593440243395,8.244370156075108,-1.0,1.0,1.0,1.0,1.2982380474687991,3.0828883197772456,0.8197979984903048,0.1117747457224911,2.808191199847619,0.9993418887792133,0.00032905561036943325,0,22.62655115344246,1.1915149666658504,1,1,3
2025,1,729,26.863153256773984,3.220795107570537,1.2782385024977037,2.0494385981171037,-1.0,-1.0,-1.0,-3.0,-6.226192361116784,0.8179222853089262,1.1429300497316184,0.2559804401525057,1.3260550656258994,0.47903802404936174,0.00032499187522202463,13,6.528784643890564,2.5082057323766174,0,1,5
2025,-1,276,0.18247715783784604,3.957439488097416,2.9325213303368347,4.575331223074311,1.0,1.0,1.0,3.0,5.161826735822162,0.78830729246887,1.0332799830804167,0.18944989690540195,5.388273393361944,0.9673811742777257,0.0,12,11.142962488643407,6.107830065593486,0,0,2
2025,1,344,2.887133525565039,3.863621563501583,2.940370935030414,4.965565450203441,-1.0,-1.0,-1.0,-3.0,-6.303555590069884,2.1133785966244365,1.7186047927964556,0.27036527764133284,1.5431800021812965,0.8269684111268415,0.08046518937607552,17,7.031683960407642,1.0451915899122866,1,1,1
2025,-1,221,0.9214823395318311,3.2094176358611235,3.9500051695233416,4.188724755469208,-1.0,1.0,1.0,1.0,5.0728099487943075,2.941119881792808,0.7784730745644272,0.15865504957835144,4.38488002912246,0.25330132052822885,0.2797118847538848,11,3.1948844067257443,1.64506243164743,1,1,4
2025,1,294,2.2968682209983724,3.514186270009061,0.9454744822436695,2.8397643459616244,1.0,-1.0,-1.0,-1.0,-4.945639564698316,0.3938579097006338,0.563921213586837,0.11699066300825794,2.7381519738430757,0.8703051643192213,0.0,12,22.521836937898588,2.8314120978852664,0,0,1
2025,-1,319,15.963763589793455,5.600347439492813,8.354166854621964,10.752335968555817,-1.0,1.0,1.0,1.0,2.0302682438959323,3.898458741110085,1.5539115364513214,0.16965047517438775,6.689305666497744,0.8057677318784009,0.13920498830865613,14,0.23598704996206835,8.966381468723974,0,0,0
2025,1,64,6.5603711192278285,3.017470006760152,2.1830603848446195,3.8997026958536227,1.0,-1.0,-1.0,-1.0,-2.230132744461767,-0.12743749864181134,0.9740954532858187,0.18516260778083923,0.5401145914604037,0.7116620752984135,0.07376798285890714,20,6.582751048615842,4.968344324129182,0,0,1
2025,-1,112,3.162997127251638,3.109291126149722,1.2170795661241527,3.617404826264001,-1.0,1.0,1.0,1.0,1.744751964750131,-1.032590534679934,1.164467492837857,0.2022175931217268,-0.22181003837789257,0.9217687074829932,0.05034013605443167,5,5.05346473131238,1.0751652692247478,1,1,3
2025,1,325,8.416666439333106,4.160674378267737,5.653692837000398,7.10189827287634,-1.0,-1.0,-1.0,-3.0,-3.86618848392336,2.2576360223584238,0.9188813073689569,0.15186387090801198,5.207642965647851,0.6803100775193618,0.12124031007753742,8,7.418100333111261,18.018458200426757,1,1,1
2025,-1,80,2.2649234710316968,3.942524751345069,2.5713148492582234,7.958954488275705,-1.0,1.0,1.0,1.0,2.485331839993927,1.0739778345926931,2.3912426667774973,0.18753784479987962,1.504515555319186,0.607677165354325,0.3799212598425197,15,13.747894619313842,1.489144627845219,1,1,4
2025,1,175,3.02371320013075,3.4284047312569452,4.929818119941064,6.087194056861846,-1.0,-1.0,-1.0,-3.0,-4.2678935813177965,2.199381129274082,1.6254888550448525,0.212316538046069,2.0365038745642052,0.8623342175066081,0.03925729442971594,5,4.501058787859085,4.296278211342214,1,1,1
2025,-1,106,3.52831329638166,4.336656399497779,1.8572725607188234,3.907657432641091,1.0,1.0,1.0,3.0,3.6177409055034415,0.27305242473569474,2.8669535826579517,0.21420464765131708,2.2299135097057095,0.683411537399949,0.26731990063483224,14,17.506250254343026,7.708437980459441,0,0,2
2025,1,806,41.100852308571135,4.1277413796755615,3.0552949064019894,3.7601389172211444,-1.0,-1.0,-1.0,-3.0,-6.889655516817512,1.238556579284254,0.7280797033531767,0.14250204829553229,4.3781587459162274,0.5802145411204023,0.006674612634060449,9,1.6434224508458308,18.6179302816472,0,1,5
2025,-1,43,4.955420050389365,3.370937132662915,2.5021946699673396,3.4679778804467305,1.0,1.0,1.0,3.0,7.152218295826374,1.4247558650732166,0.6835375794739559,0.15420807865343553,1.3975404388913193,0.8330555555555393,0.041666666666666664,13,12.179750516383773,1.9737344202895521,1,1,2
2025,1,218,0.4667310837521995,3.341874472525975,1.1980212943749653,3.5893731184641378,-1.0,-1.0,-1.0,-3.0,-6.873252074597337,0.21145607383028273,0.8386175696383296,0.22290228344554172,0.6727505569287116,0.9353138476281735,0.0,7,1.7435572244290574,9.985230733500561,0,1,1
2025,-1,70,4.151038403834763,3.7116291305985207,4.062730035952725,5.428239057831396,1.0,1.0,1.0,3.0,6.757684583984699,1.3242562901957922,1.2177381412599038,0.19404671125366246,6.751018116655396,0.7595811051693225,0.04411764705882973,13,17.923873113130803,8.035516363877594,1,1,2
2025,1,310,9.292858182039067,3.271161993918017,2.79690799195523,5.170849339511149,-1.0,-1.0,-1.0,-3.0,-8.756752451411975,2.2746307625994104,3.44358403280085,0.29668799594948375,0.9275055389225602,0.7597846344999009,0.14247256160696142,15,5.256975420683015,0.17371192643147665,1,1,1
2025,-1,150,2.1204634380056686,3.171751761740103,1.8968022568028617,4.6446396258658025,1.0,1.0,1.0,3.0,7.58850303871391,1.1938059047318939,1.2541373078435234,0.25256332330929226,0.9239668403697427,0.44786096256684493,0.28502673796793,3,7.486604673504323,1.24049917682555,1,1,2
2025,1,232,3.40957937179773,3.1618970148529737,3.5166905828494377,4.7947568547192985,-1.0,-1.0,-1.0,-3.0,-9.76838037177384,1.7444440854828533,1.3563966314815836,0.28629219953275986,1.7243675988962934,0.936903201647636,0.0,23,7.042562126646137,0.7968309022164101,1,1,1
2025,-1,179,0.8410099343045344,3.5378843534485305,4.458288749573483,7.288752763972799,1.0,1.0,1.0,3.0,7.4319208588924734,1.7984129854008715,2.035506437939578,0.2229971852323743,4.022571662746699,0.961570593149553,0.019214703425223547,14,24.400619804550093,3.115234806448557,1,1,2
2025,1,682,37.721452328726286,4.452143554442266,3.089456556262813,5.436480904068258,-1.0,-1.0,-1.0,-3.0,-9.887870342484312,0.9467322217036244,0.6395759064723864,0.19522384905024284,6.548077304089395,0.8340480274442643,0.045883361921085865,22,10.158205354613749,3.130970188664362,0,0,5
2025,-1,305,6.180887735763818,3.98714923297864,4.004809220632169,7.136755071856634,-1.0,1.0,1.0,1.0,8.076064606817853,2.751329398284707,0.9911700825252886,0.21983706034137898,1.9390758377555641,0.8997645475950571,0.0,0,0.6603309196791216,10.624507735686377,0,0,3
2025,1,21,4.80509822848148,3.184900043865828,4.161001334012544,5.216604577725444,1.0,-1.0,-1.0,-1.0,-8.076064606817853,2.4435182640856254,1.4561506573382341,0.2365071968446068,3.1806595264192934,0.7770761576731688,0.10868733256793697,2,2.9487258727261607,8.122293946241555,1,1,1
2025,-1,87,4.101626967013012,3.327261716684671,2.4252564476072025,3.5814229247735225,-1.0,1.0,1.0,1.0,7.78532651557065,2.1142296192246834,1.6779027829655635,0.2454284997096819,2.1112395432826667,0.942961506041016,0.03933689238550058,9,4.770190745186503,6.816515637956135,1,1,3
2025,1,89,3.9101863897768387,3.8135524906094904,2.591208060176628,4.814688301246338,1.0,-1.0,-1.0,-1.0,-7.910475895025362,-0.12053663368103076,1.5435463185765113,0.2739361729622527,0.5509356454932194,0.8366568914956097,0.07624633431085044,16,7.175909950154044,2.379587169952809,0,0,1
2025,-1,193,0.5399163744093212,3.5170812763184673,1.5892108667566733,3.099633031817912,-1.0,1.0,1.0,1.0,7.195715524406517,0.5264598940907972,0.8872749465440601,0.1877527781181675,1.7911069282802576,0.664653784218982,0.05112721417068191,8,6.9840992549434135,3.225450648478842,1,1,3
2025,1,106,3.4862717965419114,3.1878555484662785,4.277947058904058,5.4051966112502585,1.0,-1.0,-1.0,-1.0,-7.3345718010526,2.776590947210176,1.789938261406553,0.22725908461761207,1.192280571414799,0.3159278737791388,0.4564237415477135,17,0.6461430442019946,9.267551665717855,0,0,4
2025,-1,18,5.443351360182952,3.087255646516793,3.3982335372330255,5.191261319156696,-1.0,1.0,1.0,1.0,7.3345718010526,2.81357714960794,1.4327791812280568,0.2313685466656808,1.3636651979539682,0.37385691231844786,0.5395373856912433,19,3.096323329996052,7.202999630745457,1,1,4
2025,1,78,5.153037252260068,3.2906665358405687,2.7309612411833477,3.434368151410159,1.0,-1.0,-1.0,-1.0,-6.950355292000521,2.3399539526032522,1.3066226614286809,0.22960392223396434,0.8859178005570626,0.9041487839770811,0.024320457796880742,1,1.0647630287811438,5.612405030367345,0,0,1
2025,-1,95,5.849140202423586,3.325446974365495,2.9422596817206075,4.271229621037403,-1.0,1.0,1.0,1.0,6.495103853533762,1.663073061490976,1.0376156094178264,0.17883518733327358,2.3990132498960177,0.7792482795129785,0.12281630492322819,9,4.294386890067162,13.325078554185211,1,1,3
2025,1,84,3.4808344763040013,3.063734486801619,3.0468721728277846,6.335278627721871,1.0,-1.0,-1.0,-1.0,-6.985648235836627,-1.036003154763163,0.8275625210244469,0.19967872122058378,-0.23174879194337986,0.9307479224376731,0.06925207756232687,16,16.84059239003158,1.4389276378421916,1,1,1
2025,-1,407,23.332039933286044,3.543045076768047,0.8388861754021231,2.994514622527019,-1.0,-1.0,1.0,-1.0,3.9543472500175443,-0.4063101961783359,0.9587125262797753,0.14637194912452872,0.8585435241500246,0.8423566878980997,0.12579617834393747,2,0.23214460199808765,9.135040831871937,0,0,3
2025,1,39,6.787393371296681,3.066738906890078,0.5300583760966804,2.1863874358807207,1.0,1.0,-1.0,1.0,-4.01361078507232,0.37239866033615504,0.5427226032154999,0.13213037177967668,0.09340144318048411,0.5649289099526618,0.36682464454973546,5,3.9419473929058197,5.781853612586017,0,0,4
2025,-1,135,1.449170216261821,3.7155238631097083,1.4310555885585323,8.410127607328498,-1.0,-1.0,1.0,-1.0,3.1928772921145394,0.8384752458274485,1.8646089086301467,0.20045446341812453,0.9813539044046738,0.8538946420531086,0.0,16,3.9802777417100565,1.8054245610928201,1,1,3
2025,1,276,0.9706466976991022,3.370980357453684,2.1669993285403732,5.083386829187696,1.0,1.0,-1.0,1.0,-4.155023406658971,1.7665305308334225,0.5259904962110715,0.09880263330536776,0.5685407732351039,1.0,0.0,15,1.1118518873988907,10.421387740589836,0,0,2
2025,-1,19,3.8101767849727053,3.2903339872360555,5.398191560593475,5.8004886370840705,-1.0,-1.0,1.0,-1.0,3.8783050531648433,0.02535443640740044,0.91150182978827,0.1044455863825186,2.871196984387041,0.8371675053917486,0.0003594536305025758,17,3.64608192482538,6.17102541806225,1,1,3
2025,1,178,6.864419187941241,5.61492737068076,4.539413619809513,4.852773249763871,1.0,1.0,-1.0,1.0,-3.874605760786115,0.6594196931744077,0.3857290788355147,0.0891748461980561,8.975549119185068,0.5877412031782264,0.018161180476730987,8,8.35379907619486,4.611916436151822,0,0,2
2025,-1,156,2.353898285670522,3.4002444623288377,3.4623906709516685,5.397435017810484,-1.0,-1.0,1.0,-1.0,3.4749370886773794,2.3830672109084206,0.7455814799975352,0.10845224077819728,2.0619985715480804,0.4901685393258491,0.07584269662920295,21,54.29990009180628,3.876173738833451,0,0,3
2025,1,305,17.904521797418912,3.0381999461220466,1.734764301150183,2.599043486722085,-1.0,-1.0,-1.0,-3.0,-7.358349925777417,1.4372667501880336,1.6271475923868488,0.27846150185089613,-0.46127769048104117,0.999523582658381,0.0,22,2.416589144531028,2.7297817455256435,0,0,1
2025,-1,471,32.158920412471396,3.3077431955985976,6.879305194881571,7.799346309633721,-1.0,-1.0,1.0,-1.0,1.580269503319671,0.39356698316399313,0.7948742342126902,0.2128707679246169,9.377613155547914,0.939712918660289,0.015516062884481948,14,0.1864671301613281,10.639384138245218,0,0,5
2025,1,8,3.902947211647342,4.963459990458865,6.648328587474723,8.195060472622673,1.0,1.0,-1.0,1.0,-1.580269503319671,1.6215900089393458,3.067078878676991,0.2370177830285869,3.660591216449339,0.8112343077064057,0.004581691560524133,14,1.4772057000011556,7.762553424761682,0,0,0
2025,-1,268,3.0047433009770983,3.414124955571372,2.025388688314596,3.702496252977208,-1.0,-1.0,1.0,-1.0,1.541708534963296,0.6547653883210011,0.9780709780421635,0.18152181160488218,3.334111060451569,0.8109112240907349,0.12436448963627687,13,10.184097266992914,4.3055881816258745,0,0,3
2025,1,591,28.499597226254245,3.896606175635917,3.436816043550249,4.808545237676584,-1.0,1.0,-1.0,-1.0,-3.5155800845764684,2.949128715519137,1.238491228939987,0.11118550974211343,9.15053252611013,0.5940370948171372,0.0,14,1.2508411879432593,8.193409410801102,0,0,5
2025,-1,70,5.793216556743829,3.3302926403710686,0.5093460736003202,3.762496603492431,1.0,-1.0,1.0,1.0,3.6266807957737823,0.010460545817720225,0.6353332239496572,0.11763262334498895,-0.18687373321744166,0.7898130238555474,0.11863313990969367,20,4.01764566466047,4.359431160777265,0,0,2
2025,1,250,0.8506887819140626,4.456068741042073,3.8713898201166024,5.387924668003911,-1.0,-1.0,-1.0,-3.0,-3.4201716722682436,0.5290069529083595,0.8370602427994973,0.16197024568907262,0.683522910079595,0.8857318070319,0.05151267375306059,16,12.86821390864792,6.591807338370271,1,1,1
2025,-1,62,0.06841077787592428,4.302416237337071,7.550979794077133,11.468337943596191,-1.0,1.0,1.0,1.0,2.0556088335653633,3.652296778979819,2.7566054517757497,0.1997623843940679,3.855503520554334,0.6005104645227127,0.00816743236345074,22,0.6011176547787405,13.327204571946544,0,0,0
2025,1,36,5.361022538051702,3.0045141390697347,1.0887772236530442,4.1416724001229985,1.0,-1.0,-1.0,-1.0,-2.7306286218829694,0.46783734867961696,1.0189963126121135,0.21970654749442084,-0.32428352818925854,0.9410048622366383,0.05899513776336172,1,8.193450370802204,0.5212872500700536,1,1,1
2025,-1,168,1.6271263604884634,4.435053707219664,2.728600046108663,7.072620507666352,-1.0,1.0,1.0,1.0,1.5844135566905013,2.537051924773238,2.510982113621226,0.19826226483214185,1.7574721593036688,0.7276948590381475,0.07893864013267964,15,5.186291078446342,4.760417649390803,1,1,3
2025,1,287,1.0046705629228445,3.174523759139209,4.006531557423279,5.7523944707138694,-1.0,-1.0,-1.0,-3.0,-2.5496074918905043,2.1370929595680055,1.5736514713955763,0.1721137730248563,8.05674946445566,0.5353576523333985,0.08385979213369003,15,23.67786606761323,2.5049615499484226,0,0,1
2025,-1,248,8.266034599235276,3.1793707700464027,2.3342420084376934,3.144385201151341,-1.0,-1.0,1.0,-1.0,0.8156080780895533,1.4393059118115397,0.9796172265631162,0.16058292979956476,6.7092018601105545,0.43401486988849,0.08364312267657917,11,2.7955359166634155,8.744262938746918,1,1,3
2025,1,83,3.4827504178170616,4.191928359419416,3.7891007415858233,6.027633721601,1.0,1.0,-1.0,1.0,-1.3025886314905248,3.4215644838418897,1.2435594325690296,0.18295500232744855,5.466673021473668,0.7922340817077744,0.1258741258741165,18,8.750682376828154,18.331039047011036,0,0,2
2025,-1,71,4.896434719921253,3.5252969960369867,2.054518081941132,2.7458924238290257,-1.0,-1.0,1.0,-1.0,1.3009864386471983,0.9917066655214851,0.6054572779663975,0.2732946303916133,0.507146372545487,0.9676858929812272,0.0,0,8.531351326432485,1.2215080241803964,1,1,3
2025,1,218,4.71422562433334,3.937833325462254,4.187302539278444,6.418045716221151,-1.0,1.0,-1.0,-1.0,-2.698955251186988,0.7551961271715637,1.3988001303780027,0.21496906042936778,4.228027178066916,0.8759090909090997,0.12409090909090027,18,12.454684897039199,3.57664361512563,0,0,3
2025,-1,248,4.268667076231016,4.177110611099472,7.080391940615241,7.712045163533241,-1.0,-1.0,1.0,-1.0,0.8577959634384812,2.2178166628004385,1.916191384140585,0.16372311608886098,3.195188216372843,0.6855488418932651,0.24471299093655036,15,13.661337146830313,0.48342170548897123,1,1,3
2025,1,400,16.167793394843972,3.25721986193141,2.7720018850889074,5.209885142961679,-1.0,1.0,-1.0,-1.0,-2.271291540969817,2.341906957110229,0.7670752654064863,0.07480386472828829,3.906278685752287,0.3435483870968211,0.6564516129031789,0,0.2365441608609201,6.182673004502256,0,0,4
2025,-1,106,7.332069655835846,3.0323661021297412,1.253214615484012,2.781525122172035,1.0,-1.0,1.0,1.0,2.250377410445473,1.6140817511717407,0.3650016987603719,0.058149713752684955,6.573898222310891,0.1522346368715318,0.29539106145243865,9,30.67128148109526,1.579890986288688,1,1,4
2025,1,198,5.405986887915673,3.406512081027407,2.9005349329880126,6.795296832217248,-1.0,-1.0,-1.0,-3.0,-3.675265351468441,1.544735219216185,1.2608953360466144,0.17153569114808168,1.425960683193551,0.8715422508525669,0.03334596438045707,2,3.607902971264487,1.5568616363172731,1,1,1
2025,-1,150,0.5579508509109689,3.352053314196551,3.911564664328547,5.362574517151298,1.0,1.0,1.0,3.0,2.5134167903568696,1.6315761903756676,1.2001643180798545,0.13305078382885646,7.251722405052415,0.8854875283446474,0.03429705215421123,14,33.490556672831595,6.789949538165516,0,0,2
2025,1,242,15.513643531168597,4.507143479266533,4.584593111354038,5.957901401736325,-1.0,-1.0,-1.0,-3.0,-4.913121912179836,2.151828981224157,1.3709648263464387,0.17196739020513513,7.489256510478716,0.6638961038960938,0.011428571428581507,10,6.966685469197552,6.97336173701662,0,0,1
2025,-1,215,0.9195440040468117,3.2691873301958294,3.003755413795875,3.5039396523084116,1.0,1.0,1.0,3.0,3.8608163172454346,0.49953218271625105,1.0047608413707985,0.17383516940633012,2.4290401062489506,0.9643122676580791,0.0007434944237269059,4,4.461908405803888,2.3697470478932483,1,1,2
2025,1,110,3.3355959947436196,3.402948352322162,4.455508602548457,4.634560498526832,-1.0,-1.0,-1.0,-3.0,-3.9754611230941888,2.4140519608653035,1.2046615965283178,0.17049959856844857,6.33798848421636,0.24623777276146114,0.041572610985714034,13,19.469714217006416,14.743951254610302,1,1,1
2025,-1,31,3.349211124776191,3.712551092644517,5.023816687164286,14.863386885466353,-1.0,1.0,1.0,1.0,3.6882555499997234,2.5010402731273427,2.827662279803292,0.2865787985304713,1.0382263570254266,0.6110065851364175,0.22201317027280063,16,4.483256435662399,2.852283539314826,0,0,0
2025,1,206,3.9986921878157955,4.133430655143707,2.224821252202911,3.035600656219419,-1.0,-1.0,-1.0,-3.0,-3.8340776378404953,0.9803286476670561,0.7749181803202794,0.172396220121325,2.2525834640070723,0.8291161178509431,0.0,9,14.875374381320809,11.865048226621106,1,1,1
2025,-1,91,1.5295311599279549,3.3776146273256873,7.076445894077026,8.10327871180276,-1.0,1.0,1.0,1.0,2.5203181503107004,3.102925394211158,1.8211308166786815,0.27481837936872866,3.548936879417858,0.9856553350363473,0.008056592650812601,17,9.093544007980356,1.2336284568256224,1,1,3
2025,1,124,0.4803720567827935,4.271569547394434,6.144860827880814,7.22021147275998,-1.0,-1.0,-1.0,-3.0,-4.535935893647052,2.9034143202943627,2.577129151215848,0.28246052813563716,2.625547416113435,0.98182089107436,0.0,3,5.093081739087446,1.8731258965412176,1,1,1
2025,-1,558,16.766211866520983,3.613723580070024,4.648178271810972,6.521247512325623,-1.0,1.0,1.0,1.0,2.252899106736098,0.16024404716026922,0.39853742003607195,0.06590063017044051,1.7729261238062224,0.8338658146964585,0.0007987220447749448,1,2.7492379091897656,18.44611006197341,0,0,3
2025,1,79,4.736447815216994,3.530184826545351,2.9018949584715057,5.646220959922041,1.0,-1.0,-1.0,-1.0,-2.374205204889977,2.0365932779677567,0.47307674438148156,0.06036414727742446,4.3456906512915054,0.45281965382469674,0.1507537688442162,8,13.806041948513695,14.359409119004393,1,1,1
2025,-1,60,1.558662117613998,4.053585665847729,3.663809801303036,10.049948110404351,-1.0,1.0,1.0,1.0,2.0339502082058654,0.7466216105309749,0.7029433883175443,0.10129062936742295,8.189457056686408,0.38222656250002274,0.013476562499988631,13,4.8353312201576015,6.829386355507042,1,1,3
2025,1,114,4.767793983385015,4.206594541595733,3.391672890090153,6.069418295689215,1.0,-1.0,-1.0,-1.0,-2.09083551297608,1.2544263766825097,0.4698282547607776,0.10900912499965298,5.208277671366909,0.6283110225007028,0.012816861293079214,23,9.716656531677229,8.441933834730428,0,0,1
2025,-1,240,2.3992777210242964,3.3397494167483894,3.138681172783903,4.013209524353469,-1.0,-1.0,1.0,-1.0,1.0834361564258055,1.9645794651005501,0.8693573463004126,0.2084751851307084,1.7967095824059152,0.9867914144193644,0.013208585580635628,19,4.72234499855571,0.8572323643938387,1,1,3
2025,1,605,9.91975045956312,3.242657546089788,1.4277379848463907,1.7236691307963448,-1.0,1.0,-1.0,-1.0,-2.462188832833888,0.28760783760644726,0.24521282954600496,0.13180019942180282,-0.1439407018404429,0.5708446866485098,0.04632152588557749,21,3.024208640629173,1.8768264782617856,1,1,3
2025,-1,131,1.4040369185436798,3.459978856347966,5.3619240777103245,6.713051516786752,1.0,-1.0,1.0,1.0,2.2246155390067504,2.34289190220818,0.6814326452181646,0.08872461872662618,8.400472691108108,0.7643064985450758,0.15357258325250422,8,1.5434082303109171,16.200624517827944,0,0,2
2025,1,83,5.706061205790786,3.201400304051377,1.2317937992277823,3.856928125451104,-1.0,1.0,-1.0,-1.0,-2.459875975236555,0.50509420203151,0.6412413322300012,0.07898453980438049,0.015280351040366683,0.562082777035866,0.32576769025375013,15,11.792911127034083,7.575387627101543,1,1,4
2025,-1,90,1.3347798907857924,5.606065531186908,5.635602857107935,6.889303643013923,-1.0,-1.0,1.0,-1.0,1.9315484890162873,2.8088628937133246,0.8957060433748496,0.09459445086770979,2.720707057864799,0.8639036684401987,0.0,22,6.446393905908094,25.104269115461637,0,0,3
2025,1,41,1.9086874332372803,4.865216552967118,7.415402746415529,8.892769214536886,-1.0,1.0,-1.0,-1.0,-2.654747346374763,1.0842966303594124,0.7465363674141867,0.1230597618958413,4.818681792839462,0.9093768723786488,0.07025164769324195,2,12.772814648592416,0.0,1,1,0
2025,-1,151,1.6415580405796606,4.812759215090886,8.409550736128672,9.194270427075187,-1.0,-1.0,1.0,-1.0,1.5327300958499877,4.219590222611496,1.7418720902419644,0.1324086346845506,7.0279080199965485,0.7569629912247053,0.06924837848150155,14,11.55787360998113,0.15797420474192814,1,1,0
2025,1,369,9.821656675224451,3.041815386397615,2.639125767920189,3.6847674144916986,-1.0,1.0,-1.0,-1.0,-2.2241888317804706,0.3952329771570628,0.1448745806759291,0.04333166499964762,0.9742609204580109,0.9925650557621883,0.0,21,8.878735492673638,4.327428779134804,1,1,3
2025,-1,246,2.4366454970506437,3.205903653911098,3.3335431142784975,5.918198809246021,1.0,-1.0,1.0,1.0,1.9660538045343994,0.9971307102421513,0.20020530921229607,0.05165430986808057,6.833576682400532,0.5399433427762205,0.11671388101978056,18,5.129547456166251,27.949627224554725,1,1,2
2025,1,58,2.8595838974148666,4.095799614873988,6.585309829460775,8.73845250123295,-1.0,1.0,-1.0,-1.0,-2.2250339791331295,5.3026032946613775,0.6143244024110867,0.060547161083900604,1.7522393073957645,0.655457552370441,0.0,22,46.36020543279447,5.685348799985087,0,0,0
2025,-1,129,6.2406671833553,3.409717332030878,7.811111757822839,10.506356425416891,-1.0,-1.0,1.0,-1.0,0.3759701331154178,6.723709090822197,1.6666420802569273,0.1374255497763885,3.266109060386623,0.41567935467606604,0.13813965213008145,9,14.306667851170252,0.5508889344990844,1,1,0
2025,1,270,8.42884828780658,3.0818310127484447,3.183686481934957,4.314074041812897,-1.0,1.0,-1.0,-1.0,-2.1066829389131794,1.7711372230789908,0.6693600878949254,0.11150821509287705,4.152553063993314,0.3942144072603452,0.34600113442994324,8,14.117579895655748,1.3869221688557445,1,1,4
2025,-1,372,6.479321415333172,3.3288656725342967,3.575846965334387,9.836988219685116,-1.0,-1.0,1.0,-1.0,0.7164993952567104,1.8171157313253838,1.3118279325356987,0.10802114038053387,1.0709372915128348,0.7234185733512503,0.17563930013462178,15,11.17963536419321,0.44055609429171844,1,1,3
2026,1,314,4.448955655893328,3.013705795696661,1.862440329103095,3.71368362215937,-1.0,1.0,-1.0,-1.0,-1.5177550989320125,1.6092625078043512,0.28570198000667435,0.06087053404009716,-0.13093591693661924,0.26632302405499614,0.4261168384880438,17,15.84940452412015,0.0018661726745605703,1,1,4
2026,-1,255,8.040846828237784,3.663734139061275,7.161515391403017,9.182621898753785,-1.0,-1.0,1.0,-1.0,0.1305785066271277,1.8930821888864229,1.6013520574125737,0.11655789184407761,4.277259546460986,0.5003692762186062,0.14844903988184613,14,1.033311280950211,22.79385906253599,0,0,0
2026,1,2,4.408203990959043,3.3877662101340755,2.2271815975263496,8.479090721232412,1.0,1.0,-1.0,1.0,-0.1305785066271277,2.0571255151014567,2.3582836559917992,0.12607221067329322,3.250819866735319,0.5790381712314032,0.18675868018113395,14,14.102524527661298,5.32517433382254,0,0,2
2026,-1,200,2.7101888117565722,3.346569621452918,2.6048391950628815,4.576648392470835,-1.0,-1.0,1.0,-1.0,-0.6248654389969085,2.6156989563952022,0.6722497308175093,0.11980326467326378,7.3071130727926015,0.4879492600423202,0.0,7,2.521864718197879,6.230544144812014,1,1,3
2026,1,84,5.084031528378569,3.699912579358369,1.9647184299693348,2.835433165352697,1.0,1.0,-1.0,1.0,0.09102896408914214,0.8644573766741853,0.5642336101287904,0.09885429145014976,1.1242010352682286,0.8953732912723739,0.0,14,6.296973060529687,3.2382509359745435,0,0,2
2026,-1,345,10.883954354598998,3.172922314593078,2.8058502101934746,4.5668793210957865,-1.0,-1.0,1.0,-1.0,-1.5414231261574884,1.9895654428491685,0.8505948442498226,0.09140466832910298,5.286772818625133,0.6337295690935851,0.00037147102528165617,19,0.22268652461853805,30.019347229522744,0,0,3
2026,1,47,3.6136765218958424,3.3661050396241414,2.728492673220779,4.191024088001161,1.0,1.0,-1.0,1.0,1.3500549147700436,1.11671551327239,0.5621629263457905,0.08845375060540979,4.202492128255355,0.7972891566264972,0.0,23,23.944470364721713,2.6666781586484904,0,0,2
2026,-1,391,16.18733419216766,3.0441038417626602,2.6988745365535456,5.51600961617986,-1.0,-1.0,-1.0,-3.0,-3.613390505322931,1.4570063659418226,1.0069591362217691,0.12694703450581685,2.0306924116938534,0.7357336956521093,0.11413043478263073,7,1.3988532809179433,9.813935638710104,0,0,1
2026,1,56,5.762577992115945,3.3186515601071864,0.7766123320501461,2.6456339026718023,1.0,1.0,1.0,3.0,3.633251348559002,0.04870754621470733,0.915427235769755,0.11159314862074654,-0.4457592522798688,0.6643768400392636,0.25809617271839463,12,4.6758931687681695,25.915381788053907,0,0,2
2026,-1,49,4.13002048684711,3.3367098325463025,2.0132801289979043,7.6938059374135594,-1.0,-1.0,-1.0,-3.0,-3.4101093965252574,2.71400979422118,1.3044219445127303,0.15353109133941514,1.3085255478330968,0.871281773931914,0.02920497566248972,16,13.732248213206498,4.555046291857799,1,1,1
2026,1,59,1.8012306579181476,3.6138750358149574,6.415844826739526,7.6935085980995375,-1.0,1.0,1.0,1.0,1.868091278426629,5.497573606271849,3.05876199507162,0.1861459443305539,4.649305102708855,0.831289897659351,0.02138007903535454,21,0.3658660171128941,8.468249960356014,0,0,0
2026,-1,48,5.259344098295256,3.925824553559979,3.0550984004265023,6.234965425260701,-1.0,-1.0,-1.0,-3.0,-3.3806634871299077,0.655643860998089,1.0576170930525546,0.18725623250272946,0.2007439270889946,0.9201388888888734,0.0,1,2.4035289174087717,3.6327309208323513,0,0,1
2026,1,478,8.17694026613553,3.453633693268582,3.889513701171881,4.875841621335732,-1.0,1.0,1.0,1.0,0.44558406972916526,1.1708739288602694,1.1690982803155507,0.19473841389316865,0.7630176177850964,0.3591087811271522,0.2732634338138761,17,1.9168578608440974,3.3247705148837956,0,1,4
2026,-1,179,3.5088577810668493,3.8915396465729266,3.3553397388477313,5.151677290331727,1.0,-1.0,-1.0,-1.0,-0.4058873149308421,1.371529547905039,0.7099871435772502,0.12521180600917506,6.488291725369996,0.5009126466753737,0.2292046936114581,8,7.827655577979686,13.049033588629388,0,0,1
2026,1,89,2.261399005519384,6.532712409910128,9.896368203685109,11.905638675141441,-1.0,1.0,1.0,1.0,0.10778225241284423,4.608469360705167,1.9635758303167532,0.16879125614974688,6.583028427007328,0.8457913195966863,0.09020166593598081,15,2.310531745490589,10.078676528315295,1,1,0
2026,-1,49,7.490165027060705,3.075571525715342,2.2410909207366916,3.702599992383958,1.0,-1.0,-1.0,-1.0,-0.7897146088540966,1.473783295002154,0.9410840728424983,0.20084572272989062,0.016050692936944097,0.23546682325311294,0.18379330593072446,19,0.8899260598591627,2.784536158778439,0,0,4
2026,1,389,11.798428127591938,3.020622219394259,0.68299640693211,2.965007931269905,-1.0,1.0,1.0,1.0,0.1526354678455994,0.691179506879124,0.13210845141089533,0.04116529515078237,-0.4594039102884315,0.9918032786892383,0.008196721310761696,3,3.2542769977353476,4.435459019135741,1,1,3
2026,-1,193,0.9438186149822947,3.546069763779107,4.270870334977716,5.344054049696799,-1.0,-1.0,-1.0,-3.0,-0.3142200094638482,1.831064179077153,0.5350670849598669,0.06057846942955241,2.5098432198486553,0.43785850860420994,0.12810707456986603,20,7.718176936418327,34.42022674831966,1,1,1
2026,1,39,0.9261871325743187,3.5293852474030554,5.291544640715723,10.926072124474015,1.0,1.0,1.0,3.0,0.3142200094638482,2.9756793495988902,1.2717658622654158,0.08234703581071874,3.5685449158205467,0.971948672038172,0.02566398090124044,23,19.938380058585853,4.697663842451285,0,0,2
2026,-1,112,0.8690163402014066,5.385218006871207,6.485269916790184,8.02836773482912,-1.0,-1.0,-1.0,-3.0,-1.0070197477647511,4.593858519225644,1.2345418192586484,0.13455746956263467,6.556248208938289,0.6737601776461879,0.0,8,5.487662091752219,12.801814700610029,1,1,0
2026,1,84,4.329579494650319,3.2413503113086777,4.572580727876616,6.996141699964753,-1.0,1.0,1.0,1.0,0.20801821936589707,1.5577624502662677,1.4595278072024078,0.1525395082062638,2.3751441091668624,0.6321271929824923,0.0,15,6.047791754365003,4.19553456658749,1,1,3
2026,-1,720,24.75341253289335,3.367271001498247,2.210184359408532,3.2250427457871855,-1.0,-1.0,-1.0,-3.0,-5.755473162894989,0.6349272574635156,1.4268886755473917,0.19207159085277187,1.4440058399028177,0.7521367521367689,0.1742274819197913,3,0.2560247991345821,7.4730975339764205,0,0,5
2026,1,72,6.421786781852396,3.5566613005528485,1.95607651517243,4.312125909491354,1.0,1.0,1.0,3.0,5.3618653482603404,1.04006723029376,0.9130136474294301,0.15784484638494511,1.5875539438124764,0.8777665995975726,0.07444668008049644,9,1.4234328934332001,10.022196244627104,0,0,2
2026,-1,61,5.393370712584874,5.310875101943109,8.963930868962898,9.089950639188023,-1.0,-1.0,-1.0,-3.0,-5.265623020784194,4.448644449863705,1.976677496872701,0.151613395286091,5.84913400707874,0.8353808353808408,0.13245476881841253,14,4.820428369266376,8.729107144117267,0,1,0
2026,1,574,6.361173436157979,3.6880848405847226,2.1751786021388173,3.269762046623234,-1.0,1.0,1.0,1.0,3.657575059219872,0.5598252804303488,0.5673048666824027,0.05990870402393843,3.3050636609024266,0.6942392909896901,0.21418020679469163,14,2.7766749358488316,6.153097669554784,0,0,3
2026,-1,92,4.232547821575393,3.1714850068434037,2.1332680801230857,4.646405827747013,1.0,-1.0,-1.0,-1.0,-3.6002151258093202,-0.08786970217660987,0.15868482624133426,0.052571719910740944,2.3404274796417552,0.7883107626513826,0.0007127583749523785,22,6.423796008843228,1.9133435357804938,1,1,1
2026,1,243,0.8939766494969332,4.132230968309554,1.8814410531899761,3.727824198556482,-1.0,1.0,1.0,1.0,3.350685768313652,0.48573790471221984,0.29976129509219923,0.05386007327348238,1.31193237459696,0.7142134547293838,0.042488619119923396,18,3.159107027198657,68.70960401079921,1,1,3
2026,-1,55,2.0535545217791804,4.327528795630477,7.6040394194817305,9.20620445906288,1.0,-1.0,-1.0,-1.0,-3.6067528977744243,0.47228301195444955,0.34628578558288114,0.05901526428048478,7.943820903655459,0.9457442517143837,0.0002016942315567168,23,56.6288623121426,2.802896745191535,0,0,0
2026,1,762,33.07440627864555,3.48719249929139,6.809221299260843,8.408592278985083,-1.0,-1.0,-1.0,-3.0,-2.9675267149654156,2.5924595988842465,2.6186045051815845,0.18237176506967384,4.410539878850242,0.727408354646217,0.11700767263425942,14,4.3095179144744,16.393247551521515,0,0,5
2026,-1,25,3.8224742413068324,3.0338112087828124,4.790291117247711,7.560440564132403,1.0,1.0,1.0,3.0,1.457920469952242,1.5536989748059076,2.2212891759129016,0.22379594587941332,2.4225097428210107,0.6479264643009918,0.111372381359536,16,8.171613903149094,8.036300628914152,1,1,2
2026,1,35,3.190950456677881,3.5920599799497737,6.558431938238683,8.220258482826738,-1.0,-1.0,-1.0,-3.0,-1.457920469952242,5.721898212880214,4.030351968994786,0.27399635618795204,2.320271180136977,0.6013257575757576,0.2861742424242259,19,2.0035256778098702,2.499841639722202,1,1,0
2026,-1,226,2.8718055339488524,3.6821725166832033,1.04834685358441,7.550043233238806,1.0,1.0,1.0,3.0,1.675551288604441,0.08985478812151737,0.9482366466706056,0.13799439246975506,1.277729162657535,0.7163701067615762,0.0,14,7.400047743746841,4.298789650196741,0,0,2
2026,1,166,3.9792391003685177,3.5537777148476897,1.5089719349384698,2.460458030425055,-1.0,-1.0,-1.0,-3.0,-1.6126701511266888,0.583857544955854,0.3645985623551262,0.13587548107419464,4.294085580622602,0.9338842975206612,0.0,4,0.12588389923100174,9.90150435964743,0,0,1
2026,-1,52,6.6851369746230285,3.8687341822725108,3.3326872044949005,4.195952003287298,1.0,1.0,1.0,3.0,1.976453887920757,2.0551458337179067,0.7295650607710725,0.12483678307017429,4.165670529535334,0.5838758137206185,0.3600400600901113,8,5.782347044564307,6.819881740303285,1,1,2
2026,1,87,0.32992144242338567,3.380668174074029,7.580989650793709,9.221232280483648,-1.0,-1.0,-1.0,-3.0,-2.27649931918334,2.16616698799669,0.9902065520495167,0.15457161896280758,3.6096933316891926,0.9303717706364258,0.011184625078774083,15,9.976161694587683,4.657078876128936,0,0,1
2026,-1,266,6.081869523308298,5.293068732655935,3.381159104669483,3.417577485048463,-1.0,1.0,1.0,1.0,1.8258644831061086,-0.10904583136488828,0.040320788980974236,0.058408491928349036,7.792704213996162,0.927874186551037,0.039045553145321675,13,3.925518053493683,2.875135293086153,1,1,3
2026,1,505,9.246333316236996,3.1498924108101245,2.4441815448598434,2.836508224599604,-1.0,-1.0,-1.0,-3.0,-3.119025230738854,0.6762845417374306,0.6709952552656097,0.16610541293502554,0.727181203465332,0.6241610738255765,0.030201342281848606,8,5.150142041532052,5.4823210769912265,0,1,1
2026,-1,97,2.9443669222378968,3.0187723732665006,5.61579210238008,9.656338446106195,1.0,1.0,1.0,3.0,3.4008584008975853,0.6962654702073658,1.6160189548776975,0.18171582459592248,1.0029784398792654,0.8235449735449812,0.041269841269856666,16,2.1570592181327064,8.416439123468171,0,0,2
2026,1,34,5.135150748640691,3.3785297275608293,1.8109114197152394,4.239576844160252,-1.0,-1.0,-1.0,-3.0,-3.4008584008975853,0.5888116067751515,1.0827990563358314,0.20041799209210356,-0.35833457056603274,0.7300970873786126,0.20631067961165048,18,2.604279222864662,4.828532444647644,0,0,1
2026,-1,175,3.9553952566165553,3.4168569284589796,1.71253681367058,3.666302960513435,1.0,1.0,1.0,3.0,2.6105276790202128,-0.21904451428940055,0.5612577000359178,0.11886126517583893,0.42978609439367355,0.6622950819671177,0.3366120218579553,9,3.4279454051171867,9.076732290231927,0,1,2
2026,1,81,4.04031642079422,3.1325642998223784,4.346790914786166,6.982627529780316,-1.0,-1.0,-1.0,-3.0,-2.8536039695900053,2.9567177619568286,1.7814914708299294,0.14493612993456526,1.2130299485758855,0.40887573964491875,0.5035502958580226,16,7.983933510150944,9.434423481715772,1,1,4
2026,-1,12,3.5829903537183028,3.6851440141139786,8.07115721784963,8.849665946145187,1.0,1.0,1.0,3.0,2.8536039695900053,4.668736754250593,1.6088560729126686,0.1604301252259257,3.687986863106064,0.9090909090908901,0.031422403454079026,17,2.329121634105285,13.565550171386715,0,0,2
2026,1,34,5.783034042540641,3.485288718860948,1.9470581550735093,3.9483807046480326,-1.0,-1.0,-1.0,-3.0,-2.433969972808261,0.7262400554885616,0.7272486113700206,0.17468046553510527,-0.1072570506409354,0.6236766121270645,0.2358036573628456,20,5.693885394431752,0.22933166723658785,1,1,1
2026,-1,352,1.9805408771110835,3.182766417337896,1.9621400637591684,2.0725449438706587,-1.0,1.0,1.0,1.0,1.4384362713242058,1.746121283181062,1.453257434914245,0.18361573993683875,1.5204747463897887,0.38720626631850746,0.0002610966057593231,1,7.004576282628982,0.4403927995557612,1,1,3
2026,1,499,18.291693192982617,4.041507031885938,7.4870081131283515,9.032616576113092,-1.0,-1.0,-1.0,-3.0,-6.768613807607202,2.9450186701538996,3.6966220216444956,0.3176258006905749,2.508150133725577,0.7496271041977429,0.04602599616451244,19,1.3075638326845853,2.7956230443880026,0,0,5
2026,-1,158,5.600097175351833,3.1477638497638396,0.8859957663455321,2.927697861525888,1.0,1.0,1.0,3.0,5.894006270534389,0.823423029810407,0.722053370971206,0.1748959437687623,8.24383280728009,0.3777216787630604,0.00031555695800337865,8,18.15090319775792,0.04460861720562122,1,1,2
2026,1,626,18.506476116873003,3.358155077540098,0.6670887166777761,1.6915831739946376,-1.0,-1.0,-1.0,-3.0,-8.849240826847257,0.5769347241774238,0.8938132706315622,0.3730209905382152,0.013503243824180661,0.8204207285787529,0.09697280656744353,12,4.216426417663561,1.9477067883238155,1,1,5
2026,-1,176,1.4336303486675814,3.094734654114919,4.433970656427749,6.190528451371038,1.0,1.0,1.0,3.0,7.790178016248328,2.084406867697804,1.7138932669720455,0.27676727010961727,4.669333853881418,0.3476931628682735,0.421067259588657,3,0.00046531332312315797,6.511129331030859,0,0,4
2026,1,986,29.841850991695523,3.242672273649937,1.8547186763462484,2.4917718734197303,-1.0,-1.0,-1.0,-3.0,-12.691600629931234,0.6934625419022442,2.9710826263004817,0.5527284187880238,2.761991956683648,0.8246455379482802,0.05900750625521803,13,12.03595758387824,1.2298178293652695,1,1,5
2026,-1,213,8.01066272208881,3.407000351658816,4.962877643170226,5.2970133409718,-1.0,1.0,1.0,1.0,9.12601591504287,3.161336843104292,2.5831532277016627,0.42322790755203055,6.496402088450536,0.8262569832402112,0.12681564245810462,6,5.10003828455177,4.353389379587697,1,1,3
2026,1,301,5.781264668413531,3.441887962464959,1.6119759871021972,3.899901858668951,1.0,-1.0,-1.0,-1.0,-9.16482549254839,0.7443698707564346,0.7863137277072046,0.23079788646100857,4.755718380890042,0.52609682299544,0.311270801815449,8,10.680504740110809,2.0874375219964563,0,0,1
2026,-1,293,1.89741652147711,3.031826457323097,1.7115844511371414,3.434339136010553,-1.0,1.0,1.0,1.0,8.208229482213188,1.924833452907274,1.0777430580141718,0.2811335027289195,1.1490040516587843,0.6525241675617718,0.11600429645545735,8,9.061598249612574,0.1294731637614843,1,1,3
2026,1,110,0.2579117046646455,3.0114546875143615,1.9872479084844827,4.944581807525001,-1.0,-1.0,-1.0,-3.0,-8.560939393104752,1.7989678794966215,2.82777551149578,0.3524919454674172,2.071323077072933,0.7972833916443688,0.04218975097756791,17,2.322010058688844,3.227316354313434,1,1,1
2026,-1,119,4.926265758427457,3.489638783056746,2.824510610367528,4.282338431068262,1.0,1.0,1.0,3.0,8.003757243831096,2.8914559316291757,2.3383319440786514,0.29250738601761,4.213339621989238,0.3327654741624022,0.0,3,3.732019513960216,2.440223452494397,0,0,2
2026,1,416,7.341081645947139,4.182740670337682,6.36299412090645,8.59352969702938,-1.0,-1.0,-1.0,-3.0,-9.397121725109098,7.138092069434751,4.217789694364213,0.2828673632429992,6.556345247657351,0.5119736692770432,0.03404834865509,14,0.691326523245805,13.963969071182953,0,0,0
2026,-1,7,5.807061332259499,3.4474631813004293,6.617083639902738,9.205922540973908,1.0,1.0,1.0,3.0,9.397121725109098,3.7263884671022,4.1181864785291165,0.31451917389940115,1.3956987118179043,0.531835838540772,0.34098969768621307,14,5.542758278826575,6.800099243448899,1,1,2
2026,1,80,4.238814866261942,3.580601177102718,2.5961762804439794,4.181149519718684,-1.0,-1.0,-1.0,-3.0,-8.734721003151577,1.438219268719663,1.5256292145314931,0.356225467910953,0.5830426731275805,0.7631074168798145,0.1045396419437286,21,0.6652109619097267,6.234035856658646,0,0,1
2026,-1,93,6.045854103817357,3.0706346227414554,2.228621007472244,4.572900028597278,1.0,1.0,1.0,3.0,8.582204498780817,0.5508719569310775,1.2585462674370553,0.28873296874452187,1.5617688921743156,0.7217811529168379,0.10976872626856482,5,0.7152125597635587,7.7153749376672875,0,0,2
2026,1,67,5.228556470646571,3.085193442534737,2.0272004868710956,2.9826108756339345,-1.0,-1.0,-1.0,-3.0,-8.766996997651859,0.13991544973165593,1.0862032842074967,0.2420547415243163,0.9491283023125163,0.6576862123613464,0.053090332805049475,10,3.552323065361765,16.579538697854822,1,1,1
2026,-1,64,3.063814208038247,4.156040791314928,3.140762649441789,6.383798543787095,1.0,1.0,1.0,3.0,8.657052676102595,2.183096074511209,2.7269041298189687,0.308028781969033,5.447139361869856,0.793899039950441,0.06333230102197893,16,7.690461001292591,0.8761407980067679,1,1,2
2026,1,212,1.0114054701336812,3.378558702601434,1.7251166108503606,3.1147763980658167,-1.0,-1.0,-1.0,-3.0,-8.96438874838886,0.8705407325988804,1.132471052564694,0.23724229811262296,4.741606846330511,0.6743566992014371,0.0,9,15.740036964887139,1.4022472852880599,1,1,1
2026,-1,613,23.116204485667293,4.044944618550879,5.461027060106819,6.261316598068309,-1.0,1.0,1.0,1.0,5.643567052992235,3.383622695597444,1.5398716052256325,0.18550314685683106,5.619423378915201,0.7867059318468754,0.039124947412687204,12,12.033007844741048,0.629850333361759,1,1,3
2026,1,283,6.049312794493005,5.969028931733498,5.798434949953494,9.01083436993487,-1.0,-1.0,-1.0,-3.0,-6.41277765194459,0.04101820457357566,1.0962874429260125,0.1732860445962132,9.026885369886303,0.8366789567117395,0.00013655605624917442,12,5.345691819906982,18.42041498284648,1,1,0
2026,-1,14,6.354977665481541,3.469526471898546,9.502579899539075,12.203241635104947,-1.0,1.0,1.0,1.0,6.41277765194459,4.922060504449153,3.804483926367848,0.21550857834484327,2.701544331945643,0.4805567830313681,0.3596995139195776,13,7.229160676968881,2.5138704937950886,0,0,0
2026,1,100,1.1597587156644948,3.1676792787834205,2.246021094115407,3.1003317294333614,-1.0,-1.0,-1.0,-3.0,-6.8639633004345075,0.0548900170869006,0.8024205123963619,0.2154521609164941,0.7319644570626984,0.7884267631102985,0.0002260397830149611,21,2.6532852012440626,6.613996070902983,0,0,1
2026,-1,89,4.74311114358961,3.93294332079873,2.848014510067865,4.929971824114465,1.0,1.0,1.0,3.0,6.3747164528385305,2.253691027166627,0.8317974310153593,0.2054267995413577,6.780432878195102,0.6039703903095618,0.05820995962315976,5,2.4213134924709316,3.6026166452140043,0,0,2
2026,1,316,0.5670234964491223,3.174427186669063,2.634452779390925,3.155681426640894,-1.0,-1.0,-1.0,-3.0,-6.686312364085674,1.944684240148381,0.5925306812440944,0.17652828641389307,2.8931457286588813,0.6596512327119373,0.09320505111244576,7,3.356346129495944,11.39625638164481,1,1,1
2026,-1,41,2.417291328888796,5.492052232223474,6.240575512001658,8.618905593122873,1.0,1.0,1.0,3.0,6.298065415492098,0.2860521359561634,0.7464140390612294,0.17586072754766702,8.30316423177008,0.9078129624149117,0.04069251257768553,11,8.5248904082923,10.162956781828,0,0,2
2026,1,54,1.8621902152106,3.3954989238753206,5.181445589515146,9.871200939982383,-1.0,-1.0,-1.0,-3.0,-6.762843498435775,1.1859303873298095,1.5317726841805073,0.2120670634548337,5.4451836918407714,0.9911926075657069,0.0,15,1.6925224566659338,15.689073754405747,0,1,1
2026,-1,6,4.6379441354189535,3.2456843189866356,6.384568687803489,7.956273550111236,1.0,1.0,1.0,3.0,6.446166202229464,4.710079068739803,4.4617895420105045,0.23174771009433076,1.7514387493326746,0.846369585540655,0.014334683702106277,16,8.184569469145304,2.2951778451621894,0,0,2
2026,1,387,0.2500713519996227,3.228436606837962,1.8163822847790416,2.377448887565664,-1.0,-1.0,-1.0,-3.0,-6.5656841425195145,1.6625336280391745,1.2144242317101994,0.21001284224482375,-0.20005202491911236,0.5783822476736191,0.16964924838938858,0,5.561785225350863,0.9599056146160365,1,1,1
2026,-1,156,0.1497029685696114,4.015571650319393,3.9237065353259637,5.05020069660642,-1.0,1.0,1.0,1.0,6.213565567338124,-0.132792669447576,1.2775156179108236,0.1805471184118259,1.2804880442541764,0.8497600590623922,0.0,13,4.6184606436046005,9.374217932416693,1,1,3
2026,1,115,6.3293340102032785,3.1305827087104414,0.9035873770403763,2.693872647438114,1.0,-1.0,-1.0,-1.0,-5.842931390810572,0.5008999365310498,0.7645113897641614,0.24362104679834157,-0.5248751432854549,0.322857142857226,0.42857142857142855,22,1.0266393295878933,3.3833254992119164,0,0,4
2026,-1,288,0.0823438760486351,3.247910458094445,3.438444995573583,5.602912594566277,-1.0,1.0,1.0,1.0,5.006676031229553,1.0209567873636032,1.1935535913030206,0.12513042680527123,2.9861680591869537,0.5325365205842916,0.12837538733953407,22,2.0338937384013898,3.149065088317054,1,1,3
2026,1,781,23.406534006106227,3.8773340127224962,2.3177333333384627,5.804857854032351,-1.0,-1.0,-1.0,-3.0,-7.6548798125630535,1.331975372604386,1.4327989545728481,0.26613774936681067,3.4212915429120865,0.6991525423728814,0.0368644067796641,16,2.6644578203893206,3.499987823754781,0,0,5
2026,-1,561,21.834924299171693,4.382893685471528,3.349952510252521,5.799843250468884,-1.0,-1.0,1.0,-1.0,3.750470761755374,2.7498627723542834,3.9080880735480865,0.2379340490437682,8.286043102464543,0.8066830281291396,0.049273173494414596,14,5.444687115135643,3.4560624276631664,0,0,5
2026,1,162,3.5534372249118977,4.081622365238627,4.529051751253386,6.687670022756769,1.0,1.0,-1.0,1.0,-3.9732890344862994,2.2646350367960935,2.1423212392845645,0.23221563302340834,3.828290155996107,0.7098723975822435,0.017797179314986093,4,0.12708912494795344,14.251685951870849,0,0,2
2026,-1,71,6.030988831125509,4.960341438645709,4.877128333084193,8.662767005859115,-1.0,-1.0,1.0,-1.0,3.8807610619155173,1.604490642822668,1.4177352862712838,0.22065046064368185,5.478924749799244,0.854621458430086,0.029261495587565373,10,11.999606824519171,1.2392814279786097,1,1,3
2026,1,381,9.811616719142668,3.620776352946921,1.8408965800037762,3.3163988615257214,-1.0,-1.0,-1.0,-3.0,-5.665892079067013,0.4137358983221114,1.7868997646967777,0.2745332000508802,1.3424165397881487,0.6227678571428564,0.0,17,13.031653974513864,1.4259289696852244,1,1,1
2026,-1,274,7.848765331405602,3.3943898782630324,4.775992553800973,6.5067834462953495,-1.0,1.0,1.0,1.0,3.7936921158538706,1.4261040109223115,1.1085026570471765,0.269025001109508,5.299060257819067,0.7406504065040532,0.016463414634158173,16,5.911472404598726,4.64995316501078,1,1,3
2026,1,101,3.139638386115036,3.5716750346059767,1.6744738059280333,5.4146760484696195,-1.0,-1.0,-1.0,-3.0,-4.50719334050017,1.6230406932593404,2.571462663315761,0.3113758914402414,1.62788654538189,0.49713818479148836,0.0,1,0.5611983598422469,6.668131067758082,0,0,1
2026,-1,71,5.062836106634714,3.6887895927492464,3.006355774390035,5.127216553269072,1.0,1.0,1.0,3.0,3.6615868534369187,1.177790071963738,1.3735192063777666,0.28872006891543545,2.722186826602986,0.7048611111111112,0.15787037037036364,7,2.1087234815626816,11.425946151850672,0,0,2
2026,1,92,4.992477660258476,4.261850341614879,7.930687362910004,9.051964302029948,-1.0,-1.0,-1.0,-3.0,-3.935145311700988,4.076193814998512,3.387668530861721,0.2832013033904388,4.2095931836170655,0.6710788757932752,0.23952855847689178,14,16.60977170447067,0.7800416711939521,1,1,0
2026,-1,213,4.426536449557151,3.5005509897269635,2.997710426321224,3.9054962216405618,-1.0,-1.0,1.0,-1.0,2.3838719721090134,1.812321739050509,1.8132867526517682,0.25664025744336927,2.4208794239758706,0.7344849648113337,0.03582853486878878,8,8.783908267089972,7.889955398175466,1,1,3
2026,1,91,1.325147115483655,4.533504270522624,4.418334567653808,9.297666665652509,1.0,1.0,-1.0,1.0,-2.638693298582941,2.2350937233154164,2.625497439991198,0.330463173567959,2.5153550407399377,0.9960191082802548,0.0001592356687759058,16,1.9570316613873395,4.811772115103322,0,1,2
2026,-1,564,17.09485520958228,3.150386382091455,1.6645063664357507,4.662653919434578,-1.0,-1.0,1.0,-1.0,-1.2479362466288648,0.07501916365086062,3.2335598771190037,0.30093567786892866,3.338880566669309,0.8589185829708066,0.07395898073336918,15,5.537248590705978,0.5090233536500602,1,1,5
2026,1,793,44.24944760104572,4.035054042269879,2.8022297051920626,6.22956432088889,-1.0,-1.0,-1.0,-3.0,-2.714765391230099,0.6898568092537744,0.8017134018382307,0.14431358788204718,4.343571085790244,0.7229411764705967,0.0,9,4.517943182960415,10.230849599095006,1,1,5
2026,-1,36,4.146176756028091,3.812515788740264,4.019686290601213,6.958782605127183,1.0,1.0,1.0,3.0,2.530043610520766,2.252787704994427,1.3629400641542486,0.16514761331280828,4.58945871971007,0.5615950100245064,0.2060592559590069,12,2.8189303723704096,4.055826423580322,0,1,2
2026,1,180,0.3132088622013637,3.637409950470612,4.954852339717612,8.420284679359876,-1.0,-1.0,-1.0,-3.0,-3.648891003621299,3.8144369345411135,2.5727373831311007,0.2651855022033367,2.134280417595581,0.9644641865630121,0.019433647973348296,3,5.699841990525206,3.291489560812545,0,0,1
2026,-1,511,11.005204454619752,3.024587604972519,1.9344122286503291,3.669530174178905,-1.0,-1.0,1.0,-1.0,0.3689566420946778,1.9483562153503682,1.9831227922348686,0.29695341117956614,-0.5162158700475206,0.38054768649664855,0.0004721435316610925,21,1.3887715700063237,3.0585867771333497,0,0,3
2026,1,187,2.781095829516185,3.448890973616547,5.982155794362095,7.389368952585601,1.0,1.0,-1.0,1.0,-1.0097447527846937,5.152716912245511,1.4577578280945134,0.21363685676546013,4.0213900989950915,0.5568627450980568,0.016591251885369532,13,7.1153923500133756,3.9996584317107446,1,1,2
2026,-1,146,2.2140561917373494,3.007141710304652,1.0476567566488661,3.39220620437971,-1.0,-1.0,1.0,-1.0,0.23052163363801362,-0.0648094123642586,0.8263629464498032,0.2318146273854171,0.4669031959163333,0.6013215859030966,0.3909691629956135,1,3.71998547298887,2.0260469508747723,1,1,4
2026,1,98,0.5379397319598181,3.0267267251345533,3.6815250405996927,5.104580282618369,1.0,1.0,-1.0,1.0,-0.5031356685720031,1.3222551452570868,0.9569747870403719,0.19478881579017887,3.9685459899565294,0.8589796764827864,0.00020738282871385602,9,3.780196051217315,6.837535587613724,0,0,2
2026,-1,61,4.12137848790055,3.4026985946623136,4.016390412365635,7.163050062629802,-1.0,-1.0,1.0,-1.0,0.03382401928407924,2.524746674370005,2.4935128443143646,0.24146923646502869,1.6654412862859196,0.29445234708392726,0.4563774300616532,14,0.7182138803635779,6.608283527132992,0,0,4
2026,1,113,7.392489275903688,5.82690000122165,3.121343483917283,4.803379735578689,1.0,1.0,-1.0,1.0,0.03847167626166537,1.8442621873981782,1.4828533395171504,0.22255171444863242,7.102180201440312,0.9921243941841797,0.0,0,5.6516670898550005,1.0429762552578952,1,1,2
2026,-1,210,1.6371802409872962,3.3339829732365356,4.420337968529635,5.104321982382514,-1.0,-1.0,1.0,-1.0,-1.0253369065391378,1.8189333903898661,1.224931201070089,0.28863843091348923,1.4690691002741296,0.5945378151260517,0.04365079365078745,17,3.5557432293106657,1.3898749890035362,1,1,3
2026,1,353,4.527848892432347,3.506226904716273,3.2422860292095663,4.415752351378795,1.0,1.0,-1.0,1.0,0.12885378202555167,2.657766794257404,0.7484011544560947,0.09929813791193579,7.514981617618605,0.5580257892396765,0.0026678523788609882,23,11.023772499312441,2.233417159726976,1,1,2
2026,-1,708,16.615478969648045,3.608981155504737,3.1307349983516457,4.235835158882971,-1.0,-1.0,-1.0,-3.0,-2.753577720252486,1.6174725679131978,1.0493637502039266,0.23696918637120012,3.655389752065807,0.6913031397610641,0.00027785495968677543,10,1.6777117063667568,7.06851409734028,0,0,5
2026,1,59,4.045867266277299,3.1350292264924207,3.4337972740978673,7.05713880383843,1.0,1.0,1.0,3.0,2.5585862289511443,1.178482991823083,1.933527568042321,0.23749639374608264,5.046041939782068,0.5692044807290765,0.02031516992594864,15,0.7728441375906194,5.7754585990166305,0,0,2
2026,-1,112,5.13635108966385,3.839146625707893,1.7815359469769527,4.110637931553597,-1.0,-1.0,-1.0,-3.0,-2.3839047357596588,0.44226029026273933,1.0115930059317717,0.20927808723583693,1.3080315574465955,0.6790890269150669,0.20979986197378295,0,1.035444782001242,6.367077124410876,0,0,1
2026,1,613,21.833209701609608,3.018934049261367,1.8096565669096414,4.178360357006478,-1.0,-1.0,1.0,-1.0,-0.908263460521098,0.5266886997630819,0.7443632794017953,0.20512114227521755,0.3641556728528298,0.8765578635014664,0.12047477744808849,3,4.874063568083897,3.278363345850836,1,1,5
2026,-1,121,1.239523291862379,3.37380430718454,2.4624232392857666,4.263526471542917,1.0,1.0,-1.0,1.0,0.4499681664341091,0.06834967742372652,1.7690906060852654,0.1976845909309453,5.457123704575488,0.8179310344827486,0.026724137931034484,13,4.626349032776187,4.046700239730256,0,0,2
2026,1,102,3.0242018010054625,4.061027793417002,1.9078297863092768,5.475340568880677,-1.0,-1.0,1.0,-1.0,-0.6814612981167203,1.118009261842191,1.096503152724739,0.23728038495579243,0.3063526390922332,0.8929164360818741,0.007194244604332479,22,0.3987042909629421,2.574915622383043,0,0,3
2026,-1,224,5.27160437422463,3.072176143286123,2.3251182791257494,3.827174753625507,1.0,1.0,-1.0,1.0,0.2966562682614365,1.926057697337903,1.073486959115937,0.11347567489818826,0.7588637937007515,0.5554445554445813,0.0,16,27.003192083272605,2.0069178249780526,1,1,2
2026,1,439,11.832032761062269,3.209041781069814,3.413269724786756,5.167575952051403,-1.0,-1.0,1.0,-1.0,-2.3261715980039073,0.9884071876041455,1.2523934025631434,0.1982191516771416,0.25513081625332434,0.32267275842374715,0.34037692747003906,5,19.658204061706552,9.7608953088067,0,0,4
2026,-1,17,5.013987137238122,4.177578874895178,5.543037552675457,7.6571230127630265,1.0,1.0,-1.0,1.0,2.3261715980039073,2.9696457379963057,1.3846400177222313,0.20913100775808813,5.928849521970599,0.5595444894808058,0.19745222929936646,6,2.3292326290320857,28.236478772721497,1,1,2
2026,1,53,4.306948386498217,16.26089652111658,16.67907175636676,16.869456360524232,-1.0,-1.0,1.0,-1.0,-2.0766508015414145,8.746775597917997,9.917737597236867,0.24420434350584225,9.758186333252972,0.9965884381794985,0.0,11,3.4274980549069376,8.91471595116658,0,0,0
2026,-1,320,6.468933471961075,3.455629319885321,2.6130421909725636,5.817273617092951,-1.0,1.0,-1.0,-1.0,-0.3299270835452338,2.174408537652589,2.121802523397869,0.20020100574350783,1.892170630960184,0.3013190436933391,0.5193734542456594,13,9.44053086692231,1.6896202568907677,1,1,4
2026,1,116,1.850126795136246,3.633410309723253,2.679813285848058,3.876808900051964,-1.0,-1.0,1.0,-1.0,-1.1437397670428635,0.7746959779520108,1.6079301706294844,0.22908261344506162,0.4378285128358161,0.8715835140997579,0.05422993492407809,23,3.7527263221999467,2.0803894893590953,0,1,3
2026,-1,356,0.14052643406006557,4.135647798465948,2.51148157457443,2.9330608767547517,-1.0,1.0,-1.0,-1.0,-0.13574949415351298,1.5131816545992487,0.826256199813227,0.16548738628134801,5.4490360494483525,0.6923076923076923,0.019063545150540605,5,11.94646063211052,0.7489030693204461,1,1,3
2026,1,677,55.82832309723244,3.182152566348942,2.1176260485157927,4.594333754516684,-1.0,-1.0,-1.0,-3.0,-3.505584493606805,-0.08072956223048319,0.5393768056936735,0.1099899134309462,7.804408187911149,0.7084456424079403,0.057951482479756705,13,9.474021373726893,0.3099297956243156,1,1,5
2026,-1,116,0.5578101964820515,4.045244868397947,3.947281876493416,5.157161862844169,1.0,1.0,1.0,3.0,2.9576519128184815,3.628582497848339,0.9807246744032666,0.11670627109551308,3.8947454016036023,0.5979578813018432,0.0003190810466044117,23,1.5998306329653775,9.561538205899256,0,1,2
2026,1,49,5.044508593315987,5.024591159801468,4.062708019720701,6.059569663131082,-1.0,-1.0,-1.0,-3.0,-3.407419148323483,1.3294340484628058,0.948640700365243,0.12112122328552322,6.438115556855227,0.7297687861271677,0.04364161849712665,3,0.1281145039571597,7.959113558343073,0,0,1
2026,-1,87,8.200163891791695,3.548688517612724,1.8286816656900762,3.9830575987467856,1.0,1.0,1.0,3.0,3.1127255831605227,1.3643776768141216,0.5606706673541488,0.10683533023637058,0.22978799789169613,0.7071524966260467,0.2914979757085577,10,3.899871617038528,8.44831190502323,0,0,2
2026,1,165,4.562642245512184,3.6311218590049608,7.0233841397022125,8.871937566549235,-1.0,-1.0,-1.0,-3.0,-3.592587684668199,-1.848006956755786,1.2861952874789548,0.18710847905953978,2.7816928392485374,0.921714086227953,0.05463431663467068,0,8.11669200305155,6.397609244232699,0,0,1
2026,-1,205,1.6250111367826245,3.5883653956685806,2.858436292800707,4.688429260669328,-1.0,1.0,1.0,1.0,2.066436864320841,1.0301046865953394,0.818879056941383,0.21173424629247198,3.4613339899884594,0.8282476024411718,0.054344667247885975,17,4.365406168233565,6.785605442850197,1,1,3
2026,1,95,2.846143390161986,3.118514893677767,1.1508417422676043,6.613564290538121,-1.0,-1.0,-1.0,-3.0,-2.7556812038706755,0.9750232093808151,1.510001775713621,0.19654975950455159,0.8548333489426777,0.8772528007793545,0.0,1,7.568823348260283,6.6052576900361455,1,1,1
2026,-1,89,2.7234897625871013,3.6459430525654457,3.821207441896558,4.97793406606198,-1.0,1.0,1.0,1.0,2.183849089635444,2.3298707506286576,0.8788078801789341,0.1978232952247578,3.269511650579832,0.7739130434782724,0.06047430830040676,8,6.664228144063783,8.825619880650356,1,1,3
2026,1,67,3.186560964213966,4.510771824422159,2.7755839426611946,6.600780697210877,-1.0,-1.0,-1.0,-3.0,-2.765249861474142,-0.2457925846708734,1.6425680885133893,0.2232307595021383,2.7395832025464815,0.8100291302538456,0.03079483978360951,14,6.0270011840283475,8.701991717227354,0,0,1
2026,-1,420,2.805857161071735,4.762702590023672,5.946258829809657,7.276343041740856,-1.0,1.0,1.0,1.0,1.3702709915117997,3.3888515222326054,4.05749112935361,0.21945031208547697,6.060376289898276,0.7619513558847982,0.005171931786429405,1,9.365222759971404,1.5789691379972806,1,1,0
2026,1,192,2.8682067920685363,3.2845994416710753,1.1470137804193679,3.9493311525105925,-1.0,-1.0,-1.0,-3.0,-2.3967446564072827,1.6243260386646543,1.2899522375508274,0.22101797409781018,2.180603640763449,0.5897623400365737,0.02632541133454146,17,0.3509620125315687,5.008940600307151,0,0,1
2026,-1,106,6.765906522236183,3.3232049824017786,0.46444367125237324,3.8388906380251844,1.0,1.0,1.0,3.0,2.3194503291489577,0.17926005263451186,0.8200867800406338,0.1769682437491209,0.24274931552565887,0.577593360995899,0.3585062240663659,2,1.6161959256033245,7.043211717892382,0,0,2
2026,1,71,5.393168338015689,3.1040753500128258,0.355009871593555,3.3525604146821886,-1.0,-1.0,-1.0,-3.0,-2.157238308476733,-0.09605993841181557,0.7327354128498872,0.15999856783063576,-0.21392180099517583,0.7505567928729621,0.17149220489986897,8,2.5512257963868414,5.569275597152636,0,1,1
2026,-1,499,0.3039358415309065,3.067232829970205,1.5437316843216038,4.1567052859705615,-1.0,1.0,1.0,1.0,1.8293385569591119,1.5031760647081287,0.39489781214723046,0.06820740237371717,0.000895522791840498,1.0,0.0,1,10.384110154167992,2.5473759380092353,1,1,3
2026,1,166,1.6052610443351456,9.102924420595324,10.423518776797344,12.201407671798197,-1.0,-1.0,-1.0,-3.0,-2.090179424266817,3.213480221914102,1.0610122478997777,0.08327169058591669,9.473536401610986,0.8954191875540191,0.029386343993085567,15,26.196721255669743,6.157653229933241,0,0,0
2026,-1,377,13.928339834550611,4.15259226698892,3.1656835682459383,5.386337126139995,-1.0,-1.0,1.0,-1.0,-0.613754316978394,0.7880758477754317,0.5645253072939509,0.17383005963209622,4.005633851157786,0.7852659398744611,0.03072348860258672,22,5.689381201897741,1.6930396298530865,1,1,3
2026,1,252,0.9116878685366039,3.554716726312445,3.2217026680481666,5.191070123852936,-1.0,1.0,-1.0,-1.0,-0.9013052466919464,3.5604863851129998,2.5322213575915953,0.19060597255059847,1.6692577808304394,0.7474060822897824,0.0,19,28.47903038212808,0.6440363841955917,1,1,3
2026,-1,344,14.470632959576939,3.623953819613111,1.6182098132917422,2.659306537761834,-1.0,-1.0,1.0,-1.0,-1.7484759120732594,0.9665893114046614,1.1693162627565734,0.18479237826888323,1.8256683508065956,0.5868372943327209,0.02620353443024228,0,2.804540295213501,2.8519323634346962,1,1,3
2026,1,112,4.958718504311871,3.054997201120498,1.4892457623663495,3.2086389703012226,1.0,1.0,-1.0,1.0,1.6405186409407226,1.211720591300686,0.48394930205058906,0.14606099113155793,0.20951818478438644,0.7884796978281831,0.20302171860246632,9,10.763228871087898,8.873142974356483,0,0,2
2026,-1,48,5.192805641957021,3.8284004139040433,3.5431469163756826,5.856669459353189,-1.0,-1.0,1.0,-1.0,-1.7877989764287434,1.962494805683359,2.0665783784058647,0.14849199372683877,1.722392198855778,0.9918032786884455,0.0,13,2.237325835098599,18.68248031309382,1,1,3
2026,1,18,5.438544018063296,3.032629998734741,2.6599211597722525,8.086762193474563,1.0,1.0,-1.0,1.0,1.7877989764287434,3.501956157262578,2.170088400209678,0.16745748151523066,3.289273785648474,0.2945402298850636,0.014367816091954323,15,14.13051768849414,1.5464657905652064,1,1,2
2026,-1,198,1.2897755694183857,3.582196858590093,2.360655474374014,3.6032342090754885,-1.0,-1.0,1.0,-1.0,-2.3704672264350877,0.8345468924447117,0.4653190040258719,0.17209017930494003,5.148747014166762,0.7851414098776047,0.09708737864077908,7,0.12206077944022578,15.019172040854958,0,0,3
2026,1,43,6.686228000688062,3.235281357434345,2.7613063810807046,4.70917640419434,1.0,1.0,-1.0,1.0,1.9920121610195394,0.7460483961365553,0.5696125667680743,0.15193340756740442,-0.1932954521726458,0.43715846994537255,0.5614754098359687,11,9.853340636584123,2.796871423637503,1,1,4
2026,-1,457,8.733685294965877,5.288177382916122,4.826596406921961,5.85627030706525,-1.0,-1.0,-1.0,-3.0,-3.2631223432651266,0.788158522386573,0.4351270333220843,0.12635428637348425,2.6627700916907098,0.9914691943127825,0.008293838862559242,1,14.163469908221847,0.1919731000267901,1,1,1
2026,1,435,15.336716328660014,6.398104526933174,4.260967374743065,8.015123652049704,-1.0,1.0,1.0,1.0,1.05884471073818,-1.0860169696053779,1.610306514096549,0.14138749516534366,8.102389424044741,0.8515398024404446,0.12129575828007075,13,18.28076519875838,3.0734684680792563,0,0,3
2026,-1,348,16.593190149969356,3.9665244998290308,5.339337099026376,5.970218800564155,-1.0,-1.0,-1.0,-3.0,-5.112155447056669,1.4162384302082953,1.266610396153856,0.21646661376100376,2.2162679013967628,0.8831115660184118,0.11668372569089049,18,0.2772624938306018,5.808743126956258,0,0,1
2026,1,292,4.438129360089486,3.98679993082593,3.011774475726296,3.7324197445276486,1.0,1.0,1.0,3.0,3.4361909694196333,1.277979415308638,0.7798744854688754,0.17942695072605516,2.142368461099088,0.9133252328878304,0.0,19,5.935428597340073,1.7235743838275053,1,1,2
2026,-1,182,2.175602681609194,3.143527656151152,2.227485098499714,4.846682444522754,-1.0,-1.0,-1.0,-3.0,-4.136346733321544,2.0085792930009787,0.8696272513956124,0.15563412567407578,1.4383072809247917,0.4048943270300758,0.3236929922135754,10,9.075964128048243,5.834177779339088,0,0,4
2026,1,104,3.3261240835220556,3.2901567797370292,3.843861153376674,5.163907086800221,1.0,1.0,1.0,3.0,4.032435790946798,2.0876363474750725,1.2894873472966049,0.21787120638605645,-0.08264285779803114,0.7000932835820882,0.0,18,3.0599117603698764,3.1823082307846713,1,1,2
2026,-1,451,15.785449469608295,3.7081580466401243,3.8227911009576463,4.747056185120915,-1.0,-1.0,-1.0,-3.0,-5.769341077210306,0.35166462606353693,1.1390069140113988,0.13609050175625337,1.3532008464335608,0.47029428095499365,0.4680732926152148,8,9.366462052283499,1.8754039194755119,1,1,4
2026,1,345,9.23639277301431,5.446680013658181,6.104834637786595,6.623646655978171,-1.0,1.0,1.0,1.0,4.158163574257848,2.013419266278886,0.9416002965313252,0.11972400638540638,6.067240206585548,0.7357923497267839,0.11120218579234177,13,2.319265589796516,17.740732994936387,1,1,3
2026,-1,45,5.527812290409634,4.123033564784536,4.4908105132066,6.100010454135648,1.0,-1.0,-1.0,-1.0,-4.3731763494150755,2.882592751132385,1.585695583794486,0.15496845616236019,3.67576902484844,0.8859910581222358,0.01080476900146886,17,12.360683155443576,1.9734822553731557,1,1,1
2026,1,172,1.857401885642738,5.489768775304147,5.287965690536995,8.39964532261012,-1.0,1.0,1.0,1.0,3.03731896509126,2.158098745396867,1.1339641658781077,0.16858365525802904,7.8331541186551155,0.6871039056742773,0.014296241709649358,7,3.128214366960082,6.090294016721887,0,0,0
2026,-1,407,1.076063538776038,5.538934623855398,5.950852262240001,6.882388791995716,-1.0,-1.0,-1.0,-3.0,-3.87765784288124,1.9289641688641406,1.2655030447014461,0.211082325971461,2.45159033261052,0.944314060166436,0.019415404309774537,17,1.8087965408399929,8.877997536634895,0,0,1
2026,1,78,6.289665967561066,3.813815966144371,3.402901954173675,5.633056027908855,-1.0,1.0,1.0,1.0,3.020071514401795,2.9244593604929814,1.2084448741845706,0.2033447302377777,2.4929701588292223,0.8117715617715088,0.019522144522177782,23,13.714062164491502,1.550346923261068,1,1,3
2026,-1,293,13.759016863934312,3.7558450721098846,2.8833489304154503,5.559806960335204,-1.0,-1.0,-1.0,-3.0,-5.730570654597536,1.2137874435531928,1.3029909735011405,0.16641641277320562,5.101214550100909,0.9886963074604368,0.011303692539563173,0,3.306394503070805,5.372215584139478,0,0,1
2026,1,181,1.593070388729468,3.650121625096616,3.906628461111064,6.605065484422767,1.0,1.0,1.0,3.0,5.06122504336207,-0.34251672967043034,0.9901003013368285,0.17872037101878768,1.7380300690579267,0.6986365773389778,0.09543958627175923,15,2.061494492273334,10.419580059318577,1,1,2
2026,-1,28,4.749718257560444,4.461764407950585,3.0315715560591823,7.685232413237522,-1.0,-1.0,-1.0,-3.0,-5.659573604797751,-0.4500346085932419,1.7603757964843898,0.20224765864574928,1.5507190363090373,0.6998452810727064,0.12721334020973074,17,1.9883881879095642,7.995177625137169,0,1,1
2026,1,82,8.019070539031617,3.0971553755430232,1.0908998107990349,2.2833813853567078,1.0,1.0,1.0,3.0,5.4306424611449176,0.6189335710211403,1.0607847816156495,0.17335692675837436,-0.6423005335870858,0.6329113924050812,0.026290165530644265,0,1.332340524660116,7.092320969668629,0,0,2
2026,-1,37,4.999071294534997,3.3627178644829203,3.9730642968092824,6.257819485763697,-1.0,-1.0,-1.0,-3.0,-5.4306424611449176,2.417069500479916,1.4902116047335563,0.17228773879538084,3.5408233996818295,0.6894999999999709,0.015,3,1.5214239433817056,5.889624414369824,0,0,1
2026,1,92,4.570030950712024,3.2907744831900914,4.950866863271359,6.554755120302833,1.0,1.0,1.0,3.0,4.76280023898265,3.598000223724786,1.687728648041696,0.14610296467782852,0.5810305755419765,0.830236486486429,0.0,11,2.2193541111216435,7.62897503917707,1,1,2
2026,-1,76,4.051354332797418,3.02902210429241,1.4327504242487636,3.1393320000772302,-1.0,-1.0,-1.0,-3.0,-5.047250240335923,0.4767751722800915,0.7293371002603755,0.1725618743477659,1.9794616571407673,0.6911987860394274,0.15212443095601266,17,1.8622014652506993,2.5228378227502817,0,0,1
2026,1,202,4.526640149236487,3.305338768865488,0.8176933806165244,3.998762144028186,1.0,1.0,1.0,3.0,4.4066466123778945,0.2640936874848512,0.34426812436432896,0.07453957796248305,-0.0745828002040511,0.9615384615384616,0.038461538461538464,10,1.362822301027708,11.52361135552543,0,0,2
2026,-1,66,5.853275780107395,5.961707265433143,7.226406303546839,7.742038535870014,-1.0,-1.0,-1.0,-3.0,-4.578794583578272,3.725915797845201,0.6412204930559255,0.06850678074707767,8.094965426545935,0.7772321428571688,0.12946428571428573,15,3.4734347078468413,6.266914823619513,0,0,0
2026,1,155,3.7351886091627526,4.588413361446774,5.053374218851349,7.496068991827452,1.0,1.0,1.0,3.0,4.219562860676894,1.6260956230231698,0.4135591851444041,0.06512132350957682,8.453248063331516,0.7498356344509975,0.0,4,9.523742808230493,1.0098843276623495,1,1,2
2026,-1,294,5.303496691228927,4.313189689025467,7.990297351279638,9.432333263788761,-1.0,-1.0,-1.0,-3.0,-5.771278483853836,5.863453497405155,1.589305201526736,0.15733257567229228,6.48186844706174,0.8988896763524934,0.03519962201746891,5,4.584516660232234,0.07336530928536723,1,1,0
2026,1,552,16.18114362469129,4.979808286061184,4.049079364787783,5.192953039475616,-1.0,1.0,1.0,1.0,2.5319219452407618,1.3044426618753875,0.45236830715197907,0.11156066827541572,6.941846829852397,0.7247422680412171,0.026804123711350207,3,12.576774331389187,0.5952811980518316,1,1,3
2026,-1,123,1.0560617266750643,3.452266669668034,4.717075712482014,6.075460992283635,-1.0,-1.0,-1.0,-3.0,-3.7838062400428654,3.5130283752230183,1.314886428286697,0.1260264217837476,4.134338058225126,0.9410694798108528,0.0,13,18.335095213420246,2.185633632363845,1,1,1
2026,1,274,4.402094027501983,3.248740470563583,3.159680701744648,4.804198743909398,-1.0,-1.0,1.0,-1.0,2.023456790690142,1.08541896492745,0.4743445164685076,0.13067566770990827,2.9198745113535316,0.7836734693878343,0.09251700680266169,12,3.1606834566483193,2.711449259764407,0,0,3
2026,-1,731,32.238598235235635,3.3008458944864354,4.6039076457316,6.852850668768623,-1.0,-1.0,-1.0,-3.0,-4.516690310775679,1.7132761189788719,0.9443830834528059,0.07959181667103382,0.11837518985789104,0.7379497623897454,0.23896809232855665,1,2.994306996386343,4.207129840952971,1,1,5
2026,1,100,4.683477429355849,4.658026247952216,2.9119581777881556,4.9793548519218875,1.0,1.0,1.0,3.0,4.090108121172058,1.9657568626681983,0.5997071671738045,0.06797328472631278,2.776820177801604,0.8138564273789451,0.03589315525878803,9,5.411935134281523,4.138538632097636,0,0,2
2026,-1,176,0.9918454769891231,3.0064217308850427,1.506218554119914,7.19563206812313,-1.0,-1.0,-1.0,-3.0,-4.220600731678134,-0.48505855213387783,0.7911849056379598,0.11406065034196894,0.04109323454738982,0.4670824670824173,0.158697158697216,0,1.8964711713344595,24.434957568395713,0,1,1
2026,1,19,5.277158291970719,5.441042834946275,8.016035736663177,8.303720612954494,1.0,1.0,1.0,3.0,4.220600731678134,1.109623643679408,1.1664321870539571,0.12902027454016568,2.928128474203211,0.8285266457680343,0.10188087774294671,1,13.519232145719748,0.05773267925583747,1,1,2
2026,-1,99,0.22711586674150142,4.955958918582178,7.828400031745428,8.813357384384641,-1.0,-1.0,-1.0,-3.0,-5.3141710564556455,5.962409173278233,1.868586255742486,0.16095920004767617,4.50621829331438,0.6216173940247254,0.030502111684654953,10,5.158211404013857,15.687555337111936,1,1,0
2026,1,56,4.677821486605967,5.325446210826658,6.526960322123283,10.285210063499015,1.0,1.0,1.0,3.0,4.198652222706104,2.7164226062434307,1.5487230033518633,0.18760256353969404,3.7399572653062925,0.7321634062140269,0.00014384349828224841,14,5.185585015493945,4.97634912563725,1,1,2
2026,-1,675,10.777632338355872,3.8284468010368173,1.8273064734000197,3.7870264593653857,-1.0,-1.0,-1.0,-3.0,-6.180521877240592,0.30362012589027493,0.705907909853938,0.14909425657711553,5.858810793977641,0.6847855777110163,0.0002731494127049201,23,3.056269386896142,3.355027374621361,0,0,1
2026,1,98,3.2925469941102334,3.719113765168731,2.7712111103827226,7.435493255438453,1.0,1.0,1.0,3.0,5.406768639075943,0.6368620990669571,0.8903501578287171,0.12808075811598035,1.9126320786403321,0.9489501852614471,0.01687937422804186,7,0.582556978330458,15.4927632529371,0,0,2
2026,-1,29,5.623288713242617,3.590594726970505,2.3783396879711427,4.4258976869278985,-1.0,-1.0,-1.0,-3.0,-6.093775230876272,0.2846232618038757,0.7491561682530404,0.1278344180626404,3.5894592196889468,0.8351706036745712,0.1643044619422725,9,13.71196492735487,2.7033181894587672,1,1,1
2026,1,303,8.071223702401445,3.314885211254386,3.424928588059676,4.61759459544729,-1.0,1.0,1.0,1.0,3.7856868879021133,2.5530883134299573,0.7037335130326894,0.11735326522597454,3.9101984773879757,0.6258890469416526,0.0,10,3.3388270313767037,6.9763520556907075,1,1,3
2026,-1,31,4.686963728098301,3.471139483340675,4.21796477531908,9.164138677319068,1.0,-1.0,-1.0,-1.0,-4.356561655654366,1.6171632931944837,1.0938033449692892,0.12460486433136565,1.8776357940848056,0.8699731903485619,0.0,13,0.6233147372421396,8.623529131749672,0,0,1
2026,1,10,3.0133142764140657,3.97471499970536,6.836838284607884,7.594328890004729,-1.0,1.0,1.0,1.0,4.356561655654366,2.643902485914955,1.177944555671995,0.1345971648985954,5.22907390193041,0.7653601694915333,0.06567796610169045,14,0.49944435520674674,6.8784586475417795,0,0,3
2026,-1,653,8.164372591130013,3.1946976608559603,4.993468699378808,8.653978608368856,-1.0,-1.0,-1.0,-3.0,-5.417105855891122,1.2096969732004865,0.9302713468335229,0.09661319380225732,1.564954828288178,0.815552950371246,0.18444704962875405,20,6.817315198150717,21.833608648335915,1,1,1
2026,1,18,3.7576505643855147,3.0100883370305893,4.747220135249032,7.27978163247357,1.0,1.0,1.0,3.0,5.417105855891122,5.4243673777483155,2.4373409937184483,0.12693918768208273,1.2888240231610897,0.5360253365003604,0.014647664291415504,22,11.4415952830981,7.849680660551533,1,1,2
2026,-1,60,2.020876968329709,4.828227783155223,4.26645484602759,6.119879544318686,-1.0,-1.0,-1.0,-3.0,-6.1737547296035515,1.4339014279206275,0.42062239781960725,0.17344130495801105,2.7608353821959914,0.9776051188299754,0.0,3,0.7134611676433082,4.240692958329294,0,0,1
2026,1,153,6.003198721038368,3.1139333615474336,0.8201621534805416,4.909649183064273,1.0,1.0,1.0,3.0,4.84345877966732,0.9137752833245845,0.7108630832545361,0.15187828539534734,0.37338624011867955,0.7434853420194315,0.0008143322476043843,15,5.62547118092455,0.8565598821853014,1,1,2
2026,-1,115,0.65064619264525,3.310881641608002,2.849350993712939,4.551860403663562,-1.0,-1.0,-1.0,-3.0,-5.312030336039648,0.5905074127808776,0.9792829681493183,0.13889797839917678,4.138461687364354,0.8726915520628913,0.0,1,3.9651248875126526,1.695408223673431,1,1,1
2026,1,286,2.391330033182088,3.170594638178042,3.9190092974597346,4.637856344631695,-1.0,1.0,1.0,1.0,3.663518105108064,2.9943583302190953,1.3431922193620236,0.1193702215616952,4.466825879919186,0.5476635514018555,0.00046728971958536847,1,2.8578048796203555,1.5194047658929033,1,1,3
2026,-1,116,2.950452101196392,3.0015570723602663,2.456766439994806,7.327539144605099,1.0,-1.0,-1.0,-1.0,-4.205565290445993,0.1954486454979835,0.40661554342060036,0.09563018758129142,1.5670672956836698,0.5988960441581693,0.40018399264030513,11,25.750695918786445,0.14123815504182657,1,1,4
2026,1,316,9.400776833006198,3.6528530717436545,3.0314277742244835,7.14001762817164,-1.0,-1.0,1.0,-1.0,1.9481431861596528,-0.5926268458471862,1.3318927484128635,0.12685647489941734,5.384070717759381,0.7487577639751734,0.08447204968943195,13,19.81564312624527,4.66934486159799,0,0,3
2026,-1,194,6.0675420891221155,3.2977809957274555,2.268041245726082,3.8357390849046147,-1.0,-1.0,-1.0,-3.0,-3.84167094473196,1.1757243490864813,0.8747111041350087,0.15765704419505192,5.132677613053,0.7577833125778218,0.07067247820671636,5,7.121602244308509,3.593888212227346,0,1,1
2026,1,631,37.993487104950056,3.3121053916101904,4.008799113722625,4.880942432356975,-1.0,-1.0,1.0,-1.0,0.37278614398917403,2.0626565406416364,0.5742935514684362,0.07509429163644776,2.4377511791954705,0.5259740259740393,0.46212121212113694,10,4.000298691513714,8.993446697028169,1,1,5
2026,-1,50,4.536527954957085,4.0791416140948895,4.493454783462249,5.808724841613617,1.0,1.0,-1.0,1.0,-0.6478537659978127,2.638964591659832,0.9450441890597664,0.08341020693191113,5.91500196955404,0.4235695986337014,0.0004269854824563198,14,1.898296200887382,7.970075054131362,0,0,2
2026,1,66,5.970398430997862,3.837985709922512,2.9145656101508863,4.816468373101518,-1.0,-1.0,1.0,-1.0,0.2096636011868676,1.7073368400572828,0.5858108911684003,0.08577815436701056,0.26152323795670296,0.685904550499433,0.31409544950056695,19,0.8163757754962586,25.756730068073303,0,0,4
2026,-1,37,5.531055536072534,4.225223860965133,1.6450065479940656,7.594862633795251,1.0,1.0,-1.0,1.0,-0.6388704912573555,2.002078622234655,1.008507890759836,0.097854583020174,3.5175803125224485,0.6846846846846892,0.0005005005005296262,22,17.138001179181117,1.7749791323927508,1,1,2
2026,1,165,2.928984863668824,3.6525212074493267,1.6972563392927085,6.947323547755744,-1.0,-1.0,1.0,-1.0,-0.6635900380018469,1.2488116493327888,1.2960387253716334,0.13757163076831352,2.1377612248502706,0.44947121034074483,0.3213866039953461,12,1.4415438775779315,14.887523320483844,0,0,4
2026,-1,13,5.508775460020732,3.968119428347375,5.918151342348605,8.654740120953411,1.0,1.0,-1.0,1.0,0.6635900380018469,3.4203479218568367,2.5509529906380846,0.14633869900423627,2.0977935759751847,0.6148399014778181,0.2903325123152773,13,6.85971587170274,3.3399732312533064,0,0,2
2026,1,216,3.6301236991990793,3.0474876993659556,1.1335243847773537,2.7659892100509036,-1.0,-1.0,1.0,-1.0,-1.2086100350810343,0.6050791826051773,0.5077510309327927,0.13652150091211437,-0.07723918124218916,0.5393939393940276,0.26363636363627546,7,0.66588629130851,10.566913511648302,0,0,4
2026,-1,69,4.704110762391531,3.1398775770763914,3.3493515509177785,3.8276833909597747,1.0,1.0,-1.0,1.0,1.2801636464672075,1.283468589627179,1.0205654998779174,0.12694999463176748,3.1677849817743353,0.9013409961685559,0.0043103448276279625,13,4.820350542874735,4.799777130399961,0,0,2
2026,1,189,4.798602178276812,4.7288272485438245,5.39343353062554,6.10146040151839,-1.0,-1.0,1.0,-1.0,-1.2294171048441422,2.988729132627757,0.8845636983017383,0.1167225490223022,7.4819562592069655,0.7103703703703812,0.1037037037037037,5,5.917240243887906,1.1408332653257638,1,1,0
2026,-1,351,5.1365854021465465,4.024722280291208,2.9498165994250964,6.644824962869496,-1.0,1.0,-1.0,-1.0,-0.17596881721806165,3.187516269841948,1.691620170129162,0.10860544102489407,8.859974861269714,0.5720072918776501,0.006076564715414255,10,7.764993413256564,8.508994775097026,1,1,3
2026,1,83,3.2424259317272215,3.7711285230122313,6.492637838210408,7.445122083362977,-1.0,-1.0,1.0,-1.0,-0.5686138209216248,5.876274452149711,2.503328453030292,0.14851801623116795,2.459382921175743,0.3651608487337875,0.15776865160845902,17,2.0174325701141216,5.374917906569148,1,1,0
2026,-1,165,6.399018076341328,3.3251679298155574,1.2694806362321165,2.526672011706904,-1.0,1.0,-1.0,-1.0,-0.06041512406155735,1.7588291047191942,0.7183420302267894,0.10529634806404717,2.67909726072941,0.3961783439491187,0.10955414012746269,7,7.9658988229005905,3.313184700175957,0,0,3
2026,1,384,22.88738767016341,3.4657850211915933,2.361678544033136,6.340442075053184,-1.0,-1.0,-1.0,-3.0,-3.4203344817919548,1.000494069707166,0.9800241186078098,0.10450285846445552,-0.10122904006419334,0.729854182655439,0.009976976208771153,15,23.558534923963713,2.954314232294571,0,0,5
2026,-1,277,14.298650149398966,3.2100079921325793,5.827355637693076,7.640946054799263,-1.0,1.0,1.0,1.0,0.2506329984153418,0.12761037998571653,1.0087096890106098,0.10518820996259755,3.9978974382240886,0.6908029197080462,0.07503649635035646,14,5.272961308680397,6.2599323787164005,1,1,3
2026,1,96,4.028437934256405,3.2428707979570803,8.710986009281934,9.328407279975863,1.0,-1.0,-1.0,-1.0,-0.9026193895800737,5.94530650012896,2.0507964728156245,0.12397902704823513,2.0955872022775957,0.38072965388210045,0.4420018709073841,22,7.670070352577247,3.2999017999059586,0,0,0
2026,-1,292,4.331310411061517,3.481100557519613,2.3649900840429496,4.351581754639027,-1.0,1.0,1.0,1.0,0.07554935422427411,3.1261462875138575,0.9085137540726603,0.09596420853931473,2.642573514743855,0.7674418604651098,0.0,22,9.108590380828275,3.10827268188502,0,0,3
2026,1,143,2.4567802987531855,3.718574901247552,7.18224969352345,8.43447331721934,-1.0,-1.0,-1.0,-3.0,-0.949632257449768,3.988940400432986,1.0485526942277754,0.10054848015213841,8.351578706126556,0.8097294185377306,0.06361542890037893,10,11.3189678578112,17.894430178123894,1,1,0
2026,-1,60,4.171330069388458,3.067727336082513,2.074053538052645,11.711595750586845,-1.0,1.0,1.0,1.0,0.3601108159531588,0.8854283939568295,1.442212784063393,0.16299274085694648,-0.061321776905645026,0.4516821760915718,0.44380816034360265,15,7.7949178144419395,0.5133082308461637,1,1,4
2026,1,651,24.403532198880118,3.0216973375908562,1.782929923783819,2.9355829869025305,-1.0,-1.0,-1.0,-3.0,-4.501320034463103,0.5241979259030102,0.5406582932786959,0.15806382854960047,0.4282393001434761,0.8350591715977157,0.0007396449703496376,21,0.46585681005682383,6.1571883535090475,0,0,5
2026,-1,62,5.291935769542834,3.302890348611784,2.21393323199378,3.895154052757269,1.0,1.0,1.0,3.0,4.222791762302281,1.208244746429509,0.672200127561233,0.1397280032266216,0.6497502673914531,0.9516129032258065,0.019354838709747833,2,0.5825625634737747,6.746387270296393,0,0,2
2026,1,78,6.950008207479268,3.0821979451225925,1.9210752866230931,2.721809708417639,-1.0,-1.0,-1.0,-3.0,-4.2710031217482305,1.9586676781931798,0.565339739354216,0.11822532519222631,-0.0035082868539010013,0.2981220657275905,0.5046948356806822,9,5.2168019411341,16.057073519735425,0,0,4
2026,-1,36,6.0579574440110235,3.498208095631778,1.309896070060068,4.669467609747497,1.0,1.0,1.0,3.0,4.290641191715442,0.006232017809864711,0.3811647871225064,0.10937538374517193,0.27298093592818534,0.8913649025069277,0.020891364902506118,12,10.628870968487409,12.538824190641732,1,1,2
2026,1,38,2.96391125303653,4.983592253588237,6.249005185692242,12.64965630499764,-1.0,-1.0,-1.0,-3.0,-4.290641191715442,0.8586061757191293,2.2995159576955535,0.15857505542212474,3.759630808817191,0.8787947957087306,0.009130335539830968,15,2.3189900634567158,8.205067340613693,0,0,0
2026,-1,156,8.035139978118695,3.938857428330373,3.0912215034063633,4.8805784073173495,1.0,1.0,1.0,3.0,4.040414682363685,1.3484203501187757,0.6259502835010178,0.12078226546211623,5.371333392265576,0.5864978902953704,0.049050632911410014,4,0.2228213085148032,5.632741707633928,0,0,2
2026,1,103,8.866243416324238,3.3705602652519127,1.9245124455578442,3.336915045280616,-1.0,-1.0,-1.0,-3.0,-3.912490221927569,0.9870049292669416,0.35021159975900085,0.0744120048573663,0.6389196252812648,0.9907918968692454,0.0,13,6.730326194549984,1.8461468819602695,1,1,1
2026,-1,255,0.7259363571069617,3.5418675248603435,2.4674214762555686,4.892925367586111,1.0,1.0,1.0,3.0,3.50465189698301,1.3405338716410515,0.3219661293548786,0.07117228789310709,3.210655902910909,0.45063291139229456,0.029113924050669752,10,7.648053904007775,4.871966575123874,0,0,2
2026,1,146,1.7329808427282574,3.545133773499193,4.317444524317688,5.747114225930372,-1.0,-1.0,-1.0,-3.0,-3.8412259094453516,-0.38583925960352455,0.9293625431623209,0.08558745081271696,-0.10484275136846347,0.8667724028548601,0.1324345757335156,22,3.4580629578232953,13.514722980438135,1,1,1
2026,-1,13,4.282708767843573,3.036956689354504,6.057563481536341,9.151817008054074,1.0,1.0,1.0,3.0,3.8412259094453516,3.7133726924425137,0.9585479132376051,0.09554287976430652,2.5760160004017965,0.6508188061278909,0.0,23,10.061305510098556,7.594727146963775,0,0,2
2026,1,1746,87.4909452148541,3.66712963946364,2.7787676734852274,4.103423227730414,-1.0,-1.0,-1.0,-3.0,-12.207128965123031,1.6606559848083677,2.049974842140217,0.23314539990120364,6.770678181494534,0.5849988771614604,0.20053896249719813,1,11.532130762789402,1.0104609721764604,1,1,5
2026,-1,218,2.3723123702460787,4.6124980746781885,5.8913016642812455,7.121916477032585,-1.0,1.0,1.0,1.0,10.56961037064577,3.7597685698064383,2.6893162486171818,0.2294631465969361,3.389612659429155,0.9360495100567232,0.0,19,0.8151933961925469,21.23486323136008,0,0,3
2026,1,35,3.6208828599019824,10.9387697541815,12.01587073928245,12.396366106341402,1.0,-1.0,-1.0,-1.0,-11.20744959939014,1.4370918208268986,1.2961319076767361,0.25444903805067465,8.656372011447429,0.9114912415883311,0.00821903734525095,22,3.8580747770296555,7.711208055785845,0,0,0
2026,-1,314,4.36644408179809,3.0911156605410683,0.9586989676087123,2.3078062708801665,-1.0,1.0,1.0,1.0,8.632761248654829,0.07973840193696424,2.0783027395576745,0.23881570711579572,1.9569090438796772,0.6422764227642277,0.35663956639567973,0,3.1332600727336737,4.319808273783767,1,1,4
2026,1,447,7.5435464635674085,4.374479464144566,4.053024420490609,5.019462283993726,-1.0,-1.0,-1.0,-3.0,-9.852261880139393,2.4460903555492846,2.1265398990046966,0.23544845083109522,3.6431865464022,0.8621520929213055,0.057199211045377285,13,4.777511079128054,4.601173760327599,1,1,1
2026,-1,99,4.396019057474776,3.349845457111051,1.8011424209432445,3.62691584935238,1.0,1.0,1.0,3.0,8.707478908351854,1.7596318086023075,2.013082870519252,0.2652890058043321,2.0952058297502814,0.8867530296698779,0.0,21,0.9021106484382404,10.510666660882142,0,0,2
2026,1,41,5.171960859472789,3.1260282495814127,1.9145795627361901,3.3800441907559775,-1.0,-1.0,-1.0,-3.0,-9.046526239570154,1.3858012040259549,1.3735082601514779,0.24781638036101036,0.8669571805096968,0.7990220048899827,0.13202933985330073,1,5.631459954529446,1.7127374461223164,1,1,1
2026,-1,351,8.965864448111109,3.6636096321234746,4.356826051086147,5.303096431713808,-1.0,1.0,1.0,1.0,6.664925622056045,1.0261371937343504,0.674855211588843,0.16764506647123062,4.957128517416626,0.7820751208627809,0.0,6,1.0496205524596818,9.663715149656191,0,0,3
2026,1,34,6.258957062491593,3.50517520178714,2.04048004497447,3.048614704119392,1.0,-1.0,-1.0,-1.0,-7.011545954778427,1.3811254116402916,0.9094008161924872,0.16225825075838107,1.0558170518768109,0.6134328358209281,0.015671641791033915,9,7.004647444375865,5.991670639894102,1,1,1
2026,-1,637,10.52222619236596,4.116737597928203,2.976811407970741,4.2334892778027005,-1.0,1.0,1.0,1.0,5.1444258005563785,0.7293166507009206,0.9130055878465011,0.08749198091505535,4.892822930089657,0.8550156739811896,0.1065830721003033,14,8.386765074552297,27.29932138507299,1,1,3
2026,1,82,0.6323095514052713,8.811008061908447,10.129741105546492,13.167668792972206,1.0,-1.0,-1.0,-1.0,-5.843927880483893,6.647958531629729,2.7871019525743734,0.10874228902338953,9.067616710343856,0.6958874458874459,0.00010822510822353334,21,18.156520107542867,2.252158739274955,0,1,0
2026,-1,350,12.703837270082044,5.28914350517865,5.677002575966165,6.456664026346983,-1.0,-1.0,1.0,-1.0,2.9571074620493127,1.9362047384254875,1.003659344805841,0.15394714237500243,6.425326196864422,0.915646258503441,0.035374149659844145,2,1.2678145004288823,12.068447773764133,0,0,3
2026,1,53,7.103998894624171,3.071734248920287,2.6844511034845016,4.648806783047175,1.0,1.0,-1.0,1.0,-3.1001265769398025,1.4984843652334099,1.208759033799033,0.1489392358385461,-0.0052379020341968225,0.5303225806450487,0.13419354838720943,6,4.815448781570633,11.625551787889849,0,0,2
2026,-1,79,3.2356756370827293,3.2574369169422304,3.7663751124156275,7.47846350601424,-1.0,-1.0,1.0,-1.0,2.7063106155141754,0.2887688508098391,1.5645079789871872,0.1619081747121514,0.7781623579169608,0.9993155373031771,0.0,13,6.170902364850075,2.4148230094514065,0,0,3
2026,1,318,2.825579215424351,3.2499687216153856,3.47724279691339,6.552413423287086,-1.0,1.0,-1.0,-1.0,-4.3119934756942415,2.128288904839087,1.7910738379791766,0.17864409789077154,-0.1664758297764145,0.5008880994670627,0.3454706927176441,15,6.018304840811679,15.601592803887602,1,1,4
2026,-1,40,2.287750601693515,4.335070699857276,7.009987995276746,7.921328879015184,-1.0,-1.0,1.0,-1.0,3.2589542904911464,2.4193275186527075,2.3951716467747004,0.2547625693586052,1.4037464719601265,0.9007656508031748,0.031226542561181098,19,5.1800300530792445,1.1726768257819618,1,1,3
2026,1,510,15.7503575787591,4.721165802751411,5.692231190458761,9.096085661221009,-1.0,-1.0,-1.0,-3.0,-5.979231275585284,4.375495149897663,1.4472552558423668,0.167872930942487,7.340552094050478,0.6049518569463589,0.04071526822557259,13,1.0994751166621515,4.187983556532369,0,0,0
2026,-1,292,0.5199782056266058,3.6021662830070436,2.9181290556204873,5.802161179724454,1.0,1.0,1.0,3.0,4.6472184012514175,2.871737224900117,0.7878702779329354,0.11134964981358861,3.1403105169677685,0.934105075690165,0.0008904719501206473,14,1.092522514007878,16.448928045751632,0,0,2
2026,1,8,3.3567060777762037,5.938153740752757,8.107169372554713,10.087905472196297,-1.0,-1.0,-1.0,-3.0,-4.6472184012514175,5.031157203914149,2.095691988605755,0.12311569902714334,9.096409113597153,0.6612149532710189,0.017815420560753963,14,5.599168692187597,3.4087972773176602,1,1,0
2026,-1,216,0.540976053193232,3.0467833963602176,2.559651795310009,5.596742187901299,-1.0,1.0,1.0,1.0,3.9542026513344117,1.7862439499336649,1.0687109637677623,0.08617226062671181,0.266543785866369,0.5335365853658655,0.0015243902438802901,8,0.40300900607003365,9.590525130938193,0,0,3
2026,1,19,5.858120345412328,4.104251989336946,2.703478822091753,6.837388224048418,1.0,-1.0,-1.0,-1.0,-3.9542026513344117,1.5764187333218385,0.5557768307186345,0.0888941059391118,1.3885671535151702,0.625,0.06874999999997401,10,2.1561380256398714,7.389975098421615,1,1,1
2026,-1,125,5.696784274426474,6.06357909977434,5.011851253270793,7.992883592611593,-1.0,1.0,1.0,1.0,3.889628511577001,2.3685138051707875,0.4975799609239532,0.10472727634315417,8.329311035944784,0.7648372686662693,0.015634971282687524,20,7.3454195551076475,16.15512699132946,0,0,0
2026,1,55,3.390732856319065,3.7793258253324176,5.355033064192375,7.902515680822514,-1.0,-1.0,-1.0,-3.0,-4.831737576708531,1.8230199564613292,1.4341392258039072,0.157823349286603,3.543601064969722,0.7129058223772449,0.02495304534478933,1,4.610293366523249,4.793522974679927,1,1,1
2026,-1,244,1.437601758776096,3.0181928763944756,2.058341061241048,3.0370527221826134,-1.0,-1.0,1.0,-1.0,3.3521195037396563,0.5297727230880093,0.8446342101317419,0.1637207708983936,-0.48073364366206617,0.26377952755906864,0.7362204724409314,21,7.669748191192191,2.0488205197921996,0,0,4
2026,1,323,13.515829555039247,3.126658330720125,1.591828296941662,4.305748433537524,-1.0,-1.0,-1.0,-3.0,-4.99485491698423,0.3803872878052334,0.6496063123339089,0.15648660842858755,4.2506590849128365,0.9257790368272037,0.0,0,1.0561461167088793,5.924969569241058,0,0,1
2026,-1,124,6.227195270452845,3.208741162108294,1.1500833095196081,3.2153491919331687,1.0,1.0,1.0,3.0,4.999554287075404,1.3551138780687082,0.6977097132240512,0.13777343655567814,1.9302966438984683,0.3748645720476726,0.06825568797395376,10,39.03538577750911,9.219272475098018,0,1,2
2026,1,10,3.133660622898011,4.283987319300096,7.953596020449851,8.63026782104804,-1.0,-1.0,-1.0,-3.0,-4.999554287075404,3.530065596772403,1.001164222401711,0.1466796892000413,8.52713558233333,0.6976030680728723,0.035666347075740255,11,0.0,43.35131399838815,0,0,0
2026,-1,15,4.974361287943563,3.3706181094696723,4.695135186541326,5.990951131196924,1.0,1.0,1.0,3.0,4.6574598677410535,2.660504082385787,1.2521078885689927,0.15506066599619917,2.0990775556402306,0.9306569343065748,0.058799675587997105,13,34.12763461582902,0.5346662756479579,1,1,2
2026,1,192,8.136349970942508,3.680718847990215,5.143290674147103,5.676924738599349,-1.0,-1.0,-1.0,-3.0,-6.481771076926659,2.3261445933059095,1.244304169532869,0.20726831737043167,3.3923143379327176,0.47669814194335086,0.24794395370089106,5,3.541603724813183,3.5023659259564575,1,1,1
2026,-1,103,4.060709472808951,5.5030054977836915,4.623063487093476,6.599170524034541,1.0,1.0,1.0,3.0,5.908988519018145,1.4889964957583481,2.251723935598983,0.19910729613996253,3.254605743616989,0.7724444444444412,0.20777777777777778,13,21.631994844033535,0.24100886326480495,1,1,2
2026,1,205,2.6180090085491994,3.1208746355516594,3.8641080975899413,3.977337845010827,-1.0,-1.0,-1.0,-3.0,-6.7007124246399155,0.6191369743192622,1.573829704296261,0.2896964605814252,0.6658275088950725,0.5466584539574919,0.30520480443485437,6,2.1290623719590833,11.28694709518024,1,1,1
2026,-1,50,5.71722350431314,3.5701428388903946,2.346663494458337,3.1521786689719478,1.0,1.0,1.0,3.0,6.128430309321206,2.276075748830726,1.767732559318682,0.2700796116998318,-0.030919199194582494,0.6925133689839542,0.03074866310159485,10,5.9512035124019596,7.725707893747187,0,0,2
2026,1,57,3.930452962153959,3.23064028628972,2.0131347416109033,5.251634373785261,-1.0,-1.0,-1.0,-3.0,-7.184785848303067,1.3223390700902433,2.204811887718009,0.33509312395090474,0.521407511416277,0.8607748184019377,0.039648910411617694,15,0.779867457557325,4.402620973189324,0,0,1
2026,-1,335,1.5798263283661338,3.2746052212002894,5.223020970622555,5.36117582362951,1.0,1.0,1.0,3.0,5.316117235226262,5.1935132683919845,1.5400479633877209,0.12994682261877577,3.1550178006729888,0.6999999999999855,0.012437810945273632,19,4.323735214475735,3.9911401979776016,0,0,2
