prior_bars,prior_move,extension,runup,recent_pullback,l_mom,l_vol,atr_pct,vz,body,rejwick,t_1h,t_4h,htf_conf,e_far,year,dir,atr_pct_raw,mfe,mae,hwin,cl
100,5.068603718894003,3.6962981625500904,1.661782691017214,4.511123914332401,0.3641596013860767,0.4110407527461578,0.21022530260820732,1.7258480607549114,0.5077220077220359,0.14054054054052004,-1.0,-0.0,-1.0,0.34172384508581094,2020,-1,0.21022530260820732,18.544029532384744,2.2072736825775316,1.0,2
100,5.771783650574164,6.550017564336347,12.73765229947275,16.82903757848224,-0.3629216458592876,1.6417651179711112,0.30874416619198336,5.6101299208449085,0.7506382414376207,0.04910314644739732,-1.0,-1.0,-2.0,-3.7289403545220425,2020,1,0.30874416619198336,7.501842357400803,4.091832669417225,0.0,5
597,14.761532151447025,3.018546499678444,1.3261912458241765,2.297256456998091,-0.029200795625412702,1.319291695885846,0.5680990959272343,-0.256246776065682,0.8047138047137974,0.029629629629633485,-1.0,-1.0,-2.0,-6.151587452061017,2020,-1,0.5680990959272343,4.373034059157669,2.9192298707373334,1.0,4
117,2.4407453278122544,3.7715371349151114,2.8024836513511517,5.66426866721689,-0.05191655221518461,2.4004529511323565,0.5035264946249466,2.31154000899213,0.6024073182474741,0.29850746268656614,1.0,1.0,2.0,4.493573901467581,2020,1,0.5035264946249466,5.5291109739273985,3.0789762634003566,1.0,3
848,26.86115333574079,7.71212372383199,11.816153404658786,12.558102248331366,9.706360700461689,23.583212908506162,0.4342477861918275,8.92401664599355,0.7100809418690208,0.0,-1.0,-1.0,-2.0,-10.038034518818149,2020,-1,0.4342477861918275,5.893322793041044,2.6139673879729535,1.0,5
273,3.9017914453008333,3.4325817558820875,2.7324946449206053,2.813523501445639,0.5718093604379163,0.7360037681468401,0.29328776173548116,1.8721238213145617,0.555884917175254,0.0,1.0,1.0,2.0,5.750998041916842,2020,1,0.29328776173548116,0.14499900641319902,11.263786452735097,0.0,3
73,5.996782142061475,3.095124347710021,2.5973244097252337,3.41533328767955,0.7979032152445581,2.0428570370003714,0.2779316732877926,1.7402879215448324,0.757851076436923,0.0001975113568714092,-1.0,-1.0,-2.0,-5.248345920524807,2020,-1,0.2779316732877926,11.95888872903084,0.8021333226110072,1.0,1
315,8.142741385026763,3.329821942693072,4.434589652021255,5.022296719139138,0.4050844398989026,1.3755185162520502,0.29541287992898557,6.084354296566428,0.6429120456791619,0.12594707367958033,-1.0,1.0,0.0,2.3477971017175543,2020,1,0.29541287992898557,9.317355917810579,2.8981554622703536,0.0,2
647,29.66282333063813,3.268779717739672,3.1410049748048605,4.951662054233373,0.43106503888702025,1.117075754031778,0.3178401656783241,4.645653240773666,0.8169802333888956,0.0,-1.0,-1.0,-2.0,-7.29585236484999,2020,-1,0.3178401656783241,3.914723370866383,12.624736950028272,1.0,4
94,5.572415224688022,5.591157783954511,6.5653954169539,8.879750318588625,5.177434418144913,6.8528353816044865,0.33489289799501537,6.867883819255419,0.620515490757612,0.0,1.0,1.0,2.0,6.426585620356467,2020,1,0.33489289799501537,0.3970049575233713,10.127212871686456,0.0,5
57,8.09325073014614,3.141360497453042,2.1861097473526123,2.925203745780215,-0.3078777748683123,0.1449541881658977,0.3455700075041338,1.0191361550347162,0.7288909173893364,0.1989958922866135,-1.0,-1.0,-2.0,-6.29674046041694,2020,-1,0.3455700075041338,5.5536476912638735,2.644653514407433,0.0,1
171,1.7423471292817967,3.895611958490204,4.082745957299268,4.907500974392978,1.8752951917148206,2.6378440973495034,0.30665813037595857,3.2642146055716306,0.5742737536470948,0.2304960040593694,1.0,1.0,2.0,5.223224740033951,2020,1,0.30665813037595857,14.62236403408814,0.2969396225118318,1.0,3
461,21.165082710051983,5.022017275501097,6.818783797211592,9.190845121795874,1.0910184989984426,0.7777492026111769,0.32703234013966787,8.348423554638998,0.6765064102564093,0.0031730769230762235,-1.0,-1.0,-2.0,-9.368833136711366,2020,-1,0.32703234013966787,3.7432686103700186,5.731317389670836,0.0,4
134,1.3954603066391915,4.105361706696081,4.124061764367111,5.725725159224659,2.715920188018589,2.8902573852721267,0.3268568973911665,6.858117534302284,0.9417797412433,0.0,1.0,1.0,2.0,6.3712456801157895,2020,1,0.3268568973911665,14.204490660706798,0.3210658455074018,1.0,3
386,5.837429557017003,7.742409093643906,7.788708239744836,7.897537964482166,1.2449888414081072,1.7591310212852818,0.3663617665826573,9.668441578783986,0.5170588235294096,0.0,-1.0,-1.0,-2.0,-7.199115094803683,2020,-1,0.3663617665826573,4.404322553629047,3.2216879820486373,0.0,5
292,2.16665817119409,3.514699522400206,2.340037369640894,7.102496318654381,0.8937257516505428,3.558867854255281,0.4327975839918207,1.0287647180660866,0.7659746018947703,0.09877040919172339,-1.0,1.0,0.0,3.2307683413335577,2020,1,0.4327975839918207,7.952403476678063,1.1701350466986018,1.0,2
116,0.01404289749537022,7.7466035712239885,10.048473318893087,11.663211490615078,10.762086271280555,26.988538661889798,0.5331331689126301,9.197985596487372,0.48752393207997125,0.004111609805092112,-1.0,-1.0,-2.0,-4.92975320432321,2020,-1,0.5331331689126301,4.5721333761935625,1.6966550737781627,1.0,5
312,5.2314297030095815,4.584403004143232,4.495105091071377,5.0050490510413335,2.5943659351897614,3.7312753388271616,0.2606977608928526,6.383649725468013,0.6510997288339841,0.18017475143114298,-1.0,1.0,0.0,1.3533837866007647,2020,1,0.2606977608928526,8.816312241876629,9.157058205911799,1.0,2
109,2.052338419183692,3.206775890263407,1.9837630827153585,2.2547833120112486,0.5473663126247356,0.6703564490916349,0.31422395451382745,1.2050326280361137,0.5941634946528692,0.0021750951604277723,1.0,-1.0,0.0,-1.825330799620998,2020,-1,0.31422395451382745,6.952357915920705,4.8865669187694865,0.0,1
685,26.769849376087294,3.0560959312632727,1.867093584464397,3.5837733249964496,0.3428023616760501,2.143333282855797,0.41996527597653294,0.7033087952314945,0.6525037936267287,0.0,-1.0,-1.0,-2.0,-4.176621448970827,2020,1,0.41996527597653294,6.362069616181317,0.7686910393716005,1.0,4
507,11.963623578886123,3.8275658325754818,5.46042686510078,9.141039557529613,5.16161517692106,6.193095493166363,0.29039065357690663,7.087780754494051,0.5581395348837209,0.0,-1.0,1.0,0.0,0.49184730758053186,2020,-1,0.29039065357690663,32.648874312074064,0.618364440656429,1.0,5
787,37.01792092581843,5.374338629984142,7.020732447360239,8.181842004552017,2.1438252659850066,12.119612725550166,1.5192874682289426,5.397044228928048,0.7033775070650544,0.15658353225231067,-1.0,-1.0,-2.0,-11.73751955100621,2020,1,1.5192874682289426,0.11785027865869813,16.61064556750425,0.0,4
33,8.392698815615992,4.171895398427503,2.854827936314911,3.5999425305762776,1.824925842946842,15.979232819216755,1.7716045727062215,3.642866917193826,0.5232062862598212,0.0025335977087482886,1.0,1.0,2.0,11.44290174823807,2020,-1,1.7716045727062215,6.760966523152091,4.523934159175361,1.0,3
301,6.262689205090324,3.5544007715225066,1.705397981649995,2.5599782719583404,0.6879021126766717,1.3471262062971463,1.1563864362829004,2.2059046558617617,0.6525027238351577,0.05556623726206555,-1.0,-1.0,-2.0,-8.538020463679208,2020,1,1.1563864362829004,19.848493424048367,0.9712208582755757,1.0,1
330,5.742400619524056,3.0472435354423766,0.6739466940002166,2.374541082733654,-0.17299734522543353,2.243624298526636,1.2646281530612722,-0.6196914907869333,0.6222594142259311,0.2505439330543976,-1.0,1.0,0.0,4.820627240785804,2020,-1,1.2646281530612722,3.1803323633456495,9.53430447142719,1.0,0
67,4.386103219273921,3.5557142936181636,5.489460315683692,7.154915405048674,0.4252577297613584,7.305418131309593,1.1549634598448408,1.8622790161037812,0.37220134008825084,0.05205098872364672,1.0,-1.0,0.0,-5.389068801498343,2020,1,1.1549634598448408,7.8132035038447265,1.8937168326372447,1.0,1
428,8.737487006150925,7.903998749223686,7.903005107008203,9.008911910864615,0.9089976226744534,0.3063320833937533,0.6333724987945463,5.79059377898607,0.9035989322860761,0.01135213082563687,-1.0,1.0,0.0,1.9487254567231183,2020,-1,0.6333724987945463,8.102332771407312,1.1563000306506932,1.0,5
222,2.9711906162963637,3.5207835432764316,2.033469909651915,7.780099714491754,1.2334668289108701,6.709907591886492,0.623818304214728,2.3439507971035662,0.63743402354852,0.053593179049934825,-1.0,-1.0,-2.0,-4.098661347047458,2020,1,0.623818304214728,8.077550126194412,1.6947281811576311,1.0,1
212,0.04583728652811119,3.47099562521956,2.044629462194092,2.6044173239185215,-0.646731038974079,2.098036701735248,0.5610033976827541,6.834679221120793,0.43789808917197454,0.29407643312101955,1.0,1.0,2.0,2.73804921685976,2020,-1,0.5610033976827541,2.351452798891567,15.12401268994685,1.0,3
41,3.906065379406048,4.102826149531115,3.5307119170276673,8.24444014997474,0.5826214679732725,3.46763788279599,0.5574444862317268,3.6429099482011367,0.6892647058823513,0.0,-1.0,-1.0,-2.0,-3.101051363066479,2020,1,0.5574444862317268,23.150779131118007,0.0,1.0,1
790,23.228647676911066,3.0424900897572,2.2312134785366853,3.624560779870994,0.8278269674556196,3.066464953128894,0.45025229474756884,1.6311737654427623,0.6140032650099818,0.06058407400689532,-1.0,1.0,0.0,-1.4780574906174218,2020,-1,0.45025229474756884,13.37427629640757,0.002786694602673123,1.0,4
237,8.22713394580311,3.612077358501764,3.724929427419375,5.646331666795293,0.08301784813734434,2.2393968784334697,0.36778752447729424,0.4675663188733694,0.8652769135034506,0.03578095830739443,1.0,-1.0,0.0,-0.5588721467585523,2020,1,0.36778752447729424,7.190767157850595,16.77249162754664,1.0,1
36,2.743481633372988,3.5606818979717825,4.947678116064892,9.431917730080675,4.461007958278284,5.068617659059301,0.4729431993211822,3.9600475869674563,0.7480549930725744,0.008526057764043297,-1.0,1.0,0.0,0.28423395891501857,2020,-1,0.4729431993211822,8.420525888935384,1.8692329160805858,1.0,5
162,2.897475667136175,3.058387804646714,1.8520222899013483,3.009350751784905,0.4457643142839814,1.6905781531945168,0.4853977008700591,0.8792034573768654,0.4588344125809428,0.36879432624113256,-1.0,-1.0,-2.0,-0.20992006128923182,2020,1,0.4853977008700591,0.9849161961516879,8.021473244403682,0.0,0
78,5.404691889774527,4.316736524814446,3.835085634985851,4.727697759200964,2.570342225627436,6.178174792019427,0.4491389115193207,4.935305621687435,0.5920274057925858,0.0024914356898139926,1.0,1.0,2.0,0.8362486555306698,2020,-1,0.4491389115193207,8.509789724474619,14.90446960656044,1.0,3
76,1.2363294663677364,3.303780217304035,7.1167202824606965,7.71737370583013,3.4979082268617874,7.391800046425193,0.46999071097247785,6.997341574162444,0.7839996564606854,0.01700519603212109,-1.0,-1.0,-2.0,-1.5030283431464402,2020,1,0.46999071097247785,10.10139131808898,0.33194004975679103,1.0,5
398,10.43099401819887,3.302335257808451,3.759453882030328,5.343828383882511,2.5768504220219817,5.7424502908612425,0.3350092724017637,6.3905350088864905,0.6343483556638209,0.0,-1.0,1.0,0.0,-1.2327233753359264,2020,-1,0.3350092724017637,13.677545239234654,1.2930390249970458,1.0,2
203,4.1728180110313975,4.647247458238085,3.51081540835346,4.534945581532983,1.7777807832933985,3.770882317992753,0.3741307894870781,6.342246083823097,0.7328286852589662,0.0,-1.0,-1.0,-2.0,-0.04147356765727683,2020,1,0.3741307894870781,5.182523815574585,0.8149768279527421,1.0,1
1104,33.91066386074048,3.668512295878188,3.727359264303881,4.891673903299263,2.186856950201078,3.2829096943350478,0.5917884189842497,4.744703150442191,0.5136452858861562,0.0,-1.0,-1.0,-2.0,-7.3799085104151665,2020,-1,0.5917884189842497,3.530201985433999,4.7934833687439955,1.0,4
110,4.7278227304556015,4.448442980586752,4.076273462517235,4.824737013065898,1.1461204545078587,4.134591240806121,0.526751293843772,5.581817644079452,0.744735162731335,0.0,1.0,1.0,2.0,6.65799496152471,2020,1,0.526751293843772,1.4300100964378377,5.954984101170189,0.0,3
410,10.715412767109388,3.1136225299712623,2.681474333858408,3.0951549331756993,1.0081359047488685,0.914808993340183,0.5685459498686074,0.830052992468352,0.8143037829136721,0.04518799586062437,-1.0,-1.0,-2.0,-8.140702538349188,2020,-1,0.5685459498686074,29.83908145062262,4.463850948969381,0.0,1
386,10.173022675318391,3.234059190573042,2.226111998647131,2.621527426934404,1.1244420632599776,2.241471972053591,0.6480286754782039,2.2884548727609966,0.8192205917729041,0.010223719028149744,-1.0,1.0,0.0,2.9008834037289204,2020,1,0.6480286754782039,15.63761265250843,0.8793082612625904,1.0,2
227,4.862554339816256,3.6089331269561145,3.7723150025336905,4.703895076633318,0.04009184612697939,2.849325062988886,0.7240748422804835,3.2635582765288658,0.5153703703703758,0.046777777777774816,-1.0,-1.0,-2.0,-4.120289885069266,2020,-1,0.7240748422804835,0.5123840227437454,5.495093914092317,0.0,1
158,6.137616132270511,4.630847377600549,3.4863851271979316,4.737378535590838,0.8584938663673806,1.726252476345945,0.505360940927381,7.352439225190232,0.8906779190494672,0.002998167786357622,1.0,1.0,2.0,4.560860962935068,2020,1,0.505360940927381,5.720754625535217,4.678703080743827,1.0,3
303,1.4770409555830655,6.400557344088535,7.848047279568875,8.458266856642966,1.4972076354085344,3.007762033134617,0.48744515034476454,6.5063079424520405,0.6098944430963344,0.0,-1.0,-1.0,-2.0,-4.700595672830146,2020,-1,0.48744515034476454,10.418861589271575,4.026053922767894,0.0,5
650,14.752460366255745,3.139476861166429,1.6707780031905681,4.458321747283337,-0.2358146860505367,1.190949308300412,0.3693360086675744,2.003237626509261,0.8689374824782682,0.0,-1.0,1.0,0.0,0.1033455017022467,2020,1,0.3693360086675744,8.962760946215289,0.11032017845349458,1.0,2
594,25.713680402237237,5.163568489743821,12.907963704225693,13.563364796118643,12.35004793472086,34.30727520160325,0.4704161489880116,6.397950213833656,0.699263774441561,0.006659893893215304,-1.0,-1.0,-2.0,-5.693104597183786,2020,-1,0.4704161489880116,7.104503477331799,1.3203393231942029,1.0,5
186,1.7601586119301904,3.065502748520844,3.1803700039752707,8.217461700612175,0.9431620155386097,1.8054494951942828,0.36396174229109857,4.2211291406783245,0.6394702793211112,0.010731410305197205,1.0,1.0,2.0,2.7147325603285286,2020,1,0.36396174229109857,4.3187979031254375,4.249904944942772,1.0,3
139,3.1193844477187236,3.675719567019715,2.5832616701107725,3.7586183068512233,1.3534421363009823,1.9190171809746526,0.3808967128847339,2.6165518909607766,0.48062534896705084,0.010161920714682991,-1.0,-1.0,-2.0,-2.4679302661830436,2020,-1,0.3808967128847339,1.195649775125604,4.529483333887488,0.0,1
175,2.47073167815406,4.563778430827282,7.679690198549314,9.45259536680355,2.897991397426234,3.0243774471991056,0.3412530737551256,6.563168061225877,0.6513080168776396,0.05963431786216801,1.0,1.0,2.0,1.631062964733728,2020,1,0.3412530737551256,1.3269799339521533,4.220845778616171,0.0,5
358,2.305288932931203,3.0957431244435556,3.1662385344160744,3.647792061515268,1.4423817884535708,1.679537823419453,0.32114328977542134,1.6862412535280238,0.10435951030157999,0.05957002090175885,-1.0,-1.0,-2.0,-2.8184242983947745,2020,-1,0.32114328977542134,20.49349176400221,0.0,1.0,1
407,7.467432543686856,3.1522335304928486,2.2636634623287795,3.9754925336649607,0.7422210369314117,1.048296905296085,0.3994276100679611,0.34741097804616944,0.29104281586551123,0.0,-1.0,1.0,0.0,-0.2421277274648086,2020,1,0.3994276100679611,4.569571348426326,1.4084131471601886,1.0,2
195,1.8930865510404467,4.844438582987344,3.4181568081784337,4.417872902826735,0.5932154477229451,0.3888788720939356,0.3207414856240904,3.939684809800308,0.7819444444444275,0.11250000000000655,1.0,-1.0,0.0,-0.29290440329142625,2020,-1,0.3207414856240904,2.0994037987614815,6.382080196171049,1.0,1
417,4.585082991642065,3.0309602148008397,1.592484326154083,4.277714968624119,0.4985776954724435,0.29518003739687293,0.20078364023590947,1.1960554494247384,0.9994469026549558,0.0005530973450442107,-1.0,1.0,0.0,0.22995511368767033,2020,1,0.20078364023590947,21.032451892313087,1.4902049667704647,1.0,2
207,8.01979100933422,3.2292024519681917,6.476702677907371,7.376760213375855,1.7139039381066583,2.5948789255123357,0.2264332139264361,4.91651833189739,0.7214434420541304,0.05648854961831714,-1.0,-1.0,-2.0,-2.0215402241895486,2020,-1,0.2264332139264361,23.846885218082953,1.708717475840454,1.0,1
533,13.68260720783588,4.615282154702497,3.052140004730423,3.7262099222097484,0.6304049305155619,1.5861559216613383,0.26780153937477724,4.277126787372756,0.8158553011352736,0.0015393496247821483,-1.0,1.0,0.0,-1.1459844996769744,2020,1,0.26780153937477724,0.38419961062330904,6.458925803882452,0.0,2
264,1.1553464661130364,6.534148491767683,9.31255445888636,9.606919636768826,6.8124854459668,6.285990217496374,0.22453905473996308,8.795020967272235,0.7274074074074051,5.2910052911207825e-05,1.0,-1.0,0.0,0.7542022018968936,2020,-1,0.22453905473996308,6.217051528199026,4.299500736717497,1.0,5
202,0.7873442510507785,4.038210321904173,5.945646071490636,6.9803653743917815,5.508322092318368,5.41157057439666,0.16424141599706785,9.495817312536625,0.7856180207932171,0.00231035810550427,-1.0,1.0,0.0,-1.6797543143580018,2020,1,0.16424141599706785,2.528944414481525,11.268864593164071,1.0,5
53,5.4831225228349725,3.26505174659819,4.5138381057300965,4.959597844828504,0.15663069014098363,0.15082205098125193,0.158966813621778,0.3447358023518479,0.6783579115185467,0.09884416102030885,1.0,-1.0,0.0,1.1460676172502648,2020,-1,0.158966813621778,11.108582657064371,11.943167090703465,1.0,1
93,2.9818290426385388,3.972038378836475,3.5998662870077998,4.0797337949271775,0.7070724788024294,0.34489855678776543,0.1907020437375275,1.5880738768044766,0.799302325581414,0.11627906976744186,-1.0,1.0,0.0,-1.4059897681185063,2020,1,0.1907020437375275,13.394437977920333,0.45865472680461855,1.0,2
324,7.598702725015652,4.339950795539043,6.331252704584261,8.763697203574756,4.378654096510384,2.057598682696448,0.21608460925417772,7.50003820504216,0.40847169008089224,0.0008514261387816777,-1.0,-1.0,-2.0,-1.276048363998743,2020,-1,0.21608460925417772,6.9085022209873514,0.4403089384858225,1.0,5
316,0.08906674083446052,4.708087392481603,5.69161214693347,9.951971250180275,1.6915667867105186,1.5710219750147008,0.17354899910370153,3.0252189442617716,0.7724381625441644,0.0,1.0,1.0,2.0,-0.35410550195052987,2020,1,0.17354899910370153,1.7998903876957755,7.168635599104369,0.0,3
121,6.107052295323199,4.355285746675715,2.516242848173097,3.60128167172055,2.4764287092032715,2.2525300202794476,0.18716387045877947,5.406761784915386,0.4522314049586873,0.025950413223135686,-1.0,-1.0,-2.0,0.38723527247755607,2020,-1,0.18716387045877947,3.931156745689143,5.552024393090391,0.0,1
440,1.0296209209994107,3.6101003234874205,2.5372459835953833,2.9531095867845782,1.5479868911754409,0.9117883218991742,0.11379771096820133,2.4917591249634343,0.7156238291494748,0.0,-1.0,1.0,0.0,-0.7281500408152313,2020,1,0.11379771096820133,1.2552388758331257,8.019953487709978,0.0,2
64,3.9794377981334543,4.336961026742001,4.647579941642737,4.647579941642737,3.119217231557178,1.8076477867493626,0.10441135395883976,8.080203394245276,0.8096066072592876,0.0,1.0,-1.0,0.0,0.875708979653116,2020,-1,0.10441135395883976,0.7101636619689438,12.903757781012203,0.0,5
49,5.731952849555558,3.5307330328229636,1.3285851414462682,3.483424658180667,2.113147715905479,0.7703117231738194,0.10917551441963622,3.7354632525994513,0.6190476190476054,0.026761117670220186,-1.0,1.0,0.0,-0.739906568681087,2020,1,0.10917551441963622,4.9425759313069015,5.879462677713091,1.0,2
1272,36.34924873915221,6.599170967877609,11.660963741878394,14.846846541579994,1.593380799923218,5.918161462064854,0.6879467503623954,9.022581115881172,0.6119827012641392,0.03014637391882867,-1.0,-1.0,-2.0,-14.924823809992173,2020,-1,0.6879467503623954,1.6729509513368899,5.2010162809526435,0.0,4
309,7.98626537389129,3.1962132243708443,2.422555251601041,2.8040654807950074,0.4095122837445347,1.7468255673345143,0.37910883409791707,0.6392778823575505,0.7996575342465678,0.006278538812818455,1.0,1.0,2.0,7.047999218365204,2020,1,0.37910883409791707,9.527344595638409,0.5959795939379503,1.0,3
223,3.731466232071251,3.404621343383304,2.138417186840835,2.9125697965262147,1.9129798409794097,3.7684368357844478,0.41075751944403793,4.492883463427509,0.2906081081081096,0.0,-1.0,-1.0,-2.0,-7.802077645744169,2020,-1,0.41075751944403793,4.560071233604728,5.994195274720369,1.0,1
74,5.582099997879124,3.1749826607690976,0.6418013833731487,4.882885072223383,0.14015578257494485,0.5369157957915213,0.3721068235939533,0.4464465581747581,0.31755102040815286,0.20408163265306123,1.0,1.0,2.0,8.148163940038781,2020,1,0.3721068235939533,0.3517718622393226,5.0250519388278665,0.0,3
119,5.41394767334174,3.4682241775556673,2.5982281207705324,2.6717183762648316,0.7801889748080341,2.1781194582623242,0.3491944416615626,2.38815352795894,0.8406475521747611,0.01326311683246119,-1.0,-1.0,-2.0,-6.514920020622225,2020,-1,0.3491944416615626,3.711506180353377,14.04284574666987,0.0,1
32,5.69300845650569,4.771309002635866,2.6314914981544826,5.3415160147491125,-0.046680739041358194,1.0281086581952603,0.33160345565717275,5.113085423190498,0.8687368250364953,0.027403924112203628,1.0,1.0,2.0,7.0914728054116205,2020,1,0.33160345565717275,5.959105771414667,12.215315421653283,1.0,3
34,2.93029571733793,5.069576144334383,9.890338225686213,10.558207002041524,-0.042074055013530266,1.322755342466787,0.40408753136611614,6.029354532618814,0.8319817671065877,0.017543859649123316,-1.0,-1.0,-2.0,-8.574690722229436,2020,-1,0.40408753136611614,3.1388974045543376,9.71349893528879,0.0,5
14,7.27044161625831,3.2462155086468574,2.5202741065073835,5.366481683641143,-0.39798367037598303,1.6322698779455977,0.4218071106611498,-0.012697372227980256,0.5850746268656825,0.29835820895522064,1.0,1.0,2.0,6.889184303221838,2020,1,0.4218071106611498,0.9450283078857274,7.173912873586526,0.0,3
93,5.511850187988825,3.6065875857129055,2.6348781150971847,3.0480375831570043,0.3799620825388175,0.9697746935667206,0.403149896782255,2.250952241557141,0.5810143356222074,0.1409468738706264,-1.0,-1.0,-2.0,-6.549837059824711,2020,-1,0.403149896782255,10.709298178806666,0.8478620988837735,1.0,1
226,0.31321049931931294,3.2934230515458465,3.1023886270339087,4.361570115758514,-0.031788962695168364,2.45786845184191,0.4312855976921927,0.3297040213111523,0.8754248559184235,0.01965420422639169,-1.0,1.0,0.0,4.351416796330311,2020,1,0.4312855976921927,3.259291040355165,1.174787008832108,1.0,2
451,6.809835803012689,4.973560097885076,7.895894105909674,8.251240370912836,2.4382911323571794,6.967548608288852,0.4207188659545673,5.962730716417731,0.7296629309242746,0.17300890612349407,-1.0,-1.0,-2.0,-6.519381337941344,2020,-1,0.4207188659545673,5.061732374276017,4.547631411724959,0.0,5
545,7.051317925599682,3.431368307349808,2.2061787207136447,3.3583244368747476,-0.19634831859763355,0.7807090435582543,0.21979191486550614,2.211670427167996,0.7535570959503778,0.0,-1.0,1.0,0.0,2.7395479187099574,2020,1,0.21979191486550614,3.864399886080438,4.355351241401843,1.0,2
95,2.949805299133641,3.02381708008658,2.2478950171895815,3.0615925107992936,0.013722072696268395,0.8637278580179735,0.21231037961671534,2.3436846828371487,0.6561555075593882,0.2555075593952508,1.0,-1.0,0.0,-2.5443035756206975,2020,-1,0.21231037961671534,20.214449083408084,1.3616978464488547,1.0,0
220,5.155549806738698,3.210537746679258,6.723992279052659,7.837034084882255,4.182690736641925,1.9709518277370164,0.30094454011001015,7.317931351828513,0.7022346368715012,0.0009776536312935489,-1.0,1.0,0.0,0.19519663809769885,2020,1,0.30094454011001015,1.1075758471036148,12.073439779544035,0.0,5
3,3.778551261813421,3.983929776226399,-0.07254733695864349,8.108621147294283,0.9507984751077708,2.684355466074355,0.3346263852869695,3.5594802916576542,0.7651558252734084,0.05183639926669753,1.0,-1.0,0.0,-0.19519663809769885,2020,-1,0.3346263852869695,4.128578924073796,5.2922487997426115,0.0,1
102,5.896258503781397,3.415514322344155,1.7727663088935537,3.4128076247035417,0.2259203969420422,1.3849991573655818,0.3079896900104853,1.4015104486522734,0.5119607843137369,0.3735294117646916,-1.0,1.0,0.0,1.1499262664476517,2020,1,0.3079896900104853,1.687664508657354,2.895997354395036,1.0,0
459,5.496253306516098,4.901328719719504,2.5136634665713884,4.987250086116065,0.09624015868078586,0.5992984737316247,0.3153310818737138,2.746228368976003,0.6548742138364849,0.06589479702686779,-1.0,-1.0,-2.0,-2.295652287618072,2020,-1,0.3153310818737138,12.979173172783414,0.6556790278855115,1.0,1
530,22.54021450433277,3.260509225404558,3.9612211840630938,5.323118793648731,1.2940598232537428,2.9483494165217703,0.5413452740686002,1.2583558246825468,0.356115641215718,0.39940696812453996,-1.0,-1.0,-2.0,-5.253056236221907,2020,1,0.5413452740686002,0.9829703598106119,9.717679117881566,0.0,4
44,5.171425755588834,4.156713970445416,4.364005744293689,6.3367460905773125,0.9166291856592774,1.070801057997426,0.5120533981522012,2.556363341715004,0.8055299539170401,0.15199692780338528,1.0,1.0,2.0,4.483125945100504,2020,-1,0.5120533981522012,3.437090690283911,4.348021089313891,1.0,3
131,5.792791598740153,3.5666655715048665,2.379833661408397,2.856824345068252,0.6927852002201836,1.6994509152245683,0.4536248184315206,0.533824008375858,0.9510061242344747,0.0037182852143498512,-1.0,-1.0,-2.0,-4.116684663828674,2020,1,0.4536248184315206,3.2143540346093546,3.3688000341485833,0.0,1
357,1.0516504385211898,3.0396308846775364,4.953671529819437,8.973505839970437,0.6973307726597164,0.6003641568898915,0.24586225142588383,1.5471130963580466,0.6746945280679932,0.0,1.0,1.0,2.0,2.0317362686047615,2020,-1,0.24586225142588383,4.4721740266823815,6.008080137343856,1.0,3
81,2.8556549164894065,3.1124786799482487,3.317702219484855,4.79929234873581,0.892801362044452,2.3234390661030213,0.24601428212507756,1.1109212804528292,0.775087937099131,0.2116697703289795,-1.0,-1.0,-2.0,-2.7170102064008503,2020,1,0.24601428212507756,15.7886939700637,4.398409823624231,0.0,1
593,18.42360693144745,3.5050762219719207,4.00820930537612,4.032551415518071,3.300002121453404,3.8687167327696432,0.24564911373573875,4.849550385706638,0.5290858725761691,9.552010698460436e-05,-1.0,1.0,0.0,-0.4744777039296915,2020,-1,0.24564911373573875,12.920043075350396,4.13553726611869,1.0,2
398,12.64349005138583,4.078626829514546,4.819651826997796,6.730306525076663,1.0344880319000924,1.0118240172274509,0.29024673757099784,2.5253381067706226,0.8040683482505984,0.03303498779496551,-1.0,-1.0,-2.0,-2.4932483659256746,2020,1,0.29024673757099784,9.96445187688388,0.11121770199396454,1.0,1
416,7.437397815612757,3.998793742214863,6.374245603001429,7.044595208183866,1.8901394237159639,2.5234266500820923,0.2604991741201751,2.898455905921342,0.4292565947242194,0.0,-1.0,1.0,0.0,-0.5913814692233992,2020,-1,0.2604991741201751,2.152874254244208,6.193283524259125,0.0,2
94,4.797513787755863,3.0937794258134312,2.830600087208989,3.7895077120217486,2.590394366283579,1.570707645180684,0.24797114328463182,1.2192281819908994,0.47309219232463257,0.04058226731363343,1.0,-1.0,0.0,-0.2809560493865642,2020,1,0.24797114328463182,0.5292961792508357,6.763683572379669,0.0,1
39,5.1761646594055435,3.0087765096614367,1.3888273221960021,2.656627196196342,1.04698075725831,0.5206016120720782,0.2507651690759361,0.6653844020492833,0.8349429323968567,0.0,-1.0,1.0,0.0,0.5159086016020922,2020,-1,0.2507651690759361,0.5823512090649733,9.693402100856904,0.0,2
67,5.445915557897807,3.2810662446355114,1.5478238104647983,4.010252893118807,0.8255526782066992,0.28592329455261434,0.23455703783369936,1.4014264745898561,0.59700093720708,0.06341768197440303,1.0,-1.0,0.0,-0.003825839758718378,2020,1,0.23455703783369936,4.014581919794424,15.39283821477489,1.0,1
56,1.2234987302485434,3.020129863481323,4.8307953268242025,6.7229987450867235,1.9536694417006941,2.3317238633878627,0.24671668351058648,7.253221561428577,0.9728983688833142,0.0,-1.0,1.0,0.0,-0.8690119660290104,2020,-1,0.24671668351058648,12.841249277696763,0.10028678116789985,1.0,2
301,4.483948305824158,3.6164915178465034,2.4325367492813275,3.7846981229721,2.023427544388844,1.8444554688573132,0.1804181459444029,4.44112795041952,0.3887055372203958,0.032453245324539935,-1.0,-1.0,-2.0,-1.1300078596357659,2020,1,0.1804181459444029,6.511409372112885,1.9019813238708534,1.0,1
191,3.613378043063182,4.315027519866331,4.945961522590273,7.190215268742723,0.5884429909225115,1.190345042727555,0.20400619659749994,7.24101613582945,0.8405603735823903,0.009006004002670895,1.0,1.0,2.0,0.05703970121855434,2020,-1,0.20400619659749994,4.019027370222246,3.30116219832854,1.0,3
169,1.7842511951080071,3.350233969327209,4.46757059942397,6.991209935695286,0.9488830135922104,0.8189498993133104,0.18855822880816578,7.48488552856038,0.5624528301886697,0.19679245283019417,-1.0,-1.0,-2.0,-0.9941377291165965,2020,1,0.18855822880816578,20.605671389417772,-0.025290942454292333,1.0,1
374,24.85236284589151,3.12022215064541,4.886739543860662,6.1149781196526645,0.9833279392438804,0.05835369286806691,0.23086097982592618,6.990750804655144,0.565629970928634,0.0009324776479626638,-1.0,-1.0,-2.0,-4.447025692965447,2020,-1,0.23086097982592618,0.5593767022832056,19.120582825528594,0.0,4
12,2.5323520801174237,3.129775057447908,4.705193072517198,8.854978199315545,2.314560104815077,2.49159118244078,0.23915014869003332,4.581318552088942,0.8115652173913037,0.07869565217390671,1.0,1.0,2.0,3.337337171929123,2020,1,0.23915014869003332,12.238784600446055,2.6552461764290918,1.0,3
98,1.3752627356410578,3.2499171913236378,4.761883413281766,6.063316254693693,0.4076826198678121,3.645417789803401,0.3051418624957962,0.9541774657715885,0.5217391304347685,0.36508711936166954,-1.0,-1.0,-2.0,-4.795050698477204,2020,-1,0.3051418624957962,0.31703425168990707,6.689567475155061,0.0,0
94,2.888988721821176,3.0042982211639413,4.559592373445413,5.394226224986575,0.188641624341865,0.5689378144593122,0.26016637249448266,4.773726477702837,0.7988528021083584,0.042322300596860214,1.0,1.0,2.0,3.631845615540448,2020,1,0.26016637249448266,1.3857126250677452,8.63390143905194,0.0,3
9,3.8277119863058666,3.0509455142117217,2.0457816867144354,7.162258349274478,1.2611664194309722,2.5406291219905253,0.2839208804870106,5.629223120089163,0.6255238095238123,9.523809524017408e-05,-1.0,-1.0,-2.0,-3.631845615540448,2020,-1,0.2839208804870106,2.172106761209638,3.527456575251972,0.0,1
109,4.784477762541078,3.520271507247656,1.811887074459492,4.554608998530692,-0.0941056334898066,0.7486677876549375,0.2602999511571309,2.0370408290650652,0.4546742209631671,0.00012876641772107002,1.0,1.0,2.0,3.6500008051838284,2020,1,0.2602999511571309,5.050430576715817,10.802495462184162,1.0,3
37,4.418353937313377,4.980455283839236,7.734940914214173,8.461216421617895,3.9278107506722444,1.1302486912318943,0.2911123290442097,5.955758057931747,0.47153846153845597,0.08471794871795095,-1.0,-1.0,-2.0,-4.368088433769265,2020,-1,0.2911123290442097,1.4193027870431052,4.181040898774882,0.0,5
201,5.478104349974663,3.3878945617909797,2.7244593388753247,3.253970820653016,0.18695206144948437,0.6201426275248187,0.18885315229670302,3.3133171847587297,0.5659718309859105,0.005971830985922871,1.0,1.0,2.0,2.968024387424297,2020,1,0.18885315229670302,5.234427150136456,1.4829101077605933,1.0,3
808,34.785149367672325,3.3002050307208974,5.250065593093109,7.760280669775238,2.68546093154385,3.437304496901156,0.3441060985060034,6.160666220219605,0.4884070685549602,0.0,-1.0,-1.0,-2.0,-8.678329462910058,2020,-1,0.3441060985060034,3.7552943745247385,17.337813730103008,1.0,4
71,5.975330528080861,3.238890978604525,1.252796384045988,2.5842934468062273,1.1606386370802002,1.3917255824791128,0.3074243967918811,1.5558421947507601,0.7556699372687713,0.0,1.0,1.0,2.0,9.37746703014421,2020,1,0.3074243967918811,16.731665610401116,0.43939156360494125,1.0,3
105,1.0294921016258376,3.1387508786762006,4.377283122170744,7.037002516363398,0.5256571036119031,0.8105343619100921,0.477318351035858,1.7505162631819764,0.26015536494579605,0.24591357824890303,-1.0,-1.0,-2.0,-9.048466312750318,2020,-1,0.477318351035858,5.412322910256407,1.9145858499674275,1.0,0
111,3.454278743315172,4.183772430807708,2.0431638385011417,7.195442741507722,0.9131460021352981,0.6952631289078917,0.474899598884747,2.962659886174302,0.8989675516224201,0.07030481809242761,1.0,1.0,2.0,8.72436265858503,2020,1,0.474899598884747,1.8058540962487895,6.98486336969903,0.0,3
59,5.290862904887392,3.011772129796938,2.5001174437567677,5.03143224531073,0.9963676977652537,1.3143674718190987,0.5093700081589565,0.05011123382402947,0.6248725790010166,0.34454638124362647,-1.0,-1.0,-2.0,-8.331880483521026,2020,-1,0.5093700081589565,0.7776949001118197,8.70092816267133,0.0,0
53,5.535314640653416,3.157233840206715,0.8970652810742076,1.8481033695160016,0.014478291294306198,0.8903855965756491,0.47512695153528817,-0.5294572731416066,0.8866128101557903,0.04789382573571441,1.0,1.0,2.0,8.409478674950526,2020,1,0.47512695153528817,8.833239283938791,2.591625319286015,1.0,3
241,1.337904330009852,3.026103115462068,3.4917832788718592,4.010534126162592,1.0129951413497955,2.8244922854748324,0.37142812378447704,8.531096690596435,0.4064286383656628,0.15087620654109604,-1.0,-1.0,-2.0,-7.978807941550348,2020,-1,0.37142812378447704,7.074164177952275,2.8993225256658404,1.0,1
121,2.3947946308035784,3.6887865282252434,2.02039494470904,5.4092189941959345,0.19119533343085357,0.6220270167758882,0.4153185685229907,2.785826388062343,0.7723692362155996,0.1510753163996791,1.0,1.0,2.0,6.283686195043387,2020,1,0.4153185685229907,5.150180555917615,4.603088577637561,0.0,3
400,13.855062311770773,3.8783827435271743,3.9917647567222803,5.153764266869478,1.1386983825442933,0.8187433974640105,0.6254510052430703,6.596780268931421,0.34211495946941806,0.026239604168858215,-1.0,-1.0,-2.0,-10.758757516846824,2020,-1,0.6254510052430703,6.3140514918663415,7.897915255927728,1.0,4
81,4.720827424398808,3.1471846088926787,2.76356297956162,3.620827661106677,0.8918113592300925,0.6095540306988204,0.5524735003978279,0.6675033436740193,0.7398879900435604,0.0,1.0,1.0,2.0,9.083893273584755,2020,1,0.5524735003978279,5.351093115611456,5.570224060236534,1.0,3
96,3.2377564293428502,3.2891713208646247,3.078819701366643,8.433329053529318,2.1555334789627536,7.6880509016077365,0.6474076259956534,3.3376409157124702,0.44949991069834105,0.297776388640824,-1.0,-1.0,-2.0,-10.789754812678854,2020,-1,0.6474076259956534,1.7881669459928105,5.1131686174586894,1.0,1
175,6.9791421922481724,3.828745835470121,2.4280639955875287,3.4522671764793333,0.2246148137324819,1.3467161430496932,0.4262965665413978,2.618095445257057,0.9712400487699906,7.172057663500149e-05,1.0,1.0,2.0,7.99649062526713,2020,1,0.4262965665413978,8.742654909648007,2.366091354887352,1.0,3
278,6.215872947325665,3.138590416571725,4.065705790810416,4.549083335979906,1.6861514827522064,0.5686822986030987,0.4415056237494586,6.064543000035974,0.8373203085974286,0.028861630682137568,-1.0,-1.0,-2.0,-8.717059813024893,2020,-1,0.4415056237494586,2.566507981050448,3.7222495710499715,1.0,1
183,3.9316461739466724,3.7920869603404244,3.6913779233778543,4.946761813702447,0.7634034796642106,1.350614349205094,0.34824728295286783,4.268055620744332,0.8079777365491648,0.006493506493507589,1.0,1.0,2.0,7.578538832145512,2020,1,0.34824728295286783,11.97815192234755,0.7752017671376239,1.0,3
594,21.72558469898365,3.0992540532909927,1.7423792460526024,3.579296496472428,0.6088135618582527,2.4246845897369735,0.5267604389662388,1.6063510941706756,0.5666328176333592,0.026103578041926916,-1.0,-1.0,-2.0,-10.651724536441376,2020,-1,0.5267604389662388,5.709845031979804,6.463957788670562,1.0,4
95,5.142846999863702,3.0286835852262266,1.605973774777506,3.113344648626833,-0.5779573741796117,0.5380176881556421,0.5397734554986634,-0.15289885534289113,0.48499869553873953,0.36724932602834137,1.0,1.0,2.0,9.61273605879704,2020,1,0.5397734554986634,4.046765703759948,7.600023394866243,0.0,3
256,0.37031073978264145,3.0704919767237566,2.719313221434403,3.179213902153243,0.2318325942954326,1.2672711319290964,0.6354871127594087,1.003049034029129,0.6946149191805707,0.02186878727634751,-1.0,-1.0,-2.0,-8.386825144156155,2020,-1,0.6354871127594087,20.211558482163255,0.6511162973244051,1.0,1
247,9.186349579308208,4.059197820142651,3.1092017152308036,5.246372113710034,1.5172107556817866,3.513158637986129,0.6444408655287546,5.723678155115563,0.9241375491444871,5.537405171050048e-05,-1.0,1.0,0.0,3.7537252186428387,2020,1,0.6444408655287546,4.855769764925996,1.4328227668444753,1.0,2
276,5.970496241815603,4.806134023482589,8.833870622965298,11.778494163953747,2.6211510427179716,2.73117949726782,0.8129955210935174,3.1671384667974807,0.6841281219346543,0.010205236550214792,-1.0,-1.0,-2.0,-7.528632786053332,2020,-1,0.8129955210935174,0.6703224533661379,8.698725511712347,0.0,5
9,7.339181692437309,3.063418406854899,4.134526470988369,8.62531414266807,-0.499059979231617,4.108232050236724,0.8198179767221788,0.18219364565161947,0.23824643493761327,0.728052584670234,1.0,1.0,2.0,7.528632786053332,2020,1,0.8198179767221788,0.0,6.869567509682165,0.0,0
52,5.671258623228808,3.1527744343156026,1.7703243325709652,3.600079130604735,1.046843934546133,2.884883257284537,0.8808448520304667,0.2770577578159111,0.47528533996536515,0.2308033929919686,-1.0,-1.0,-2.0,-4.991499439766285,2020,-1,0.8808448520304667,0.2748736170002989,5.981556006766652,0.0,0
112,6.330650262832929,3.4636846632272893,3.711650246744435,4.5811100632463955,1.8260299891602112,8.420330352857107,0.6489239995385663,4.100361504561626,0.8526041309270594,3.431002538392685e-05,1.0,1.0,2.0,5.985368641584624,2020,1,0.6489239995385663,1.5613818035632179,2.7185480133105773,0.0,3
110,3.975830839960955,3.733139967351432,1.2117376126090025,5.943823882628763,0.034149808468897154,3.9598306836293116,0.5342410689539736,3.0827755377121084,0.6909320932777142,0.008001094166724176,-1.0,-1.0,-2.0,-5.855204027845187,2020,-1,0.5342410689539736,3.2596188914832305,3.6308408448007605,1.0,1
150,5.306902725492177,3.115614890308425,2.043364860261967,4.221803747772933,1.1222405249104956,2.7151687194556264,0.4022576982866396,2.629244318416123,0.5354894104178703,0.0,1.0,1.0,2.0,5.116038188643144,2020,1,0.4022576982866396,1.8386292040884513,5.806766761508153,0.0,3
165,4.87414178396379,3.1841227911945635,3.6054630998088713,4.516959216948634,0.0699505954089236,1.1465038408889885,0.3369455875554691,0.3338864175387583,0.46092592592591514,0.4557407407407515,-1.0,-1.0,-2.0,-4.954419440559321,2020,-1,0.3369455875554691,5.772965195046548,5.473983203997082,0.0,0
442,7.800265971453742,3.1528609907617833,1.456379182639869,1.855961494145104,-0.05262713913782794,1.6852794155759825,0.4195484473981292,0.1435530305086875,0.6130034522439534,0.3521288837744726,-1.0,1.0,0.0,2.1169300882253803,2020,1,0.4195484473981292,11.775644136630156,1.4488740744574289,1.0,0
869,31.53761195538034,4.801068821962757,5.711377741678687,8.511119909351017,3.4850345962853746,11.433976256110936,0.6742097204566521,6.284099843490596,0.7226406939770961,0.0,-1.0,-1.0,-2.0,-10.871697791568007,2020,-1,0.6742097204566521,5.722762245230088,3.4498949019176983,1.0,4
146,4.296517045395737,3.473588940393651,1.9850374820428394,2.920067750337989,1.0825547782798137,2.4639531180103593,0.6561553370252342,1.7619098319012387,0.8183246231459396,0.0,1.0,1.0,2.0,8.280862410634635,2020,1,0.6561553370252342,3.181349809518281,7.493980318514586,1.0,3
112,4.349137674738192,3.1803372027221,1.0245700959971131,3.2578007715781387,0.7440560744122445,5.031614205268423,0.7736221522057148,0.7840428729770688,0.6836713703871333,0.022791788373723126,-1.0,-1.0,-2.0,-7.047855993853606,2020,-1,0.7736221522057148,0.6027716419167518,5.835861035257103,0.0,1
117,6.576055740401545,3.5575378752482707,1.5169618653513426,2.6818101839614252,1.1075451554248945,3.4179471987206083,0.5465878169166705,4.069539238681195,0.9351167535706139,0.01378372251190584,1.0,1.0,2.0,7.44305849962252,2020,1,0.5465878169166705,9.165143967549703,2.030457594777437,0.0,3
966,22.173222651344204,3.680178326103947,3.759883518350071,6.39885201093266,1.0358386028511652,2.341704215403677,1.131864783517285,5.4428281638610185,0.4168342097123407,1.546551190878174e-05,-1.0,-1.0,-2.0,-11.47828380588454,2021,-1,1.131864783517285,9.511953436668275,4.951100328990237,1.0,4
130,4.272069103498749,3.4839904688782632,1.7557569068567078,3.6360801129311024,0.6055462529881898,4.340109981951515,1.156135178126168,1.760537233677188,0.7276804207265443,0.17834050753741784,1.0,1.0,2.0,9.431255170801553,2021,1,1.156135178126168,7.16716081447395,0.6196267994133393,1.0,3
477,14.505558775597434,4.467356060077506,3.7426428543942794,4.361241058485759,0.6266217369164532,4.029500891272731,1.0576676021115532,4.27706871651732,0.7756391973576471,0.012797747743606598,-1.0,-1.0,-2.0,-10.820682352195327,2021,-1,1.0576676021115532,19.20735051739963,2.151608273470993,1.0,4
299,4.423500295433394,3.006892169606019,1.0982585882139013,3.3529010409350084,0.11694223058330484,4.661897597376224,1.3533203022965057,-0.39721115611713503,0.7727650943886863,0.0,-1.0,1.0,0.0,5.029075734424822,2021,1,1.3533203022965057,7.8438209622999455,1.1600446586754398,1.0,2
172,1.728720790268641,3.4375451537953854,3.3966380814174233,4.590324645109468,0.24408783081930374,6.041485895851374,1.0492115061826635,2.5083659442080566,0.9429915827756155,0.0029057233376505063,-1.0,-1.0,-2.0,-5.934944085193081,2021,-1,1.0492115061826635,5.258849715329389,3.940030177288876,1.0,1
276,0.023557199891911535,3.7271742986975083,2.868336662508414,4.50233606902411,1.2554637590645044,4.744346938372505,0.892613264883305,5.490043035457282,0.8622416902860126,0.06322081937644577,1.0,1.0,2.0,3.8602973057035355,2021,1,0.892613264883305,0.9880219735559673,5.689288842686484,0.0,3
157,4.484257945966324,3.1893281850479034,1.9489243937965715,2.9406043046512162,0.9543879102996601,0.9434961164239557,0.8372812527984872,1.6935684132515316,0.7967528562838262,0.039745504626303045,-1.0,-1.0,-2.0,-3.1115065788960905,2021,-1,0.8372812527984872,7.324375241679272,1.34153848840054,1.0,1
481,11.082056592387485,3.775399414761298,2.0900613323295745,3.43260374231208,1.1020288559261096,2.3455763165403893,0.7628689398922469,2.929173745481165,0.7837330891475159,0.06689017545932646,-1.0,1.0,0.0,0.2044336449756468,2021,1,0.7628689398922469,6.216885386095644,6.730661951365474,1.0,2
75,3.662539202593931,3.3820386092060026,5.198882361448216,6.4484468227390135,0.5316170367869555,5.48692638883263,0.8532957006213235,0.9811667750210844,0.45028755927756986,0.3437998183836126,1.0,-1.0,0.0,-1.0156681294519612,2021,-1,0.8532957006213235,4.622255860626831,2.844184091366104,0.0,0
266,0.15833513483445708,3.2146209021277516,1.33939096697549,2.719642613908253,0.5158927049520439,1.9846310914794991,0.9474676316751468,0.7472468526090607,0.978206228543402,3.0652280535915947e-05,-1.0,1.0,0.0,-0.03657072155892731,2021,1,0.9474676316751468,20.164225040702004,1.5709890407142446,1.0,2
283,2.081053256972216,3.5808172991901377,2.6917670897278994,4.7758784705163935,0.6066791290957066,2.2531381857239112,0.9371280663290484,6.076168983067135,0.5305593630884162,1.877687440531249e-05,-1.0,-1.0,-2.0,-0.9331392887075605,2021,-1,0.9371280663290484,1.9746370548124157,6.246380560893376,1.0,1
69,3.8161426110657612,3.1697880851482436,2.993040919814081,4.130191997599522,1.6334448360399683,3.2431525679944175,0.8445866553037547,2.1397038325430215,0.9305303347767457,0.030497741770256943,1.0,1.0,2.0,1.067669834150607,2021,1,0.8445866553037547,0.7139700440413005,4.634544196794721,0.0,3
602,12.18583911225343,3.5709289360593797,2.718229670342241,4.403458644384698,1.9525337041069548,3.744146552639736,0.776350845888771,4.497805653297072,0.3242402224047569,0.21114235167750978,-1.0,-1.0,-2.0,-4.150388937209568,2021,-1,0.776350845888771,1.6685391635165345,24.368822941239678,1.0,4
85,5.0760054665552605,6.108829847264053,3.9246393515187825,5.940317667646369,0.05926424372090227,1.2362880670714018,0.6808302962878044,4.1500983295233596,0.8324974990786068,0.08905254567472538,1.0,1.0,2.0,4.227142034074141,2021,1,0.6808302962878044,27.90350898374135,0.0680788896451937,1.0,3
631,21.502467881077173,5.300366100883537,7.416245182063558,8.429160409117932,4.1496948681734125,9.063971270568002,0.7110928319274114,6.986143685664409,0.5425980534793711,0.0009511111497163294,-1.0,-1.0,-2.0,-7.554854439237705,2021,-1,0.7110928319274114,1.0235835541517926,7.4941360929737675,0.0,5
100,6.951352326433833,4.180996355966587,3.262686884542468,7.193254950181845,1.3389528073450025,4.28598556935918,0.6512543324832675,4.412094846237726,0.8676056024156801,0.0014039466500295672,1.0,1.0,2.0,6.63676331894032,2021,1,0.6512543324832675,4.777336003951058,5.083466337819437,1.0,3
602,15.477216116240044,3.7990911855967227,3.5885585169136553,4.684387198600704,0.5389789575970757,4.463964806695725,0.718388003883229,4.4832730968159735,0.5212703113554535,0.09823489102952962,-1.0,-1.0,-2.0,-9.247181841039554,2021,-1,0.718388003883229,25.273592599644676,1.225758811144632,1.0,4
669,18.55230651914885,3.1991507091898437,2.721084230493649,3.7835658370761878,-0.2854716758205114,1.7437267187766563,0.8931391913500419,0.9660556057660795,0.48141994252985704,0.24956506440955945,-1.0,1.0,0.0,0.7149123153910433,2021,1,0.8931391913500419,6.998464533446375,0.6331209787474456,1.0,0
324,2.9328917206496845,3.278030981597879,3.5656540016994405,4.28071335192665,1.054308237928488,4.1549908616044995,0.9012995686914334,1.2299586154968731,0.648882352941177,0.23198039215685817,-1.0,-1.0,-2.0,-2.1282908861700855,2021,-1,0.9012995686914334,4.351342464148577,1.240991934654566,1.0,1
222,3.112268131390721,3.00932677696201,0.95648789567566,2.145217987873265,0.4153571088149415,0.6140869752554962,0.6363413187571886,0.654588436055508,0.653220970236421,0.018464160590848443,1.0,1.0,2.0,1.6644104092735625,2021,1,0.6363413187571886,7.871992414109182,1.2099182158803035,1.0,3
790,25.974774767236262,4.233831613378206,3.662156101266133,7.212354091840976,0.2911245208901213,5.163915623205157,0.6282312008442554,2.9691350796877587,0.9177987593613438,0.004083868125588224,-1.0,-1.0,-2.0,-6.72293258222213,2021,-1,0.6282312008442554,13.072691410212867,0.9059101347102156,1.0,4
238,3.7401587080241345,3.1575181713781646,4.980135476170764,6.425077152924491,-0.3435809161659295,2.4926640419503148,0.715982183595939,1.7371912709067179,0.8698763825634437,0.013142485361085143,1.0,1.0,2.0,2.5887957077705437,2021,1,0.715982183595939,7.804093731249881,0.45786869655196283,1.0,3
327,1.707298429036162,3.8706721182745394,1.232236653604393,3.9062825102930767,0.01788986916140642,2.506060975935697,0.5311047909548657,0.7703300873114235,0.968445919343042,0.010930498528229405,-1.0,-1.0,-2.0,-3.5620019735273045,2021,-1,0.5311047909548657,6.266643039746441,2.8746493975452747,1.0,1
307,2.817974919717671,3.416457821522105,3.226746342540167,7.910557867840232,1.1462929629953995,2.2205650230896192,0.637870992622281,2.0693265056301637,0.7721201387351495,2.4598430625137868e-05,-1.0,1.0,0.0,1.6909908023340992,2021,1,0.637870992622281,1.7376108814856335,14.144626705832312,1.0,2
44,5.169158615720229,3.7022374955786193,3.5548999122117393,5.90348371733912,1.174020583337542,1.2259893523982384,0.6470748839636705,2.4112894613354285,0.9155718701700267,0.014962218787553539,1.0,-1.0,0.0,-1.178205189771533,2021,-1,0.6470748839636705,11.116165686029747,0.3912837559011448,1.0,1
198,0.19870434367314846,3.334646192763014,0.8775092074460864,2.741748480886262,0.6532187623576817,2.3724627100354136,0.6623140346696537,0.06660160300912277,0.5935459865372348,0.22108716977303103,-1.0,1.0,0.0,0.5468492960120103,2021,1,0.6623140346696537,5.0836211027483476,1.2894437145586624,1.0,0
753,18.13155847185308,3.993995235998751,3.582866050017453,4.916804621065781,0.7936798716777888,0.7680863704038939,0.3860736611775905,1.0908334881603017,0.6713275517011388,0.22977985323549188,-1.0,-1.0,-2.0,-3.0190917547853147,2021,-1,0.3860736611775905,7.900371375689811,2.2157811804546377,1.0,4
178,0.1566804228045051,3.1070590312112176,3.0488119995682226,4.819864312056667,-0.2570814000531029,0.46104934730293934,0.38399169644703085,3.585198089366815,0.791407991452199,0.005213418565668326,1.0,1.0,2.0,2.0402624691202305,2021,1,0.38399169644703085,4.155869453136599,5.222725132969216,1.0,3
96,2.4396584784237505,3.0844848012851376,3.304404038805504,5.692793865480069,1.590258754772207,1.1681819846387782,0.40333398493054157,3.483818020857107,0.5366103347416236,0.012934676633082724,-1.0,-1.0,-2.0,-2.551712430688571,2021,-1,0.40333398493054157,9.097418465361802,3.990803335320073,0.0,1
231,1.367264027636717,3.6140688943656194,1.5897539027950656,3.209694047432334,0.5017130199557205,0.4013524914316001,0.4172047198740666,1.026255187228706,0.734505939773444,0.18417902200939287,-1.0,1.0,0.0,1.990563622232263,2021,1,0.4172047198740666,2.7453441065057356,2.3953646540847138,0.0,2
691,12.631431676635085,3.839220728720515,4.804990413299181,5.1314293173813175,-0.1434451119781844,1.6765106604261923,0.49033786173901994,2.7789230763194603,0.6397223347839123,0.22440494018570342,-1.0,-1.0,-2.0,-4.472750355982456,2021,-1,0.49033786173901994,5.428636365740205,2.8619803422042343,1.0,4
947,28.974399927238487,3.9158533434636533,4.218751039011168,10.041303436087292,1.9889641907093432,3.5157496188501463,0.7291900845269624,2.525691111158183,0.775617433113995,0.003804354560887895,-1.0,-1.0,-2.0,-4.760815917945911,2021,1,0.7291900845269624,7.655350285633205,0.27677738367920995,1.0,4
349,6.874665257576897,4.285853793352557,2.7322486902705516,3.3516405751187386,1.197130682776459,1.3107957517297266,0.5355379583861233,1.664083894362434,0.9626189346170343,2.260040229176496e-05,1.0,1.0,2.0,1.3554361786039015,2021,-1,0.5355379583861233,2.3475677982933005,15.340286436368267,1.0,3
65,5.828006820632391,3.162061768848345,1.739848850377697,2.536412020769087,0.08407916075676036,1.6017366818095764,0.4872245890472071,0.861330850397955,0.8459901150835096,0.0,-1.0,-1.0,-2.0,-0.8841031022387953,2021,1,0.4872245890472071,13.784201548431492,2.648756974517109,0.0,1
336,7.561420351518185,3.075153151641331,3.561512969451037,5.364590324832333,0.9302519076868024,2.19878373203589,0.47955145098526497,0.9423074063075767,0.39213963568207205,0.29473437591518886,-1.0,1.0,0.0,-1.2515650672726268,2021,-1,0.47955145098526497,12.670194729230376,3.0876407014149923,0.0,0
167,0.7818412573134866,3.726285416297955,2.7728274411715153,5.303184250100392,1.597012809369327,2.1932128596374434,0.6345267056651426,2.8583980130972613,0.8523521192361327,0.04045108749347703,-1.0,-1.0,-2.0,-0.48235802470836137,2021,1,0.6345267056651426,4.058527484637218,1.5475583696973874,1.0,1
374,0.9691385558021428,3.308557606044557,3.1152263957184165,4.354503784818645,1.4101632518885472,3.302938680962527,0.58043976820221,4.185446828429667,0.5038515233637264,0.18692617229202257,-1.0,1.0,0.0,-1.2565102708405833,2021,-1,0.58043976820221,2.0567065564808398,8.033071059599024,1.0,2
50,5.036246469694691,3.081643381249812,1.9782547321651915,3.1905865496781636,1.5915338907194219,0.8528288177731121,0.5330547241326742,0.5069932609182741,0.7928701535258947,0.12771745558630446,1.0,-1.0,0.0,1.4567395216840284,2021,1,0.5330547241326742,2.359034934776567,18.033308412967315,1.0,3
56,4.078386706435364,3.8816960291073164,2.4773413927802896,4.624341961727047,0.3937349082956537,2.8059272222218117,0.5729795296953529,1.7392498940602399,0.9496126641966973,1.3472549682771665e-05,-1.0,1.0,0.0,-1.3179556214944328,2021,-1,0.5729795296953529,11.135547997466729,5.498121976617254,0.0,2
148,2.2367257755861982,3.1441787061218847,1.5480544662585525,2.3962159257683657,1.6312900571985662,1.317135193821319,0.6088532934221967,1.580285878263182,0.5736421975270112,0.0,-1.0,-1.0,-2.0,0.27003263002942907,2021,1,0.6088532934221967,0.6731313891014873,34.70694874304881,0.0,1
46,5.579116110053592,3.0954743963496796,3.316537768834185,3.68187745162657,0.5935637259222443,2.8541077208203594,0.6112714643330865,2.3400560679687716,0.4343150766508442,0.21290388443672553,1.0,1.0,2.0,-0.08413829436805825,2021,-1,0.6112714643330865,29.577789030150377,0.5023934994344407,1.0,3
1137,32.46013358560515,3.0073198735992563,2.360924925096823,3.102137174588685,1.1287328172768107,5.3215626157476805,1.5143561272992083,0.6912576432542374,0.6642999999999926,0.09011428571428821,-1.0,-1.0,-2.0,-6.501287065884286,2021,1,1.5143561272992083,4.017034849623237,1.679871677197394,1.0,4
254,0.5014894859265213,3.071634676396675,2.2460887466112096,4.954075703944207,0.5873043778782234,7.411538343586838,1.0486047250991553,1.1090814526015655,0.8344534400299998,0.0,1.0,1.0,2.0,4.382507109063938,2021,-1,1.0486047250991553,0.39378996403563027,8.06053298924208,0.0,3
35,5.864843732804375,3.155297001012311,0.9086876902299137,2.527680402297242,0.2475885597758575,1.780228325934492,0.9384761613679968,-0.24939046449582808,0.5428217886949408,0.002264170813260085,-1.0,-1.0,-2.0,-4.795081200322128,2021,1,0.9384761613679968,2.045352972443563,12.233311423963228,1.0,1
67,5.269864536389102,3.555310852321301,2.0310129075718977,2.7611176199668863,0.27069123841639525,4.982192190386967,0.9464361512014278,1.4955620304142951,0.8752978554408215,0.028148549952534473,1.0,1.0,2.0,4.671512310553696,2021,-1,0.9464361512014278,7.557433587232777,0.5318902053191761,1.0,3
310,4.415983996941635,3.724680287268856,1.92721910791361,5.495200391062616,2.1065975669985755,10.074095124275523,0.8694401288204694,4.533078656780812,0.9123650025321267,0.01168309602044341,-1.0,-1.0,-2.0,-5.050305126708223,2021,1,0.8694401288204694,3.655481083072789,2.604042900309156,1.0,1
364,3.4739048748177925,3.9502175146935863,3.8419500441696877,4.587938011929755,-0.09765028569241622,2.325570544742696,0.6630549732218234,3.120021828995373,0.6897500000000036,0.1507499999999982,-1.0,1.0,0.0,3.3372054953066965,2021,-1,0.6630549732218234,6.008186685029686,3.4026663842028757,1.0,2
507,8.011190295023525,3.6131175536614584,2.310828792047326,3.791621338181252,0.5169682326657623,0.4126523792905978,0.8424365308248783,1.3761162257923811,0.7861098637928342,0.01652447238438565,-1.0,-1.0,-2.0,-4.6640262290647065,2021,1,0.8424365308248783,12.08338678703074,1.277148741255761,1.0,1
252,3.5099209840074788,3.776138893591793,3.4266670691190826,6.459283782996865,-0.5697601305370231,3.0708648146640174,0.8257174082738584,2.1266551967489824,0.7301606391203433,0.04375912722274897,-1.0,1.0,0.0,2.226922526928709,2021,-1,0.8257174082738584,3.2430518037000677,2.257568090747704,1.0,2
150,3.988241461644026,4.136116114693505,4.599375866878043,4.960618539641675,3.3723632056384414,6.196783431802163,0.639277221498003,6.541108664446094,0.5975556753185822,0.15870725474174824,1.0,-1.0,0.0,-2.865906220449408,2021,1,0.639277221498003,17.758329527522868,0.0806773886367557,1.0,5
272,9.494913104142238,3.159110704707462,3.3909695798460384,5.127618242959319,0.090625567348932,4.437237645126013,0.6217804551806714,0.5528409578527016,0.6584098512349559,0.07982774574702839,-1.0,1.0,0.0,0.7015914056173367,2021,-1,0.6217804551806714,3.422611854671694,3.166086362938991,0.0,2
627,12.115115452253015,3.0919037993600584,4.228892284480176,5.4064434708372335,0.37129768346131464,6.514913870822371,1.2852584553752604,0.7291946011186781,0.5221333887100696,0.131277472052055,-1.0,-1.0,-2.0,-4.49092596652038,2021,1,1.2852584553752604,1.7994766558896529,3.0891255646286226,1.0,4
240,3.508346780870978,3.7744612536995987,2.1777643690437833,3.92444373205654,-0.7389468952145902,1.7231918844858463,0.8530831870816044,1.5939879587066372,0.600793709120307,0.26082163592269025,1.0,1.0,2.0,3.441046143884748,2021,-1,0.8530831870816044,9.73609768422435,2.1766224220079406,0.0,3
161,0.690186412183812,3.028128173825704,0.3752433051565699,1.7322344200454445,0.2788223584015425,2.1069593935789084,0.9534712166191179,-0.8455772579123481,0.8421674876847247,0.10837438423645321,-1.0,-1.0,-2.0,-3.132655822973748,2021,1,0.9534712166191179,5.553676646550448,2.8555346572022717,0.0,1
328,4.765213035354198,3.00144957807335,1.9275848461587115,3.0051436072883453,0.11703502134862356,2.843780323229786,0.6678359127119776,0.817224418613914,0.219147982062792,0.13959641255604208,-1.0,1.0,0.0,1.5475356893654761,2021,-1,0.6678359127119776,5.73090556813031,3.979310192505116,0.0,0
257,1.9439886906139894,3.8806863296743415,3.2642478428343065,4.8488224028898195,1.913621670917115,1.6791162075119443,0.5523191601836966,6.489295047253791,0.7171556439582321,0.028659041936019872,1.0,-1.0,0.0,-2.3544517839966845,2021,1,0.5523191601836966,6.085211229249329,0.4989520014280405,1.0,1
177,0.3545813747624276,3.1168050133789396,0.5345915459826124,3.7638311628588856,0.2491190466478998,1.9905629630289592,0.4443141326453502,0.798248678411241,0.25521987085827424,0.05377763114485175,-1.0,1.0,0.0,0.8027589410501015,2021,-1,0.4443141326453502,8.608182061156198,1.260595436389732,1.0,2
112,2.5568746911979936,3.095668431941803,0.660822367533872,1.7133130846549127,-0.2108244148723713,1.2475322166189267,0.4864113532742971,0.42881632492873817,0.30105263157894974,0.31619433198379976,1.0,-1.0,0.0,-1.9222408035899232,2021,1,0.4864113532742971,1.5722181008879823,7.983545849883095,1.0,0
37,4.177568595160068,3.403141122481075,2.214275375833017,3.2634385582187755,-0.27142515618650265,5.689095425929178,0.5769794992204175,1.1189100067900202,0.8099992725156508,0.003964789757007546,-1.0,1.0,0.0,1.7571073964258828,2021,-1,0.5769794992204175,0.5275989475750373,7.671151498288371,0.0,2
49,5.621338267218243,3.1502566941230965,1.9841902074958206,4.30153512473296,0.2191423404003237,3.395191587345519,0.5380334757185986,0.14559688007280386,0.7055014673685113,0.0,1.0,-1.0,0.0,-1.361528790652938,2021,1,0.5380334757185986,1.511771596006651,9.396842450187906,1.0,1
71,3.9522511159066327,3.069523473687645,1.5432622706909407,4.3009684494993285,0.5095927903813644,1.5303712481755287,0.4862087525602165,2.459464995903713,0.8039725853534541,0.0,-1.0,1.0,0.0,1.1809457207123586,2021,-1,0.4862087525602165,11.136264994597601,1.2027957299598278,1.0,2
186,2.4731764499366657,4.073095090945248,3.3780044464375516,4.097952446315602,0.5354015943008092,0.6996601498031735,0.4893323463184935,3.482465849356382,0.7814580031695716,0.0016728297235377482,-1.0,-1.0,-2.0,-2.062541314160127,2021,1,0.4893323463184935,1.8899914703616734,5.568922738663742,1.0,1
255,3.236391363640085,3.4559073493541197,0.9101541704854894,3.5301111694912333,0.7770369858215431,0.7081489261362338,0.4047599778331045,2.1273756582402346,0.5302222222222351,0.12677777777777616,1.0,1.0,2.0,1.83553349347995,2021,-1,0.4047599778331045,8.45241427696515,1.5035850449108885,1.0,3
528,10.10037378561842,3.2800838989024443,4.852117184654594,5.17895189194752,0.566316433848615,0.4475485916894665,0.4341129046077692,1.3747145268708045,0.9599041866277823,0.026348677358890266,-1.0,-1.0,-2.0,-3.37462467824067,2021,1,0.4341129046077692,1.87273065469021,7.8702370282324665,1.0,1
53,4.030177093095317,3.7529518953956558,3.158723298071139,4.302753661449991,0.5505522752894034,0.5495034902480292,0.4038631386109553,6.377818167853954,0.6115740664345436,0.026567218362736802,1.0,1.0,2.0,2.9836495222775308,2021,-1,0.4038631386109553,7.402847282554249,4.790384834387536,0.0,3
254,4.55221734128174,3.2203425514304116,0.9627377106814522,6.95018079603091,-0.6015549173384309,0.6730133560250279,0.4596774689080895,-0.009461308806343225,0.6332986472424302,0.30731876517518186,-1.0,-1.0,-2.0,-4.858443272656071,2021,1,0.4596774689080895,15.154220430398116,0.4931509816787174,1.0,0
875,34.518086214440714,3.5822811972836845,4.663289139862251,4.837233262526142,3.1210086248298645,7.696074904614757,0.6152187342771834,4.8847046280977215,0.4681921142550013,0.10177755595654747,-1.0,-1.0,-2.0,-5.074955127398132,2021,-1,0.6152187342771834,1.6958712461066723,15.824465819507175,1.0,4
45,5.250320484773383,3.2553066172171534,4.661060225744057,5.588456312783733,2.3685888832763924,8.313906707060406,0.5390637490224514,2.3821366791819267,0.536780327172293,0.399378585086043,1.0,1.0,2.0,5.064836682833216,2021,1,0.5390637490224514,11.271379496170203,0.390138914131378,1.0,3
202,2.314667049663165,4.3717406752227825,4.195919722618133,5.716118991294453,2.97471233045052,1.3298549201017946,0.5624774733512394,4.162668357075183,0.7389670789414767,0.0016247283657322678,-1.0,-1.0,-2.0,-5.753039619222342,2021,-1,0.5624774733512394,6.9033782206677605,1.0178717850544843,1.0,1
258,5.169689546247558,3.3423225555786567,1.4668648519994436,5.824424737443432,0.5061080020511843,1.837920274027684,0.5507461794070699,3.0095452591574503,0.9018848137034969,0.0,1.0,1.0,2.0,2.040434131709859,2021,1,0.5507461794070699,2.6170977382073204,9.75108500937133,1.0,3
73,4.160872995991881,4.081878533184965,3.3054738500902516,5.489561010137779,1.5695573987638631,4.809926485181405,0.5233019020212503,4.377227576288476,0.6058538117844141,0.0,-1.0,-1.0,-2.0,-2.673386794784448,2021,-1,0.5233019020212503,4.6830503848469665,15.607185316500983,1.0,1
30,4.366443873405196,3.453163072191288,1.8536369748824821,8.39208287139638,0.8972404875066408,1.9428888721353694,0.6102262536853931,1.6520007087323347,0.8169588259274256,0.08221843382871129,1.0,1.0,2.0,2.421041711270094,2021,1,0.6102262536853931,14.72370286070554,0.34884856346843374,1.0,3
629,22.421492834380814,3.1723367256876536,3.1047682519332525,5.118701043576865,-0.23737035797165143,0.8613553905412642,0.5374776273098083,0.3900877153960684,0.5532547447021766,0.26283403049053744,-1.0,-1.0,-2.0,-6.875281676334793,2021,-1,0.5374776273098083,4.916927293311393,2.857916947294021,0.0,4
98,2.1786275602792147,3.2201447829218486,3.144464891679193,4.120087635075188,1.6859909416740761,4.257897301347761,0.5079794189973155,2.4311876512178614,0.9338277812696425,0.010810810810818128,1.0,1.0,2.0,5.7858740502321515,2021,1,0.5079794189973155,9.067428850079864,0.6339916930074684,1.0,3
197,1.2227150046735265,4.096594208863578,3.1634272851157426,5.159268897526073,2.5033250656942827,4.107097830877408,0.46468776387717003,3.177087260702753,0.6987377163767908,0.049936269067885695,-1.0,-1.0,-2.0,-6.742121571382364,2021,-1,0.46468776387717003,1.4487311661693574,10.743780928596374,0.0,1
58,5.498681983868885,3.21763166947061,2.142560811825172,4.859621492714933,0.30069674329375023,2.915979900577167,0.47293190342800684,-0.20158593163240252,0.7646754322393672,0.06739828139557293,1.0,1.0,2.0,5.960294219544667,2021,1,0.47293190342800684,4.087942723685786,6.63719062090856,1.0,3
66,4.1288188023560295,3.194930204363589,4.388932635749738,7.234648917294844,0.030537517641830512,3.4222648819257064,0.482696407313253,0.9549748558423687,0.3590689655172574,0.5417241379310295,-1.0,-1.0,-2.0,-6.929533447286785,2021,-1,0.482696407313253,4.035603487644253,4.738130854686821,0.0,0
302,1.5971423747510434,4.972910894780702,3.1930423205836203,4.002816075374426,0.764874693721128,1.9921089565982124,0.5204657929657012,5.600994533710126,0.6746802637955347,0.002465181938859043,-1.0,1.0,0.0,4.27297605034781,2021,1,0.5204657929657012,11.532929264710296,0.10689030128956653,1.0,2
461,12.732217986648429,4.1205371245597595,3.5306925956229898,5.117096715479763,2.6598836559635526,1.2825599292839924,0.3990727755154118,5.332712455493283,0.6942465457685764,0.01972689982728227,-1.0,-1.0,-2.0,-6.312781513164828,2021,-1,0.3990727755154118,7.606305623680841,0.7939753623396072,1.0,1
141,2.60513340866385,3.150009421524755,1.036756817219982,2.244060551976136,1.0616041700499803,1.7842863480385909,0.43346010367432714,0.2110799527611597,0.6479044614691444,0.02104551599818938,1.0,1.0,2.0,5.419745182823879,2021,1,0.43346010367432714,0.21878666293531948,14.16096207956016,0.0,3
12,5.767559003718871,3.1654949266515264,4.133408044892646,6.628460427782271,1.0182586883239304,0.8791269459721975,0.4513970752074271,0.7798814730404262,0.414028394291801,0.24685424997246583,-1.0,-1.0,-2.0,-5.419745182823879,2021,-1,0.4513970752074271,7.6952536909196825,0.667947133225652,1.0,0
141,0.8565544263201477,3.3958214596888694,4.960076936809464,5.611379869859742,0.9770520856726813,2.273092301978962,0.493824441689488,2.2653666276797275,0.7249319727891067,0.0,1.0,1.0,2.0,3.500396623131467,2021,1,0.493824441689488,4.060939734345823,1.5204605212378814,1.0,3
242,1.5060681834911727,3.150942314169057,3.0238330419695836,3.928519645588522,0.8046975155020505,1.6565062596915698,0.38650585215690575,1.3769635558729723,0.3387971507204085,0.3257244617128162,-1.0,-1.0,-2.0,-4.365626539147258,2021,-1,0.38650585215690575,6.839967584570419,4.025434952625369,1.0,0
244,2.522134330198094,3.7398866369725776,4.628219759849208,4.987448552755512,2.3564736188020263,7.962548587475685,0.41502724673056024,7.837188262741862,0.8528720294827801,0.013449400601513433,-1.0,1.0,0.0,2.595917530801856,2021,1,0.41502724673056024,10.576970748280974,0.9821048807035193,1.0,2
548,15.562600480100187,3.9622738793655263,6.900362472628516,9.63690348582104,0.3846055120266599,1.4144098020829798,0.3831154712134541,3.472555787203108,0.5657234776974709,0.07282252929545924,-1.0,-1.0,-2.0,-6.457091624715957,2021,-1,0.3831154712134541,44.863834506820766,2.616312754955855,0.0,4
534,25.811641006678812,3.44846001720696,6.566338286353507,7.502071493470184,2.3934705198570656,1.8179044725268687,0.4205631972508063,3.7213404925479585,0.7951585190112038,0.0,-1.0,1.0,0.0,-0.6296952065715135,2021,1,0.4205631972508063,2.9207430456926966,15.592681531545791,0.0,4
15,6.150312422511904,3.379603871153504,2.136444127841652,6.457690498102001,0.5398804555048162,2.2647841563137057,0.4606402864028005,0.4806726343880311,0.38288463579437715,0.15098878550960682,1.0,-1.0,0.0,0.4946524444237439,2021,-1,0.4606402864028005,8.00095140611667,9.421290040850085,1.0,0
43,1.072737298636459,4.10883943924777,5.860258364430393,8.932026473320448,3.0198330543816225,8.769735047471798,0.5167365103988271,7.74350492499905,0.9920217238308197,0.007978276169180353,-1.0,1.0,0.0,-1.6569915863080222,2021,1,0.5167365103988271,2.5741099213901935,12.50880629510706,1.0,5
2,0.5612660587405768,3.968487266845267,1.6219382073820112,10.010338579509407,6.29285820662834,18.6012073180734,0.5987238230433133,6.819726140742056,0.8293708811352161,0.047694313826212996,1.0,-1.0,0.0,1.6569915863080222,2021,-1,0.5987238230433133,3.606247585887719,9.386873076490398,1.0,5
74,6.78242644358931,3.253199304333905,0.8550042897681838,3.4179400539562397,0.40908462880517443,0.9265089966928824,0.5132877407629731,0.10976264974059419,0.4034341285518986,0.10216279187559249,-1.0,1.0,0.0,-0.6761248551420299,2021,1,0.5132877407629731,6.439492149874655,0.8696288053839383,1.0,2
326,6.937377852365596,3.601643528201412,3.8499198662600134,4.455830839926905,0.6492484467061622,0.8651227887147043,0.40136592760631307,5.334621753555629,0.7576935872910271,0.16077518090326873,-1.0,-1.0,-2.0,-0.9893875937092692,2021,-1,0.40136592760631307,0.8032596732261266,10.352386869825757,0.0,1
41,5.568425672255997,3.0912528895683513,2.4217951794877344,3.6828319133871408,0.1417714128340052,0.4645486777008842,0.3905970870783693,0.3001243605291894,0.9829556335780051,0.01698052984362252,1.0,1.0,2.0,1.3717580247481316,2021,1,0.3905970870783693,3.992023302346375,2.7127299586323286,1.0,3
126,2.5063641109321972,3.8761540774861145,4.834370878015873,6.155052812231249,2.7066455413240065,4.19304382330363,0.34295816429705867,7.083860733032193,0.6881065088757304,0.0,-1.0,-1.0,-2.0,-1.546110052907751,2021,-1,0.34295816429705867,25.522837364755276,2.8074037161571814,1.0,1
350,11.731537731458294,3.316648932146707,1.6829772353117416,3.4651993547699127,0.08903003552501665,1.046476851478332,0.7090163836081089,1.6823918775277615,0.899417498125627,0.04383182421130728,-1.0,-1.0,-2.0,-2.611072363438335,2021,1,0.7090163836081089,2.671240281598221,2.5225966238231723,0.0,1
120,2.3325144717371553,4.194145855767323,7.264181948310662,8.534360216171264,3.092660650881695,5.579302678652516,0.6427535743921005,6.561954038433776,0.7931357254290181,0.0,1.0,1.0,2.0,1.2230083728951167,2021,-1,0.6427535743921005,7.771315129973637,1.4892923822006976,1.0,5
236,2.348698621719922,3.4346009273177116,1.7895280469524761,2.2905163912860638,0.1402734334554257,1.3415270693122445,0.5537054010555954,-0.017943938399461297,0.7267548436222311,0.05361121295015355,-1.0,-1.0,-2.0,-2.199319450824084,2021,1,0.5537054010555954,3.055623074201162,3.9842197540934032,0.0,1
109,3.9990265386231427,4.11137930278666,3.8432290030555545,5.001753534456471,1.0531111498745962,3.444008185400863,0.5663770692496948,3.0942453231943055,0.6802239197970907,0.19692035238852723,1.0,1.0,2.0,2.3362255800261815,2021,-1,0.5663770692496948,5.64372807346946,2.2842077455567966,0.0,3
198,0.45323700780944715,4.166492289384236,6.466213703365419,8.23251732565213,0.4845353656883104,3.373783981169564,0.52755317097658,4.179904317367549,0.8136708860759541,0.10826115922718188,-1.0,-1.0,-2.0,-3.414375592744519,2021,1,0.52755317097658,5.239059376207996,0.8989208016694376,1.0,1
1217,45.426143883634424,3.018464370137112,2.406577896164767,4.9998485836142095,0.2815561349407382,2.697197113019078,0.5064527676382782,0.03950546598060652,0.1888059701492483,0.7230970149253764,-1.0,-1.0,-2.0,-7.0391174643055034,2021,-1,0.5064527676382782,6.822266721942826,5.6972156723357275,1.0,4
93,2.0478851415227077,3.0152482686083246,2.1760980974359714,7.7305006019006255,0.18985355422977082,1.1935624433049674,0.5342002432836332,0.7986511326106902,0.8848768579462905,0.077763357127409,1.0,1.0,2.0,6.3065583305328445,2021,1,0.5342002432836332,5.655886597681746,0.8083176753288114,1.0,3
398,13.469122258571053,3.255319752512728,4.163172638623484,4.866124057955699,2.869169158445225,7.637781564915479,0.4586593246538302,8.97286699295303,0.4831375860392537,6.396970391469847e-06,-1.0,-1.0,-2.0,-8.056402374723856,2021,-1,0.4586593246538302,3.492228238228888,10.907284837341424,1.0,4
17,5.58241133037365,4.19525983584871,2.1789871501256144,7.2324305206756385,-0.21999905689234645,0.5924871810238754,0.49693559694707556,0.9290222839275118,0.7801385309278276,0.0721327319587724,1.0,1.0,2.0,8.731268757787362,2021,1,0.49693559694707556,2.5528764104831425,6.865388216917265,1.0,3
348,4.323043484683343,5.393989204630693,5.892905540413464,7.999139210037846,0.48905655925996006,4.241124633026259,0.6420121515888239,2.129589463852042,0.7017134889598168,0.04860513502031466,-1.0,-1.0,-2.0,-9.232743119575979,2021,-1,0.6420121515888239,4.467934645029519,3.3361875471241293,0.0,1
327,2.0251566566663146,3.3963996874616558,4.24515894137723,4.883553646530704,1.8253655163334963,2.492049912591109,0.47069166424195424,1.1750126266084737,0.8629188408650711,9.845426798869724e-05,1.0,1.0,2.0,4.572499846981571,2021,1,0.47069166424195424,5.69986723597974,1.478439931293052,1.0,3
178,0.47663688117989184,3.8936478663881644,3.2056220723356783,4.868086498404331,-0.1658622336975729,1.3064509644196023,0.4141700802585481,2.632689862030815,0.6421563769695777,0.0882965018333155,-1.0,-1.0,-2.0,-5.02557103744984,2021,-1,0.4141700802585481,13.75254602265135,1.1960189881501682,1.0,1
145,2.106751825162639,3.350469805514231,4.294010049185084,6.916914813600103,1.4085729343474345,1.431118033433354,0.5205438067573829,3.1392583847001574,0.6094253367287369,0.03890405915380689,-1.0,1.0,0.0,2.1631411230026036,2021,1,0.5205438067573829,4.886266693609642,11.124632066507344,1.0,2
35,0.14102451402015645,3.5839860940386092,5.839641708679365,7.270991938726902,0.5995145857165047,1.050573397861881,0.5564739022101707,8.473220803975993,0.5250916199763945,0.016602863670037122,1.0,-1.0,0.0,-3.8757398790818733,2021,-1,0.5564739022101707,0.25235006707745633,11.821067107272643,0.0,1
6,5.889016672951373,4.494223059713832,7.746200047964949,12.160452882079259,1.7594993826091003,4.281839259148132,0.5941676685277542,2.888539308729878,0.5246570092741585,0.008392733961833624,-1.0,1.0,0.0,3.878354803222694,2021,1,0.5941676685277542,2.8153891755914198,4.910896297023873,0.0,5
244,4.619156831251572,3.2120937692208957,2.4502769370108073,3.1066525244296983,0.9884254844951086,0.48175593998601934,0.4293312137468524,0.749429941643865,0.6792868957912006,4.5947436142424624e-05,1.0,-1.0,0.0,-3.391020836989623,2021,-1,0.4293312137468524,4.916253149767496,7.050548575922614,1.0,1
88,0.36286565219160916,3.5198556958818408,4.659454260352632,9.357024944349163,1.9465800366329582,5.410666250912043,0.47642028159595556,4.866050528622659,0.9330338473160935,0.005969484803107194,-1.0,1.0,0.0,2.037737843830365,2021,1,0.47642028159595556,1.2560863965192999,6.061929330848756,0.0,2
295,1.2817438944285604,3.4276256979561883,2.786431606448451,4.045245237874978,0.6292564715114026,1.5122936251357268,0.4207436529676739,0.03726416906643522,0.7280793775679717,0.04318559314624281,-1.0,-1.0,-2.0,-2.9219130099810124,2021,-1,0.4207436529676739,3.73562887996167,3.850549962771916,0.0,1
256,0.9733515254482072,3.393519351601267,2.554539452612415,3.194953371677508,0.4311334411091361,0.44864093864911186,0.34904802635197546,2.066110842570044,0.9887603244973541,0.010025569801874794,1.0,1.0,2.0,2.338182072771526,2021,1,0.34904802635197546,14.430315280574339,2.177287180785643,1.0,3
369,11.451591970752245,3.0458179417322016,3.8961805840237282,8.528544395242653,0.041733607667272105,6.594597519356332,0.5162643329815745,1.0548682863681997,0.09548693586696494,0.49409342834521625,-1.0,-1.0,-2.0,-5.468098076974093,2021,-1,0.5162643329815745,10.093272126618057,0.0037956689171744387,1.0,0
301,4.463021190559998,3.317562628402758,3.4788626368867015,4.1852682276429665,1.3762608904310323,1.0940016160183184,0.39601923038670467,4.029751085977156,0.7391828421796406,0.0,1.0,1.0,2.0,2.9102324026327193,2021,1,0.39601923038670467,4.041725744228317,6.086131597166897,0.0,3
159,3.590962576353954,3.3816075908390797,4.306782758907393,6.887506176524238,0.9923725597421988,1.9871490575520203,0.37435628730138876,2.369136857071423,0.42884318766066765,0.38830334190232113,-1.0,-1.0,-2.0,-2.578289260417494,2021,-1,0.37435628730138876,24.077054467526406,1.322970878703798,1.0,0
489,21.94258913682616,3.965597420112913,5.72738372501997,7.2168359495106245,1.3409807122383668,3.6826564969329567,0.47687773881299295,7.745620632365711,0.9029387623122056,0.011161824694062983,-1.0,-1.0,-2.0,-2.551611348470404,2021,1,0.47687773881299295,2.2444661201504106,3.1692019727226173,1.0,4
119,3.0071105049574136,3.247950589193519,3.7907018772235754,6.251017975962334,1.6067646673238072,3.0997632100470036,0.4324050238252082,4.483777830254989,0.8100439904343046,0.1897641049865607,1.0,1.0,2.0,1.6314571544599874,2021,-1,0.4324050238252082,9.951642271379617,6.067917279405171,1.0,3
290,2.1077500835667493,3.394108992011371,3.061534523860808,3.850906387468555,0.4869977746912199,1.0882279166577769,0.5040754710658675,2.3000433267803846,0.763642122843892,0.04220059319838297,-1.0,-1.0,-2.0,-2.317123424589554,2021,1,0.5040754710658675,4.908713926406465,3.3687480406972243,0.0,1
124,1.8677094144816566,3.6374139049009666,3.4675446935348595,3.700243043527796,0.7142625306399148,1.6527703079743952,0.44973051261639796,4.284254892735428,0.9564148536995589,0.015175320234374774,1.0,1.0,2.0,1.594455554821138,2021,-1,0.44973051261639796,13.718517322300595,0.7981627500093065,1.0,3
247,7.849637763730981,3.891723656463503,4.406521224280105,9.792722551005225,0.29161661795166516,1.9451861801069728,0.46585501496894605,3.15242074365904,0.9259128413183186,0.00017094406710290222,-1.0,-1.0,-2.0,-3.7226979041543786,2021,1,0.46585501496894605,12.058699311404855,0.5021909000515378,1.0,1
311,3.589849217603113,3.3096829387506097,3.0410978156303523,3.804765687483406,0.6449928409974328,2.065038635444672,0.5982950616632698,4.0277557760551215,0.9747729682385946,1.1524454895631373e-05,-1.0,1.0,0.0,1.3118088351678436,2021,-1,0.5982950616632698,1.0427318476325533,3.705046826804873,0.0,2
460,16.76391786698001,3.6177042514385427,3.6174368580577365,4.90922120235715,-0.606069523411481,3.241437264258059,0.7184634015619494,1.3252402158209335,0.6154829953279584,0.0,-1.0,-1.0,-2.0,-5.783242930338512,2021,1,0.7184634015619494,3.844063757522458,1.033399932063326,1.0,4
146,1.2697249085294053,3.034573052456828,3.449552319227094,4.094915521934997,0.2681387709243598,0.9894507253317041,0.5363248826585706,5.13654070185956,0.778512259381455,0.10544492179155376,1.0,1.0,2.0,4.463381380692156,2021,-1,0.5363248826585706,3.7888130592521105,6.287652454912316,1.0,3
343,0.40825302153981097,3.428453389315887,2.648234310123482,4.130350550513535,0.494969753397237,1.3503428652948342,0.5779508048642856,-0.25954835505546525,0.507684337765493,0.09597651528233671,-1.0,-1.0,-2.0,-4.1402312064770985,2021,1,0.5779508048642856,4.182394433474864,3.3286792829258873,0.0,1
151,4.693600867855971,3.8722743887905975,2.1389188914182027,3.5126368858475985,0.49808600254528385,1.116510577336633,0.5109614187044885,0.9240034777153368,0.9053888836640632,0.010658641336723649,1.0,1.0,2.0,4.306577601944646,2021,-1,0.5109614187044885,10.275252816566505,0.2656264154291713,1.0,3
212,1.0549108928503386,4.0391783038554365,6.080218352359374,8.35264331841115,1.2250835685612382,11.8140826783502,0.59464101535324,8.504774967755544,0.5477866325402836,0.3038605471855414,-1.0,-1.0,-2.0,-5.372212330945396,2021,1,0.59464101535324,1.8200012850791434,4.028388150946169,0.0,5
143,6.019988008874325,3.09453943043444,1.9530274252698883,2.258390371017036,0.5364603485673427,0.9005555604229519,0.4948955759439888,-0.1613459154875355,0.8328778642001353,0.03818933501504536,1.0,1.0,2.0,4.225429381423229,2021,-1,0.4948955759439888,8.71554255243117,0.07252689557097064,1.0,3
178,0.10331216780111982,3.710543125613223,5.3333362270180675,6.009700753207974,1.518678355669999,3.0310759752112295,0.49095481624336434,4.687531856895135,0.8420605029765522,0.0,-1.0,-1.0,-2.0,-4.527028183317913,2021,1,0.49095481624336434,2.7741766724558765,6.85907588287847,0.0,1
119,6.369517881460372,3.9284669612156806,1.9905933529688375,2.8823987142591854,0.5523988552932866,1.8972366647352195,0.5255528516081174,1.4457500066055067,0.7453006379005201,0.07089669892550356,1.0,1.0,2.0,4.549035709686487,2021,-1,0.5255528516081174,1.7946635950434153,12.93753210546296,1.0,3
75,5.858147140337245,5.05633331990882,4.281587329442931,5.3554321527749105,-0.28964289639069063,2.4652340928310945,0.49771980261131943,3.778240178959339,0.7610012111425126,0.002704884941464192,-1.0,-1.0,-2.0,-4.030916352229762,2021,1,0.49771980261131943,7.007030308210276,0.010522136580908106,1.0,1
477,11.701773180488745,3.776336748111957,4.036114088003754,4.429451468821775,1.5320263795879343,0.6030726257022769,0.36060412110050516,2.2194013599184466,0.4530875299760255,0.008932853717014204,-1.0,1.0,0.0,0.7915763524985057,2021,-1,0.36060412110050516,2.949168627597686,7.891932327810678,1.0,2
74,2.918126896011859,3.008133135354498,3.021009010074425,5.2997508888226,2.0973779643946044,0.94121037542845,0.3350198192667975,2.688038127656979,0.8495685080992385,0.0,1.0,-1.0,0.0,-0.8149245376342169,2021,1,0.3350198192667975,7.829793054175822,2.0647517819944317,1.0,1
108,2.5443525586577023,3.095245297124057,3.9177881346648205,5.762792084435975,1.434003768837791,3.563940830454139,0.37444364348407777,1.5704680063562255,0.3513723897519183,0.01776830135039083,-1.0,1.0,0.0,0.4552588912076652,2021,-1,0.37444364348407777,15.563298623920025,1.2370227104714917,1.0,2
320,10.793893501370482,4.043840274800492,5.189676417556991,6.9687448643257435,5.443945197448636,5.236829589469946,0.4506094013912161,5.930674866546955,0.7704656417386841,0.01919764888053448,-1.0,-1.0,-2.0,-3.2494874002395755,2021,1,0.4506094013912161,1.0471156769618928,12.3792097443668,0.0,5
35,5.144056736965951,3.166648038479733,4.977373435750747,5.615329161933265,1.3634065792409948,1.8899083863499917,0.452243078258152,1.9902872766867963,0.7509571117034176,0.17407317664162106,1.0,1.0,2.0,2.4025194246124038,2021,-1,0.452243078258152,6.113165413372885,2.9141082827881655,1.0,3
97,1.7026078178995072,3.1195211791660675,1.986581496778561,4.7361227005018645,0.7575230392890892,1.570863050865105,0.4404401659363685,2.382322499977028,0.8813206877314046,0.0035671417220344117,-1.0,-1.0,-2.0,-2.9614176363212388,2022,1,0.4404401659363685,0.8169346439032045,5.117032897647537,0.0,1
187,6.776984473409242,4.1193811602095485,2.679930904748751,5.393903413418986,1.7404359992611704,1.7510767577998045,0.38239905118876155,4.3120127358069675,0.5827475215655943,0.059945925067590895,1.0,1.0,2.0,3.2308789001193325,2022,-1,0.38239905118876155,4.135491273750682,6.341657737167796,0.0,3
90,3.573348446125662,3.1617536775299495,2.3221764728207965,4.904308104033113,2.306375584719996,3.139448063437586,0.393196154657804,4.0799375560804885,0.648179256529768,0.014847729489530746,-1.0,-1.0,-2.0,-3.100366323998132,2022,1,0.393196154657804,1.1900946082722692,9.986579305124287,0.0,1
15,4.2846223001717485,3.8418634923043253,4.293665056369321,7.049033973215163,1.9835252695764198,1.5656079296431105,0.4233276151201006,5.030588787851062,0.7971214701063342,0.014713913965373276,1.0,1.0,2.0,2.8477347671221156,2022,-1,0.4233276151201006,2.727521338100971,5.64586538368992,1.0,3
483,18.130595770743184,3.0419818436516977,2.3207455022232293,4.796083980678676,0.9604651831076231,1.4211668548237824,0.507475016753731,2.8589933833319425,0.8279768713665652,0.050535123869815395,-1.0,-1.0,-2.0,-6.385423570943619,2022,1,0.507475016753731,0.86684969073171,13.772748868153583,0.0,4
69,6.067090191860416,3.6430819584457743,2.0407721509621233,3.8878014534446876,0.3488068769896191,1.732410534863909,0.45710538799836736,1.2888467886881372,0.8103407100780057,0.1301942365865284,1.0,1.0,2.0,6.214757727050578,2022,-1,0.45710538799836736,8.632273092335437,7.751729883391065,1.0,3
112,5.063364149470104,3.947998549280763,3.560020468098453,6.352343647475537,0.6437728641669488,2.582200688280086,0.5524148429155099,2.7093702982759744,0.6270038910505814,0.05459143968871143,-1.0,-1.0,-2.0,-5.59898572007449,2022,1,0.5524148429155099,5.659036615553389,2.0435092455403696,1.0,1
206,0.33426664784490256,3.910496021694551,1.6319806592807644,4.165590845257671,0.3722832302315736,4.954971517469516,0.4607056325690649,1.9588634756159073,0.7046933264755179,0.0,1.0,1.0,2.0,4.212916798391699,2022,-1,0.4607056325690649,3.837976779197779,4.97413540066941,0.0,3
191,6.422376213263576,3.1156663089648355,1.5125111154188875,1.7849243969529975,0.16159301343025312,0.735803685588598,0.3649216253683461,0.5670055102484246,0.36739819410390806,0.3225497817377483,-1.0,-1.0,-2.0,-3.1985176038183125,2022,1,0.3649216253683461,1.909853984668588,6.080536605121948,1.0,0
70,3.752035736211827,3.1428961310809367,2.557960489285544,4.028055952021006,0.8003963977601455,1.4911491921377131,0.3344319614717292,4.698590979974026,0.850336192905179,0.0014607002086654,1.0,1.0,2.0,3.5556175030352026,2022,-1,0.3344319614717292,2.622683439177736,6.1009453092512596,0.0,3
387,1.4483362807106972,3.0648065582192054,3.181167187989536,3.5305431929175777,-0.14248518575475977,1.3236704312036185,0.3686646186589584,1.321820327171629,0.7514611745059778,0.08057333704426421,-1.0,-1.0,-2.0,-3.7695869524084107,2022,1,0.3686646186589584,6.508189758040036,30.82951085708527,1.0,1
31,3.9936727538218113,4.947694764885055,7.627611020641777,10.85359051891741,4.203791231468122,2.2422073770381465,0.4411295587116707,3.3161187460638883,0.9206112801916753,0.004942908329557877,1.0,1.0,2.0,2.7693586426583154,2022,-1,0.4411295587116707,28.526829607649162,1.197761677630538,1.0,5
379,15.480426295428806,3.086819639308182,1.3299467320522491,5.450225432270335,0.6339692530491815,3.373691749460042,0.9303179434054152,0.26134226227077745,0.4041520774172117,0.11640153290507917,-1.0,-1.0,-2.0,-7.372094188301057,2022,1,0.9303179434054152,3.506798105675151,2.0134338549416366,1.0,4
213,0.49438964712594086,3.8258190516074695,3.967864331711001,4.281472902468423,0.6358268562131388,3.8587085536158834,0.7808026166973577,0.44031159483324356,0.7997474527562413,0.08368893146390828,1.0,1.0,2.0,5.808834630991866,2022,-1,0.7808026166973577,1.4175764394444028,5.650381633619246,0.0,3
171,5.649393990769687,3.449536372306675,3.0331196147051025,3.49842193867191,0.6125695742115527,1.8603028472945873,0.6513660027474998,2.047506332595082,0.6592295106351331,0.08255243195002555,-1.0,-1.0,-2.0,-4.789924035311619,2022,1,0.6513660027474998,4.599667375707179,1.4490995432399854,1.0,1
208,0.3519664322027595,3.497419297673651,6.062833163749464,6.5285545792477135,0.40444071982646995,1.8936876131559868,0.45545132460006,4.36028062984814,0.7883861191990048,0.036588626775205774,1.0,1.0,2.0,3.7718552071537568,2022,-1,0.45545132460006,3.0495677148641893,9.494993652472896,1.0,3
65,4.807534284149234,4.997146895146859,3.7044947138242033,6.8526633698483135,0.5987678697146506,1.5032837030428743,0.43454066637390726,4.920400869039998,0.8197567104765807,0.01260924678096888,-1.0,-1.0,-2.0,-3.8054057368145937,2022,1,0.43454066637390726,5.741332979223425,2.0163515282815516,1.0,1
183,0.09579377087834028,3.261945137544878,4.704538525359592,5.656726161050932,2.1743951399078316,6.056523727890621,0.43246797897243117,6.47568129115955,0.8507934428377234,0.06607929515418293,-1.0,1.0,0.0,2.750702700329772,2022,-1,0.43246797897243117,9.765703924423498,0.3516720234863932,1.0,2
158,1.6999178490158702,3.3311522669687292,3.1518309444233488,3.514018813323787,0.6096760264248785,1.6687312200931343,0.43506254403047956,2.4978061900053103,0.7466515503058511,0.0012128242986688682,-1.0,-1.0,-2.0,-3.708658248384846,2022,1,0.43506254403047956,25.035347232172533,3.1946952129435626,1.0,1
649,19.57130080778044,4.141954068545705,3.646596761012383,4.467639353610292,0.01924226799119121,5.819456248639793,0.6767168337979513,0.8896697199518785,0.8736415785073858,0.016906402236896035,-1.0,-1.0,-2.0,-2.2859751040635783,2022,-1,0.6767168337979513,3.3179109025728173,3.525902845079143,0.0,4
389,0.809424989900003,5.80540601884498,4.87841170138117,5.618850686806837,2.984524375570303,4.688306665752038,0.426391529147172,5.879274218009447,0.7964499004644968,1.1059500112848065e-05,1.0,1.0,2.0,1.0537534755462474,2022,1,0.426391529147172,7.17848498045006,0.44322698179851805,1.0,5
223,0.41714558881548364,3.035361703992619,4.098077728407448,4.823226601204184,1.41225612718871,2.7182524066977525,0.37507365207191595,3.880172438440028,0.2630597014925373,0.08805970149253188,-1.0,-1.0,-2.0,-2.319592997374336,2022,-1,0.37507365207191595,19.84108442175247,0.6782855102690645,1.0,1
572,21.568164650574747,3.2060635690739674,3.220645818895956,3.9864657406837534,0.152788980021219,3.1531999894150937,0.6023449094587616,3.857921815649124,0.7530645399497788,0.12804607886575772,-1.0,-1.0,-2.0,-3.292251992767316,2022,1,0.6023449094587616,2.282452096123459,18.92681486434134,1.0,4
53,4.8024813944054,3.0079575650123904,0.2667534197237253,2.0958540235879792,0.4262300231496677,0.18338085770325924,0.5800944595618955,-0.09923343972792491,0.7205827418752467,0.0,1.0,1.0,2.0,3.765079551832765,2022,-1,0.5800944595618955,14.616247722103433,13.311915483592257,1.0,3
90,0.6226235448190911,6.1488693275222825,8.346247804714599,9.291779262462816,4.597941940622723,21.757991967120624,0.866240639345335,6.048069206623685,0.4971664585534524,0.006243396407645768,-1.0,-1.0,-2.0,-3.6770716335788705,2022,1,0.866240639345335,2.750069324752599,3.2302684770366774,0.0,5
287,2.2586499473639803,5.550619854190573,6.41620343705483,6.8438922624137515,1.435433438972466,7.052844006086385,0.6110659194456327,3.966847292990007,0.8602327495004178,0.00528976137298697,1.0,1.0,2.0,1.1429406457033988,2022,-1,0.6110659194456327,2.7878168748701975,17.047885632408136,0.0,5
75,5.449212247010474,3.300713894256999,3.907878214731563,5.377796057123807,2.429445786712098,5.929622171372827,0.6490943420239277,3.5256729162500933,0.5430704789655761,0.023492988526682735,-1.0,-1.0,-2.0,-2.072591982169344,2022,1,0.6490943420239277,22.262623808895963,0.018050245795521114,1.0,1
292,15.314065579255038,3.537955130695842,5.634552396179749,6.397956265896372,0.11556711908391905,0.9093444148645015,0.5886620532292799,3.2143702656300968,0.836963967666804,0.08343608713522584,-1.0,-1.0,-2.0,-2.606594501463444,2022,-1,0.5886620532292799,7.758406745087525,1.124910992934975,1.0,1
526,13.145630170254815,3.70621543546582,1.938670771849251,4.002485499430565,-0.006823896507216611,1.986948208623382,0.5955417440713747,0.14116007354311197,0.7783804726849877,0.16427741185587638,-1.0,-1.0,-2.0,-1.711965126146806,2022,1,0.5955417440713747,13.003517542559113,0.526453047672843,1.0,1
102,2.530337436382964,4.348422341931596,5.234514849311309,9.553552970287472,3.7511818993299704,3.919511729841277,0.6283043046666833,5.616929964947974,0.714839543398669,0.06805944432478699,-1.0,1.0,0.0,-0.2974693631307826,2022,-1,0.6283043046666833,5.4385353773402665,2.9661445998057734,1.0,5
458,1.3272424387123967,4.828516591658112,5.762647366412808,6.183088522916454,-1.6546089576282872,8.272972180563439,0.4547667593160802,1.2157491813397816,0.9054468285781686,0.00023579344493880017,-1.0,-1.0,-2.0,-1.382635009390733,2022,1,0.4547667593160802,1.139456467625824,8.986583507191687,0.0,1
32,5.221612566853155,3.4646046547754783,2.8671258994627493,4.245605044020043,0.7569321918874983,1.8372897548647948,0.47245411334225784,2.907512542790193,0.7583138856476117,0.009334889148193507,1.0,1.0,2.0,1.4043596781706473,2022,-1,0.47245411334225784,0.4113293190385579,19.768719587548766,0.0,3
48,6.326384829919128,3.8943915927433452,2.2858525899629836,3.6447563239002188,1.1359975701247356,0.7937453248608302,0.4609650604797618,2.160615521244462,0.5846824408468255,0.0339352428393565,-1.0,-1.0,-2.0,-1.0991388713904278,2022,1,0.4609650604797618,12.219170283660633,4.795905110212512,1.0,1
474,11.20212619357131,3.081873538495844,1.9621270859621638,2.8879341275850887,1.2697287883064958,0.8258041227966448,0.3497940073951766,4.092545724644163,0.18992115186836478,0.017483716146721274,-1.0,1.0,0.0,-1.1659155692783734,2022,-1,0.3497940073951766,4.87369292481987,3.7171291731227774,1.0,2
131,3.3187656357866384,4.255276635312261,5.072295658465202,6.633237913700261,-0.757936961454984,5.0546290011096415,0.3888121581808004,1.5144467932368533,0.6760745727602164,0.20921802175039358,1.0,-1.0,0.0,0.7134758064575142,2022,1,0.3888121581808004,9.716482203313854,0.9598721530227377,1.0,0
911,31.924995523618062,4.310870318509677,5.741092640171132,7.287932162615196,4.821778832990396,7.92609501345185,0.3350304729264446,7.904712587793164,0.590960134755754,0.00982594048287477,-1.0,-1.0,-2.0,-5.958294587127698,2022,-1,0.3350304729264446,14.628517227198211,2.0264946171994227,0.0,4
102,0.06955256854186506,3.244538648110479,5.016608768336216,9.670402272413032,-0.817240799850435,1.0061549676703951,0.41322870172948434,1.4249394585251216,0.390951638065509,0.5478939157566485,-1.0,1.0,0.0,3.0115352423042494,2022,1,0.41322870172948434,3.185403829413303,3.8368103482194678,0.0,0
135,3.9430869871986425,3.5147460656939895,1.0807019621281382,3.569922457303007,1.2484706426915255,1.0198777673827089,0.40140796195282763,1.5960501980617985,0.7411192214111887,0.025790754257904003,-1.0,-1.0,-2.0,-3.559819931504695,2022,-1,0.40140796195282763,0.3895553584415627,10.114233934740398,0.0,1
82,6.772748288673149,4.186818820911144,3.22195664449597,4.112629729346896,0.842757886884322,2.461408206921031,0.3399537900521527,0.9689937137619163,0.8484848484848295,0.11675579322638809,1.0,1.0,2.0,4.173681779712513,2022,1,0.3399537900521527,3.0340509303923953,11.710284102934766,0.0,3
69,6.307483803811097,3.359406420137108,2.976591797867436,4.236325871027295,0.5546994869200531,0.7942232284783757,0.37299666935145603,3.897506899006131,0.6245815399330438,0.14347202295552466,-1.0,-1.0,-2.0,-3.7210674409914524,2022,-1,0.37299666935145603,3.143459557558395,9.160099906978575,1.0,1
33,5.772704029105682,3.6224987175674386,1.946538178847464,5.224037868124278,-0.02964015856375947,0.6166692378585305,0.3832817127976168,0.40091097475321025,0.5155681358673615,0.22846744844318373,1.0,1.0,2.0,3.3353595866989534,2022,1,0.3832817127976168,2.2097195080987078,7.637276836343102,0.0,3
61,5.218118142563764,3.4131845277355373,3.8400855684968827,8.4259580634619,0.8024853453714913,0.254907336164952,0.3655468152494136,1.6030757879199211,0.5527143981117294,0.20259638080252002,-1.0,-1.0,-2.0,-4.211129151951612,2022,-1,0.3655468152494136,12.621009524845059,2.402294426604031,0.0,1
492,23.21256107567013,3.447249228329199,4.052839980524649,4.711489566400727,1.7730405917742602,2.944670678824976,0.27536784024754424,4.9233270774921385,0.40210526315788325,0.15894736842105647,-1.0,1.0,0.0,-0.9902089282924305,2022,1,0.27536784024754424,1.9195892145200308,24.909235679389134,0.0,2
19,4.6017272227703705,3.5050335309128946,5.600972918474692,8.105780292812923,1.6883718738361646,1.9579816719263825,0.29973045426612716,4.354965951928726,0.646971053416902,0.15875857952849096,1.0,-1.0,0.0,0.31397385667576805,2022,-1,0.29973045426612716,25.459898407569472,0.2669379754481927,1.0,1
260,7.5989672289893395,4.802401832893484,4.010551858545653,8.583101629304494,0.4147689636943535,1.5153135578346757,0.47455967863439896,4.50257874455221,0.7471564422897538,0.08894275592020158,-1.0,-1.0,-2.0,-4.406264677054183,2022,1,0.47455967863439896,1.520610154843783,5.176404021574591,0.0,1
97,5.160905095311734,4.904545808088775,2.7064070524850887,7.796260888662378,0.3789196052533973,1.0530018200832059,0.4261719401095308,3.53546989298779,0.8915056360708365,0.029388083735921368,1.0,1.0,2.0,2.648799460718949,2022,-1,0.4261719401095308,2.5736997420356635,5.447458933804384,1.0,3
394,1.572761472536721,4.121170666852645,7.387587265851017,9.284919496027321,1.242669364209032,0.5568107950468834,0.36094170443203233,1.0644626438811753,0.7159922928708887,0.0,-1.0,-1.0,-2.0,-4.331621496639691,2022,1,0.36094170443203233,9.694578570680246,0.0,1.0,1
298,4.657722098704959,5.1148238585042725,4.538722651068246,7.294247549108116,0.5482765256583756,1.662924520983807,0.41097774643124,3.4665657914922585,0.839030566105987,0.0,-1.0,1.0,0.0,1.269623462307363,2022,-1,0.41097774643124,9.31185627436556,0.8915988765142318,1.0,2
377,6.577743454752795,3.0993416231517283,2.202270833180434,5.611488405981449,3.8362327836363486,9.18682269997489,0.43146472587974,3.9932647106444117,0.3617574111255423,0.030235030116922915,-1.0,-1.0,-2.0,-3.815842826807055,2022,1,0.43146472587974,5.4347486136671055,11.425297363691215,1.0,1
80,2.6612419161768357,3.867573198939226,5.7318105397210966,8.402327230234096,0.7247163604940983,1.8614924465691776,0.41184170570867346,1.8160065599466078,0.500000000000022,0.29012719563899597,1.0,1.0,2.0,1.5696495270755033,2022,-1,0.41184170570867346,9.88010794112223,1.2384915330163455,1.0,3
169,1.9371669515335683,3.0736550430093232,1.2221014360706814,2.609351714853616,0.3030471911843858,0.9143786878235739,0.43460706377538283,0.38590752780845256,0.5024271844660194,0.0,-1.0,-1.0,-2.0,-2.6824319979014364,2022,1,0.43460706377538283,3.8772312511848535,4.900574606377263,0.0,1
103,4.281713812438004,3.74450571270712,2.4574005278122053,4.712667370804336,2.170170750793449,3.2867885659389917,0.4540431451225389,1.0720090406601994,0.44735406437534275,0.16966721222039644,1.0,1.0,2.0,2.22403784287425,2022,-1,0.4540431451225389,3.574245915567867,3.3982306282245727,0.0,3
264,0.6836555968024975,4.003481897631149,2.321508018440172,4.244506721551922,0.6586351732259554,0.96569220021346,0.3691520948503818,3.8325976585175168,0.6087875939849782,0.0394736842105162,-1.0,-1.0,-2.0,-2.992922180130004,2022,1,0.3691520948503818,1.8896157238172033,6.385190268813412,0.0,1
149,6.3069624107166495,4.646907157013131,2.753378675022061,4.490546015325064,1.888162481098867,1.6987162287192072,0.37730895770003664,5.104560491178514,0.8920123414466907,0.0,1.0,1.0,2.0,3.246668426596902,2022,-1,0.37730895770003664,2.039435860153913,11.837564609194493,1.0,3
55,5.217331078726793,3.264310971976773,3.2048890391488,5.450864464662939,1.2627201307185991,0.6894832428959764,0.34435185498848414,2.8570291120057356,0.6545581557806481,0.006985679357317428,-1.0,-1.0,-2.0,-3.6248196191348536,2022,1,0.34435185498848414,10.502244166245438,0.5489160936311505,1.0,1
122,1.4846529492444847,3.2608042209514463,6.4530508128255235,6.9148425609694595,0.49952154985892167,1.9270537298800332,0.3440068468118028,2.39857675075866,0.46197478991596946,0.011764705882349884,-1.0,1.0,0.0,1.2996231539602274,2022,-1,0.3440068468118028,25.951342458804742,0.07069775948784303,1.0,2
951,40.18419677881755,3.107169235362735,3.0542221556849656,3.807762287787126,0.6384410392747228,2.934116485867604,0.6912411879633542,1.8267911813151159,0.4064272211720227,0.009073724007566938,-1.0,-1.0,-2.0,-6.94821898188158,2022,1,0.6912411879633542,5.382565779053779,5.023918830103904,0.0,4
73,1.9595131636074823,3.144292657065184,4.160287707719173,4.88309111191271,2.148237353220341,6.99055221120643,0.6920914422420829,4.65036797151044,0.7804634105684274,0.04550758459743158,1.0,1.0,2.0,6.58372012932846,2022,-1,0.6920914422420829,2.0262033013078296,5.167504934458339,0.0,3
105,5.465104773249512,3.373904610997313,1.5170207491613237,2.186766518323625,0.4131176677187038,1.9855757146267348,0.6295889937288708,1.226941415675785,0.5562980287337134,0.08920815235549881,-1.0,-1.0,-2.0,-6.057949355805227,2022,1,0.6295889937288708,0.26603502731793977,6.56236986646752,0.0,1
113,5.455481132454921,3.204091051225833,1.5454893129941705,3.055526110643598,1.3762306883693105,2.3951056852216897,0.5635674779127942,2.8543790696555535,0.755126658624846,0.15530759951749162,1.0,1.0,2.0,6.3791016402419025,2022,-1,0.5635674779127942,5.4086117053890055,0.8628781700853809,1.0,3
106,2.510661778949255,3.46157385941632,3.4662809776402446,4.403456379975292,0.6660542626302329,1.8680796880662305,0.5762399024639436,2.652518099398515,0.4408338442673174,0.22808093194359683,-1.0,-1.0,-2.0,-6.406029480465047,2022,1,0.5762399024639436,3.892793768370836,5.682994752167065,1.0,1
95,3.7842112228030125,3.2205622743503706,6.017217620600136,6.368135972401877,1.7088105097701072,4.041653809557354,0.5602404047733152,3.8182085394022183,0.3419792498004788,0.029928172386272683,1.0,1.0,2.0,5.0880320740010525,2022,-1,0.5602404047733152,4.237733729370297,0.941044022997702,1.0,3
170,1.7748177757914525,4.881101183087467,5.480858547809514,6.078822408863389,3.018604441563985,5.473843580743363,0.3497747858689107,7.537255934298781,0.7835298820707587,0.02738356985807937,-1.0,-1.0,-2.0,-5.878111554737525,2022,1,0.3497747858689107,6.484140815478885,2.989819305269343,1.0,5
134,0.8505948485575349,3.2047344491837744,3.7988173504328535,7.025002097461784,3.2776985978955517,3.66183650054039,0.44473755539656995,3.3083202940343654,0.8247455470737852,0.018765903307892583,1.0,1.0,2.0,4.449477389136965,2022,-1,0.44473755539656995,7.360683278767531,0.49516771541028476,1.0,3
125,1.29939516419877,3.3688915873373197,2.956180428568017,3.4888797778747427,0.34181560198701105,1.4621880169307937,0.4429823364095896,2.2439005517725583,0.5856918238993734,0.03563941299789988,-1.0,-1.0,-2.0,-4.985185395532243,2022,1,0.4429823364095896,1.833599313927272,5.0636534192574905,1.0,1
120,3.1036379268941716,3.857953112642272,3.8075395365533704,4.895746173010811,1.0794771883403835,0.9506502417844347,0.43418403850844883,3.5028960729227574,0.9176598049837487,0.03185265438786723,1.0,1.0,2.0,4.63245770641592,2022,-1,0.43418403850844883,9.739409939925746,4.748179355739204,1.0,3
303,0.18942087562859536,4.400808058918641,3.0756813364777593,5.044802303464206,-0.06037727544351772,0.5988043757303386,0.3176983526254735,5.587507164811616,0.6534963938538743,0.07180934462214283,-1.0,-1.0,-2.0,-4.634392214690286,2022,1,0.3176983526254735,16.80815973233104,3.6867509409066903,0.0,1
301,12.820334724447033,3.0906863035736007,5.845481127329025,7.067639011837536,0.19448300569935023,2.6164732233241024,0.4462611728697046,3.783096090613935,0.5967490536628832,0.0002226675573336565,-1.0,1.0,0.0,0.9534169005646077,2022,-1,0.4462611728697046,11.692412026763021,0.26965761152857587,1.0,2
403,10.136866913748813,3.0656664466267576,1.252221611450882,2.9600067639097682,0.8369238456777961,1.0262305912297904,0.2874712112808475,0.054341276615907354,0.5588571428571595,0.0,1.0,-1.0,0.0,-2.652295757476477,2022,1,0.2874712112808475,19.59616977919638,3.3600701780944733,0.0,1
114,5.293797646068052,3.4733757594258643,8.218058947396528,10.252847473504882,5.221213537076052,8.038089238997248,0.4139532816067581,4.94882742063103,0.8979550102249534,0.05378323108384309,-1.0,1.0,0.0,0.5044147075317378,2022,-1,0.4139532816067581,8.923420422369432,10.276758031978542,1.0,5
76,0.6200751257260859,5.331235362979444,5.846207085616939,8.504534023644574,0.6201731432300888,2.19126129068694,0.42890748925386923,2.945339696884963,0.9504147465437761,0.01732718894009485,-1.0,-1.0,-2.0,-2.70254565608234,2022,1,0.42890748925386923,5.2163254189730495,8.165831187329466,1.0,1
32,3.8363125044970054,3.343496770447691,7.26611692863408,8.355489781502758,3.49288768249848,3.868813845151254,0.583949474550719,2.526843115292943,0.8953853587823078,0.0014496255134143045,-1.0,1.0,0.0,0.7164450579388285,2022,-1,0.583949474550719,0.14161847087293233,5.849932219904798,0.0,5
1117,45.97326194872587,3.4473990235916654,3.2236844092348274,3.9048955905540064,0.0742099637018476,2.1261105078991234,1.1054738745262591,0.7045258472100799,0.9119777158774414,0.04261838440111218,-1.0,-1.0,-2.0,-9.95593620645932,2022,1,1.1054738745262591,3.8552798155366554,2.7150109680660526,1.0,4
238,0.646698322820325,3.458850838369364,2.3649207283988103,3.3280884432375983,1.529309708452424,5.861131081800767,0.8715992960366002,2.8660672722935217,0.9467936152338279,0.024922990758895244,1.0,1.0,2.0,8.131114329546302,2022,-1,0.8715992960366002,1.5267354908426702,5.0222316559451095,0.0,3
150,5.52032283794359,3.063379415740988,3.4087128110356297,5.039084808667568,0.9248963939829906,1.2292811395250745,0.704903423381869,1.9193297898737474,0.4459619952493937,0.2600950118764996,-1.0,-1.0,-2.0,-7.536129162843673,2022,1,0.704903423381869,4.010769414657418,1.6663460675213975,1.0,0
359,3.6159066447891317,4.1789454579130245,4.671944345282951,6.486189848613929,1.7041708140103975,5.952972495525914,0.45727487456583066,7.118034250452169,0.8331562167906482,0.05270988310308028,1.0,1.0,2.0,5.474296980894728,2022,-1,0.45727487456583066,3.703997177898859,3.6159066447891317,1.0,3
331,8.650138927207744,5.9591090744391035,12.064189560479383,13.237012805508424,0.590128149630871,3.6571055667075467,0.6453300736367414,3.1942206389748256,0.7039714494875581,0.020955344070276202,-1.0,-1.0,-2.0,-6.462060223535597,2022,1,0.6453300736367414,3.382270906632137,11.581440379622274,1.0,5
41,7.419986012578024,3.9075943336784404,2.2951443845912047,4.5881869886104445,0.49531941767918486,1.1604065264542547,0.7457516399149168,1.3632755471860354,0.8018301401201033,0.06805833571632677,1.0,1.0,2.0,6.827203391604393,2022,-1,0.7457516399149168,1.3388342243448905,3.8315459827012526,0.0,3
229,2.648336004622185,3.0232924006024753,3.566996669504966,4.607982323053944,1.6428558402595563,2.4517294285499447,0.4195872647189754,2.652533695986672,0.6056270863137795,0.018121125417259222,-1.0,-1.0,-2.0,-7.104570286987724,2022,1,0.4195872647189754,7.825129524973734,5.34560200471083,1.0,1
164,0.3010923565837413,3.2991245881600793,3.8717515492505727,4.4897312712880435,0.03143289311352273,1.6033023917818678,0.52310015641723,0.11916875449153316,0.7270471464019802,0.1323407775020702,1.0,1.0,2.0,5.850159765666062,2022,-1,0.52310015641723,0.7236088438553808,13.665644236684356,0.0,3
24,5.130230819831306,4.098446628444203,4.1497572923404995,6.307366347050251,1.691082810475491,3.7611018724173624,0.5260093285149731,2.4625212270383607,0.8719405594405623,0.029283216783204155,-1.0,-1.0,-2.0,-5.833549867510123,2022,1,0.5260093285149731,6.070993751223188,3.3479814472949925,1.0,1
459,11.690725519694238,3.7169561344483575,2.5070428471851334,2.8706274759505757,1.3089583981595592,3.829532739020138,0.4490818425007168,6.301045466744126,0.4875504710632485,0.006056527590857692,-1.0,1.0,0.0,2.180366807963255,2022,-1,0.4490818425007168,7.635277204074783,1.0759568374512816,1.0,2
329,7.146211562689263,3.151004851576688,2.768785910277369,4.758524843191858,0.39136486460020564,1.7551469410737206,0.6164137020391605,-0.04600560252533277,0.2675879396984821,0.30904522613065644,-1.0,-1.0,-2.0,-4.41173627319063,2022,1,0.6164137020391605,5.454933469711953,4.975149646372065,1.0,0
730,13.836149942830044,3.152318995371597,2.0475885556823137,2.3473386329059145,-0.14623619383667097,3.595183441283179,0.7384363001257359,1.2086809222848074,0.23355136590996686,0.48403232012311875,-1.0,-1.0,-2.0,-1.0830701271677885,2022,-1,0.7384363001257359,0.6833336770509709,7.8194361191225905,0.0,0
76,6.649768850432098,3.148527577860027,2.5574976633031254,3.2530600484852785,0.64602906048299,2.1305082595808766,0.6196155198873273,0.7213359462407427,0.7882352941176376,0.20784313725492098,1.0,1.0,2.0,1.8834437186296469,2022,1,0.6196155198873273,1.8468143567039892,6.744618266593295,1.0,3
41,2.6308830261293696,3.2335379854762616,2.1226761662260585,3.903506005417692,2.5107896037555473,10.960111880833848,0.6287588888486905,4.708946235750727,0.8947578234004401,0.006976280645804255,-1.0,-1.0,-2.0,-2.14600400372902,2022,-1,0.6287588888486905,5.082770542209916,2.3332591192246745,0.0,1
467,12.004396453028253,3.1018132965866014,2.389160134002057,4.2918647108727015,1.597488910267679,1.8997779463542626,0.41754466262829365,3.483706989539189,0.6333798882681583,0.11103351955308223,-1.0,1.0,0.0,-0.9246996430352008,2022,1,0.41754466262829365,25.839634730169106,2.5583139981863665,0.0,2
407,17.40481731215639,3.0445400079934846,3.250482916445129,4.798202397162523,0.7309545389314166,2.87409172734947,0.47057623107671576,0.7402377473953275,0.8981366459627239,0.024223602484481088,-1.0,-1.0,-2.0,-2.6844214343592285,2022,-1,0.47057623107671576,5.451925739633065,0.5394804282523994,1.0,1
240,0.6209065224892718,3.265482682534551,1.9800562331350793,4.555596044531537,-0.07052971060352053,0.42141302614512677,0.43675375599969535,0.5227115328538949,0.4578313253012403,0.3548740416210085,1.0,1.0,2.0,0.9548562387280499,2022,1,0.43675375599969535,2.28904278605886,6.931663524293632,1.0,0
52,4.815602906133247,4.223293954740275,5.441106793093616,7.075769901407925,1.541547993620487,2.8975912566774396,0.45260994267960497,2.7976579328950755,0.9421397379912547,0.0,-1.0,-1.0,-2.0,-1.810629273602216,2022,-1,0.45260994267960497,3.6656081822805238,4.505764800635719,0.0,1
124,4.513706503377676,3.39226776275895,1.5145625349171594,2.451213495077555,2.633865702110433,5.372847544628739,0.41568583902302675,3.238792104435066,0.3431096826034641,0.010445962233823092,1.0,1.0,2.0,1.214091436298563,2022,1,0.41568583902302675,1.8670989338296027,5.4017674026908935,1.0,3
171,3.344107091911627,3.2393648370552928,1.6315834601301002,4.836530256921848,0.3121131217715867,1.5195618042773453,0.3078547329197357,3.3366892350303465,0.7817733990147819,0.0,-1.0,-1.0,-2.0,-0.7031690080373091,2022,-1,0.3078547329197357,0.4430409395653724,7.452175803971207,0.0,1
69,6.005267243698378,3.0130582937369264,2.447826353571997,4.426777993201402,0.509228762685286,0.6423183976084302,0.2577743059530902,0.3267041112440112,0.2880324543610738,0.10344827586204097,1.0,1.0,2.0,0.8325880248724258,2022,1,0.2577743059530902,16.58081150337071,3.4556566995552456,1.0,3
161,2.6551597816183095,3.3572814863472016,5.214744285101452,6.808102004149536,0.33265690805991155,0.41262049594764494,0.32679532677835005,2.981084752268123,0.717235188509878,0.15439856373429536,-1.0,-1.0,-2.0,-2.470951096474038,2022,-1,0.32679532677835005,10.006600695714395,0.38361036292610856,1.0,1
105,3.910989218752049,5.661105679865619,7.832862452027588,8.94424126836439,5.009526618840321,13.62137913271818,0.3486723018541573,8.455686714204596,0.9579143924159735,0.0,1.0,1.0,2.0,0.8036386911813793,2022,1,0.3486723018541573,15.192874939759522,3.164829556423689,1.0,5
457,6.41909343981245,3.3610320617630176,6.955249870222067,8.439535870584066,0.578606811517939,2.139859362419713,0.4206693598677098,3.241558105314344,0.820410868124583,0.00828363154406894,-1.0,-1.0,-2.0,-3.79815548303398,2022,-1,0.4206693598677098,3.5224689012574566,1.7484218888725869,1.0,1
190,2.2657066361127147,3.505108011845483,3.5645335474733355,4.262959339431401,0.1026986179929135,0.25805091477800013,0.3683506565725398,0.5544100938735342,0.6269230769230956,0.02307692307691375,1.0,1.0,2.0,1.7180543473470655,2022,1,0.3683506565725398,0.7273876270312695,13.385937387495968,0.0,3
6,5.516346620359208,3.0126945516550516,6.266192216092446,6.951016235692165,1.1802041683301774,0.5866819197203268,0.40107748682448646,2.8354235881841925,0.41487507263218143,0.46775130737943454,-1.0,-1.0,-2.0,-1.7180543473470655,2022,-1,0.40107748682448646,6.336457467720604,1.405305032562992,1.0,0
601,24.08931765618272,3.119540139047209,2.518554200670645,3.1410226787782207,0.8796394366458752,1.0944445091743398,0.4355309122374169,2.8069797646208707,0.604780433574199,0.10672595886603987,-1.0,-1.0,-2.0,-3.1560514135620945,2022,1,0.4355309122374169,0.49606276327001975,5.130584896347234,0.0,4
276,3.3689264891471367,4.613528300232078,3.3820920724742636,3.926269516661255,0.17110788951466532,1.0031568187158246,0.3225946050558287,6.23215745431874,0.47786522380718144,0.053123462862761,1.0,1.0,2.0,2.8612126705832703,2022,-1,0.3225946050558287,18.866280907742418,9.901981504575323,0.0,3
8,5.6819709975484525,3.970196789096514,8.47146811495014,10.428026607108935,3.1995487979903015,4.221630604411745,0.3519098012408693,5.042152697842057,0.7070089649551815,0.01752241238793525,-1.0,-1.0,-2.0,-3.4609574605896665,2022,1,0.3519098012408693,0.16815192903965054,24.753528158624835,0.0,5
7,6.005764098791195,4.048211554555004,7.138732211464499,8.295806028662794,0.5296445994509518,4.3252038879480175,0.4119967880273503,2.026397171826377,0.5537815126050389,0.28823529411764093,1.0,1.0,2.0,3.4609574605896665,2022,-1,0.4119967880273503,14.27861231362073,0.15266946199143427,1.0,3
286,13.169367977938437,3.575087175239333,5.569405937370546,7.359024999516364,2.336715970753657,0.23405334978158276,0.3540144962929754,3.93656926031813,0.5000000000000109,0.0006009615384528012,-1.0,-1.0,-2.0,-5.960216659340313,2022,1,0.3540144962929754,4.059719506735455,3.017980161610895,0.0,1
97,2.547162784452911,4.904807989542781,7.171411101292251,8.30970863318562,2.6307755645755613,5.307850490727845,0.36899874010642403,5.006703841989435,0.8742138364779762,0.07679576299238848,1.0,1.0,2.0,4.254198517859987,2022,-1,0.36899874010642403,4.201998692163434,9.07495067143327,1.0,5
48,5.740073875935273,3.463647171204014,4.155189386585492,7.445789677204431,0.15735094324748083,2.2059057009133496,0.41839629194701694,0.025079505772031083,0.5,0.02000000000002079,-1.0,-1.0,-2.0,-5.533990280698193,2022,1,0.41839629194701694,1.4347251891005126,6.143626995355225,0.0,1
145,5.783561713691683,4.373708756103248,3.078512142793304,4.878851471137745,1.6625684235767555,2.9598491159506835,0.447514154774918,4.416218899975946,0.8187643020595032,0.019679633867273557,1.0,1.0,2.0,4.479970288523088,2022,-1,0.447514154774918,1.4790934078391011,8.502233019735172,0.0,3
89,7.3567400176732995,3.088251044769814,3.2727273642623635,4.068965631046502,0.5017850703396836,1.456718775621053,0.3928087564066883,0.928374671719106,0.24696356275303644,0.17813765182186234,-1.0,-1.0,-2.0,-4.203074943118846,2022,1,0.3928087564066883,1.652664623025966,7.547335634289354,1.0,0
19,5.591948671830334,3.5178787740190574,5.518131561035793,7.365979564040551,0.875749157337537,1.6479799201940315,0.4175403684992782,1.208608849632449,0.38630999213220096,0.24862313139259565,1.0,1.0,2.0,3.4928385075843886,2022,-1,0.4175403684992782,1.0975757293551547,3.3241902188959136,0.0,3
315,1.949721215810169,3.6090153875800244,4.611245415169975,5.688962464431984,0.7111792242822677,1.1881235060664157,0.2746340534072059,2.0753682215081954,0.9644527595884065,0.0,-1.0,-1.0,-2.0,-4.368386630193509,2022,1,0.2746340534072059,3.1530505562867956,25.51385886048456,1.0,1
66,3.7684400815343775,9.388590539559337,9.208250479746251,10.256785362174718,1.1885613802272137,1.9900886269610425,0.3653591084187636,8.117567521600087,0.8500809180520844,0.014565249374720994,1.0,1.0,2.0,4.157588762767727,2022,-1,0.3653591084187636,9.426814290388734,1.4242360732712944,1.0,5
233,3.5172705420515595,5.470104875655874,4.4486393398876665,4.551353633538759,0.26565698537388394,1.2357761216206633,0.36672266265443104,4.7439097847736855,0.5720976090707374,0.015528715799859254,-1.0,-1.0,-2.0,-4.728996851307063,2022,1,0.36672266265443104,28.045166259728642,0.0,1.0,1
421,26.412819135938815,3.3442215743568418,7.709021133514788,9.690823411713344,5.944012555383746,22.735606338985463,0.5352109546239385,9.038215179873001,0.8435627530364367,0.11570850202429267,-1.0,-1.0,-2.0,-3.6066533351374885,2022,-1,0.5352109546239385,15.741443422088055,0.9891763329389756,1.0,5
400,22.779536764239207,3.0539316883622143,3.0641254940189855,3.5252722138804233,-1.1780660337150568,2.0503594977469253,0.3579889428368709,0.2829150989879996,0.8189655172413679,0.08333333333333914,-1.0,-1.0,-2.0,-2.4400992868459577,2022,1,0.3579889428368709,0.7931167983159199,6.80052512181188,0.0,4
94,4.67391524473892,3.60620995857863,1.8311127305539399,4.516744735366385,-0.6583879272625219,1.467106104285857,0.33248735489254794,3.5082477514159907,0.378769601930038,0.26336952151186094,1.0,1.0,2.0,2.7418249751817525,2022,-1,0.33248735489254794,22.8156646227021,0.8987711652468587,1.0,3
281,4.46388751575612,3.639511576446625,2.4401245585003197,4.2194285595294,0.79818909299884,1.0413351716073687,0.46052089753567116,2.260887254349256,0.8349912229373662,0.029842012873037678,-1.0,-1.0,-2.0,-3.6216422711926333,2022,1,0.46052089753567116,7.824919101137857,15.27924288963979,0.0,1
27,3.9961435009954527,3.970315963510431,2.998596501864694,11.49933469818866,0.41276970900520976,1.6501634823832305,0.7218368695701641,1.0022663807055066,0.8010443864229746,0.0,1.0,1.0,2.0,3.8286447788771745,2022,-1,0.7218368695701641,3.909044248086296,6.504155321944337,1.0,3
90,5.242699536742293,3.1008294310483713,3.3012249594372767,3.8055455237022944,0.5173601551681184,1.8133163101389682,0.6463176718751246,0.7824053097704339,0.6582887700534876,0.1534759358288809,-1.0,-1.0,-2.0,-3.6055274107752857,2022,1,0.6463176718751246,0.9208638151294509,6.949569294594934,0.0,1
73,4.318811396120547,4.450277591998736,2.715386251251542,4.517104801610278,1.6856923129336727,2.889850058495355,0.5658327826928955,5.644134048190601,0.8748574686431074,0.08266818700114043,1.0,1.0,2.0,3.7539631856650306,2022,-1,0.5658327826928955,1.0322642352766074,7.3121879239677146,0.0,3
37,6.465323687871838,3.214674796552817,3.7795424681571115,5.263205059185718,0.796414672137985,2.0436325032172125,0.5577418445739222,0.6280098886708332,0.34549138804456225,0.38297872340428196,-1.0,-1.0,-2.0,-3.8098439257765717,2022,1,0.5577418445739222,0.3565606102035024,5.20022812024069,0.0,0
186,7.12010792022347,3.143137214001924,1.749731792765609,2.7339559261962303,0.32775562695211224,1.5062877869925186,0.36001018124433803,2.828505907492847,0.3484201537147664,0.1135781383433053,1.0,1.0,2.0,3.3228730953325525,2022,-1,0.36001018124433803,2.586174524780218,7.618131242995442,1.0,3
44,3.8960569857443748,3.0909948306837394,5.446848468702418,6.866817471551543,1.508188791045349,0.6248992850609619,0.382697607506543,3.626852756133587,0.8831908831908893,0.030389363722704177,-1.0,-1.0,-2.0,-3.2622401834048125,2022,1,0.382697607506543,16.25878135603912,5.16748796430312,1.0,1
129,0.6028854768077339,4.018470406833101,9.727325289263613,11.283813275060544,3.0123324393011464,1.8882913224005908,0.5418369941356306,5.20255062810354,0.4088297550650149,0.007257332930152555,-1.0,1.0,0.0,0.6256578030028078,2022,-1,0.5418369941356306,6.2037302028567085,5.457852657831758,1.0,5
93,3.4257132403295207,3.6057462340692776,1.8587092328451007,5.197822484395636,1.5617886675707051,3.2340777222069925,0.5602959475112538,1.4489914596368785,0.5341089370703372,0.0,-1.0,-1.0,-2.0,-1.4446317935068458,2022,1,0.5602959475112538,1.902465016649163,6.852338059488247,0.0,1
87,5.2853019333106,3.3543816308379104,3.816462752577549,5.387035517728128,3.117423073440036,4.5161728272746355,0.5437582553276986,4.179869786338654,0.22707612456747334,0.45285467128027856,1.0,1.0,2.0,1.4382648756611933,2022,-1,0.5437582553276986,1.4901547888967304,6.952763826477872,0.0,0
99,6.156462377401864,3.884010455085657,5.038952704936179,7.2790516392878475,1.2127174046911366,1.5398295984160961,0.49757691136618676,3.2628438957750987,0.6368970013037872,0.04204693611472571,-1.0,-1.0,-2.0,-1.4162755330472068,2022,1,0.49757691136618676,3.9641115836010097,6.52727240508366,1.0,1
175,10.092877056321,4.209454739072186,3.1324525164436805,3.4828270049273375,2.3042061259234203,1.9829007253572941,0.30041941600682864,7.4976424449357815,0.58238789843328,0.03565640194488707,-1.0,1.0,0.0,1.689822399313458,2022,-1,0.30041941600682864,3.48108384826824,4.244586464964013,0.0,2
115,4.891078728169263,3.0797473493110408,3.849620343464235,4.777808329832805,-0.5294372796509595,1.4093769256688495,0.3271388271385134,1.2184782895521729,0.23196881091617552,0.2582846003898672,1.0,-1.0,0.0,-1.6906528331642061,2022,1,0.3271388271385134,13.678973799109695,2.0514527698722533,0.0,0
349,7.3789438942427115,3.0507097623320476,1.61817701005782,2.7385624946728018,0.1438149419373757,1.0512926605562944,0.35575905886276715,1.2403217631704617,0.8634564643799651,0.004617414248001955,-1.0,1.0,0.0,-0.1810294460916281,2022,-1,0.35575905886276715,7.31228804895548,3.502977401264563,0.0,2
626,8.486890707744266,5.320858723947261,4.149995424040858,7.216790201570048,1.9178892297023409,2.8892771315332526,0.37766647248319013,2.421308684687801,0.6837329876863286,0.02592352559948165,-1.0,-1.0,-2.0,-2.369967774416272,2022,1,0.37766647248319013,7.351849224245954,3.9426320760940343,1.0,1
152,4.862378920628405,3.46998824783029,1.2325960550544033,2.0027560729022387,0.22901987227265166,1.0817469868472185,0.308581064835155,1.1963976431982586,0.6457680250783954,0.0010449320793996244,-1.0,1.0,0.0,1.6161108590580788,2022,-1,0.308581064835155,1.6168259977334063,2.157468129467663,0.0,2
139,2.85424763079256,4.859697104835612,5.883423614851154,6.3673920588874315,3.9435289963474855,3.197807052639892,0.17747250939649684,7.500659941704009,0.8785975928833024,0.0,1.0,-1.0,0.0,-1.596327226376115,2022,1,0.17747250939649684,9.889282904645802,6.845529557814923,1.0,5
188,1.1981608679860165,3.0322944542166606,2.41567813125445,3.234453651703736,0.29454540140423385,0.8848190661843903,0.2681357108477636,1.390408198260246,0.8500350385423872,0.02943237561317944,-1.0,1.0,0.0,0.8326770195965268,2022,-1,0.2681357108477636,4.206144694884562,3.069924291802591,1.0,2
477,1.2946757541357288,11.154861714201676,11.184257775222758,11.184257775222758,1.896820943566337,1.1156044977781792,0.1416348895609677,9.408641015683076,0.8893473368342216,0.006001500375088348,-1.0,-1.0,-2.0,-1.1997561402903765,2022,1,0.1416348895609677,8.025539058549858,11.702853385422747,0.0,5
439,10.133367345250834,3.3468292067152783,1.6466721936032607,2.2223037552987286,0.4786858941715348,0.351641009554189,0.35275913938559916,1.4542939385584883,0.48953974895397473,0.06589958158995154,-1.0,-1.0,-2.0,-2.4781089452716833,2022,-1,0.35275913938559916,2.6867497586227764,9.580254377655852,1.0,1
35,4.557172767332547,3.58441850394886,1.883065461861397,4.962340540888786,0.3103114942883086,3.0534196021634874,0.37679293979295364,2.3619391464843815,0.6569377990430587,0.024880382775123097,1.0,1.0,2.0,3.082508853151676,2022,1,0.37679293979295364,5.845992161311451,1.3621354672890895,1.0,3
229,1.3199389628534994,3.617671467300514,3.3169078427080585,3.550366434777385,0.5782932012470574,1.6683153251404192,0.27207446787824874,2.2007323749512313,0.8308103294746528,0.0213713268031864,-1.0,-1.0,-2.0,-3.145324891943888,2022,-1,0.27207446787824874,4.331554800547758,6.6823032391536055,0.0,1
259,3.107758464036525,4.526139677789334,3.964552816878482,10.848970599363229,1.2237670417334858,1.3282309089913438,0.25680913761959867,2.262787457544424,0.6208304969367058,0.13818924438393174,1.0,1.0,2.0,2.0046380914026263,2022,1,0.25680913761959867,1.3490753187292517,13.118724060400753,0.0,3
4,3.360918894058083,3.715465467664323,2.9206306846267207,8.636543097458357,0.871668599800458,5.472985424885421,0.3152504924516753,2.7455550881542785,0.6412490922294901,0.008230452674891864,-1.0,-1.0,-2.0,-2.0046380914026263,2022,-1,0.3152504924516753,3.4282939581347605,2.431769754581897,1.0,1
139,3.649294677588594,4.894459773805927,4.803961940620297,5.707020965592757,1.6921087448163659,2.553221422038022,0.2493322052815447,4.968552164610362,0.645669291338584,0.0,1.0,1.0,2.0,1.5355750013420708,2022,1,0.2493322052815447,17.76276142640244,4.154461605164946,1.0,3
260,12.342563262212995,4.10986278312346,4.448124478937222,5.3866394573194665,0.32900344926841185,0.754542725844729,0.21864292927845666,4.344000651913295,0.9292225201072347,0.05737265415549988,-1.0,-1.0,-2.0,-4.301073947275347,2022,-1,0.21864292927845666,12.685230358971179,2.3441048529825794,1.0,1
728,40.03930250366154,4.017518592125704,3.0365772978165166,3.733829600913862,0.36871028321335514,0.6037899692917162,0.6066961425574466,2.903139123459738,0.5675742574257407,0.1702970297029685,-1.0,-1.0,-2.0,-6.378920427561914,2022,1,0.6066961425574466,1.3916034176936343,8.495646994050333,0.0,4
27,5.57358693327597,3.292706528412405,3.242395197506915,3.731679546611301,0.7277877164513918,3.1552857445676405,0.6944772731735072,2.2253149812580157,0.5756556825823838,0.15736381977134947,1.0,1.0,2.0,6.652381739546909,2022,-1,0.6944772731735072,0.5557632008848724,7.819685738766015,0.0,3
50,5.679879709873212,3.0311160710324825,1.948978331819237,3.0716296260151283,0.4201114397818651,1.8221991848021188,0.5937657425024256,0.8426649794245713,0.6867538374076289,0.0,-1.0,-1.0,-2.0,-5.720911694536663,2022,1,0.5937657425024256,1.8922988599244868,3.2903924999948386,0.0,1
118,4.261058402153616,3.0600241428878903,0.9240123818071383,3.1442924596044435,0.2960361014685404,1.375157885861636,0.5029236333773904,1.8679820405123795,0.38072054527750815,0.2765335929892837,1.0,1.0,2.0,5.7994646657732725,2022,-1,0.5029236333773904,1.770923339317445,3.199709108317761,1.0,3
137,2.7855537781890876,3.1183093022408337,2.3105468662675,3.183490032216092,0.20303833835514606,1.1340702052199314,0.37754618355507985,5.274779533645496,0.5780791788856348,0.03702346041055195,-1.0,-1.0,-2.0,-5.484382912544695,2022,1,0.37754618355507985,2.2743708431742036,4.698164390429641,1.0,1
238,7.066676713079659,3.7984607772509884,2.955427930427828,5.132323680601117,2.945035688505085,5.482292271808906,0.20200197752929722,7.2946596974909514,0.4879890185312411,0.0006863417982055203,1.0,1.0,2.0,5.115448853748712,2022,-1,0.20200197752929722,19.301609361233634,2.763789239903699,1.0,3
251,4.524576449596845,5.084614267320845,3.8663484208875043,4.149505072877353,2.454856996158361,6.0144583843118875,0.4104179250003109,5.111427092030643,0.7740134028294958,0.01787043931496388,-1.0,-1.0,-2.0,-5.615758127604463,2022,1,0.4104179250003109,5.405178812329649,1.8130920700711044,1.0,1
369,1.3675643835974507,3.134843387005829,2.5872839689682285,3.5823931878021624,0.5265774272244509,0.4279321676298232,0.2142819113456776,1.6485885526998354,0.7600872410032338,0.015267175572534831,1.0,1.0,2.0,4.276784208905174,2022,-1,0.2142819113456776,1.2737398001074665,5.126234061593074,0.0,3
218,0.20540466039958372,3.8114174800743434,4.452716582662054,5.532232186762072,0.8174561109702443,3.2420201005489973,0.2658154067935271,1.649254949227427,0.5418894830659436,0.0,-1.0,-1.0,-2.0,-4.59454923125293,2022,1,0.2658154067935271,13.661692190576808,3.9026885475920494,0.0,1
633,13.097802559436593,4.616554635187084,3.1890947297154204,5.101561933803891,2.722760296789764,2.4216617633364113,0.2389055334200639,3.163421856853016,0.7301464919043682,0.012336160370101571,-1.0,1.0,0.0,1.2479390978141156,2022,-1,0.2389055334200639,1.4300207554504554,4.3593366282068065,0.0,2
284,1.5708535047730419,4.047418429291823,2.2394399138294374,3.7031897705497907,0.5564527118230852,0.25189639607693926,0.18118417825238067,2.9823216087734825,0.511258278145676,0.1298013245033498,1.0,-1.0,0.0,-1.724876645729118,2022,1,0.18118417825238067,11.680788767930693,0.19148834045792668,1.0,1
309,4.273252568013743,3.2659524874597086,2.3691842468920243,3.250966522831396,0.06775557773945064,0.41287972768692627,0.12091326751473942,0.5330796226043956,0.8159722222222429,0.003472222222298101,-1.0,1.0,0.0,0.5403972910994975,2022,-1,0.12091326751473942,9.937007955777839,7.102707783115861,1.0,2
85,0.3594026807728267,3.2152574847294697,4.2855357631404924,5.545719846356987,-0.08213541740650188,0.2547102878692351,0.12843521023765989,1.7473096262910761,0.8969072164948466,0.049828178694182455,1.0,-1.0,0.0,-1.1303063127169686,2022,1,0.12843521023765989,44.83889647718928,1.746969992617833,1.0,1
259,8.216095626021279,3.758161129317457,3.7993393907843838,4.3625629071971215,0.5059897477504591,1.0699406639730675,0.2953878335435388,1.0325668271408164,0.46213592233008294,0.3262135922330309,-1.0,-1.0,-2.0,-1.8670628462258576,2022,-1,0.2953878335435388,11.248986520243987,0.9928991887276457,1.0,0
453,16.145783805649888,3.139507615676384,1.7320356313250467,3.796713867341659,0.15418339925644264,0.6386603555329734,0.25899449373541666,0.18124105657228398,0.8044692737429516,0.11731843575424256,-1.0,-1.0,-2.0,-2.379913262261797,2022,1,0.25899449373541666,5.024050374307089,3.363131437778137,0.0,1
223,2.3984352760203755,4.037602923298796,3.8153879600381257,5.175394555099937,3.2533389290736134,3.3614989828936905,0.17893819814425627,6.951456220667251,0.5649253731343338,0.0014925373134382657,1.0,1.0,2.0,1.678403387939285,2022,-1,0.17893819814425627,4.2609073618687106,9.268813420039848,1.0,3
50,5.043446441662542,3.034695345406729,2.471788107547473,3.4580065949022183,1.9674427412612432,0.8332522202613712,0.18987828869121043,0.983859887436856,0.5956175298804259,0.001992031872553413,-1.0,-1.0,-2.0,-1.6745083453371403,2022,1,0.18987828869121043,2.659044782361674,5.7675055842773615,0.0,1
256,6.57681711366848,3.756962368235104,2.874972277928688,3.663681486917823,2.0076242141481084,0.31554545791148997,0.09384130507369123,2.3099994826086263,0.37687366167019853,0.0021413276231730454,1.0,1.0,2.0,1.7592721777965947,2022,-1,0.09384130507369123,1.91452799924023,10.564887065573966,1.0,3
29,6.059972158339144,3.9993331982582294,3.413155524979063,4.35634185312524,-0.17107971732844743,0.5831833946077923,0.10049629328716231,0.06286674897077643,0.9957627118644682,0.004237288135531821,-1.0,-1.0,-2.0,-1.5115497235591764,2022,1,0.10049629328716231,5.187524804803973,5.830070490853641,1.0,1
145,3.9795775945195913,3.6068985187699987,2.6641061118867664,3.2776243243753242,1.9924241235994715,1.0986494532169089,0.10787183740572649,6.982040310318695,0.4142692750287791,0.02301495972382106,1.0,1.0,2.0,1.4652991317828084,2022,-1,0.10787183740572649,12.773338640187108,3.388168146445313,1.0,3
499,10.706752766706803,3.609394856373956,2.4864902439146443,3.748291263214455,0.9596658887710916,0.058447936540866795,0.09731580645145788,2.0158292270718214,0.6990291262135356,0.1796116504854849,-1.0,-1.0,-2.0,-2.596107338954075,2023,1,0.09731580645145788,9.556287131462826,4.459600661349229,0.0,1
447,7.714705838475019,3.06273568193031,1.7908200755072319,3.214023126716624,1.3683208281725667,0.609287233945498,0.11372098577490146,5.48188021217188,0.2040557667934427,0.04942965779465051,-1.0,1.0,0.0,0.8065981231912198,2023,-1,0.11372098577490146,4.164575718114754,15.014529606671186,1.0,2
34,4.716541635239243,5.358076839581494,3.890157825896195,5.2088553939966,0.569329655747244,0.6683501928132738,0.13444904564895188,3.270024810975151,0.849449204406375,0.0,1.0,-1.0,0.0,-0.42693150525518253,2023,1,0.13444904564895188,4.804454806445777,1.7450764484529013,1.0,1
1138,46.9472698320916,3.2124635700610455,5.350993863918286,9.00883743059674,3.431883266290863,13.733758058271713,0.4197183717393693,3.6110277134597766,0.6379166666666606,0.01875,-1.0,-1.0,-2.0,-12.932481972151951,2023,-1,0.4197183717393693,5.663610563004361,2.916234608992551,1.0,4
193,4.37755601677565,3.3907904640339948,1.0148392036067948,3.1974385867063044,0.5323053707165661,1.100148797386716,0.3051769377734036,1.09528355644935,0.8693284936479049,0.0,1.0,1.0,2.0,11.695175268147839,2023,1,0.3051769377734036,32.68956174418623,0.035527095407836586,1.0,3
413,15.637310791828936,3.0054913945544697,3.247611477227022,5.29037363961645,-0.4349539985935722,2.476587270146667,0.39551328684671144,0.7966384365463094,0.09340188517564481,0.37189374464439745,-1.0,-1.0,-2.0,-13.468811374464602,2023,-1,0.39551328684671144,3.2464927684853135,13.835071008910337,1.0,0
88,4.3595734879532575,5.5887749466150005,3.6605033230453445,7.357204453982369,1.6130083070875056,2.0783590612274883,0.3803659961014291,4.99368221931503,0.6779840848806328,0.0,1.0,1.0,2.0,11.53378961794117,2023,1,0.3803659961014291,6.7395793568307685,4.8821793393892845,1.0,3
112,3.8763538486448095,3.1486954444235162,4.1066214899916975,4.46675571579485,0.6129909938319773,1.3034584696927785,0.40439067909376475,5.230645378701469,0.5765811531623053,0.06070612141223717,-1.0,-1.0,-2.0,-11.330424507714183,2023,-1,0.40439067909376475,0.7530079266793188,9.173600915458469,0.0,1
73,6.385214400531729,3.3529845709582715,1.0872318369925997,2.0581044138388087,0.5662743771429672,0.649859652905888,0.3549024282429656,0.47223047512125754,0.6338912133891297,0.0156903765690373,1.0,1.0,2.0,10.531324543800208,2023,1,0.3549024282429656,3.070187561986873,4.556192280106092,1.0,3
247,0.7230279034768371,3.329256169741798,6.897658010946736,7.781358781862893,0.4578231446482469,1.4404476745297192,0.30608056934540423,2.7918597980707323,0.5158172231985877,0.17355008787346332,-1.0,-1.0,-2.0,-11.328883553937738,2023,-1,0.30608056934540423,9.816548436094038,1.746260375063934,1.0,1
233,1.0815430701333681,4.166231454277284,3.7220185455960957,8.535020063433965,5.536961233995775,4.349453346860051,0.31716693113882377,4.480847823636139,0.3418484500574101,0.32778415614236583,1.0,1.0,2.0,7.643920484915753,2023,1,0.31716693113882377,12.157245358169856,0.8077859089898969,1.0,3
356,1.393143288290239,5.128828281705714,4.79053259562376,5.252064727940735,1.0523043722718628,0.12223872308587569,0.20207356495995984,7.521379002597831,0.4642212868310237,0.05411906193626001,-1.0,-1.0,-2.0,-7.048089737371158,2023,-1,0.20207356495995984,11.969921320554972,1.1709241134709085,1.0,1
212,2.731350882843817,4.934746379933886,5.818163022386716,7.006946187479588,5.237888396804124,4.497667214650283,0.25621109060610314,8.597342306415674,0.755992458928094,0.0,-1.0,1.0,0.0,4.814767477636482,2023,1,0.25621109060610314,2.883930950577853,10.313406556397869,0.0,5
2,1.8947884137605158,3.0539207461121753,2.8615488145672177,9.02154777868155,2.507920109943828,2.1662459025129155,0.28326435357925617,5.725857663640966,0.9562629399585886,0.01656314699793331,1.0,-1.0,0.0,-4.814767477636482,2023,-1,0.28326435357925617,1.9118306644157392,10.282674327169772,0.0,1
11,5.844694348040256,3.302112488832378,2.2089613087388824,6.6659934051254774,0.1927196975441963,1.8494445780553628,0.2972886806190815,-0.06249376092008385,0.41948051948051,0.040259740259768605,-1.0,1.0,0.0,5.363264368939079,2023,1,0.2972886806190815,3.299681220529284,8.101456131001019,1.0,2
74,4.584008738962147,3.2981800026802106,2.871949654303848,4.902179011332235,1.4663885355343629,1.004433458362649,0.2594558417652838,1.1737382926864268,0.6057268722466767,0.0,1.0,-1.0,0.0,-5.446941194731833,2023,-1,0.2594558417652838,9.322894012623054,2.2726448026437445,1.0,1
388,22.332335574324123,4.34194049944348,2.593492383099012,6.509248324665329,0.9578808533832038,2.6466859767866087,0.19567281884280713,4.730053310476301,0.6184789440603172,0.06536769327467827,-1.0,1.0,0.0,0.7985514250262086,2023,1,0.19567281884280713,0.4500335620046953,15.57951238362526,0.0,2
21,5.470872085215452,3.0298246878251818,5.802847923104773,6.547550478369876,1.6579725280367685,0.6499337458151079,0.2051802180814988,2.9151011095653936,0.46847565841980104,0.2657621707900995,1.0,-1.0,0.0,-0.9799359373679063,2023,-1,0.2051802180814988,8.74801194437903,3.5889279771811404,1.0,0
164,0.2968673263397736,8.158783861808736,6.765965217897474,12.310207208165846,3.0366602367926556,3.1346592705654683,0.2756615264662803,6.434353208304842,0.9811181044057743,0.0001851166234768283,-1.0,1.0,0.0,0.31002882907943297,2023,1,0.2756615264662803,11.173303216633888,6.464204474090573,0.0,5
520,22.24410250017594,3.36912028593695,1.9970145518590279,3.80579479601302,0.8243498902660322,1.022754277490834,0.3818473337616281,0.6468168152856016,0.48142076502733433,0.12896174863387183,-1.0,-1.0,-2.0,-5.820261667770072,2023,-1,0.3818473337616281,4.122764061286368,10.081353525879788,1.0,4
36,5.888236305424454,4.060879280921317,4.372246806341109,5.443213324897909,3.194974334405826,4.741648991993123,0.38648168817290607,1.999345624138932,0.6134593993325902,0.006117908787553878,1.0,1.0,2.0,6.382243827457624,2023,1,0.38648168817290607,4.8131106935916526,3.740064628396909,1.0,3
122,4.212572482906741,3.2156828571966694,3.0396222548680503,4.00774097685714,1.8083357094653483,1.426569752470081,0.4246699168669441,1.8272541130763786,0.47796399751707447,0.10738671632526027,-1.0,-1.0,-2.0,-5.840815099270901,2023,-1,0.4246699168669441,7.360407608895303,3.6058074555522905,0.0,1
490,14.909209662920906,3.750734117351218,5.115564629046662,5.540413929822715,3.4100405748550378,2.275217266361279,0.2696525196835553,4.447214429898954,0.42570281124497994,0.15502008032127929,-1.0,1.0,0.0,1.1002129959980897,2023,1,0.2696525196835553,6.431176032565046,5.3824773867832985,1.0,2
201,2.9920385766553625,3.048694610713789,1.460125661219828,5.186290497969009,1.2428561261492925,1.3545645509170974,0.31881911812507985,2.097160000442666,0.6189042745334365,0.03732691149907973,1.0,-1.0,0.0,-0.9407920053446636,2023,-1,0.31881911812507985,2.0141065475267004,11.724348537586755,1.0,1
31,4.134844756956827,5.5982385374002055,4.803697859879507,7.335601559831974,3.257060001312031,6.025165797975061,0.3280788059366575,5.721977753078179,0.8270313757039508,0.0002681684097574293,-1.0,1.0,0.0,1.4481767212004646,2023,1,0.3280788059366575,3.004713652018512,6.491206550586715,0.0,5
129,6.285108503144734,3.032014246148617,1.90660631756018,2.2227128168121446,-0.2425871327771397,0.8626068187378787,0.3018455372065258,1.0462474179616714,0.525935653315817,0.12803676953381546,1.0,-1.0,0.0,-1.2370988847902136,2023,-1,0.3018455372065258,19.6997000772558,4.176307938315224,0.0,0
977,36.62878863991526,3.3534634569693313,3.585048093046326,4.575737154587001,-0.27162785727673494,0.8597008174575984,0.3811580287119741,7.101423565648519,0.5645011600928057,0.04060324825986079,-1.0,-1.0,-2.0,-6.037876990169281,2023,1,0.3811580287119741,49.43780048566301,0.9741563814379053,1.0,4
967,48.98155554835437,4.268141130308047,6.479382002897495,9.828797523069214,4.919717250800684,4.409663292342354,0.5505129335478693,5.113706411326425,0.6563690224291165,0.0014811680067687433,-1.0,-1.0,-2.0,-8.998588016927645,2023,-1,0.5505129335478693,5.360258210726111,9.139289973390161,1.0,4
80,4.53136386339272,4.411923651597051,6.879581100305141,7.519493126277968,3.4802213066655874,10.12147162923045,0.5023848934412678,2.611917243218727,0.6803240740740775,0.17499999999999663,1.0,1.0,2.0,6.424668359240642,2023,1,0.5023848934412678,3.087171629144481,7.199888327356298,1.0,3
83,2.4616359280020985,3.076852032069973,3.0172518101072057,4.58033543075785,4.239506285801691,10.368836305092545,0.49308103707658424,3.752203830769334,0.6438812454742919,0.0,-1.0,-1.0,-2.0,-7.286917020255339,2023,-1,0.49308103707658424,4.40371581260526,5.163180170661491,0.0,1
196,3.3935173564789816,3.0870174034606666,2.6211633286787888,2.985243020257642,-0.0621079931062536,0.9881914829931365,0.34057166441896547,0.14596937071257451,0.25271149674619403,0.4685466377440389,1.0,1.0,2.0,5.823723744245366,2023,1,0.34057166441896547,2.9736682323750934,3.3009190534184776,1.0,0
102,3.597853325940049,4.480805812877299,4.319961413397302,6.7347416062997825,2.8385556915222243,3.5507697843960075,0.3460894793414911,7.418500053822038,0.5546616185518188,0.18646474207288108,-1.0,-1.0,-2.0,-5.642343823968659,2023,-1,0.3460894793414911,8.980360314585628,0.7337379395246314,1.0,1
154,1.9557979596713888,3.014755588798046,1.8311930947586181,2.7133955383412913,-0.034923268308520314,0.6970614145761742,0.36409440334480264,-0.13573857388653762,0.33210332103319845,0.4538745387453891,1.0,1.0,2.0,4.191466342090456,2023,1,0.36409440334480264,16.271401679773973,0.6190369688868104,1.0,0
149,2.345284811399968,3.1345070432784357,4.1432521677123955,5.916763120022407,0.7112331176441318,1.6818191641826434,0.4269462677823294,0.7539488939330857,0.29096477794793046,0.09903011740684692,-1.0,-1.0,-2.0,-5.467124394912651,2023,-1,0.4269462677823294,2.3073352189824927,7.6042549961861345,0.0,1
78,4.263999854609618,3.327877473386457,4.976257002246329,5.46555423886889,2.298526519655679,4.702076839211287,0.40511495633822425,3.5905728330999755,0.632021527077033,0.04170871173897695,1.0,1.0,2.0,4.505635082738737,2023,1,0.40511495633822425,3.4033919490607327,1.7602554842325489,1.0,3
198,2.8832864986278435,3.7672085917715554,2.7502117371527124,3.7941093105020536,2.5075153007601036,2.3319658530414236,0.2407153938947664,6.791612005531789,0.6755518533944109,0.01665972511453571,-1.0,-1.0,-2.0,-4.986189969891648,2023,-1,0.2407153938947664,8.036236984637092,6.566500174567288,1.0,1
230,1.4424929470808692,3.3141728348701576,2.500860232009926,3.600672654171108,3.082743127646987,4.289384939813426,0.34811388778451213,4.497299773551373,0.6784090909090992,0.009848484848479337,1.0,1.0,2.0,4.027999485852086,2023,1,0.34811388778451213,3.8645063326490994,6.496777975395196,1.0,3
62,3.987157896935059,3.635570390384263,2.5726473123471076,6.914175250767487,0.532150758445785,2.005333723630918,0.36233207175531557,1.0073862181248714,0.7476163768928762,0.14413909141896147,-1.0,-1.0,-2.0,-3.548319030740876,2023,-1,0.36233207175531557,1.95497439087556,4.140586266851875,0.0,1
397,4.281004952084126,5.117997951579282,6.400576112096979,7.101224374970229,4.495273855403211,2.1941988506840024,0.16104454314541716,7.650569268890212,0.4958139534883653,0.0018604651162858381,1.0,1.0,2.0,2.840631206037003,2023,1,0.16104454314541716,24.61963424322607,2.6307359304108964,0.0,5
692,35.89974029233559,4.736374911740392,4.7251308768376274,6.177967941819823,1.0985593096807644,1.4352404424407132,0.19523489986001788,4.803394563199655,0.8551912568306081,0.016393442622948375,-1.0,-1.0,-2.0,-6.179805393333367,2023,-1,0.19523489986001788,13.943484366618852,1.1595413194693474,1.0,4
141,0.873159642487347,7.093201593888927,6.121727745048979,8.661578906372295,3.104252234108957,2.308525207929884,0.24032027964205205,5.201917980997853,0.8614395886889423,0.007712082262210797,1.0,1.0,2.0,4.509389270694213,2023,1,0.24032027964205205,2.3462733160549103,20.718321013800068,1.0,5
82,2.760504993281143,6.637665489759531,7.467940032990246,10.020531428742256,0.5678287423172101,1.2061851918550592,0.30060461868426175,6.389802178840658,0.7203321416215007,0.0027678468458053524,-1.0,-1.0,-2.0,-4.955339194600531,2023,-1,0.30060461868426175,10.39454991125389,1.10623593467961,1.0,5
624,20.72106919372308,4.401521508253155,2.7688023044107357,6.109569045893304,1.5807014190930198,3.725537927331122,0.3195399152353239,5.825185169935812,0.7211483797612316,0.0,-1.0,1.0,0.0,-1.0839581465063715,2023,1,0.3195399152353239,24.70234620854741,7.302940818330075,1.0,2
95,3.207272415707524,4.0218878142080206,14.923986133382469,15.34718963994289,6.884739670501114,8.501655485565312,0.4586500365545601,4.747445161945278,0.5916437938395859,0.06114669106434673,-1.0,-1.0,-2.0,-4.268420357016024,2023,-1,0.4586500365545601,5.2560154539363175,15.849401564548804,1.0,5
18,4.192873248885183,6.18229573400825,6.781330713758178,8.090533993512128,3.0273058241807655,4.50208325735129,0.5566570012897929,2.3956474365150147,0.8959810874704498,0.00913389211261553,1.0,1.0,2.0,0.7627353966153457,2023,1,0.5566570012897929,3.094536043601407,5.254538093391538,0.0,5
389,1.7768753039557377,7.296943600371456,7.176245899713672,8.824953148957848,-0.20005716090193024,1.3591637429849472,0.2994073526912922,4.831543718430614,0.9174121405750787,0.017252396166133024,-1.0,-1.0,-2.0,-2.0995315500227343,2023,-1,0.2994073526912922,11.82525079334217,0.40897261094323806,1.0,5
166,0.39539432343949876,3.3420515453553903,2.7099431696114413,3.470890735476163,-0.6837813562424946,0.7522627233627519,0.3725471651240676,1.432664017083498,0.3258474576271248,0.234322033898302,-1.0,1.0,0.0,0.4791057496368073,2023,1,0.3725471651240676,0.5203538501869075,6.566902890710133,0.0,0
364,1.6206121816017784,5.281148796369288,4.023479361377135,6.198762204742051,0.7477080052111147,0.30473013060496595,0.32930998767357794,5.150591744689041,0.5715592135345203,0.0,-1.0,-1.0,-2.0,-1.9021360001240328,2023,-1,0.32930998767357794,3.7514366894818947,4.7591589604713525,1.0,1
379,8.9774467317738,5.116166152448678,7.23744317125766,8.242323993128078,2.0218402401711697,3.19634840137761,0.2777626171380606,4.021915696027319,0.9205681220410381,0.03261441346658147,-1.0,1.0,0.0,-1.700545864526445,2023,1,0.2777626171380606,1.7502313551407644,19.094014089866356,1.0,5
18,2.980687265989901,7.069267255143308,10.489985710554832,12.033759693079357,10.166852802691597,11.857675938729306,0.35527759414813864,8.200772259294755,0.6154802353526148,0.0004143531946631306,1.0,-1.0,0.0,0.5374993129541735,2023,-1,0.35527759414813864,3.4143549573173497,8.815488931122964,0.0,5
375,2.7703021949709346,3.7726639053285447,3.0827307202926453,5.141988685221029,2.18633731333632,0.45039452510513467,0.2400776710968102,7.052903275480358,0.456,0.0003999999999941792,-1.0,-1.0,-2.0,-3.05159453403304,2023,1,0.2400776710968102,7.478276869646561,5.689892897115257,0.0,1
137,1.496095876603284,3.458306000049993,3.5061477667599052,6.214552102813523,1.3599038682876161,0.8531800892998334,0.2844240066859477,4.805188818586695,0.8434184112417492,0.006309148264986301,1.0,1.0,2.0,2.040605237382118,2023,-1,0.2844240066859477,0.44987498387372804,5.097711299824751,0.0,3
167,2.5687371183856462,4.048068044567574,4.543787401503263,7.327345414229321,-0.2816617138163477,1.6945816480452935,0.281422833352073,2.351158918832364,0.786512667660199,0.00037257824143883104,-1.0,-1.0,-2.0,-2.763645680437983,2023,1,0.281422833352073,2.697629654989912,12.466121595814826,1.0,1
90,3.377868053401946,5.54167710895346,4.158827123082769,8.606898346047316,0.12683098055820427,0.37581583260007706,0.2976894369026581,6.53387443535483,0.7308861351414582,0.008183306055646468,1.0,1.0,2.0,1.9760982652356625,2023,-1,0.2976894369026581,4.732284990674447,5.8905189732445455,1.0,3
193,6.24450894213001,4.5201346869734165,4.247409614005983,5.213286896421752,2.3547598435568804,1.9105909781867532,0.18050506611375589,7.973038652240861,0.7156488549618287,0.19274809160304793,-1.0,-1.0,-2.0,-2.1380107897136247,2023,1,0.18050506611375589,3.2263976875622373,7.75969064097247,0.0,1
72,5.415262977414519,3.7321927464200986,5.023586094042088,5.712321287837583,0.21713875328428292,0.7184941799443414,0.1694587724416666,3.4014668931565692,0.41857506361324814,0.14821882951653412,1.0,1.0,2.0,1.8146113746819008,2023,-1,0.1694587724416666,6.999573966337103,3.333654372524602,0.0,3
153,2.9172051626959172,3.2602617974220864,2.68254880591598,4.769568221519273,0.11206861598781186,2.0583640935364573,0.20795046155952288,-0.01324881612461065,0.9051383399209842,0.0,-1.0,-1.0,-2.0,-2.217333412817653,2023,1,0.20795046155952288,8.472516639493305,0.8906275359602064,1.0,1
101,0.6935967019940288,3.1943972242098515,3.7161995886027053,5.182610890026762,0.9746002008559324,1.6755447583327137,0.21105851892287614,5.450034229138792,0.7175510204081603,0.03959183673469685,1.0,1.0,2.0,1.1342799714811898,2023,-1,0.21105851892287614,18.739433737885395,0.06337431794867088,1.0,3
236,5.27180798770962,4.741666195276947,5.301950735758539,6.69486298770227,1.3728822371480776,2.1973295231438437,0.23550771154718786,6.041947226180285,0.7086889061287869,0.0,-1.0,-1.0,-2.0,-2.873419157672177,2023,1,0.23550771154718786,2.5399231382254115,3.748805981028592,1.0,1
442,11.539105075507779,6.2251966166923784,6.021278215666364,7.668283365436553,3.9350226849774357,4.219329487622806,0.2551805848718178,8.239975510148252,0.884636413340621,0.056588299617279306,-1.0,1.0,0.0,-0.6593509703132001,2023,-1,0.2551805848718178,9.256312784952982,1.5017234728035818,1.0,5
332,0.7805313165923775,3.559981178939675,2.3237191868017777,3.628576884005867,-0.19530970048384494,0.2449413518598212,0.18448272981708347,4.855961776422935,0.5611921369689258,0.1376030437539672,-1.0,-1.0,-2.0,-0.7139965721913776,2023,1,0.18448272981708347,0.38331436158352666,7.799354911598801,0.0,1
23,5.579497691187191,3.0483515177689675,2.269136867164452,4.047493495883672,0.31525082796847576,0.8404288434754293,0.19273286542525742,0.7170114241488015,0.5485074626866092,0.06965174129351613,1.0,1.0,2.0,0.8172547519533451,2023,-1,0.19273286542525742,0.44843841395190354,6.378218471401979,0.0,3
98,5.5860007207530264,3.107363698727599,0.8427050050717113,2.249677396580263,0.5855980589860027,0.44731004507742206,0.14883668519451265,0.8704370138358157,0.9222972972972835,0.06418918918919528,-1.0,-1.0,-2.0,-0.4231070790718079,2023,1,0.14883668519451265,4.750687864848593,46.9918922564979,1.0,1
12,5.060006298077972,3.008488526453678,3.188720266716384,9.50303798516295,0.19519942066678256,0.5412293307509057,0.1819362983028799,0.5160304265628831,0.32901554404146655,0.17227979274610294,1.0,1.0,2.0,0.73893419232267,2023,-1,0.1819362983028799,33.25554239847464,1.5597443961077813,1.0,3
161,6.177378804576584,5.451145322358006,7.202979903522211,9.70245807843609,2.091564725062614,2.5519162120875007,0.33101054383284834,3.935175863952041,0.6800907543959168,0.18235961429381606,-1.0,-1.0,-2.0,-3.6049447040803457,2023,1,0.33101054383284834,8.002178993870608,5.292146950961241,1.0,5
114,2.9161171092795324,3.6373147329026643,1.8215366587821644,3.4744637027150316,0.30837413072875264,0.9323079122470386,0.41517539197225195,0.49585342026522944,0.8324245728825925,0.055252635405296874,1.0,1.0,2.0,2.1026752610374575,2023,-1,0.41517539197225195,0.20638553948772756,6.06349658646716,0.0,3
500,1.1319995790486217,3.0804367630424365,1.7063845506399897,4.323958885896854,1.2674697754606898,2.632409111494603,0.27399464272712,0.7092501606011773,0.6472684085510633,0.2387173396674823,-1.0,-1.0,-2.0,-3.0189889203049036,2023,1,0.27399464272712,4.403618115533568,5.693538623511236,0.0,1
165,3.8521735903313945,5.46827696988741,5.874224694240123,7.934057022063439,2.4124133734784774,3.309767538776703,0.25873800822414955,6.873061574007037,0.5580035094560342,0.02417625268083724,1.0,1.0,2.0,2.8906756036008208,2023,-1,0.25873800822414955,12.049187930840333,0.045337468697505365,1.0,5
100,0.22335310925393956,3.1545456794123123,2.960697749372059,7.156182858426549,3.272842924073802,3.3267589058523965,0.3072684444736659,1.5857968000321756,0.4971846846846847,0.31925675675676346,-1.0,-1.0,-2.0,-3.812094950545959,2023,1,0.3072684444736659,11.19176744608329,6.382061286580444,0.0,0
976,50.97244596554327,3.8384420205100716,3.0202942802625494,4.451300019467174,1.8436414147832323,0.4354152310511833,0.3080261916070065,6.526663593244858,0.5610715163430869,0.03932170066355356,-1.0,-1.0,-2.0,-7.716991136716471,2023,-1,0.3080261916070065,2.8049435294416902,5.563586647456904,1.0,4
132,2.5950542277976294,3.1689297765420115,2.9538066085390655,3.8955316079853937,0.5787722058759235,1.8789308590040734,0.2766841362423984,3.8453914805741327,0.7725075528700929,0.007854984894255422,1.0,1.0,2.0,6.994741963598802,2023,1,0.2766841362423984,4.39235645105172,5.896992258437784,1.0,3
86,3.273027125514985,3.0813950591042243,2.142445891311657,3.1798290649918304,1.0325061760830576,2.3361515937730646,0.2985159788181901,1.8919837724972466,0.7416934619506763,0.09592711682744505,-1.0,-1.0,-2.0,-6.6943576933952045,2023,-1,0.2985159788181901,4.308191297754163,3.2408516046200755,0.0,1
107,3.887769317466854,3.7456559791600883,2.973489621707812,3.8425903468051685,2.0933835780085652,1.7229146412270258,0.27463121373899757,3.0387669474479106,0.6137017846862297,0.15313759355211326,1.0,1.0,2.0,6.007643425060837,2023,1,0.27463121373899757,8.007378089645034,4.809182534909304,1.0,3
110,2.885630337480479,3.6882103381542337,8.093713611229248,8.781557217353729,10.617249422055519,15.876980633009287,0.3808310332503781,6.241062097627343,0.2198821612134904,0.0028832894571885048,-1.0,-1.0,-2.0,-6.981020314624272,2023,-1,0.3808310332503781,1.8455829076876722,5.313570062520701,1.0,5
242,9.163032939405857,3.248684471572679,1.8538288712558035,3.183342506196854,0.5501755083483671,1.390959814616177,0.20840529106123923,0.0759423700193954,0.9859813084112488,0.002336448598096881,1.0,1.0,2.0,5.496493129481887,2023,1,0.20840529106123923,10.07590321691819,2.9664382864118495,0.0,3
223,1.3262281095761037,3.2635779836326804,1.9136517263486685,2.716628547035007,0.014785185370318902,0.613081959204924,0.19834616142646327,0.7466496719100286,0.4068278805121263,0.33285917496441053,-1.0,-1.0,-2.0,-5.223689434610039,2023,-1,0.19834616142646327,7.643088795261927,15.264786814562962,1.0,0
90,2.3348815085385732,4.869304443552344,3.520236954689186,7.392796183045293,1.3713532101633263,1.7803811665368634,0.21633883205881915,2.9968293329887583,0.9578278451762026,0.010398613518193458,1.0,1.0,2.0,5.08307262063607,2023,1,0.21633883205881915,9.037962054151166,19.147819839204235,1.0,3
21,5.779884222302349,3.752729814557218,3.7355008834201824,10.352966908441864,0.2993706407019871,2.3491575842175725,0.28902597961953386,1.713785281071445,0.3798543689320436,0.327265372168275,-1.0,-1.0,-2.0,-5.070546750551688,2023,-1,0.28902597961953386,7.76614964017956,1.3048043049164486,1.0,0
403,0.4863495562952403,3.7502066652749892,1.7075484421751819,3.5766217369885296,1.8661374457749385,0.3640216005450462,0.18517035190512332,4.457755566714087,0.5542682926829356,0.0006097560975521025,-1.0,1.0,0.0,3.033576174311805,2023,1,0.18517035190512332,10.916240040932733,5.768744737078274,1.0,2
196,0.9905523007101276,3.2404495074281767,2.0330339487707683,3.272847116763142,2.284954402843314,3.4034389933546323,0.2544428382824639,1.784290411871843,0.4646588813767784,0.0,-1.0,-1.0,-2.0,-3.1904858518221704,2023,-1,0.2544428382824639,0.7309055639577982,20.47184695923744,0.0,1
79,3.8818433163463824,4.82751183761746,2.274551939423183,5.211964921154107,-0.1995112553615555,0.7953851741113636,0.2213807440773821,4.126529514832786,0.9351753453772607,0.0028338646829588186,1.0,1.0,2.0,3.1637716757873156,2023,1,0.2213807440773821,15.371923551923949,1.49290385192315,1.0,3
106,0.7669498100548905,3.1988002139943,5.177174232208546,7.259195733029683,0.48337039912255025,1.7174569930802648,0.3098684990426628,1.756826803486464,0.6582069874752674,0.10019775873434841,-1.0,-1.0,-2.0,-4.690788667624758,2023,-1,0.3098684990426628,8.39857384590959,0.8953008070736456,1.0,1
534,8.680030741661247,3.0653243502337695,1.2464717302872137,4.26607213259325,0.04536647609785425,1.177787143649788,0.219465094685982,1.6897043370225449,0.6768683274021249,0.0,-1.0,1.0,0.0,0.629456095260393,2023,1,0.219465094685982,3.398370867562789,10.955671624558512,1.0,2
29,1.2856590702420436,3.8720086134732234,5.6218628037723954,7.572068623159846,1.1614322944842792,1.0312923411184163,0.23190569572890926,7.607897259922157,0.9148936170212766,0.0,1.0,-1.0,0.0,-1.6254138675557441,2023,-1,0.23190569572890926,4.556271502310533,2.4033716853623983,1.0,1
301,4.8732430982513275,6.117018989768937,5.3759957977979385,6.312339449863711,0.25660473051224714,0.48974066143870365,0.12485191127674107,4.97293424289259,0.8664652567975699,0.0006042296072639443,-1.0,1.0,0.0,0.4198846945387081,2023,1,0.12485191127674107,6.865633426084462,34.051520142311645,1.0,2
34,6.700918115967749,3.1674340728861594,4.808341306676265,6.750048213725942,2.0169574001904587,0.7368854370721134,0.15722377787777003,2.2649032048919224,0.3233908948194397,0.332810047095769,1.0,-1.0,0.0,-1.0024133447804426,2023,-1,0.15722377787777003,20.20101454341971,1.8626715323952756,1.0,0
264,6.063094634020478,3.2046264727408276,1.7604264148351174,5.182881426602919,2.0445564107035796,0.9211217155172594,0.18972275351040582,2.528600691305733,0.15285451197054165,0.10251688152240994,-1.0,1.0,0.0,-0.9859671394994933,2023,1,0.18972275351040582,3.735538977820791,7.08822099143968,1.0,2
87,4.6840313367130895,3.1842419218777134,2.319710757229326,3.219342172693296,0.1707503404956355,0.34315998475770043,0.18438611158075122,0.6994927100190823,0.3860072376356989,0.3703256936067574,1.0,-1.0,0.0,1.3280975879859322,2023,-1,0.18438611158075122,2.0873679329876054,6.652439743688975,1.0,0
81,3.5375642979567132,3.5186791618943882,2.9823510427563296,5.420461424288488,1.6714819000153558,0.3852537577786833,0.15483072669775363,4.668896899860512,0.7729184188393636,0.15895710681245773,-1.0,1.0,0.0,-1.566011210332046,2023,1,0.15483072669775363,2.299855697430889,5.492880544532082,1.0,2
214,3.3254101287188225,4.276502924306246,6.010914838346427,7.056443364620826,2.9162066296221503,1.7694732124767178,0.09798122562390867,8.076889712527118,0.6297709923664142,0.00042408821034158235,1.0,-1.0,0.0,1.0023426272152334,2023,-1,0.09798122562390867,6.336112674278015,11.839998628645242,1.0,5
19,2.8725961651803757,5.649203965624519,7.930863325606674,10.272653677655876,0.646137906812525,0.12052878829608646,0.11945144367230946,2.3165936530270246,0.9202343397926966,0.04686795853988908,-1.0,1.0,0.0,-1.2202620594603995,2023,1,0.11945144367230946,0.9395546745796993,11.146922075754224,0.0,5
62,6.841341804721913,3.5763814768882716,3.041177956039353,6.943412321318701,-0.19329420664489777,0.669038541691686,0.13087787281254035,1.9713298438957658,0.3638151425762019,0.2497541789577313,1.0,-1.0,0.0,1.3505231487747915,2023,-1,0.13087787281254035,16.86257278034544,3.742585608550987,1.0,0
124,0.8621452561651203,4.335082466372443,3.192603876438234,3.521463407140393,0.7411048939398931,0.23209727749288006,0.19155145069251814,1.389486121569817,0.7338804220398485,0.020515826494724675,-1.0,1.0,0.0,-1.067942017883902,2023,1,0.19155145069251814,12.297568829175933,8.209044933959834,1.0,2
71,0.7823182927398935,4.4721899741105196,3.9980354739470227,6.26142780892746,-1.0040989103669178,0.21222686182343,0.2392245486379394,5.861166579844976,0.6649656090525854,0.09562902152207339,-1.0,-1.0,-2.0,0.8688569183513941,2023,-1,0.2392245486379394,0.90910284110294,6.1346432605644665,0.0,1
401,4.437575721695943,4.195201740860724,4.596060568899369,4.889257536225622,4.12833437421751,1.4661741245835707,0.0864858955967436,4.566717724268107,0.7764060356652595,0.001371742112512768,1.0,1.0,2.0,-1.5095198523233921,2023,1,0.0864858955967436,1.501643927252524,19.830416506328746,0.0,3
73,5.152880180862784,4.560615450224814,2.7344856052379805,6.593181759194207,2.2014588340546455,2.746082914393685,0.11592571661936414,4.92302945758538,0.7490909090908893,0.0,-1.0,-1.0,-2.0,1.4369804506554316,2023,-1,0.11592571661936414,7.317805534628125,22.016038411637766,1.0,1
24,5.207635997410593,4.399367071225192,2.789804998612844,5.14041178057663,-0.2697031406345624,0.7013961370660203,0.15246904621153587,1.7623151907389578,0.7257636122178218,0.2403718459495182,-1.0,1.0,0.0,-1.1420819861336882,2023,1,0.15246904621153587,21.973355675821292,3.069905902088029,0.0,2
365,2.5238870198348935,4.034610756886999,2.4480142004941117,6.197024097331137,0.06226282727268722,0.2818837885801514,0.1530072029484011,3.85815669942427,0.5584263065179034,0.04580152671755317,-1.0,-1.0,-2.0,0.25701027387433834,2023,-1,0.1530072029484011,0.6426874108864121,4.074816709300211,0.0,1
280,5.300739533112731,5.694027307337808,7.5441627607098125,8.131974428095607,1.8581548148104632,0.17681028933782145,0.09728292993575328,5.779795353325778,0.7415364583333498,0.048177083333319576,1.0,1.0,2.0,-0.17139321169730426,2023,1,0.09728292993575328,4.625973477060389,11.154508978144888,0.0,5
105,7.368929678990186,3.5618770244086795,2.988268130178248,6.40094009985648,2.219982067627949,0.9215471924093239,0.11752293765513729,1.7647088231111288,0.44149765990639495,0.06084243369731522,-1.0,-1.0,-2.0,0.5458210581912656,2023,-1,0.11752293765513729,9.647920159593111,2.0377198047226877,0.0,1
766,46.13989381949983,4.655982160021313,4.478266226617231,7.878818851969117,2.677656338756916,2.605073025259699,0.25411416694054634,5.314680610055869,0.536631419939573,0.021903323262837192,-1.0,-1.0,-2.0,-8.674342973840263,2023,1,0.25411416694054634,7.1583501199165855,5.300377850328676,1.0,4
89,2.1046134030875634,3.0511300954194427,4.875380025134852,7.2261470426186225,1.8993832294156916,0.4760790022677559,0.2493968867568807,3.445764996308465,0.8402640264026354,0.11419141914190939,1.0,1.0,2.0,7.0492173924021735,2023,-1,0.2493968867568807,3.5061505450560033,3.6476888733337782,1.0,3
287,2.201424699754033,3.001782501105755,2.5324081336332367,3.2636506038312922,2.118709786684727,0.7745679748434243,0.09945712358251665,6.808251196726938,0.07010014306153946,0.32761087267522937,-1.0,-1.0,-2.0,-7.560839281614551,2023,1,0.09945712358251665,4.602978917667702,10.568378016651836,1.0,0
61,4.59091775675827,4.098631963728728,2.793882002635776,3.9433067585744292,2.8294549627522283,0.9538685373731637,0.11372773545522127,7.207935456423969,0.40589080459770965,0.0007183908045872622,1.0,1.0,2.0,7.604817666309174,2023,-1,0.11372773545522127,2.695553631183741,10.565213980840879,1.0,3
27,4.257822545124414,3.744411636983071,6.318347003065177,8.96461939493718,2.6027328228787336,1.4375729761789142,0.12858808729545446,6.187237673287112,0.4206306787814075,0.10048102618920053,-1.0,-1.0,-2.0,-7.540214162658745,2023,1,0.12858808729545446,1.3380028947667433,7.516602928822928,0.0,1
303,10.48819229574984,3.8044820688123617,3.7991026566314425,5.015427144210118,0.5769382518558747,1.3555778239013263,0.2680774229568808,1.246761394095855,0.8206820682068315,0.04950495049504871,-1.0,1.0,0.0,2.839784739312832,2023,-1,0.2680774229568808,17.79030947660787,0.4017346021831486,1.0,2
679,19.66545044619558,3.4975863615335743,1.9364407141889068,4.253253711522075,1.1308084919381272,0.6887488409171868,0.1896776573036962,0.5786379180774152,0.5650723025584214,0.0011123470522641067,-1.0,-1.0,-2.0,-5.051212681861188,2023,1,0.1896776573036962,10.82332042037717,5.876446663121572,1.0,4
65,1.808609934829161,3.648304906347507,7.435396398742261,8.85644706182232,3.808319760045958,2.7660299759400364,0.24374443355607736,6.683156883295614,0.7655086848635235,0.001985111662529212,-1.0,1.0,0.0,2.961854603493934,2023,-1,0.24374443355607736,1.0079730853721913,3.5406649517820235,0.0,5
357,5.1077743036146,4.935597539539067,10.866116188307434,11.07006986933193,4.673083163809722,4.398280079426896,0.25975295602868864,5.380600934656904,0.8367952522255196,0.00785477395706055,-1.0,-1.0,-2.0,-6.471385795513793,2023,1,0.25975295602868864,10.718733601289678,3.858744096464295,0.0,5
888,15.518795566016312,3.204850325831355,2.4571182260592415,3.681284398279417,0.5753366533345748,1.3910122484788499,0.2547178438611413,1.475305233811284,0.9828982898289701,0.0009000900090205294,-1.0,1.0,0.0,-1.0543250824135977,2023,-1,0.2547178438611413,6.596732782119601,0.3836501640211728,1.0,2
322,10.018962770735492,3.219045568252658,5.042922516111188,5.0919695078683365,3.0218808891180426,0.6353303757358258,0.08411994651556813,9.282982038443787,0.6599474145486436,0.0008764241892948824,1.0,-1.0,0.0,-0.4528835417995132,2023,1,0.08411994651556813,3.504630501912958,31.046745782212753,1.0,1
6,4.905050272228418,5.4858825084277285,8.005123625154527,10.676897370110636,3.1513166771745467,1.8054986860113116,0.11132551796924373,4.769732543765357,0.4082363473589979,0.028648164726953508,-1.0,1.0,0.0,0.4528835417995132,2023,-1,0.11132551796924373,15.66352852004756,2.930113191033232,0.0,5
250,3.145072009725327,3.1083093567223967,4.085351270364978,4.349726871499667,1.0913160220381144,0.20007177142081933,0.15196855401926687,4.19491919019189,0.7602179836512428,0.15258855585830602,-1.0,-1.0,-2.0,-1.584824192306381,2023,1,0.15196855401926687,11.635020559372578,8.315360888520544,1.0,1
596,12.24076473581582,3.1280605944342628,2.2090888379488822,2.809795289746326,1.2952661101729863,1.6032815691924294,0.300198385406819,1.2655582469699107,0.3711495116453944,0.000751314800890653,-1.0,-1.0,-2.0,-2.890556967787509,2023,-1,0.300198385406819,2.6270245640472596,3.5213826484678252,1.0,1
113,3.819499184366661,3.7624629992224303,3.40590515931529,5.287896763240167,2.370216040163869,1.280133008531265,0.2594873410093901,5.8394567200478065,0.7076780758556868,0.0,1.0,1.0,2.0,2.119691463348821,2023,1,0.2594873410093901,4.7632707851549325,6.013768156199371,0.0,3
167,3.717943231023777,4.929233122436913,6.6098428273524945,8.161848860712796,0.11399610692929359,1.5374368656033994,0.24577480501674367,3.65985590131065,0.7560909583107791,0.0311315646995126,-1.0,-1.0,-2.0,-3.1652135613718992,2023,-1,0.24577480501674367,1.233837327772444,18.09528497413519,0.0,1
10,6.369228838798593,3.2688438709884724,4.013376710017999,8.798659540596136,-0.799180139750125,2.4095183904072055,0.2687525307879704,1.1359853048849604,0.4801163918525686,0.48060135790495556,1.0,1.0,2.0,3.1652135613718992,2023,1,0.2687525307879704,8.512372001948165,0.5444814403257849,1.0,0
265,1.4933608816493245,4.0628899993777505,3.168375279312537,4.813818174368878,0.49478479675874565,0.47181591620430613,0.17108523256536343,2.218992977078434,0.7336787564767141,0.12435233160621761,-1.0,-1.0,-2.0,-2.852753923075561,2023,-1,0.17108523256536343,8.915808035985448,1.4257688756906415,1.0,1
607,26.109641668410358,3.9338336624499775,3.269327067264858,4.891881982129564,0.405645110508842,0.2597623253996548,0.10713463230354749,5.193411372509775,0.7203682393555523,0.05063291139242096,-1.0,1.0,0.0,-0.6470644077635939,2023,1,0.10713463230354749,129.3857809403582,1.4080593824092087,1.0,2
1151,55.71434059725963,3.3198445483067585,3.738832779867966,4.196599609102539,0.15964232089370764,0.48652409481733927,0.3680448613341833,7.897688945033338,0.4125454545454572,0.034545454545454546,-1.0,-1.0,-2.0,-11.132193492547987,2023,-1,0.3680448613341833,2.032097194326839,7.118395296932871,1.0,4
73,5.667043914532604,3.347746904314701,2.475460409838051,2.985114023628168,0.35809548750949516,0.20997284259549978,0.2680862479882859,4.200136496399942,0.4166204986149625,0.002216066481982367,1.0,1.0,2.0,10.880545795210335,2023,1,0.2680862479882859,0.6607023394124617,4.30325865801517,0.0,3
500,2.8383951759444166,3.258018560700875,3.511227193040049,5.859888900803393,0.6928193065755591,2.7274245479693997,0.39467947713139456,1.7495640676588589,0.7443214909726192,0.09143855562027176,-1.0,-1.0,-2.0,-8.922960341173725,2023,-1,0.39467947713139456,2.451608683056665,4.725266165963415,0.0,1
217,6.0748085803226495,3.9681930566353203,3.4078797879839033,4.168622462978496,0.7714516321672673,0.2971407948911878,0.23073337745355282,2.4378080370242956,0.5651074589127882,0.18457648546142622,1.0,1.0,2.0,8.07359888074925,2023,1,0.23073337745355282,3.8717472727367035,8.423833523110847,1.0,3
93,2.234651684006661,3.0664302603753004,5.2049626943270315,5.530128728841977,1.2105330258289555,1.735219741076755,0.2502681605404795,5.353991644694825,0.386736970188598,0.011356722774282218,-1.0,-1.0,-2.0,-8.256391570399545,2023,-1,0.2502681605404795,0.20524664589950709,9.252242060097549,0.0,1
51,6.0635128596929695,3.3264866548027987,1.779202432857207,4.433329919943061,0.6584995037519176,0.8713367402694797,0.2514470589017732,1.6679778252191966,0.2882262996941609,0.15978593272172012,1.0,1.0,2.0,7.745042736327495,2023,1,0.2514470589017732,0.6073673279677906,6.9892400138445705,0.0,3
96,6.012926578083443,3.500712928922517,2.511446703799571,3.9401912555174463,-0.2810361739352657,0.6525728099574456,0.24601588047004538,1.1904516230942281,0.47191011235955055,0.20224719101123595,-1.0,-1.0,-2.0,-7.470408402735703,2023,-1,0.24601588047004538,1.5460470600690086,14.892726460270683,1.0,1
30,2.231351669172726,4.41628867496543,6.252858434275845,8.16103361354859,1.250796904173873,0.7383690066330213,0.25683510586755876,8.339715117712544,0.7942225392296703,0.01872325249643357,1.0,1.0,2.0,6.830054008658494,2023,1,0.25683510586755876,6.858400731050773,2.5026875617166957,0.0,3
552,18.361445157382377,3.1507929423447423,2.7176943982942734,3.5436252387070004,-0.49142910406175166,1.1055301350332163,0.22789816864868875,0.6236951972686033,0.6501766784452335,0.22703180212012147,-1.0,-1.0,-2.0,-7.9158370692532545,2023,-1,0.22789816864868875,6.486899013934811,3.7047533650880857,0.0,4
216,2.0390084588326527,7.023010433930892,5.473006478368517,7.499703942732757,0.5437129821952316,0.26348410946135653,0.35038021137057185,4.571948048974848,0.5152304087477214,0.038618415343226735,-1.0,1.0,0.0,5.936984008686421,2023,1,0.35038021137057185,6.981872737904725,6.960328497584961,0.0,5
95,3.5824027715168048,3.2463004307895673,1.5960105336961223,3.9155284923698312,0.19061631092298092,1.0652691342149287,0.42304293152839334,-0.17173080217148018,0.815931941221969,0.14153132250579564,-1.0,-1.0,-2.0,-5.292685041541555,2023,-1,0.42304293152839334,5.497225030248023,4.48613641656528,1.0,1
185,3.1142553084298523,3.2083586685499754,2.8977465058197005,4.16756606543175,0.1578037518593799,0.4216325599526725,0.2972878832488791,1.3579661676253234,0.596,0.088,1.0,1.0,2.0,5.16890564159357,2023,1,0.2972878832488791,0.03836864856379073,4.028708099200818,0.0,3
282,0.8703150743808715,4.6055628016582615,4.573701991548219,5.389442853344181,0.7752641333234466,1.3179661556376332,0.2846143647223137,2.579730431515492,0.8180433955081988,0.003045298819930123,-1.0,-1.0,-2.0,-5.438812692789118,2023,-1,0.2846143647223137,10.400695987898,7.985068999269915,1.0,1
112,3.133441355016511,3.0769512679827336,5.055802681582814,5.970959260870249,1.7391336538591047,0.5468985209915004,0.3537855559883165,1.59919138265957,0.28640776699026854,0.08616504854371429,-1.0,1.0,0.0,3.549554157070162,2023,1,0.3537855559883165,5.506914777607305,2.280664525938172,1.0,2
364,5.440991321440641,4.2024758558315005,3.550587304515809,4.974064771805756,0.8943298971634536,0.8924262566268536,0.16487993971072923,2.0595703704229753,0.5447957839262152,0.0,-1.0,-1.0,-2.0,-5.008156588293278,2023,-1,0.16487993971072923,10.575562094683436,5.445855139666052,1.0,1
201,0.7285878586565597,3.0477648876900627,1.006355090701092,3.9923528351801756,1.8077305332665448,2.3526231079702753,0.24191499240807895,1.9745277688833949,0.24526600541025007,0.4418394950405713,1.0,1.0,2.0,3.7391805189747855,2023,1,0.24191499240807895,10.99825968785981,0.0011022509207957237,1.0,0
1189,66.06099425067171,4.697590835774471,3.6354472984645274,5.560222444055768,1.7206617510440358,0.6187623328072102,0.21411720111411459,7.994504219317302,0.5876132930513674,0.012336354481355023,-1.0,-1.0,-2.0,-10.179642118042551,2023,-1,0.21411720111411459,34.219898424078785,0.1732190041588439,1.0,4
252,9.094883729598768,3.666020385719949,4.868515301730129,6.084388708054412,0.14591572490931692,1.0066685760557506,0.3776839312837181,3.2515656746501964,0.6526627218934868,0.14201183431952663,-1.0,1.0,0.0,4.952530516204955,2023,1,0.3776839312837181,8.392476738542026,6.53194562013973,0.0,2
188,0.14648431030261,3.08224721383616,1.3143997573096282,4.531775870081627,-0.9244743575411314,0.6137450276040146,0.3597863079749084,0.44861412233011794,0.3639672429481419,0.38353048225658465,-1.0,-1.0,-2.0,-5.546107415185116,2023,-1,0.3597863079749084,3.198240774939718,2.99698980808252,1.0,0
312,0.8506441988047712,5.269921304297149,5.160839804274994,7.368937245564943,1.2923984252670886,2.479315297270317,0.35547366200897257,4.6170367799258605,0.7226592626870325,0.016196205460435095,-1.0,1.0,0.0,2.9861760523537115,2023,1,0.35547366200897257,7.201988384117251,4.157159149143208,1.0,2
580,11.059712728753269,6.565137488247485,4.678261632487097,6.86417885556266,-0.6755672497559105,0.8683957817772252,0.2213062278125051,7.151373113914555,0.5837369360183544,0.08641345908742769,-1.0,-1.0,-2.0,-4.611529602083889,2023,-1,0.2213062278125051,5.33938878108899,8.302917459900884,1.0,1
242,0.3431800567984297,3.4952607280499115,4.413493518922268,6.568268298627844,2.734615185810862,2.5022170242896613,0.28034553184303784,1.9966739517429208,0.6581318160265276,0.2617354196301754,-1.0,1.0,0.0,2.0960479880344884,2023,1,0.28034553184303784,5.038807180107914,4.228704257569249,0.0,2
115,4.155556823339463,3.918878508092649,2.495195645992104,4.956740159886149,0.8890342820864162,1.7636396685417879,0.32871817181842317,1.604184015013729,0.7737824305871746,0.04961310878468058,1.0,-1.0,0.0,-2.97097470644524,2023,-1,0.32871817181842317,2.6183444698402396,4.890869858758114,0.0,1
264,1.6271566424011645,3.572967201391241,1.6584956958280743,4.272832521176177,0.8170264349043792,2.032590366869087,0.283516125322367,2.1923111940736395,0.38954869358669836,0.30973871733965364,-1.0,1.0,0.0,1.7408151564919099,2023,1,0.283516125322367,1.5083981241519613,5.649276736162303,1.0,0
298,9.677940921297678,4.989169355930578,8.739944598437837,10.208352230113906,0.9083139301038827,2.681289404823409,0.41518815917494234,7.407266114252586,0.7622056289488782,0.01866743251005172,-1.0,-1.0,-2.0,-5.332735648896961,2024,-1,0.41518815917494234,18.70429661068512,0.05452826539232893,1.0,5
126,2.263134125076504,3.658141581039058,1.9015990385679389,2.890864758309403,0.8836078082995472,2.075122756587164,0.4773460002215784,1.2769654944632973,0.6959591996861532,0.11494703805414964,-1.0,1.0,0.0,3.1427630068981687,2024,1,0.4773460002215784,2.1470275568244106,9.844987427522591,0.0,2
317,5.609745695267191,3.2415929540838144,2.2228123115154554,3.553131800982992,0.35083189019425753,1.0885770689434564,0.31405995334775766,2.2566178972436357,0.5112160566706108,0.1357733175915002,1.0,-1.0,0.0,-2.394626412371864,2024,-1,0.31405995334775766,2.427814764487838,27.985031285590807,1.0,0
37,5.038924974599256,4.9032071534135016,4.3189832310090805,6.722347605811336,1.4154645948644133,1.732494083419567,0.3357585995685477,4.697293975254518,0.7522531160114969,0.03432406519655121,-1.0,1.0,0.0,2.4151030979347294,2024,1,0.3357585995685477,17.847082259081073,1.9162860867384577,1.0,2
195,2.5842515432687745,3.466419032285977,2.711827455765322,3.0085253838411488,0.9123732256403276,0.4055440970660856,0.5292593526403965,0.6690582030208637,0.5104444444444541,0.10466666666666344,-1.0,-1.0,-2.0,-3.7499687524491487,2024,-1,0.5292593526403965,3.070634709661815,11.230457218157762,1.0,1
41,4.0408640049791815,3.164157304703205,3.2798267907933076,6.407915733636723,0.2753526259942875,2.4930256582199735,0.726429083038955,0.4302069342945422,0.8906194690265564,0.0001769911504399023,1.0,1.0,2.0,4.9323051570748255,2024,1,0.726429083038955,6.234459122150456,3.825143853638414,1.0,3
159,3.7428306315874083,3.146297869858129,2.000816770511265,3.5695548638969328,0.5449440447840375,5.719158267952429,0.5960153044496266,1.5615732273627878,0.9159650516282741,0.058935663224779264,-1.0,-1.0,-2.0,-3.4741464195295277,2024,-1,0.5960153044496266,14.609590848927429,1.1777568739815485,1.0,1
304,13.41311763982857,3.0027350921080136,4.010797443514028,7.37033297177333,2.6560857514712097,2.3090041136257446,0.3688631462125576,3.698908677020566,0.5868613138685972,0.2602189781022004,-1.0,1.0,0.0,-1.2179985825455124,2024,1,0.3688631462125576,0.7250841112202197,8.033481511802169,0.0,2
80,3.37302353856276,4.81769776435187,6.769272696612032,7.128938004088116,0.659443952660386,1.9047412103188799,0.35788402401397806,7.184210912615974,0.793899878439607,0.1426676980881847,1.0,-1.0,0.0,0.3910364437985269,2024,-1,0.35788402401397806,0.11413733004779597,9.831736523184386,0.0,5
27,7.262600840025645,3.3987688876377673,1.812058419284328,3.8432160726149647,0.5564866030771262,0.5934637692496408,0.3843045826898897,0.47676352043409426,0.7146329606222502,0.13514827418571862,-1.0,1.0,0.0,-0.03542057784917875,2024,1,0.3843045826898897,0.7273376212191872,7.587657900373003,0.0,2
76,6.555316399160321,3.0624011741825936,1.2002027970105278,3.6160992239897003,0.6212652665954762,0.9023499920201876,0.3501931886183584,0.6407258221027798,0.4706457925635832,0.34833659491195623,1.0,-1.0,0.0,0.9285436188387097,2024,-1,0.3501931886183584,1.3335586633450525,3.5985878476023507,0.0,0
841,17.55532329059476,5.230151634592753,3.7199995353781277,6.170521335510584,1.489944052141233,1.5597424037530034,0.2978146299130999,5.948563021802597,0.7924232234924931,0.00022416498542601464,-1.0,-1.0,-2.0,-3.3075814976622184,2024,1,0.2978146299130999,13.321251391074197,0.9694644423458489,1.0,4
481,15.627246192843739,4.391291758389708,3.0513124900883404,5.4712920378540435,1.419524447132132,1.0575818424703172,0.302392583603814,3.4239612418969747,0.9307945807396502,0.0,-1.0,1.0,0.0,-1.2172279248408686,2024,-1,0.302392583603814,3.9729493317237075,10.71236996200577,0.0,2
19,4.528974525876595,3.365867707657454,5.305555574176118,6.233559111001952,3.903100903281061,1.8318214693473813,0.3197875296122795,6.311710577099908,0.7976320982240825,0.0002192501644344335,1.0,-1.0,0.0,0.5783122983001441,2024,1,0.3197875296122795,2.7457944586113547,10.823102632289103,1.0,5
23,4.82664838946589,4.242509855361517,6.392919993350171,8.575399086401255,-0.4938400964503008,0.8247628556113442,0.38108654610078546,2.0830199104080105,0.6908553230209403,0.24408553230208369,-1.0,1.0,0.0,-1.6135366973215335,2024,-1,0.38108654610078546,2.6025923560580595,6.216683410345751,0.0,2
80,4.117335023133629,3.085809350259186,3.7801479160592972,5.509128614036034,1.574657865613327,0.6022701521455718,0.3559155088029423,2.2573249676300904,0.5338815789473541,0.20855263157895215,1.0,-1.0,0.0,0.3376315420376553,2024,1,0.3559155088029423,2.610754331950572,3.697970787449322,0.0,0
246,3.633751354652381,3.3915636181360376,2.1868622568237197,3.8295518125308945,0.5343654338628352,0.7764799289888684,0.18406752555407824,1.6727601981656555,0.8241335044930573,0.055198973042310084,-1.0,1.0,0.0,-1.0237591303124234,2024,-1,0.18406752555407824,7.031016441997191,4.861954226798799,0.0,2
109,3.2220520632288943,3.331273532117221,1.9621401750965248,4.149726912367352,2.0684773079326364,1.8009385834740983,0.21479354855592506,2.7831457939461073,0.6146660439047148,0.0,1.0,-1.0,0.0,1.0643540886736842,2024,1,0.21479354855592506,4.530505077188201,9.155935022660378,1.0,1
25,4.841195565990667,3.3732276339710427,5.985134654852057,9.722065320034304,-0.018843844998552718,0.3279194309549066,0.24879033975416182,1.7424088091501315,0.3744680851063661,0.31373307543519746,-1.0,1.0,0.0,-0.32832315663472567,2024,-1,0.24879033975416182,2.2633179660710088,7.763860752561368,0.0,0
92,3.495142617080466,3.0983910194389037,2.818980347433177,4.886768530040223,1.279524989340012,2.0032291528074686,0.25928740338469985,2.8361002860257574,0.8194444444444444,0.0003472222222171695,1.0,-1.0,0.0,0.6174457681302156,2024,1,0.25928740338469985,1.7926785669513738,3.7041544679357914,1.0,1
671,29.446873160725637,3.2871303804339242,5.717901451967878,8.0787177997834,0.3293679171669982,0.7303862802996577,0.38749446768099505,1.0923296082794225,0.4911771275407541,0.41657359839178293,-1.0,-1.0,-2.0,-9.862868037427116,2024,-1,0.38749446768099505,1.0127667966395286,19.205315496757795,0.0,4
25,5.71121046940446,3.1617153591714575,3.4077494776792854,4.041655482413461,1.5965983385483684,1.6204886694132212,0.3985040874121755,-0.24539760261638044,0.5888417222558987,0.23044269254093186,1.0,1.0,2.0,7.952095039290517,2024,1,0.3985040874121755,12.011408444800017,2.5457180635981103,0.0,3
353,11.607061600822858,3.629075224500703,2.635112996680521,3.8478522250051,2.5979077556215624,1.5608176828748566,0.28554863916845374,5.730546502933369,0.3635625338386637,0.18787222523010608,-1.0,-1.0,-2.0,-9.544651160519525,2024,-1,0.28554863916845374,4.357257328794585,5.622575904293177,1.0,1
130,4.592389075399896,3.973765285999831,3.8125351906957494,4.7930091269775446,0.3256200528495249,0.7737250440120473,0.25374902413797923,4.296565594508945,0.6794676806083678,0.07338403041824819,1.0,1.0,2.0,8.97570872691212,2024,1,0.25374902413797923,2.118577913088905,4.247714776260802,1.0,3
109,3.7238630759259053,3.412620497588924,2.354775523612336,4.3736462078434855,0.7955430332745455,1.3280158607066406,0.2822507138137275,3.2439526986913245,0.5863758882626899,0.06763048272481902,-1.0,-1.0,-2.0,-8.45783407489671,2024,-1,0.2822507138137275,4.706109399280094,11.145432703399708,0.0,1
40,6.104739150315514,3.248425820301105,4.261532739423742,5.728617780864726,-0.1992727604663349,0.6644997379612468,0.2704551556871419,0.6920186871108914,0.40540540540540543,0.5722972972972776,1.0,1.0,2.0,8.403223559879788,2024,1,0.2704551556871419,4.898751494797166,11.352090938749837,1.0,0
22,4.25316882424474,3.1121772283020164,0.5366282544782628,9.305792443105144,0.5180504953174618,0.7602560311639417,0.33661549139447894,0.404230001147161,0.8513612950699005,0.0,-1.0,-1.0,-2.0,-7.820406921382232,2024,-1,0.33661549139447894,5.202232572477019,6.543514388298903,1.0,1
387,0.6879070925562633,3.5715821046627654,3.534329234069172,4.323117771298657,0.8561039166301125,1.3771469432380405,0.22289337655602195,5.484317643627227,0.8096532970768167,0.0,1.0,1.0,2.0,5.399805874303983,2024,1,0.22289337655602195,3.1455878050266497,2.502033761421474,1.0,3
159,2.480233823691846,4.387001709748175,2.459995277598889,4.985765829999888,1.328401422309677,2.0622001080276675,0.193447173532896,4.105532348853584,0.9828897338403042,0.00038022813687659624,-1.0,-1.0,-2.0,-5.327043676113857,2024,-1,0.193447173532896,1.638310306224871,67.7546046100009,1.0,1
23,5.859271478879602,4.659878116659849,5.935784935888284,9.11616357058537,0.6315941734299992,0.5698484738583031,0.20869554737317128,6.015044888972913,0.6305406721870491,0.13541159279103443,1.0,1.0,2.0,4.958451948631966,2024,1,0.20869554737317128,53.47737535577176,0.0,1.0,3
776,27.915778818784894,3.072941011144902,5.351121070650605,10.28462061693606,0.09765490486861704,7.43393645619687,0.7597821963322262,3.5883581400427014,0.6109463974775265,0.0014588921831642989,-1.0,-1.0,-2.0,-14.292725083948584,2024,-1,0.7597821963322262,10.66397892471313,6.968816206187621,0.0,4
60,4.2777321034933475,3.971860782998117,2.2794549809599127,5.407361076259687,1.1693628061852623,3.423323460343682,0.8451428633318141,0.1819355863822403,0.6817221047947568,0.13149404828123024,1.0,1.0,2.0,12.193863288137031,2024,1,0.8451428633318141,0.6276887358001804,4.841317205111385,0.0,3
454,2.606818200374976,3.44358382352382,3.954642037565471,4.5095378427198005,1.7951438730930964,0.7484423620800765,0.38309515352659707,0.736310603730951,0.338881090836176,0.1644275115299789,-1.0,-1.0,-2.0,-10.885935459862143,2024,-1,0.38309515352659707,0.4303038156393968,19.261767761732358,0.0,1
22,5.638550182069512,7.296324680449887,7.759298276734028,8.301789218670887,3.9356923663072387,2.0885530411838427,0.3792040650991129,7.336814817591456,0.8792785676671968,0.03449183780936959,1.0,1.0,2.0,10.367263958971675,2024,1,0.3792040650991129,8.057202237289024,2.34520139160333,0.0,5
136,0.4278336285648538,3.467450002861117,5.62851607655844,9.459967617866415,0.9840599199518517,1.1121166140272072,0.5256989465258193,3.558292706445314,0.6223936805364132,0.11757141544961913,-1.0,-1.0,-2.0,-11.705907058647453,2024,-1,0.5256989465258193,3.5220069893498094,10.50777898553481,1.0,1
53,7.166831610457559,3.2561664808475945,0.5505392974984483,1.4811991172991124,0.3397759698123295,0.9750109139075991,0.4776348590363368,-0.10573753441930242,0.3985239852398524,0.1712177121771003,1.0,1.0,2.0,11.492004369159462,2024,1,0.4776348590363368,3.7151292992788196,2.3462910354564723,1.0,3
132,1.4485926050721776,4.861371248354799,3.0945185451777726,6.200000053412902,0.8970752133476123,3.5306744166242625,0.47597624080652645,3.7509907919338636,0.8720436142066937,0.050268580133085015,-1.0,-1.0,-2.0,-11.324207619990851,2024,-1,0.47597624080652645,15.783407543381195,4.720296336961591,1.0,1
595,9.482013625475988,3.5630071947496433,3.371183732495748,6.3808229264235035,0.04008774045742573,2.405997286106268,0.8089630357844559,1.353162618777031,0.546984895653168,0.14908336215842555,-1.0,1.0,0.0,2.5077035619376455,2024,1,0.8089630357844559,3.7252698999741343,3.255392521329829,1.0,2
155,3.6063791445887854,3.027088331368025,3.3494650970891637,4.447047489532063,-0.2329076637061529,0.20906708307760766,0.5968250761773718,0.28103355097005656,0.44606164383561536,0.263270547945203,1.0,-1.0,0.0,-2.5181019954711616,2024,-1,0.5968250761773718,6.220583172271318,0.7546850145301094,1.0,0
119,1.7555894604345474,3.0200818137940426,1.8468824163003124,4.125174447385895,1.002598657195589,1.4161593288285639,0.5280929673068272,1.6234578428975892,0.8635748792270419,0.0,-1.0,1.0,0.0,1.6722981865491817,2024,1,0.5280929673068272,0.857059421629483,5.559366624709397,0.0,2
572,16.32238495761797,3.091865888914767,4.335929140287455,4.924015352831577,0.6057505054364767,1.1812870497731325,0.37300464706933767,6.988563813608182,0.559523809523802,0.003357753357756309,-1.0,-1.0,-2.0,-4.107274973904856,2024,-1,0.37300464706933767,1.1746278782398263,3.7007342488658765,0.0,4
178,6.666305358183502,3.461025007743216,1.9182902388060128,2.845518693858349,0.736278383230601,1.0251956155141895,0.2151395614051621,3.568885683780334,0.7895174708818342,0.0,1.0,1.0,2.0,4.107987846198136,2024,1,0.2151395614051621,5.6798501033052515,11.430114290847865,1.0,3
71,2.2911839834045926,7.033013860452814,8.339252485591711,9.987386562674779,4.14747777222857,4.420840287181649,0.2550166451676705,8.852136837143158,0.8293598954931422,0.0026943174395843423,-1.0,-1.0,-2.0,-4.159626213053935,2024,-1,0.2550166451676705,20.46541737105386,5.2849070715129605,1.0,5
318,8.566270332973371,3.35595423943003,3.5879339051410155,4.540783512571196,1.820572419975511,1.609445702271219,0.38045395542714366,4.918140790212667,0.5149298002768206,0.08918331026301124,-1.0,1.0,0.0,0.5489720077370454,2024,1,0.38045395542714366,8.007999693769719,5.133042637156783,1.0,2
485,9.680403636213397,4.8294855195930095,5.100779378933274,6.443404381950675,2.0672580777964384,1.9485619920064798,0.4108418685160856,6.580983316700011,0.6871687000420674,0.02069835927640372,-1.0,-1.0,-2.0,-3.4512091840196337,2024,-1,0.4108418685160856,5.871962362594138,1.5261897624660745,1.0,1
126,2.7458787983371926,3.1743117091535873,1.9319924207005668,4.199811744794891,2.0829813488821918,2.8737552951696577,0.4306395190793329,0.9098373929071197,0.8236304310492932,0.0,1.0,1.0,2.0,2.687005162782222,2024,1,0.4306395190793329,2.9062196826045947,3.0846688802902875,1.0,3
163,3.3081166019766393,4.070053028443614,3.47183539996504,6.706719471693913,1.186613162423242,3.382276892891629,0.3764095613474268,3.378215533819607,0.9269731989181281,0.017211703958692034,-1.0,-1.0,-2.0,-3.1086802297472387,2024,-1,0.3764095613474268,16.05632811091506,1.8204610136978587,1.0,1
574,15.455483972600229,3.451070852497031,3.7784229773592517,5.502404224247526,2.6773674524997504,2.4794631540672523,0.5962204774301566,1.636449760970921,0.4282393957001691,0.27290335076506034,-1.0,-1.0,-2.0,-2.5942093248636735,2024,1,0.5962204774301566,4.833050453673353,10.817705622862112,0.0,4
45,4.212811944181611,4.334686465584927,4.974192286730794,6.964453244921568,1.2891717691418327,4.613137862098115,0.617342141689187,5.3615665214742085,0.8142533406267113,0.07861217472845103,1.0,1.0,2.0,1.9016210330535754,2024,-1,0.617342141689187,3.918666400407376,11.84785331507222,1.0,3
21,6.063527827597855,4.847406901141348,6.105009358529564,6.921356565573473,4.343565547352946,3.9643031431783244,0.6642928839516822,4.778054276063849,0.6972339361017769,0.017010935601460088,-1.0,-1.0,-2.0,-3.0116024060625706,2024,1,0.6642928839516822,2.0600940080696803,3.929093323083123,1.0,5
510,6.691526977865233,3.912596482350489,4.179354477444361,6.0512531017889275,0.37600992562863833,0.9032550381328757,0.32173236841284775,6.347077980797232,0.6305895439377102,0.09232480533926585,-1.0,1.0,0.0,-0.48836974287546214,2024,-1,0.32173236841284775,12.903323529293473,0.0,1.0,2
339,7.744092427299681,3.622356731826957,3.411786522135981,4.401153615251646,1.0442802762511738,1.6074289795805121,0.30502964668784815,3.1727370519697997,0.8101800400088882,0.04289842187153334,-1.0,-1.0,-2.0,-1.7044850162847238,2024,1,0.30502964668784815,0.33709878791208275,9.632049632822484,0.0,1
80,6.757521312504474,3.994987986342204,4.0708804861834995,4.565418810610722,1.0080705093797946,1.8864033871295884,0.27181408839137255,2.7729425500516363,0.4487029679831721,0.0,1.0,1.0,2.0,1.451484905671759,2024,-1,0.27181408839137255,7.071430390775685,7.389431393717039,0.0,3
94,2.7228910205197923,3.2838400394680094,4.381755408959545,5.431821054301911,2.3675599047502254,3.091868739800241,0.31473152849524577,2.051108418824118,0.601741293532342,0.01965174129353596,-1.0,-1.0,-2.0,-1.9556798049445085,2024,1,0.31473152849524577,4.8673983047636336,22.805271836025394,1.0,1
40,4.643382412437232,4.83070023931578,5.651226599900907,5.873008468451422,2.7333005257621212,3.6561444739532343,0.34369092238130955,4.283228712024569,0.9015338941118191,0.012370113805046948,1.0,1.0,2.0,1.7658244884880905,2024,-1,0.34369092238130955,26.42245548294466,0.1225882902114488,1.0,3
304,11.011439527419066,4.756672355063597,5.256871632169521,5.799714508373639,3.776541441950722,9.07412322489541,0.4582213980095804,7.435766239328727,0.9372317986762653,0.030765873881738938,-1.0,-1.0,-2.0,-3.9317737829306365,2024,1,0.4582213980095804,14.894409428996148,0.469524776490579,1.0,5
426,9.820759967425696,4.437288932562396,2.467179525186167,3.193929699327243,2.0063933872000077,3.9635548766526942,0.3909779141348537,4.173766086466862,0.650725084850355,0.04921320580068072,-1.0,1.0,0.0,0.7783382691786016,2024,-1,0.3909779141348537,6.120195628934131,2.446274697842014,0.0,2
190,1.383227152892936,3.4433671349015778,1.311149352456033,2.9414408733205204,0.4864564196155913,0.9521619073414475,0.3812805963420002,0.9886761356442961,0.6006537728139495,0.267229637700896,-1.0,-1.0,-2.0,-1.1299424525443134,2024,1,0.3812805963420002,2.0690078437549095,11.80409388426585,1.0,0
64,3.3509714574702514,3.0549094322594867,5.095967587462949,7.231713039351466,1.158184198015864,3.2697261196314606,0.36898487534195806,4.866170013311691,0.6595456086809137,0.1807392336385204,1.0,1.0,2.0,0.37732649317703626,2024,-1,0.36898487534195806,7.36810253330163,0.00043855142748612676,1.0,3
199,2.2166858337448327,3.296284018746357,3.5289853164339493,4.125424089496655,2.001250161966482,2.5248450124515096,0.24165263093623943,5.993182301834811,0.5568924928066958,0.0,-1.0,-1.0,-2.0,-1.8019261930174562,2024,1,0.24165263093623943,11.808011705178233,6.239460730577135,0.0,1
195,1.2434131629960676,3.145168878154086,1.8401242313490944,4.500101293854963,-0.6476495461234932,0.6147434322277839,0.35892175019856776,-0.2927455040486169,0.4958394517866132,0.16691140479686378,1.0,1.0,2.0,1.3775101497410736,2024,-1,0.35892175019856776,0.859391188313435,17.243722822938626,0.0,3
67,6.0274015056170835,3.909545082551866,2.874491105050817,4.343448507837659,3.389523914185,1.822169321379325,0.29708112672285336,3.459142424436789,0.41824295922656324,0.010298444724677228,-1.0,-1.0,-2.0,-0.965507364998382,2024,1,0.29708112672285336,21.59577002801753,2.2047798266489274,1.0,1
421,23.871257777111435,3.021434829341318,2.933183676220412,4.492137791973278,0.6745912775543738,1.5721980509467093,0.2493253047846772,4.56228646141241,0.5331269349845111,0.08761609907121644,-1.0,-1.0,-2.0,-2.95090532960954,2024,-1,0.2493253047846772,2.3450933707051997,15.450240673215418,1.0,4
41,5.285124133881669,3.0528470174713593,2.975311425522672,3.6473873986512495,-0.19260594103509296,0.7695749832116128,0.24909331755988595,0.008919868825161867,0.2533834586465947,0.6766917293233082,1.0,1.0,2.0,2.6784313846535492,2024,1,0.24909331755988595,29.84938136525725,5.404112673608213,0.0,0
321,9.550360282485087,3.570466133246868,5.182278242961347,5.780836607607396,0.08530813608782971,3.0544137768884685,0.33361995832056074,6.049470165982935,0.6110208816705303,0.1357308584686775,-1.0,-1.0,-2.0,-4.933600273953216,2024,-1,0.33361995832056074,11.542941039319745,0.0,1.0,1
114,0.46849676276296476,3.219717362243932,3.4672616384894104,4.904756232382644,1.4517241619241155,0.34604580060610496,0.37500141815264737,1.287848832466023,0.6845878136201302,0.18757467144561094,1.0,1.0,2.0,3.0113110257512057,2024,1,0.37500141815264737,1.7957114602363073,2.4423526710622716,0.0,3
206,3.8327095112262284,3.7796395479195737,3.3978542154541964,3.881594250851594,1.525407249761694,1.5914567978619514,0.20034832458468071,3.4058583896643038,0.4665548332983911,0.0,-1.0,-1.0,-2.0,-3.30898950165453,2024,-1,0.20034832458468071,1.0265795321330977,17.07755545778809,0.0,1
69,5.068283575259996,4.735476193551734,4.624080560761599,8.000950273065849,0.018630872843384914,0.48031627467144933,0.2171964019670246,3.231330013267393,0.8466243769823665,0.15020389669231815,1.0,1.0,2.0,2.748207141255633,2024,1,0.2171964019670246,7.953286164207528,13.561762973194329,1.0,3
49,4.694659251501548,3.566064397564126,4.676953995632613,6.261574395903699,0.46445108634078885,0.1146571072629045,0.2638643138453377,1.2367488711146883,0.4910843373494046,0.15638554216866069,-1.0,-1.0,-2.0,-3.5936408860856632,2024,-1,0.2638643138453377,6.768387345152454,2.6928587598182556,1.0,1
248,1.0376495583017522,3.576429161605895,2.1214880127641655,3.4284965793690634,0.5051308051385781,0.7149678384431777,0.31727833076616296,0.4660595465588316,0.9038638454461458,0.08877644894205214,1.0,1.0,2.0,2.388156288369148,2024,1,0.31727833076616296,2.968894196780572,10.148752312839596,1.0,3
86,5.338222360429777,4.469742408126403,6.528107437723225,8.114461457571412,0.3765786895603194,1.138514863477816,0.3103080784260322,3.8558447181007973,0.8097899402582194,0.18423588359993104,-1.0,-1.0,-2.0,-2.126426154776027,2024,-1,0.3103080784260322,3.265488467749038,3.2334457425967877,1.0,1
181,3.1501164451754344,3.894041757173428,6.367846837165464,7.577096270577627,3.4014564711276143,2.724961461191564,0.16894242562157744,8.549010581863067,0.8650998068255171,0.0,1.0,1.0,2.0,1.3820902016561256,2024,1,0.16894242562157744,9.54310180102827,8.562699572218914,0.0,5
503,11.32567472654469,3.5944905407515315,4.204929488849411,6.641637496400728,0.9279313778621009,1.7821902865307053,0.2763950623142555,0.6123556047956953,0.611148878314088,0.3042148198504449,-1.0,-1.0,-2.0,-4.113516400337993,2024,-1,0.2763950623142555,9.777709006013735,0.6648842124089189,1.0,0
280,3.5482315391931225,3.768803947728176,5.932714365280643,6.952218784948429,0.4188561466663493,1.0465229146567603,0.1603598568509361,3.212469118298252,0.5565591397849212,0.2425806451612653,1.0,1.0,2.0,2.0693806831195216,2024,1,0.1603598568509361,1.6632613588990857,35.93552740032498,1.0,3
41,4.683715564242907,6.587162016889047,5.813212161103028,6.409687892029047,0.1905984185443289,0.7128491531984819,0.1948658016555331,7.66639014779106,0.6721757533004112,0.06379119217978708,-1.0,-1.0,-2.0,-2.07296874298816,2024,-1,0.1948658016555331,20.46531375169843,1.907378588881214,1.0,5
139,3.6319362894812652,7.403734926201468,7.794701904290842,10.297475235848315,7.549853583247898,10.60252051361062,0.28168970493881595,8.571976077541489,0.9518154986615435,6.863889078953205e-05,-1.0,1.0,0.0,-0.04372740821408873,2024,1,0.28168970493881595,3.1200286260385104,12.584950738924896,1.0,5
29,5.4446774511285225,3.2648916265687675,6.9374127280032845,9.685402669522698,3.9543005094090087,3.881124544138262,0.35795688219071414,3.350283209157689,0.6175371141728029,0.053508490868317486,1.0,-1.0,0.0,-2.240425460897701,2024,-1,0.35795688219071414,5.263050292994336,4.838150312575792,0.0,5
473,5.381610336087773,3.6045277314833637,5.343663083717974,9.902507993423063,1.74051756529057,1.6756410658438208,0.2601640271526061,4.292091438584186,0.5583403538332018,0.13058129738837326,-1.0,1.0,0.0,-2.648101766848484,2024,1,0.2601640271526061,2.4625466954555653,15.180625823047611,1.0,2
28,5.707603565940626,3.0237410732166357,3.753530058513806,5.083032439673002,-1.1682462716132507,1.3211888206178009,0.29928444593516923,0.09706373406651199,0.13732394366199147,0.8411580594678995,1.0,-1.0,0.0,1.2216132298113247,2024,-1,0.29928444593516923,8.571068908682188,0.692216044666329,1.0,0
217,0.743850587644254,3.072449787110262,1.8209636640426723,4.159246550824737,2.2804736926589855,2.9196386102174343,0.2789912712055286,6.300730804695154,0.6261261261261356,0.007586533902316424,-1.0,-1.0,-2.0,-2.4744369743926957,2024,1,0.2789912712055286,3.5096025163740943,8.290721227586593,1.0,1
35,5.077853500521175,3.027472906776446,0.5961452363708705,6.152100301769419,1.5138776144938257,1.2154217847887023,0.3127910238603757,1.9234779233585129,0.24399399399399266,0.1490240240240123,1.0,1.0,2.0,2.820935215761519,2024,-1,0.3127910238603757,6.757135856495535,2.317409651244552,0.0,3
663,15.746232483613545,3.4501922548285613,2.5433073948005678,4.612658319897975,-0.15138546316085386,1.0543326030643854,0.3114736100839392,1.139601778083028,0.7935343656615043,0.15892420537897373,-1.0,-1.0,-2.0,-5.455249212019642,2024,1,0.3114736100839392,2.0631351025439004,4.1412917762587655,1.0,4
99,5.029532674723828,3.3196453904704404,2.632851017551074,5.410574443667562,0.5290750549394052,0.9389890124466744,0.3004671264584517,2.038897539554627,0.5815061963775078,0.32824912615187984,1.0,1.0,2.0,4.605137464815872,2024,-1,0.3004671264584517,4.594368760693382,1.9330899497634109,1.0,3
162,1.4094099508118045,5.915669157945532,8.130755724641267,8.618042718439337,2.110869924505428,1.099081279698366,0.19150746693077367,8.733377298184877,0.8879005886200074,0.014650098103341223,-1.0,-1.0,-2.0,-5.227457409628093,2024,1,0.19150746693077367,17.565173354565303,3.372939660196082,0.0,5
222,3.766319193668565,4.560245160288191,6.139119057830561,7.953760304156996,0.9142116083405603,1.7052844118906496,0.25819185100806075,5.356500611840889,0.8279755070799815,0.15614236509758664,-1.0,1.0,0.0,2.371356987788553,2024,-1,0.25819185100806075,14.900081847422465,2.9190694531423516,0.0,2
391,18.132476325122088,3.1970460214703835,2.768745417712741,4.275887665783555,0.7530187967131545,0.7967209373042001,0.444349910536254,3.0748741529801396,0.811594202898555,0.0001628399283480623,-1.0,-1.0,-2.0,-6.755631005048239,2024,1,0.444349910536254,2.8435763749482086,4.627437266962751,1.0,1
87,4.202258396449735,3.007788854957693,2.308124298306605,4.137088931191833,0.5393793490024533,1.1695902350811025,0.37605623821498474,0.7664969163001907,0.5303342963268611,0.13082955014446548,1.0,1.0,2.0,6.32173906914857,2024,-1,0.37605623821498474,11.60157135112667,6.95015937397866,0.0,3
75,1.5141454695324434,4.044869720164253,7.7032524072490345,9.670596249565603,3.942043976248705,4.119734934574259,0.4637079230940152,5.052690699707574,0.833031791160511,0.027138795554406722,-1.0,-1.0,-2.0,-7.644807291383285,2024,1,0.4637079230940152,1.6134459367157792,10.7431159571511,1.0,5
22,2.1667610326663587,3.948973141567091,5.120800728888949,6.773454504264696,0.7062521482189397,1.2256112027680595,0.541291629827642,3.733583268705023,0.9764954527987723,0.02318432176251893,1.0,1.0,2.0,5.997470215584996,2024,-1,0.541291629827642,2.329932760739848,8.53577563252077,0.0,3
73,6.361186476784149,3.4958115623593597,1.351078094421463,2.750385054880807,1.0096941826532686,1.30883856136441,0.5163787247014435,0.6277079078105839,0.8076171874999922,0.00024414062499644815,-1.0,-1.0,-2.0,-5.595673973628149,2024,1,0.5163787247014435,5.45388093444706,3.209564050282848,0.0,1
259,3.2342528230831853,4.556855777250848,2.9191634495185657,3.872009669070401,2.353600355326536,2.8086684042081442,0.4431010299756533,2.1830080993383887,0.8115252947888969,0.029669075694177365,1.0,1.0,2.0,4.591240895024221,2024,-1,0.4431010299756533,0.18745823490555039,7.643509816446745,0.0,3
69,6.4063400284462615,3.295134367916741,1.2668069302074954,2.1181714029335406,0.16002561496793966,2.3769341892618243,0.40980424502981466,1.8207333227089195,0.7217438105489724,0.07400430570505949,-1.0,-1.0,-2.0,-3.4835671079462345,2024,1,0.40980424502981466,2.362672245616312,5.337223523177101,0.0,1
562,22.85767795999271,3.2597248422064404,3.943949279234274,6.109327151837268,0.18767593023831566,2.238803356262223,0.38326219773146986,2.4955746070482148,0.8593672763222895,0.020761245674744154,-1.0,-1.0,-2.0,-3.164723878421871,2024,-1,0.38326219773146986,1.6534643312109516,9.272280130742669,1.0,4
91,4.231664140373686,4.231408176020115,4.015062641195832,5.141390436920671,2.7391253784329725,5.4245454810082645,0.3581147816105185,4.260144989502868,0.7165021156558533,0.007052186177715092,1.0,1.0,2.0,2.3627685835206145,2024,1,0.3581147816105185,9.688306264216612,0.5833228492710544,1.0,3
350,7.515756427551684,3.244937165846554,4.065966991654425,5.186980875749606,0.7064614218146312,1.638280588492498,0.33615445774605063,3.7805266241155975,0.5262295081967273,0.11106557377048584,-1.0,-1.0,-2.0,-4.817075068815675,2024,-1,0.33615445774605063,4.97011141672042,3.6219435425492943,0.0,1
269,2.276518456242031,3.2442091112265494,1.696818304305395,2.9640973685595267,-0.912813850204664,0.5104605146958688,0.3825570365841089,-0.5034172530811503,0.6592494187977289,0.2945865161076384,1.0,1.0,2.0,2.582258281401023,2024,1,0.3825570365841089,8.100390875630062,0.11854808833060274,1.0,3
351,7.69726178553796,4.6921307237000205,3.659663745824513,11.083553058782787,0.5561442004165638,1.6569607873703782,0.3536931294573586,2.99688217387968,0.7994381336264839,0.01783315011602702,-1.0,-1.0,-2.0,-3.9541893646512056,2024,-1,0.3536931294573586,7.678784997836748,0.908302086313023,1.0,1
901,27.664654704034124,3.151404679698801,5.471198547448508,6.3842055424917845,-0.08115754839685622,2.817181858669738,0.7385514114360541,3.2649450586928426,0.836724097238615,0.01647392022657266,-1.0,-1.0,-2.0,-5.898836438906404,2024,1,0.7385514114360541,12.647117315158726,1.9732655705742794,1.0,4
359,11.907620677849978,3.7144924375822463,2.6776666751919853,3.0910545764693134,1.459278103361942,1.0333927557247755,0.37642339784185663,2.803625539796986,0.9590277777777845,0.0,-1.0,1.0,0.0,1.5864428519705667,2024,-1,0.37642339784185663,9.005887069099279,4.585131107594562,1.0,2
181,0.7172324244908336,4.05807448802164,3.7003565185067,5.828822267280779,0.6942209616996527,2.8213771835925128,0.5043612298264917,4.804117712467381,0.9320559687381892,0.0,1.0,-1.0,0.0,-1.8398488188849076,2024,1,0.5043612298264917,4.071733709107534,5.961667324006719,1.0,1
86,3.485067456692642,3.8841836226535915,7.320948282778704,9.548389401498582,1.4478671482193644,0.8642314910611444,0.4917665861258478,4.2898326308413814,0.6266828380836924,0.018071558520317107,-1.0,1.0,0.0,0.34471083544264297,2024,-1,0.4917665861258478,4.7736782924528285,2.5606966060337744,0.0,5
212,1.2131365734119341,3.1714565439961255,2.5912331678870104,5.156245326389712,0.28911621038082086,0.7593528419272755,0.5062007556739507,-0.1286758017802763,0.38212094653814843,0.2843996494303024,-1.0,-1.0,-2.0,-2.589211481248402,2024,1,0.5062007556739507,0.8672847787483805,2.680185452886831,0.0,0
210,3.1080682065672502,3.6992861254855574,3.952413251155328,6.214980567762007,0.9190813720919269,2.6735117524087877,0.29441440025571275,1.945309849475769,0.6667730609639307,0.21481008617938807,1.0,1.0,2.0,1.1693626300517928,2024,-1,0.29441440025571275,5.906947775999191,4.206699233098352,1.0,3
99,2.8010791407619746,6.237559291896506,5.1496506721559685,6.481030728710222,0.11862883899058158,1.307828349284134,0.3489723279143192,4.116341410405887,0.9225092250922536,0.027126757754061204,-1.0,-1.0,-2.0,-1.2897491281490236,2024,1,0.3489723279143192,5.226177694328484,8.486418968125587,1.0,1
59,3.818166987128087,3.885087187046499,8.598757051808967,9.394546278779384,2.92644887100514,2.483400536020546,0.3774039375409283,5.629452803722654,0.7474335188620939,0.040940012368581996,-1.0,1.0,0.0,0.3388376214107954,2024,-1,0.3774039375409283,1.5015061022747174,6.115011954614897,1.0,5
109,5.058920454835698,3.9518651570855448,2.4359215365174642,4.672148844554566,0.6963007783685804,0.9963563593321442,0.38046176548198324,1.678044814947479,0.8762626262626347,0.04755892255891979,1.0,-1.0,0.0,-1.1235060390687654,2024,1,0.38046176548198324,6.004313828447472,3.2029388019006304,1.0,1
467,16.304108576170485,3.0275351575700222,2.1062058644849744,4.035379189319202,-0.1231733928034814,1.4489954998477323,0.2959333413773509,0.2785318053283024,0.9825783972125436,0.01672473867596833,-1.0,1.0,0.0,-2.3610883829818237,2024,-1,0.2959333413773509,8.317855156036064,3.631573849632522,0.0,2
289,9.27633385872514,3.4287357510146803,1.5787022675062328,3.935694697464583,-0.1765291178632936,1.0100102115549796,0.4076063307174924,0.4252097111417175,0.43891891891890317,0.34954954954954953,-1.0,-1.0,-2.0,-1.0628961878513326,2024,1,0.4076063307174924,0.6005101873597074,12.14816422560272,0.0,0
13,5.435983075444957,3.6838623505833774,3.787126472710849,7.498121992739517,-0.08104332103708489,3.9680845666308424,0.4347771790347282,2.8735034663849386,0.6510318949343339,0.23008698618455137,1.0,1.0,2.0,0.4037525137066462,2024,-1,0.4347771790347282,6.562410436558953,2.7205162887042915,1.0,3
393,3.1732101443946985,3.2236914948441027,2.331756658209613,3.3533072044580523,-0.12130096640375904,0.9031949421560227,0.339018138102236,3.661006306327429,0.5458964826994493,0.030311695739211213,-1.0,-1.0,-2.0,-2.130781573258418,2024,1,0.339018138102236,4.141732111846703,7.163860833632645,1.0,1
69,3.118061612510835,4.284584227675069,7.098644415954931,7.731019193640404,1.1487154669644626,2.8561087862971997,0.32737201690722484,4.533519438122311,0.9649021864211683,0.0,1.0,1.0,2.0,1.4902930407927866,2024,-1,0.32737201690722484,12.21095637078273,2.0148368334101616,1.0,3
107,1.5363168477092284,3.2098117429724944,4.267790102886721,9.724605360143627,-0.34421491512902214,2.423313669005584,0.3911610631301169,-0.09862778869585026,0.5516140475345839,0.003192621496989892,-1.0,-1.0,-2.0,-2.1623159514795045,2024,1,0.3911610631301169,0.3306497206443791,11.366467350469167,0.0,1
42,5.391287209248219,3.080083424667551,4.267177320505877,5.711620015109076,2.2015757278715657,3.7118550895202738,0.3868113134804559,1.0196880449592567,0.4728566080119668,0.16885061774615795,1.0,1.0,2.0,2.2765762818503523,2024,-1,0.3868113134804559,6.607373844227821,1.0951122938694657,1.0,3
364,14.735444647334967,3.8680958418104483,4.808717454682606,6.079868421562993,2.0736985611358643,5.591392507760689,0.3146132951410321,7.453496415549217,0.8573928258967645,0.0,-1.0,-1.0,-2.0,-4.874602093564177,2024,1,0.3146132951410321,17.090558513929395,4.466595264230871,0.0,1
254,5.128485909882115,3.595925931381348,4.628124959701821,6.089863188519137,0.7168722515724167,2.0003386668101237,0.41969917287296354,5.0978837754869435,0.896008543585634,0.04338539580830338,-1.0,1.0,0.0,2.035980268457337,2024,-1,0.41969917287296354,0.8501859563747347,11.766607848940705,0.0,2
13,6.141532644928623,4.152004741102454,2.9119132939040813,8.221918974517425,1.600544050278375,4.421862266757667,0.4425385362507404,1.077069966569859,0.7642857142857243,0.1467741935483804,1.0,-1.0,0.0,-2.095078960167054,2024,1,0.4425385362507404,3.903469975880021,1.7273795994549557,1.0,1
408,12.724552283863687,6.397982189653127,5.696063629278043,7.849427511609069,1.24086863623036,1.4717307424395287,0.2390382764627775,8.047704532745517,0.7612572161642004,0.042719692110330866,-1.0,1.0,0.0,-1.0889506679985148,2024,-1,0.2390382764627775,9.678399609882359,3.113734295660037,0.0,5
143,1.8979693349247058,3.0542124556523187,2.7557925874339815,3.3712736933597327,0.03116982158609092,0.15330060582406477,0.298350561173795,0.186335739116446,0.5189504373177911,0.042759961127321604,1.0,-1.0,0.0,-0.15269028934362033,2024,1,0.298350561173795,12.171464446164022,1.9557237717273324,1.0,1
501,26.364952904649577,3.0568746397422837,0.43367456364392104,2.6935496390862212,0.7367982701771201,0.09043725294306955,0.20819888986908175,0.418145092007313,0.8453772582359246,0.13336875664186468,-1.0,-1.0,-2.0,-3.2247811377072075,2024,-1,0.20819888986908175,0.9688474294172454,17.37620175394519,0.0,4
26,2.1709355429194725,3.934164077532399,1.6545868737881446,7.621653706064979,1.6046716545701065,2.032973585201481,0.23583025134117944,7.413385548762848,0.7260101010100999,0.0031565656565656517,1.0,1.0,2.0,3.761921341743623,2024,1,0.23583025134117944,8.315017119465125,6.3164204596450775,1.0,3
268,1.9185683840888537,3.084230768759854,2.635396131990173,4.848588288783569,1.2885622203164677,1.6854708088390031,0.29327676256495694,2.4378964570296473,0.2787513691128251,0.31599123767797127,-1.0,-1.0,-2.0,-3.4653694318647137,2024,-1,0.29327676256495694,2.376992162535531,14.736053981932342,0.0,0
67,4.977080216423078,3.8021151078882567,2.9503432322317917,3.6767087597828554,1.8666327262693192,0.6289284594094177,0.2638063330328131,3.525499066773198,0.7791428571428488,0.04828571428571844,1.0,1.0,2.0,3.764615831712682,2024,1,0.2638063330328131,10.502773095524976,0.3690881745686299,1.0,3
344,10.86540286330006,3.3441244729285127,3.6530527668734707,6.342981495817269,0.6790709515539699,0.34889445096204835,0.1799326572470393,5.288507711305128,0.7281170841542217,0.08668730650155547,-1.0,-1.0,-2.0,-4.938770201383681,2024,-1,0.1799326572470393,20.292085924807623,2.6779962187392843,0.0,1
434,17.57605241793146,3.1049181952749674,2.7025777044551216,3.272663318568261,1.051240465278212,3.8359951541059893,0.3562559138164118,1.8687984616724946,0.9866455807415242,0.0,-1.0,1.0,0.0,-0.23178049280033017,2024,1,0.3562559138164118,2.5637979129526176,5.402887765258242,0.0,2
332,3.00425920264499,3.47219836824708,5.330087176973357,5.984695629333867,0.6385121818757565,1.43129663511657,0.3104845685930405,-0.11032677988860079,0.9280528052805425,0.06303630363035824,-1.0,-1.0,-2.0,-1.8973572525604083,2024,-1,0.3104845685930405,1.836943180793263,5.1167179662355755,0.0,1
343,4.545537169518027,3.004161922775304,1.629553701272991,2.8720955231600502,2.750720595793071,1.8922183695303876,0.2854371699016428,2.7231041068888886,0.20984455958549994,0.023891767415071312,-1.0,1.0,0.0,-0.7054458575990211,2024,1,0.2854371699016428,11.023283869401709,0.24736841775183568,1.0,2
199,5.895687936274574,3.983412777559264,4.572986027197807,5.957085560707353,1.2283122149023349,1.4819497262504948,0.2126992594283494,3.369190239990658,0.8702745722244403,0.1293274970155178,-1.0,-1.0,-2.0,-0.867056669931107,2024,-1,0.2126992594283494,0.03865776353174548,32.31258434500488,0.0,1
48,4.652167375616397,4.825725952797683,4.724356179720808,5.914803032590455,1.280819947996175,0.9507740627789177,0.2363287626556865,5.16563670026566,0.9169283919597971,0.0,1.0,1.0,2.0,1.2346713012954276,2024,1,0.2363287626556865,21.577099863832306,0.856239426460422,1.0,3
712,33.22582456059771,3.820072264990067,2.245788028586081,4.031972925740592,3.574826499789817,2.378903012444639,0.21140223344368014,6.631667205036342,0.3142006802721189,0.019557823129245755,-1.0,-1.0,-2.0,-5.536260818357334,2024,-1,0.21140223344368014,9.69275149453939,0.14345188647716697,1.0,4
289,1.7920498378573169,3.8980298707066843,2.510198731807646,4.699402797849611,0.33724720389261564,1.3115002313973927,0.28844630661750625,2.468047364395141,0.4906107926467968,0.32377940304406055,-1.0,1.0,0.0,3.5878713959377055,2024,1,0.28844630661750625,5.195206660576759,3.085740122973503,0.0,0
113,2.6356364029906483,3.7003132950994937,3.5277542620136844,7.848807174050904,-0.22187302360222752,2.8093657569673938,0.3271793290218892,5.751383841668962,0.5927911027736928,0.2850060297467456,-1.0,-1.0,-2.0,-3.7471085214163993,2024,-1,0.3271793290218892,5.720991706196446,3.4184126372410777,1.0,1
173,4.317939663226823,3.139456302353417,3.4303886154479444,4.3324396373521425,0.8859781361864639,1.6035906118600516,0.19389914675094003,5.889711732165167,0.7559808612440594,0.03054839896940908,1.0,1.0,2.0,2.7942693363591733,2024,1,0.19389914675094003,11.19779580744556,0.5021569986573632,1.0,3
388,17.683127097232095,3.2483745761457454,4.756881174043049,7.045096904635328,2.592066350899303,3.1329479959290856,0.2974348792455672,5.390240717685871,0.2519432240621918,0.11777627576883533,-1.0,-1.0,-2.0,-7.549049846735521,2024,-1,0.2974348792455672,10.877055204917133,1.2414184434344857,1.0,4
97,0.7866725758371613,3.1710094135946076,4.708575084511399,6.570885292658714,1.7083382326246273,1.3425397180156153,0.3416535316177085,1.6913667088772346,0.4391566265060329,0.32921686746988826,1.0,1.0,2.0,4.419732481646475,2024,1,0.3416535316177085,0.568516237168464,11.004411484889847,0.0,3
5,2.44155302085737,3.036567816472717,5.4125166310307105,6.500367538947127,1.0521612536537963,2.2273889687857182,0.3742777959184335,3.6593609843978854,0.7980644603819265,0.007085457530456294,-1.0,-1.0,-2.0,-4.419732481646475,2024,-1,0.3742777959184335,4.2998376651737855,2.2731041969840557,1.0,1
379,4.8160094366406545,3.3963031528657974,2.189470043541236,3.108048707968989,0.4338529466744991,1.0572138305855503,0.3148736629991135,3.5678513144233777,0.6521939953810714,0.0868360277136169,-1.0,1.0,0.0,2.21998526119341,2024,1,0.3148736629991135,29.02616950797245,3.071855334158645,1.0,2
899,29.952521060788513,3.1600449182417187,1.732528741494483,4.080168035891185,0.9142877915188297,2.201893305136645,0.7040807812134126,0.3057488729964251,0.8152413624111874,0.1808380298946236,-1.0,-1.0,-2.0,-12.369532395258062,2024,-1,0.7040807812134126,0.47210714410647137,8.028923121918682,0.0,4
52,5.202213815486256,3.752256183416792,2.9098111452020197,4.937021997069021,0.5732746216345528,1.0749589599066054,0.5889701485239685,1.4813192342043062,0.820284542201279,0.13066247708824077,1.0,1.0,2.0,11.905908915024206,2024,1,0.5889701485239685,2.243369320654519,5.441953208141514,0.0,3
231,3.715640691329563,3.6921469301822403,1.5927198925959867,3.2804101699764474,0.4913633546263251,1.2095193245655835,0.37069523946754723,0.5640999109417802,0.6029499701016579,0.08810045844129429,-1.0,-1.0,-2.0,-10.556401636029795,2024,-1,0.37069523946754723,1.3779779397392888,10.610974552211246,0.0,1
35,5.7338507037070565,3.3037701593687814,2.7905430198685504,3.242876994087346,0.8224666338447113,2.1871054395173117,0.348562031748529,2.494578519100025,0.7789007092198376,0.059574468085116704,1.0,1.0,2.0,10.799042881513168,2024,1,0.348562031748529,3.893146292669636,6.389138964555178,1.0,3
29,4.182839417679694,3.021183871804489,3.1568168702051764,7.145921774610364,0.2029936726919959,1.488759282216309,0.39136296839073087,0.41582394802958217,0.7482541304718019,0.027763583716578357,-1.0,-1.0,-2.0,-10.171357815105987,2024,-1,0.39136296839073087,0.23539171347788182,9.505260051881383,0.0,1
7,2.973685064388494,3.503391093942659,4.444411471233789,6.623727518421985,0.8686909595979716,3.437829563576325,0.41829574779787776,5.6563873066763035,0.7329686150302349,0.0,1.0,1.0,2.0,10.171357815105987,2024,1,0.41829574779787776,2.3776483639826456,5.885245064931824,1.0,3
564,19.529378301687323,4.769948239588337,3.145273292272903,5.094155559645385,1.4340104402454565,1.740949521591748,0.28045110058618755,5.944807743573566,0.7225335592336851,0.0,-1.0,-1.0,-2.0,-10.899677800914953,2024,-1,0.28045110058618755,3.2842684899269097,8.428565553235323,0.0,4
82,5.292666195724936,3.0747975121257274,2.3687480686066853,2.801146619646653,0.13563732291398975,0.8615176024921654,0.30065338712271594,1.634335228314907,0.6204188481675582,0.03160059835451486,1.0,1.0,2.0,10.931400652367861,2024,1,0.30065338712271594,1.299219359287035,20.94063684857101,0.0,3
22,4.243910424088591,3.550950241602475,2.9421517114317113,6.173765256979777,1.2913586509499744,2.272885689340934,0.3155017394562414,5.211158155925413,0.6744161245601052,0.13906366641782508,-1.0,-1.0,-2.0,-10.956943900485363,2024,-1,0.3155017394562414,16.829763422082724,0.06818580010895617,1.0,1
196,5.010100051026869,3.943434485762636,2.888732317040488,6.525362718160039,1.549358590137569,5.33467522903188,0.435136250643841,4.4021557140991545,0.9130667618707533,0.050606926097832204,-1.0,1.0,0.0,6.206246023404687,2024,1,0.435136250643841,3.9050758252571316,2.223026117522838,1.0,2
333,1.3649214108652172,3.0923283088713633,2.9058630868756254,3.9370885112125396,0.20583645317487512,1.1339394644362848,0.23887646673141089,0.9417134193023688,0.2888750389529864,0.3733250233717374,-1.0,-1.0,-2.0,-6.9667314933675275,2024,-1,0.23887646673141089,0.0414936108903026,10.574755929106512,0.0,0
42,5.773965527373096,3.3351026768087655,0.8596577781104627,3.5295342698694454,1.7228537284191394,0.7061301964033366,0.22261339965366475,2.7579821993524654,0.6277516695523153,0.04748948800394992,1.0,1.0,2.0,7.3584877878686665,2024,1,0.22261339965366475,4.226766101713213,11.646678647078765,0.0,3
72,3.621708795535794,3.9770315021742335,2.1348309793461877,4.338745200352488,0.793344414238238,1.7563546847404712,0.26261850704396333,4.250323748311097,0.8170900692840601,0.0,-1.0,-1.0,-2.0,-6.678176868419132,2024,-1,0.26261850704396333,5.984038036210871,6.065826241854434,1.0,1
201,3.2590587120626457,3.2266814125704237,0.7181573231822358,1.7267764946715947,0.08968575260104752,0.30109672353191175,0.32222464895661684,-0.4113772502993364,0.4708377518557803,0.39766702014845007,-1.0,1.0,0.0,5.91994302023699,2024,1,0.32222464895661684,24.361687797000574,7.562244596894456,0.0,0
28,5.982241744815769,3.354538437208303,3.642564128928018,5.267340251072295,-0.13080922529559297,1.8862766635887953,0.3436695733119294,2.4365215006329777,0.2630166398282299,0.44533905886563757,1.0,-1.0,0.0,-5.22742014694771,2024,-1,0.3436695733119294,0.8142274302669923,29.779387265112288,0.0,0
13,5.799379903517525,3.784148974245855,4.3283536851806454,7.771670925935447,0.25996188132632914,1.1643072050208951,0.3482023784708887,2.1417419972484484,0.6786376664980543,0.2760074186477752,-1.0,1.0,0.0,5.22742014694771,2024,1,0.3482023784708887,21.689001858561085,0.27779162581875716,1.0,2
106,2.2171106469133575,8.704638266529958,8.417680918830422,11.558601632740457,0.7891776599099602,0.4790597913131299,0.6341717758578711,4.659871168333215,0.5253416989317546,0.01961561785697591,-1.0,-1.0,-2.0,-6.5338404772591385,2024,-1,0.6341717758578711,0.25788929677269395,13.21603050498141,0.0,5
77,9.749165928816451,3.643116226610544,2.4580852864690534,3.8659914495753918,0.4859560496364379,0.03122288223319574,0.5395345848409725,1.1674425293835582,0.8220191470844275,0.11413651622528426,1.0,1.0,2.0,6.079824574651146,2024,1,0.5395345848409725,2.3307462373421997,3.395646638060594,1.0,3
246,5.1883759932874005,3.384837503276984,2.99625823331095,3.1571505564501745,0.8582656616762717,0.7395142404494345,0.31567397071677517,1.897671951967716,0.6795491143317343,0.03879373444590803,-1.0,-1.0,-2.0,-5.163738503960375,2024,-1,0.31567397071677517,14.78121947530579,5.905486886640442,0.0,1
222,0.039805839131506794,3.079373390274364,1.741214483646605,2.1087783432292104,0.7646354118125865,1.802561380274416,0.4341288080710105,0.3504059059766865,0.5705962322780961,0.4055156341037197,-1.0,1.0,0.0,3.9344078613418265,2024,1,0.4341288080710105,6.8126180586098455,0.06122184614957946,1.0,0
630,14.579140446790179,3.6828692406561157,2.9816484791323727,5.679980906968586,0.38216489610367327,2.1022468592978605,0.3792414276496732,0.7306670895733702,0.9446202531645848,0.00019778481010931682,-1.0,-1.0,-2.0,-5.88457557482306,2024,-1,0.3792414276496732,13.900699688239794,2.7942045559087507,1.0,4
616,20.657050300497122,3.222059074430947,5.419564915865855,5.882256952069938,0.8921970427398923,4.316976292742116,0.4110213444472011,2.370802944120316,0.276382791922729,0.4207199297629602,-1.0,1.0,0.0,-1.1048546982211989,2024,1,0.4110213444472011,8.150206441004705,0.24297652830172162,1.0,0
168,4.023691363302685,3.2293404187375048,4.0986946878628805,4.979216988833663,1.953505963194759,2.149898480989279,0.3710509192562898,7.040643715225166,0.9313933143014882,0.0481628142554586,1.0,-1.0,0.0,-0.7248194518482529,2024,-1,0.3710509192562898,5.682686832199566,0.17426422992614288,1.0,1
497,7.124275232396358,3.5571723301314573,2.0977136158167915,3.462128172269724,-0.2814522963392399,1.4411972855483033,0.33977875720182527,-0.17130228865414887,0.9359278595159007,0.0,-1.0,1.0,0.0,-1.0893096977881742,2024,1,0.33977875720182527,4.645469729311709,6.094053724598884,1.0,2
683,18.71929584355473,6.365257523020581,7.535791490030713,8.454667214820825,3.5572578240351795,1.8445868983873535,0.2810928604436538,6.622804704901425,0.7956559513466533,0.09800173761945966,-1.0,-1.0,-2.0,-3.033690481968993,2025,-1,0.2810928604436538,14.764448949505129,0.8243174216106182,1.0,5
299,8.987888995589566,3.096166013022588,5.073099195654174,7.6897503597284125,1.1167069659293303,2.5133866293085236,0.48693286629135146,2.7533064668071,0.8293225845265325,0.09649861629165832,-1.0,-1.0,-2.0,-1.6998094234130274,2025,1,0.48693286629135146,0.0,4.197236286541847,0.0,1
244,7.49300727117772,3.287666267644563,2.3888274914840504,4.9405295846601955,2.538429718696155,2.5208973615908046,0.2754872576173211,4.860060147865045,0.34567709947319925,0.06275178184071808,1.0,1.0,2.0,1.2539123477505987,2025,-1,0.2754872576173211,18.207053689151977,7.1114153472134065,1.0,3
73,2.0907097689809664,3.5138128115502303,1.4496288640048653,2.142526929203548,0.5030654432868432,1.2349835694245024,0.42070219964272804,-0.32861946937629144,0.8788703640693921,0.02824089826472565,-1.0,-1.0,-2.0,-0.9093729116213557,2025,1,0.42070219964272804,6.002780203563667,1.0160669243646612,1.0,1
568,17.679045561761917,5.900467088510117,6.585239213194926,10.865718008400686,0.6737306203553438,14.545272026010487,0.47149537437117867,4.689472109836421,0.8681823727986369,0.0013015007931008636,-1.0,-1.0,-2.0,-5.979975266843557,2025,-1,0.47149537437117867,3.6887895748477666,18.301104671306426,1.0,5
31,5.623160006416592,6.667999677146259,8.36850697513299,10.122738547908597,5.964289919945084,3.711885274399825,0.5664248775992343,7.812439958512651,0.5395229758475927,1.882494682062097e-05,1.0,1.0,2.0,2.834896374010708,2025,1,0.5664248775992343,3.194287115768076,12.240061749670812,1.0,5
43,4.1400545816607925,4.958579104294506,4.699633763075945,9.082983641004178,-0.06735297024246319,11.721811191522274,0.8121970916044762,3.5151476962870807,0.7437522831295527,0.13410834389840162,-1.0,-1.0,-2.0,-4.398059952837042,2025,-1,0.8121970916044762,0.7450459977155364,7.1670637476336605,0.0,5
90,4.275645711027011,3.0117994227166154,3.058032035616759,4.2974053975005,0.5487030854204262,1.1019668442490158,0.7107649457010965,1.4736266752694134,0.8224058626335048,0.057534887347004814,1.0,1.0,2.0,3.3663231637040383,2025,1,0.7107649457010965,1.595754568394798,3.220035555032251,1.0,3
135,5.248686966543785,3.055038437769132,0.8333965227506043,2.714858201270125,1.2569880573976444,2.8858230929588142,0.49974589412895964,2.5722662690606053,0.5299975411851597,0.022866978116537255,-1.0,-1.0,-2.0,-2.9215739326256824,2025,-1,0.49974589412895964,3.3007246788827147,7.645042250346487,1.0,1
52,4.027405906494082,3.208477482851888,7.457797587931746,7.90576159944374,3.7313274093270072,3.723425448886843,0.467615605241581,5.380155563145701,0.2048272320446012,0.184579267845356,1.0,1.0,2.0,1.8453392273427052,2025,1,0.467615605241581,3.4009069870803454,6.112075468918453,0.0,3
321,3.8542364989285396,6.336871880195995,6.34150838590765,8.081908756200306,2.9485176941368754,2.2597384904307414,0.22449067494155076,7.909028292143972,0.897104923474087,0.0,-1.0,-1.0,-2.0,-3.1380980555056763,2025,-1,0.22449067494155076,24.23796432443217,0.06813262103723645,1.0,5
274,4.49166279113417,3.050551037808834,2.8853312901923402,5.145824940838994,1.7614512466339576,4.50411625025467,0.3857967286827417,7.280034860958909,0.7400875935041261,0.03554125809077611,-1.0,1.0,0.0,1.0636549709261849,2025,1,0.3857967286827417,7.5990583206515385,1.5717436171643633,1.0,2
188,1.599276663733057,3.663204521737425,5.032040999877001,8.559188876831445,2.743506857372672,2.1010733750890522,0.3330818905577236,5.491591032463311,0.9447865567268464,0.0001043732387076716,-1.0,-1.0,-2.0,-2.8618294944227256,2025,-1,0.3330818905577236,5.004075506303552,0.2647982672738171,1.0,1
289,5.725101834704758,3.0858928558374457,2.108702219804128,2.9296310230955505,0.34104008698792376,1.2978426787090054,0.6088647670709115,-0.13668603620743133,0.3865494685200469,0.35343417825019463,-1.0,-1.0,-2.0,-0.9547795507480773,2025,1,0.6088647670709115,4.416587084882495,3.2596816047276564,1.0,0
106,2.7445899694465057,3.036832943799598,2.7365956878052127,6.022415533477466,0.25438883727999184,2.1560793887199687,0.6048381708305411,1.2541279290186946,0.9445980643886969,0.0030614260320025706,1.0,1.0,2.0,0.9117044742473575,2025,-1,0.6048381708305411,1.875934728125015,3.2679602803033965,1.0,3
258,2.8802479968967414,3.479427818199992,3.0222171030639906,4.346377551241126,2.5990717836882253,1.9579684692026893,0.38146630313566504,3.1714579727553582,0.7246881346097838,0.2351319988395761,-1.0,-1.0,-2.0,-1.3173654285327565,2025,1,0.38146630313566504,3.514730488197626,8.578914454733171,1.0,1
239,4.101074385730209,3.8201501425696898,2.437919099469913,3.2431364353458534,0.29547992156365144,0.04091856434310516,0.3124782080661347,1.5665636558847047,0.6303030303030249,0.1483930211202992,-1.0,-1.0,-2.0,-1.2665163746020773,2025,1,0.3124782080661347,2.4647705925735344,3.022102803090354,0.0,1
130,4.117378382202382,3.105941800440491,1.2743657143174207,4.024158859210142,1.657250460166302,0.41325813557104424,0.2835830006511943,1.5643018286657673,0.5001761183515425,0.123635082775597,1.0,1.0,2.0,1.488427087133775,2025,-1,0.2835830006511943,8.983437482397358,0.4935151217236262,1.0,3
99,1.649684178045559,3.220233753774338,4.990301850006724,8.854468531087093,-0.7437783532902636,3.2846577013999245,0.3555902644606107,1.1221183352068598,0.6424870466321232,0.3464500770200346,-1.0,-1.0,-2.0,-2.1209038485348515,2025,1,0.3555902644606107,1.7272790449618316,6.72681151110733,0.0,0
92,5.331219066462474,3.310246983954897,1.2315984399925972,3.108348992295071,0.10854724737666337,1.2093630882946278,0.34276781482018787,0.20977682116691515,0.7758861940298387,0.03171641791046112,1.0,1.0,2.0,1.9289605269843553,2025,-1,0.34276781482018787,0.7818265171452365,6.559454154210783,0.0,3
98,4.570197609331258,3.5999309991901915,4.326273821415603,4.847682542534696,-0.17081929393978168,0.651864619412793,0.29605057375284666,4.738998428385839,0.7989408491158794,0.12269993716901209,-1.0,-1.0,-2.0,-1.2668999838130754,2025,1,0.29605057375284666,4.034257258293792,3.425658757664414,1.0,1
180,4.730740949553327,3.018006258521891,2.4954177427114854,3.0590593622095206,1.525598886425731,0.786752649564778,0.16641007703400748,4.738138977353848,0.2240520873228598,0.44580620451936476,1.0,1.0,2.0,0.9627912625293488,2025,-1,0.16641007703400748,6.620926777054847,2.7399935115245557,0.0,0
332,1.1991628337445974,3.503544596958447,0.7880212907464154,2.5771171047699757,0.7148202225728474,0.734190757706375,0.2622824180775974,-0.23651043321139903,0.9464285714285376,0.041767554479426594,-1.0,-1.0,-2.0,-1.136048984760926,2025,1,0.2622824180775974,7.276496446337952,0.9230994030532895,1.0,1
165,0.4177825269027015,3.4747277588048675,5.92481684329493,9.401377262646697,0.8229756993666074,0.6952737062720249,0.28492199337711305,1.3845669212717313,0.46885572139304643,0.43084577114427863,-1.0,1.0,0.0,0.03821833937708351,2025,-1,0.28492199337711305,6.764011632347045,1.8112378881358602,1.0,0
712,20.355646775152668,3.226615537779814,0.7111797114161643,3.636860339674326,0.3620351269606705,1.668948859616945,0.6532273011686904,-0.06549326565213831,0.8895184135977169,0.03572552722696149,-1.0,-1.0,-2.0,-6.322197246277398,2025,1,0.6532273011686904,1.1987337061533103,2.780698405243779,0.0,4
249,6.0264974395508,3.624417108164474,4.136213543885277,6.144413917857694,2.0116184444616447,1.3744164134295438,0.6613208115717836,3.101932327497053,0.7380174291939008,0.10035403050108549,-1.0,1.0,0.0,2.523140112122977,2025,-1,0.6613208115717836,11.229820633611153,0.7230141959344265,1.0,2
108,0.877074725485489,3.1684510026396957,0.780312575870788,5.110312827168315,0.9264484701695777,2.2788792900071746,0.7979483654049294,0.9657560158364702,0.8580709909148545,0.029262624128456722,-1.0,-1.0,-2.0,-3.0267573710542637,2025,1,0.7979483654049294,3.078590202485192,3.375657064732873,0.0,1
204,2.373561709668715,3.9624340828677993,5.363882130824471,6.990150714131396,3.0028300866867585,13.970072332200369,0.7009600217401392,7.61287227684419,0.8206103906189295,0.05477466283554801,-1.0,1.0,0.0,1.7198224310353463,2025,-1,0.7009600217401392,3.9276755912861123,6.7444967524702255,1.0,5
458,7.024446173749276,3.0124822971771787,4.04554589072298,4.458758593115742,1.0245682999055907,1.2178306771539829,0.7077596524018019,0.6655386495057835,0.5946163765312663,0.08526756931011392,-1.0,-1.0,-2.0,-5.095278702749587,2025,1,0.7077596524018019,2.1400818925075167,4.49525848260401,0.0,1
180,4.265872901528087,3.6229650606221853,1.9666012306436296,4.860787727808324,0.2213608054753888,4.216510563179754,0.5328063964834997,0.32199449467796104,0.8680310515172782,0.00023523876736254856,1.0,1.0,2.0,3.786038762731114,2025,-1,0.5328063964834997,2.5775009179103883,9.855477624460102,1.0,3
78,5.813194869687888,3.1354037485829385,1.292340407210999,2.628498866203607,-0.2762861233291792,0.10517348352152274,0.41155921655358607,-0.4062942678422671,0.6749311294765685,0.3034238488784103,-1.0,-1.0,-2.0,-4.026705855568864,2025,1,0.41155921655358607,6.113202464219008,1.7036458532673162,1.0,0
191,2.2329633266558964,3.1768637439837706,2.8495871558459576,5.426885948761894,1.9217518051978502,2.1938811793873976,0.24187302610265163,7.38225762217074,0.6983333333333334,0.04699999999999515,1.0,1.0,2.0,2.7098108661533207,2025,-1,0.24187302610265163,6.370951440672499,9.580774113168555,1.0,3
126,2.78821248418744,3.07578541816738,2.1786502267076324,4.347082542341752,0.2148691183649679,1.1998548906449567,0.3709894390063084,0.694152852307356,0.7902427527692685,0.09450860240397253,-1.0,-1.0,-2.0,-2.917747987478489,2025,1,0.3709894390063084,0.9924146130158811,10.54616146675941,0.0,1
47,6.047309256602496,3.0030043079698556,1.0831055629425013,2.197311986790885,0.8489430353009728,0.7722158674654745,0.334531038533779,0.31077660317342803,0.28301260783012755,0.25746516257466345,1.0,1.0,2.0,3.096269868292147,2025,-1,0.334531038533779,5.588752377199784,2.7625520518590525,1.0,0
116,3.8682091865038375,3.0608212652345186,0.9277731619132742,1.8579030719093317,1.6647877195389462,0.49039260190410383,0.3040663829334224,0.8863680867954978,0.26371903418000475,0.29883976168077864,-1.0,-1.0,-2.0,-2.918055627080764,2025,1,0.3040663829334224,14.81687519631369,1.0691780468788894,1.0,0
198,0.10733937197222827,3.5016923413937264,1.779592820172719,3.309811341824075,1.0428640303924028,1.992836865836551,0.3316518647617775,2.285228614605784,0.6153414405986795,0.20935453695041006,-1.0,1.0,0.0,2.2211756891819845,2025,-1,0.3316518647617775,1.1080892742992943,4.052874469012389,0.0,2
185,7.671710486145258,3.6010099287986317,2.703642540458226,3.326378723449237,2.0029384105306574,1.6599025160420045,0.15384726902304857,6.211118476349394,0.5426129426129355,0.0002442002442144585,1.0,-1.0,0.0,-1.9890791914912396,2025,1,0.15384726902304857,24.947072563744875,0.9291131706771939,1.0,1
319,6.829722638584315,3.7934041938401686,1.5557997069137595,3.2657811676338375,0.6806312728759147,0.5590052455295711,0.30709953068321527,1.9103129231268399,0.7704000000000233,0.06346666666667443,-1.0,1.0,0.0,0.320100929071366,2025,-1,0.30709953068321527,1.6774823655549895,5.872510917036467,0.0,2
533,10.308853188307207,3.1321639371580576,1.2520995591202504,3.0164216651533504,0.09524853598456996,1.3486754828564511,0.31924040409714544,-0.18930608097423812,0.9177358490565928,0.053584905660366375,-1.0,-1.0,-2.0,-2.187388549982981,2025,1,0.31924040409714544,7.253116196088178,4.318695070243166,1.0,1
153,0.008305034881705756,3.0599034790425828,5.507496465208807,12.748983546634383,2.0997106949822864,1.718827349068182,0.4762427451514515,0.45098978245104077,0.5459713297083677,0.0,-1.0,1.0,0.0,-0.5559172957883602,2025,-1,0.4762427451514515,5.6927239098438465,1.1450881427846817,1.0,2
136,2.385593967671971,3.1966214203290866,4.085048022012962,4.791867815772666,1.0762403913334453,1.2578327678157084,0.3841322981005144,1.1696687209519865,0.3681632653060908,0.01877551020410539,-1.0,-1.0,-2.0,-1.4139041026118004,2025,1,0.3841322981005144,1.0611556554348833,8.388623735721028,0.0,1
11,5.292740867739402,3.584555437411296,6.85568022022066,7.517565568780302,0.48611460609899865,3.2292839543334066,0.41598567311270945,1.2039588207426943,0.5866685456595258,0.2819898534385628,1.0,1.0,2.0,1.4139041026118004,2025,-1,0.41598567311270945,1.44496509530759,7.206675590819069,0.0,3
505,6.67513591005591,5.38199105430364,6.528723256091451,7.4236706034490405,0.3642168256210853,6.534095564751308,0.6761976807342648,7.8548321424317775,0.6329563637349802,0.23683996420144882,-1.0,-1.0,-2.0,-4.706990701301321,2025,1,0.6761976807342648,5.0329349800273455,4.37206486319538,1.0,5
90,3.5585400200609767,3.2510479975413773,5.520905762290611,6.960704020038076,2.6825792296365853,4.512753520499993,0.5799338077639222,1.6641917010621485,0.6682563338301173,0.07436661698955914,1.0,1.0,2.0,1.5015849988013863,2025,-1,0.5799338077639222,0.691427304488705,10.000618808224111,0.0,3
65,6.052689303456105,3.0091912703482318,0.7099149265627548,2.3133813099877014,-0.41390842925006743,1.0658389682630252,0.5036926477075537,3.923703440885687,0.16472278566599832,0.4415145368492186,-1.0,-1.0,-2.0,-1.765470866860135,2025,1,0.5036926477075537,7.051350115642405,0.5733459266056491,1.0,0
443,8.583969013698974,3.113643025603773,0.8243187308829827,1.3936445840925453,0.9838065918434626,1.7106347700722513,0.35197649970389333,0.09389705901272195,0.4812951901917951,0.033637220999677406,-1.0,1.0,0.0,0.036894681453145305,2025,-1,0.35197649970389333,2.4515937574182733,5.78684634358235,1.0,2
74,4.605467693584473,3.361299095034889,1.5885262790077508,4.9113568868353,0.43148586647684883,1.7993039013173524,0.33548461852630446,0.99020904201404,0.4619362252226571,0.024418270611893746,1.0,-1.0,0.0,0.5589677605460102,2025,1,0.33548461852630446,0.798458191296994,7.225627126058695,0.0,1
2,3.177966540909611,3.4749493191828944,5.142300190211956,7.42798644456278,2.9781764256526913,2.856866556797614,0.3648790805720951,6.686741516627918,0.9643278569483498,0.0,-1.0,1.0,0.0,-0.5589677605460102,2025,-1,0.3648790805720951,0.049388207743103596,6.393468119703914,0.0,5
97,6.892558971431083,3.235251785816862,1.9272354029602599,4.460732822092071,0.13767005771461616,0.7962548322666292,0.31156566317617074,0.679831664941274,0.6477449455676816,0.17573872472782892,1.0,-1.0,0.0,0.3329861194127725,2025,1,0.31156566317617074,0.7791031748191956,3.6699562792596128,0.0,0
253,5.2919601890087735,3.0455567056882638,1.5817533928482046,4.434344529318804,0.22531257734311583,0.1841975638286255,0.1479966783252878,-0.09317078609942415,0.8670076726339931,0.002557544757181736,-1.0,1.0,0.0,-0.46256465243310435,2025,-1,0.1479966783252878,5.104131969039426,25.883527980797208,1.0,2
59,4.137831839568941,3.545971564096565,3.6779961453016337,4.618349798945723,1.1087848472059347,0.22019628991259294,0.1700581866436468,1.8301562861325702,0.6359203575782052,0.1580658268996069,1.0,-1.0,0.0,0.7794740977925584,2025,1,0.1700581866436468,21.528859161289507,0.000689408836922306,1.0,1
672,43.45415139817438,3.588376303560043,2.8849787126297968,5.942704447493043,0.15265190224377062,0.8067668521694188,0.20707785352594438,4.480786537546552,0.6265037235058385,0.09891159060531449,-1.0,-1.0,-2.0,-5.441255157755358,2025,-1,0.20707785352594438,3.4595953045500973,11.429749833346325,0.0,4
29,5.364039021161415,3.0586403623883953,2.175954861398509,3.6692765317833373,0.10552157420076731,0.8336441102067904,0.21457046236099145,0.11003405193075995,0.932402234636839,0.0005586592179096132,1.0,1.0,2.0,5.469293953967176,2025,1,0.21457046236099145,4.69765900136236,6.194920834465896,1.0,3
159,2.0693249624726144,3.3399385125498657,3.3953040528988083,6.351539540817429,0.3582279181541577,0.7012736678514473,0.2674544830053254,2.1309289094256285,0.800734618916433,0.01882460973369371,-1.0,-1.0,-2.0,-6.1359677577396985,2025,-1,0.2674544830053254,3.6258050797458394,5.699516739961241,0.0,1
137,6.073658190673216,3.1809589994657808,1.417701690274779,2.4069600748363524,0.18472119464132083,0.3070451220587687,0.237811812795633,0.23838660988324545,0.990459153249816,0.0,1.0,1.0,2.0,5.485558577984917,2025,1,0.237811812795633,9.213516649433183,0.1769369367569509,1.0,3
257,3.5123705611380442,3.503197386563238,1.624514697218223,3.4176601415347996,-0.5399080968261205,0.43839139608978006,0.18106809839648347,2.0724897904856343,0.6719434973210054,0.027277155382359794,-1.0,-1.0,-2.0,-5.403547225606848,2025,-1,0.18106809839648347,11.44725571569827,3.663676231479716,0.0,1
275,2.33200197959701,4.572092410823328,4.496524642247447,5.5191016099454036,0.8673747529643794,2.2362515543475565,0.23042766219424907,2.274645101366196,0.9249070631970369,0.04107806691448191,1.0,1.0,2.0,4.067354750401709,2025,1,0.23042766219424907,9.458723482834063,0.1942578527184863,1.0,3
546,23.564423672671793,3.1788622907658697,4.091777865557591,5.627176277681411,0.4718423144232386,2.711130061984791,0.3221712341567267,0.9353438438423306,0.9184411969380776,0.0001391788448034361,-1.0,-1.0,-2.0,-8.600624509275479,2025,-1,0.3221712341567267,6.280543731040377,3.5429250395042917,1.0,4
101,2.610066905651128,3.271673133993957,3.6032571096167865,4.540425783925808,0.17676884112534033,1.373475530839639,0.3217913588341304,1.3326330950141632,0.8061174148988696,0.17858904785397434,1.0,1.0,2.0,7.821987965879752,2025,1,0.3217913588341304,1.9744609335362457,4.509137163638861,1.0,3
148,5.490853324622896,3.2191433761688284,0.8260881962065396,2.2091804856207946,0.13817639070454063,1.1479208472863436,0.25358823414109577,-0.143898071724487,0.8986220472440668,0.0944881889763866,-1.0,-1.0,-2.0,-6.4315353148716214,2025,-1,0.25358823414109577,5.049170989843272,7.13380397636175,1.0,1
49,3.566448171405924,3.0651195331147965,2.4108809651836736,8.994153445963786,0.34018368937041854,1.237652546757009,0.28362386743662515,1.4454719400569962,0.6218450826805902,0.0,1.0,1.0,2.0,6.640226378221084,2025,1,0.28362386743662515,2.043786509184659,4.823797574300768,0.0,3
334,2.2684709446002933,3.4260024273759475,3.9734903358010176,7.162254621523426,1.7315996963039288,1.0058608570408505,0.2980365016562459,0.6522320236107837,0.5269948392219104,0.03652242953551821,-1.0,-1.0,-2.0,-5.582388517666462,2025,-1,0.2980365016562459,3.0023592605376233,12.513577905718403,1.0,1
43,4.518693184677304,3.5718506618013985,4.414340471070397,8.609887035061618,1.0061447635224188,1.8836998642375187,0.30260807002557993,0.539460955795302,0.7720854453294795,0.08291093410570029,1.0,1.0,2.0,4.9256884828023715,2025,1,0.30260807002557993,6.242562181664431,2.2216724253415956,1.0,3
370,11.493506166133324,4.983147814695675,7.940129684039639,8.860253964256286,2.9891405542556813,1.4953265386343082,0.33911277927496974,5.692496967221447,0.7906464458188552,0.040244005761247044,-1.0,-1.0,-2.0,-7.481919535306028,2025,-1,0.33911277927496974,3.7593337401913915,5.100101850853942,1.0,5
235,1.6161770684308063,3.6065123712029115,5.761116843100769,6.732839105450425,0.8432056946868165,0.7955745633743736,0.27273534947580724,2.471400784144912,0.7629577464788896,0.17169014084506223,1.0,1.0,2.0,5.472725528806242,2025,1,0.27273534947580724,4.292109328926201,2.0946461215380014,0.0,3
252,2.3676913187537005,3.633369879745211,3.374534811582934,3.538275077540071,2.1334900171883775,0.5891459010809708,0.2617914763071849,2.320555727564929,0.7814932767162055,0.0,-1.0,-1.0,-2.0,-5.43955809850919,2025,-1,0.2617914763071849,4.553606186747243,3.000726040272614,1.0,1
416,12.1180784101639,3.4848506301679105,1.5289900277648596,5.0612359718362425,0.4745015346512595,0.27478068858424315,0.21076240339873584,-0.14960011529414158,0.749555950266404,0.10834813499113997,-1.0,1.0,0.0,1.903992559399566,2025,1,0.21076240339873584,2.0478027122890534,8.298753114204853,1.0,2
55,5.4177895360641655,3.6990780213451466,2.7011946692031112,8.258906001130946,-0.0035109951427462795,0.3087564870973881,0.21858835516652314,1.3040760788192367,0.6512378902045363,0.21743810548974773,1.0,-1.0,0.0,-2.0739196200672216,2025,-1,0.21858835516652314,1.6324209517419186,10.996621139065763,0.0,0
43,4.597126272042275,4.006568381724914,3.393598232675621,6.615972102336112,0.9608269149396993,1.2714794923613184,0.24804319940827224,4.135485800794214,0.861707200762996,0.05897313622636382,-1.0,1.0,0.0,1.2429976619736824,2025,1,0.24804319940827224,4.026632626005319,3.419529762040947,1.0,2
159,4.5240953388760845,3.810839513406719,2.0722270435618944,5.814341515698663,2.8997299010698288,1.7816529552048657,0.21511367595926553,4.776124384213238,0.4277251184834053,0.0,1.0,-1.0,0.0,-1.617731726033474,2025,-1,0.21511367595926553,1.3774791021959156,6.357767035498758,0.0,1
92,5.717659005355798,3.632262709959563,5.012204509951742,6.465341410696011,0.44347005760524777,0.9674706491848946,0.19031780424888786,2.049625540254044,0.5900576368876062,0.0,-1.0,1.0,0.0,1.3364577241472777,2025,1,0.19031780424888786,0.20865555497866428,27.122241353583775,0.0,2
4,6.018890368766336,3.758316906482541,5.476387218866683,7.724367138631652,2.1778300640012422,2.378967094279184,0.20551189337699996,2.6514673322653524,0.6871584699453552,0.08469945355191257,1.0,-1.0,0.0,-1.3364577241472777,2025,-1,0.20551189337699996,18.29524176860431,3.241012793978888,1.0,1
98,1.047677535314554,3.6642684787959383,2.9623349669771026,4.640979155907803,-0.0003701261967255944,1.4108811956659943,0.2589243610216632,0.7078740891225105,0.49366244162773903,0.46253057593950325,-1.0,1.0,0.0,0.5696898104152734,2025,1,0.2589243610216632,3.7942816476071344,3.4288298920643787,1.0,0
531,13.541440853131954,3.8430985950559085,2.448467909750802,3.597070562577783,0.1991044076644388,1.4852424768455965,0.24276279165794176,3.1083473178730237,0.6825820637663073,0.01837600125647423,-1.0,-1.0,-2.0,-3.709173037163415,2025,-1,0.24276279165794176,19.963607930610884,2.1314276031840054,1.0,1
388,8.52436879669775,3.6492929290499916,2.0470442683626753,5.794823136681503,0.5329460479380372,0.5607968897868892,0.20478004715907502,4.136728376189604,0.40764196748997483,0.145661811272954,-1.0,1.0,0.0,1.1055484062760026,2025,1,0.20478004715907502,12.509459469661657,0.5150953899272447,1.0,2
121,0.46502963350696763,3.3370556509949396,2.5593384313267293,3.9067701716484007,0.4569417423167846,1.1194864458769456,0.25401498843637077,1.1683064353656805,0.7283725176900288,0.007076010043382286,-1.0,-1.0,-2.0,-1.66330226016998,2025,-1,0.25401498843637077,9.069380978860469,0.6966136463503636,1.0,1
276,2.7383942047690932,3.1597259693081967,3.5533446093210777,5.504042781620268,1.4575729747789152,0.9631386864233014,0.21231573311120733,3.9911358200478126,0.8240896358543336,0.028291316526626947,-1.0,1.0,0.0,-0.1931771510045744,2025,1,0.21231573311120733,4.776217009133934,14.12714739118855,1.0,2
29,2.400640963350872,4.461104941990582,8.606140076401024,9.058839307609233,2.1026933358625577,4.623231360146372,0.23796819092209878,5.4991682704651454,0.9317269076305112,0.002840630815955242,1.0,-1.0,0.0,-1.0001364045933507,2025,-1,0.23796819092209878,6.543304169402974,2.8347305746881792,0.0,5
303,3.353490965638905,3.3664662826427803,4.59284695623911,8.903963621901642,-0.26927841051563123,4.100422025283056,0.3773187231712589,1.3348613153143691,0.6036568600495041,0.03148199065162821,-1.0,-1.0,-2.0,-2.4815987566668554,2025,1,0.3773187231712589,8.31220136772261,1.011913454646154,1.0,1
657,25.75394351222398,5.330323479337146,6.295916426110457,6.572714321978727,0.5693970653837261,0.6714743358518399,0.1515962153280912,5.413841192888025,0.7778826193621469,0.09775429326288636,-1.0,-1.0,-2.0,-2.1818860680370475,2025,-1,0.1515962153280912,6.926125921167637,6.243398968189026,0.0,4
165,1.332304419070216,3.702364101988615,2.3573891193261383,5.552881783344704,1.563205798836486,2.2176178503709276,0.18286291997114842,1.8696807610419335,0.8496839791151471,0.0,1.0,1.0,2.0,1.5361792565764143,2025,1,0.18286291997114842,11.998891538631948,1.0342554381309899,1.0,3
215,4.773173190237034,4.359703493010416,4.306321452523696,5.55785064608388,1.519219533885508,0.7504384884845637,0.19213198625210953,4.7283362318352085,0.9419953596287703,0.0401392111368977,-1.0,-1.0,-2.0,-2.856843176319791,2025,-1,0.19213198625210953,3.4661812385807345,2.1673881294256554,1.0,1
191,4.376413244142925,4.425929785184774,5.531604172504929,6.461712410503665,4.005068361512585,0.6100531522840061,0.10509868237947259,7.955940553085372,0.9134181370537894,0.016823963889993097,1.0,1.0,2.0,1.9689217967179407,2025,1,0.10509868237947259,9.140809491518882,5.935351722144617,1.0,5
109,2.270254716378846,3.303988375263249,3.0271879379463065,3.7034688076116713,1.5399389423610783,1.561625377835694,0.1700168791983297,0.7143388336856367,0.7005283381364101,0.10110470701246843,-1.0,-1.0,-2.0,-2.031665464564175,2025,-1,0.1700168791983297,2.9023947718275793,6.797685389368506,0.0,1
73,4.826928910311244,3.2667135635194815,2.561867025807839,4.131914951786625,0.6264191002944794,0.6703155628773068,0.16119352644077148,0.7634151548182515,0.6393264530146299,0.0,1.0,1.0,2.0,2.163789804731301,2025,1,0.16119352644077148,1.6082167253403714,4.880479166132049,1.0,3
635,30.403809281406236,3.026016204947731,4.0154755120200605,4.820979488460103,0.36884066500501944,1.4946424918748058,0.28728522934983214,0.618079509437305,0.7317781434517431,0.15709999032039687,-1.0,-1.0,-2.0,-9.586219297607933,2025,-1,0.28728522934983214,8.264200534358674,1.1218890175144078,1.0,4
126,1.405388006311538,3.041550253591153,2.6992774038090386,3.929132335791096,1.0875314960480977,0.49702935844325036,0.2988512511503908,0.04306926201270044,0.5143442622950968,0.2749316939890683,1.0,1.0,2.0,7.184751451025617,2025,1,0.2988512511503908,2.6897284045654906,4.152972112176042,0.0,3
212,0.45677420885337794,3.006016008842583,3.9928412162115228,4.2362941366336715,1.3473375149922555,4.461300925667743,0.31800023392893517,4.813845263992768,0.7958668197474078,0.05021048603138601,-1.0,-1.0,-2.0,-6.7993194055093085,2025,-1,0.31800023392893517,3.0456946955769104,1.3996543037193891,1.0,1
257,3.456872858958266,3.4137103102096282,2.396498904555026,3.130426694075025,2.599929872458345,1.2136092720008709,0.21888181689821914,2.1238684503804386,0.30750721847930973,0.00024061597691486854,1.0,1.0,2.0,5.394774026273155,2025,1,0.21888181689821914,2.924573583042712,11.883024456063653,1.0,3
49,5.14391752168918,3.6382102853907656,1.3774859724245425,4.84900677398385,1.6117265812573893,1.0818340351058329,0.25333786680604653,0.9699324287104941,0.79169792448111,0.0,-1.0,-1.0,-2.0,-5.122650443764155,2025,-1,0.25333786680604653,4.217392212612787,10.730706726217992,1.0,1
64,4.799697046474078,3.2459221527142565,2.3756045487027895,4.586837999619871,0.22712215014817533,0.5440369792047984,0.2756861370991116,0.9856599364560331,0.9180151024811132,0.08126573175118787,1.0,1.0,2.0,4.569781398841413,2025,1,0.2756861370991116,4.130624340459471,4.341348697732099,1.0,3
107,2.981418197066062,3.118309265646416,3.4262213051036277,3.4281750522838994,-0.17477523658747018,1.4111457077095455,0.2612246002526366,1.8809546165247386,0.990258365099522,0.0,-1.0,-1.0,-2.0,-4.584097584346601,2025,-1,0.2612246002526366,1.6681744674060095,5.545060122087971,0.0,1
218,0.8267544140625604,3.048717558524903,1.7451245474564503,3.7208374512975446,1.534699583029167,1.826278954231255,0.19176166655161903,0.5525648739082158,0.8163966617575125,0.15267550319092643,-1.0,-1.0,-2.0,-3.3194290906007073,2025,-1,0.19176166655161903,3.99347166921113,6.344056622683356,1.0,1
249,3.518644033427122,3.1969068256585795,1.868736111556893,2.197585128590618,0.9566158349684706,0.7742530726855398,0.2081341597518454,0.5730726161825908,0.38601959038288,0.044078361531649485,1.0,1.0,2.0,3.11601385898174,2025,1,0.2081341597518454,0.27505206836768126,18.375905096976116,0.0,3
47,4.5140564154810505,3.1895286144074353,3.0551989275675466,6.127965248968629,1.0209122877653887,0.3786034027379466,0.223333916207596,1.0320853861289017,0.579859408206659,0.1824423737125908,-1.0,-1.0,-2.0,-2.9125857831192716,2025,-1,0.223333916207596,13.96760569710691,0.22532092090810657,1.0,1
311,12.103588283975787,3.827080339968545,2.873845883238443,3.7886180990352782,2.0909787228694126,0.5628941622653044,0.1942558396302139,3.280250072089149,0.9029266879165476,0.0002897710808629936,-1.0,1.0,0.0,-0.5438630096933205,2025,1,0.1942558396302139,3.71735460941657,3.5255258449085076,0.0,2
150,4.227317435296067,5.0165933158739175,2.8028063452093566,7.045665388723376,1.8494387608566991,1.0665645045207413,0.2159714419755939,4.968368517624456,0.8064899089829891,0.030339005408257253,1.0,-1.0,0.0,-0.02121055012668053,2025,-1,0.2159714419755939,2.5737721188388276,5.102964361473356,1.0,1
98,4.031942384863497,4.219922552193715,4.962360644015507,6.325051148412539,0.17527713697713607,0.4890034086621296,0.22281159381280455,4.048058959865858,0.8268769599704874,0.13945766463751844,-1.0,1.0,0.0,-0.4516303970862619,2025,1,0.22281159381280455,6.392094273914955,3.630073417462641,1.0,2
557,11.611989755236511,3.1156385372802022,2.8744836009792047,3.3386455686913408,0.8007666509162615,0.4154148081919297,0.23441884437758456,0.1320615523851029,0.6424265259985069,0.22494348153729615,-1.0,-1.0,-2.0,-2.9930047934864836,2025,-1,0.23441884437758456,0.1158600246000124,8.093959662476035,0.0,1
43,5.924829282077563,3.2652692539415296,1.2184417019865996,3.3123294835238575,0.6561990197066141,1.4151433016300887,0.2526454016798086,1.011679692694408,0.49754901960785336,0.01155462184874945,1.0,1.0,2.0,3.482824536472386,2025,1,0.2526454016798086,9.42397770692818,4.2859625904385075,0.0,3
159,2.741729292008098,4.469211975373907,3.6813167739546615,6.340859285642367,5.50111935965188,14.05524144347188,0.3085680099954779,7.773809540842835,0.4455047445451127,2.6805339625213266e-05,-1.0,-1.0,-2.0,-4.087631682074001,2025,-1,0.3085680099954779,6.7119203928314395,0.6008043511869726,1.0,5
774,23.232385990853825,6.309199648767542,9.516360481603652,11.549573525065323,5.095139343049922,9.201236049956101,0.26337200554629264,9.240569270551362,0.9845406037570342,0.007492142387252401,-1.0,-1.0,-2.0,-3.2473515716798347,2025,1,0.26337200554629264,7.484796434933109,1.9098680834852162,1.0,5
203,3.886439566964216,3.2636339206293696,1.8716855019685312,3.0311049320920813,0.038414724866250534,0.15086932711969914,0.17068248401546882,1.7131833517354438,0.7070645554202672,0.09866017052373555,1.0,1.0,2.0,1.318868786904531,2025,-1,0.17068248401546882,19.33169088731823,3.3890327349342977,0.0,3
292,6.370547796290971,3.052123383737308,1.6191808982239366,2.6243749726287953,-0.028128442733892572,0.27309583451243225,0.28183009347484667,-0.7770411448666973,0.3228609625668518,0.21323529411759987,-1.0,-1.0,-2.0,-2.601754983055144,2025,1,0.28183009347484667,3.611241082143522,4.661623069984336,0.0,0
143,3.778927022391198,3.089629444360703,1.772020387068354,2.4218476417030543,0.3315942089641381,0.40449256614554674,0.24285530668996053,0.04757046821846148,0.8375426621160211,0.0,1.0,1.0,2.0,2.671880411662145,2025,-1,0.24285530668996053,14.309907474496082,1.2818713232817203,1.0,3
297,10.50581273245572,3.274818629385977,6.617737237358723,9.64076350144233,0.7484850149403468,1.712540709884828,0.20659848094240935,4.977760757461117,0.9998390212492092,0.0001609787507908392,-1.0,-1.0,-2.0,-5.375928476223067,2025,1,0.20659848094240935,5.343393613154791,8.806687900183896,1.0,1
55,4.94755143441307,4.678498181842403,5.7767053977183105,6.704703941701905,2.278379233949599,1.5145423226197359,0.24460799349751058,2.822423445366778,0.8040638606676342,0.0,1.0,1.0,2.0,3.816767426027586,2025,-1,0.24460799349751058,0.3239060874534934,15.994193668141321,0.0,3
21,7.360966737170847,5.073491456723407,3.7860717434136366,4.947363988542792,0.8461795075353249,0.6576442648971649,0.25221482104259374,2.4427580354212384,0.9111980298420937,0.03447776329132669,-1.0,-1.0,-2.0,-3.7434648584104626,2025,1,0.25221482104259374,5.51146133685827,6.7529791614991455,1.0,1
237,0.7931271415730375,4.247564921144286,3.0019355097910148,4.924075943844958,1.2420323719404187,2.285605497157593,0.24246988172054398,4.573824696005093,0.8027160493827125,0.0800000000000036,1.0,1.0,2.0,2.0994850641288787,2025,-1,0.24246988172054398,1.885696410968827,13.425301823699927,1.0,3
35,3.489846706609611,3.030539824349286,4.033786566424445,6.720373247493496,-0.6060133168641987,0.5052334311718311,0.2411555831857886,2.934127297916773,0.8540998625744284,0.025538250114524718,-1.0,-1.0,-2.0,-2.8970130236936953,2025,1,0.2411555831857886,7.02954836617082,4.842627370280425,0.0,1
164,4.398679929074118,3.086970579070559,2.549553334686274,3.10842014431385,0.9074040880732335,0.6911727986951467,0.1844088473290762,2.430763163619687,0.8583909719693879,0.0,-1.0,1.0,0.0,1.8832779549400007,2025,-1,0.1844088473290762,2.3303320531613343,5.147767895540621,1.0,2
66,2.85567799212895,3.2810506855844084,4.589637249868719,4.862638332576083,0.8296369021521803,0.7491923930817416,0.14526795517422172,5.639919075429181,0.8316613162118878,0.0132423756019088,1.0,-1.0,0.0,-1.8464862491343064,2025,1,0.14526795517422172,2.421104840064334,3.921063169769144,0.0,1
221,0.3140295653527571,4.791640294724584,7.16783540296726,9.389484004047413,0.4300970718992925,1.0716520280070043,0.20409756291641026,3.192412399418699,0.9663405088062395,0.00019569471625405238,-1.0,1.0,0.0,0.27274043042750745,2025,-1,0.20409756291641026,0.2751075910555655,15.528098563950085,0.0,5
65,6.588814647975616,3.967667175049157,3.6368351171716204,5.4206663234023695,0.8456731086849164,1.1682909761149625,0.1940391133704346,1.5420452185937643,0.7614335383792887,0.0917357582240944,1.0,-1.0,0.0,-1.0369626535815224,2025,1,0.1940391133704346,8.855480495030042,2.016086578998909,1.0,1
449,17.484109214359396,3.1345574726783023,6.017723408329824,6.379031986507664,0.42748250130328214,1.1111029590116157,0.13470399553849274,3.765899358827788,0.45515763697581396,0.014692378328751005,-1.0,-1.0,-2.0,-1.9407554769209008,2025,-1,0.13470399553849274,4.663461434052566,10.95926340880135,1.0,1
18,5.240364188774097,3.165712365698189,3.5683126916643695,5.999605794368418,2.217517822023078,1.4249100909490837,0.14030738532927306,0.37171849459796297,0.6406160867085057,0.3588134626354429,1.0,1.0,2.0,2.0996819336967976,2025,1,0.14030738532927306,4.503850689496181,10.370159211685039,1.0,3
17,4.32434051496339,4.711076858084316,7.045111551660854,11.03771597168768,2.4746054211123676,0.16619152142334095,0.16294720022940445,5.080299681964935,0.8422412401098068,0.08186662360729348,-1.0,-1.0,-2.0,-2.44193588765245,2025,-1,0.16294720022940445,1.918183710238036,6.800589946199564,0.0,5
129,5.9194957492767974,5.009784432672089,5.262717859874436,7.7029450350672555,1.8766866186283975,0.7930701887222784,0.19200246205645916,4.3584719242249665,0.8549909255898472,0.019963702359346643,1.0,1.0,2.0,2.418750884522979,2025,1,0.19200246205645916,3.461831992949362,5.215773218358268,1.0,3
102,2.348501076557538,4.616610665542245,3.1949630971590977,6.024576437608497,0.46580666245306845,4.38387312104917,0.2121076024326251,2.182965143817653,0.9663630624943614,9.017945712491657e-05,-1.0,-1.0,-2.0,-2.1966838947189316,2025,-1,0.2121076024326251,0.9240475307342699,12.425175770886714,0.0,1
18,6.245262520553307,3.012641863601285,3.2357196234840324,5.659686836191674,1.6505356434369747,2.1551522938034937,0.22757720125681064,0.9615335735409608,0.5855126128210983,0.0002314279102194386,1.0,1.0,2.0,1.9272720417359548,2025,1,0.22757720125681064,4.193113287376002,2.7378297581816997,0.0,3
151,2.93034918041069,3.1528304433049232,0.9359874199857419,2.7826920860984683,0.3329651170622518,0.5105656326690394,0.1737959233273012,0.6632024441464601,0.3922413793103448,0.15862068965512224,-1.0,-1.0,-2.0,-2.373519411903851,2025,-1,0.1737959233273012,5.322592305710565,1.6014353316008383,1.0,0
488,12.571782919659706,3.798461391016669,2.9960812041426124,4.05117211351043,1.636867316102088,0.24413065282242963,0.1960400387403546,5.45957819963325,0.571837146702553,0.11305518169582393,-1.0,1.0,0.0,-1.0179718254210506,2025,1,0.1960400387403546,1.0461152317041187,13.946856737738331,0.0,2
53,5.066763711768619,3.195560060951624,2.6924581743055094,4.689630139544225,-0.2936199614744187,0.8408619226213215,0.20696147001671483,0.2706275567138067,0.6112587581541307,0.21478618023678872,1.0,-1.0,0.0,1.4996095974563404,2025,-1,0.20696147001671483,15.750923371464625,0.07060491534799047,1.0,0
336,15.985637729967857,3.973490468107238,3.5781826104444976,6.2454255045248175,1.332245683295618,0.5176108598284948,0.12737503462210445,4.981696747747304,0.42488197722854076,0.00027770063872762887,-1.0,-1.0,-2.0,-3.3512408196625643,2025,1,0.12737503462210445,28.832168643920305,1.3599945061211565,1.0,1
856,44.674802781629054,3.8094878897491316,5.690467044365263,7.517959817334747,0.8361289395888906,3.319879670579594,0.24941190926264806,4.814823324661666,0.8321751777634044,0.09510342598578789,-1.0,-1.0,-2.0,-8.273206992394158,2025,-1,0.24941190926264806,7.442861847389601,1.689377810852966,1.0,4
111,2.515981694441273,3.386532464178918,3.7124707669088925,5.7206196250304275,0.02949648125667968,1.0109674324726479,0.2957249725078791,0.6085633381881606,0.4929966826391396,0.1658680427570937,1.0,1.0,2.0,5.450401775655433,2025,1,0.2957249725078791,0.5010144577440157,12.034983656434685,0.0,3
35,5.968936805008617,3.4910163392132567,2.7644425435379083,5.408870982185038,0.044591480170671244,0.30066184732404133,0.2794885094849377,0.782642400269896,0.5978687605159962,0.21256309590577366,-1.0,-1.0,-2.0,-6.290663742370457,2025,-1,0.2794885094849377,6.070419320173607,6.187786055103578,1.0,1
359,14.221456647624798,3.6599495067905163,2.7264930287041977,3.560830789456207,0.1493723952588669,1.1202911571923593,0.4328015425368646,0.6109854236683887,0.775006174364045,0.06347246233637194,-1.0,-1.0,-2.0,-1.489091674006213,2025,1,0.4328015425368646,1.4784970658192813,3.1586073678866464,0.0,1
129,4.275667663332914,3.0341227063801792,0.7640646849692108,3.462973982020466,0.2489636112861239,1.6647219685750034,0.359910403320757,0.8481857223100253,0.7559523809523936,0.0,1.0,1.0,2.0,2.00055415357,2025,-1,0.359910403320757,8.17212739558502,1.3471214391051247,1.0,3
519,17.4926679768869,3.625872007376243,2.51236118336427,3.4983990286295072,1.6038950992152796,2.391919807586549,0.2743373262187684,1.2542182677934266,0.7040493251124744,0.07782036327280652,-1.0,-1.0,-2.0,-4.491837193539552,2025,1,0.2743373262187684,11.094691947799918,3.279728063285805,1.0,4
151,2.022539380891085,3.9101696546818308,4.036404982847461,6.789710238990804,2.3318668789392145,1.2098603297903467,0.2982176969092677,4.666725985753616,0.6975246158093236,0.0,1.0,1.0,2.0,3.3331261481497014,2025,-1,0.2982176969092677,2.6241279055795146,17.6353414634323,1.0,3
43,4.1967861903739605,7.778667400578514,8.906589906251412,11.421633302916556,1.9670957648782608,5.105825677031794,0.34751091773028675,5.433216620097631,0.866504573347224,0.06997028289143703,-1.0,-1.0,-2.0,-3.5933185664915914,2025,1,0.34751091773028675,4.6515470984240554,14.800773752293075,1.0,5
36,7.999470449429879,3.2184607546963644,2.827078411639522,6.122654045826462,0.13996912853028132,2.280248056336571,0.42471336665299425,-0.31335939474202945,0.6123086535457558,0.34614183067791593,-1.0,1.0,0.0,1.296269989047637,2025,-1,0.42471336665299425,4.118164536542731,1.9712118514147567,1.0,0
122,1.861075907018578,3.058078900954407,3.00467813515144,3.7432041614445883,2.337152364701699,3.812430476663017,0.3762903221023467,3.3246691495987517,0.708384928356638,0.00035379444542206115,-1.0,-1.0,-2.0,-3.255646187844103,2025,1,0.3762903221023467,4.027531841947324,2.865539057458595,0.0,1
535,12.250989071051242,4.334116701154853,5.86215010234855,8.613423361433135,1.3928705334107723,2.5239722700659812,0.2751794561978836,4.888967949679839,0.7735946364105208,0.01897885507993211,-1.0,1.0,0.0,-0.44706186254426056,2025,-1,0.2751794561978836,12.402943316111884,2.298629893501498,1.0,2
431,9.653028212856032,3.40405106480532,2.1185688982011044,2.6437983344549787,1.083426095968919,0.33491602267556425,0.20955507896764877,3.754135020722187,0.5443802521008438,0.07773109243698949,-1.0,-1.0,-2.0,-1.694361080687669,2025,1,0.20955507896764877,1.601088748711581,16.778927908654552,0.0,1
74,5.01760482058459,3.893553787822248,2.132893327832129,6.290513584495189,0.0016409021686928438,1.3630235129833967,0.22269697618751866,1.389082303890858,0.9278825995807249,0.00796645702303639,1.0,1.0,2.0,1.2982380474687991,2025,-1,0.22269697618751866,15.963797632048431,0.0012338372509753935,1.0,3
457,13.232154281465938,3.755493710385292,2.232758895918442,4.261882114013557,0.2513714869574819,1.759032144691602,0.4395700464528687,0.2396718557283503,0.9145225843339017,0.019725557461410515,-1.0,-1.0,-2.0,-4.469184801694402,2025,1,0.4395700464528687,0.6266893464981994,5.227233594243739,0.0,1
363,0.4450129233638401,3.6154696949214853,1.9902285445028982,4.427190423155812,0.4016680299809838,1.45324081508437,0.33645318813014413,0.6877872115462779,0.45194143857416075,0.4591024824952302,1.0,1.0,2.0,2.4933257880176325,2025,-1,0.33645318813014413,3.6013932457795983,4.705323500258217,1.0,0
83,4.143496477535336,3.0098748914127604,1.0134180522894172,3.172643235348271,0.2579155481940445,1.1587526043825773,0.30399763382725636,0.11998354556145037,0.39590661976336444,0.4947233770386905,-1.0,-1.0,-2.0,-2.485331839993927,2025,1,0.30399763382725636,0.6049836612339269,13.748120686509203,0.0,0
14,4.953828711096189,4.228143042279509,6.265196778627137,7.031458657280703,0.029191091445085946,1.6132515071949485,0.33139785181585957,3.732587318991777,0.638970379483296,0.23469291189552444,1.0,1.0,2.0,2.485331839993927,2025,-1,0.33139785181585957,5.964448536487918,3.7675766114864624,1.0,3
1043,44.86801790717023,3.1982235314134457,1.9683017478575253,2.6504688794057776,0.9363413032733167,1.6015624387614162,0.41577315341660764,2.146131952298899,0.7045081967212876,0.0004098360655976261,-1.0,-1.0,-2.0,-8.569620126553476,2025,1,0.41577315341660764,3.7888006172129214,2.993770874875963,1.0,4
718,19.17443496200373,3.356915873233552,4.283829555509645,5.017039656371713,0.03211895551391691,1.2705907222538733,0.2234840135130984,3.2374692162160574,0.7016588264421844,0.24733845011140287,-1.0,1.0,0.0,3.4749370886773794,2025,-1,0.2234840135130984,32.37320760198155,0.37799953172815676,1.0,2
154,6.189441652259009,3.5347284671311017,4.295801117095067,5.126812216384985,1.9516545331508388,1.52082965063344,0.36876029346534545,2.1454600462114426,0.6133086876155321,0.1364140480591551,-1.0,-1.0,-2.0,-5.576399123128165,2025,1,0.36876029346534545,16.225828279249864,0.8212200995928444,1.0,1
269,8.351108978173048,3.5141451633887337,3.2716425512739313,4.502687499418273,0.5060173363185766,0.9292854239423469,0.35165166522386077,1.5227683060727448,0.5851776649746134,0.26477157360404907,-1.0,1.0,0.0,1.907056313330193,2025,-1,0.35165166522386077,9.492168914879464,1.602858016238698,1.0,2
223,4.63934000128573,3.8446991091701,4.601413011579207,11.779885959153209,2.2244847632560862,3.651536787426634,0.27916481506044066,3.766020465084614,0.9059838392662093,0.043459270583099785,-1.0,-1.0,-2.0,-3.4201716722682436,2025,1,0.27916481506044066,6.293114781612928,7.03111078965186,1.0,5
89,2.398291576517931,3.113078832467222,6.051404729997683,8.01568562616013,0.8336096378153773,3.593887757624998,0.342614771475411,1.9346486586998104,0.4852866991760673,0.36219942828316,1.0,1.0,2.0,1.5844135566905013,2025,-1,0.342614771475411,0.8973244073966381,7.947637439967879,0.0,3
96,4.780820841761031,5.1375075317507175,5.346103133015796,6.70161710072439,0.668118666368854,3.3553590503864332,0.3362106947114331,3.540242496056473,0.796418805680512,0.15153920790332834,-1.0,-1.0,-2.0,-2.5496074918905043,2025,1,0.3362106947114331,8.172191386149805,1.6370239023471924,1.0,1
137,2.8667339352649845,3.36905204729166,2.9425350576039104,5.277048346659361,0.5139116099672858,0.7174873741426405,0.41045726781920033,-0.10798156124949904,0.8603783639754641,0.04103383959501362,-1.0,1.0,0.0,1.3009864386471983,2025,-1,0.41045726781920033,3.8626316596116106,7.822837104361644,1.0,2
77,2.964358332477759,3.721980419601436,2.896418966763748,6.888997976391399,1.274145389610893,0.4557374200252769,0.4029489108846047,2.6003227488470717,0.731139733737422,0.10423205974671389,1.0,-1.0,0.0,-1.9944137629707732,2025,1,0.4029489108846047,3.036862793911714,8.022215855099272,1.0,1
74,4.969327487068209,3.608455930250202,5.116439686019329,6.535152954653753,3.5328211803939755,2.949387096004049,0.3605412901838834,4.796225267575051,0.3898505114083407,0.16273275635982806,-1.0,1.0,0.0,0.8577959634384812,2025,-1,0.3605412901838834,3.275391812896139,0.663843797766749,1.0,2
477,9.657875556216984,7.301911011930108,8.187805320127149,9.09893763970842,-0.5180497956929797,1.5547206189739646,0.35129891055427687,8.167903035617304,0.8488072965388183,0.13903180542562998,-1.0,-1.0,-2.0,-3.9754611230941888,2025,1,0.35129891055427687,2.3160989915323715,13.886431441621264,1.0,5
15,8.60681667947956,3.789352601533885,1.926854993366794,11.18476371272053,0.1489099750432225,1.5855339742529209,0.4317919161723702,0.5990643880211147,0.6773707977922754,0.13271450075263835,1.0,1.0,2.0,3.6882555499997234,2025,-1,0.4317919161723702,1.725730909827967,9.561482067965892,1.0,3
76,5.35321469170728,5.5510659202273684,5.090635124232864,5.406551166350495,1.3533431593414922,3.652678607888045,0.35711176050373516,2.885970455622775,0.9242473821989596,8.180628271537084e-05,-1.0,-1.0,-2.0,-3.4606834185511044,2025,1,0.35711176050373516,2.273585581833432,13.630467475542025,0.0,1
15,6.151376328170738,3.23802976872865,6.775878912753284,8.980523082518227,3.69667441396243,5.44007055480484,0.4501985050462902,4.181092924735757,0.5218041898247051,0.014215476699447229,1.0,1.0,2.0,2.5203181503107004,2025,-1,0.4501985050462902,3.7589157224459884,9.088142417723851,0.0,3
55,3.9188544379834704,3.5680461855570798,3.0772494207977137,3.5988422106924096,1.5938153696823187,1.2422270558211492,0.45998719050025494,1.21560028794036,0.7104442293212887,0.014735936323542146,-1.0,-1.0,-2.0,-3.4717723592236274,2025,1,0.45998719050025494,3.1189472360731374,3.2445341471688605,1.0,1
378,0.5297553959018799,3.352858861261923,1.996185264241837,3.682807791754248,1.2847795609759147,2.775385670949922,0.29968037168503475,0.8693141453019992,0.5363550519357743,0.00023607176583054625,-1.0,1.0,0.0,2.2069528298209176,2025,-1,0.29968037168503475,4.5940022846335795,2.3015647207452226,1.0,2
232,1.5739716090105604,4.6405850796871375,4.409387542526378,6.019523794130786,0.7925992958800181,2.1018555977495916,0.2093946764466989,5.165223249079997,0.7132209980557342,0.21856772521062023,1.0,-1.0,0.0,-2.459875975236555,2025,1,0.2093946764466989,5.838700581161548,10.018145769285123,0.0,1
32,5.56841299452396,3.7082369821706944,4.314217533714326,4.99798233954332,2.7120758210856577,1.4053956600181348,0.21395751035868613,3.6398265949931705,0.9128469980632661,0.0,-1.0,1.0,0.0,1.9315484890162873,2025,-1,0.21395751035868613,2.1221954028517946,13.657033741561392,0.0,2
11,5.599890940412031,6.392712760655737,9.273442635393163,10.530719091885764,5.6506408480335715,3.0956110492549302,0.23208718440732423,8.32101690663469,0.736659551760936,0.0,1.0,-1.0,0.0,-2.654747346374763,2025,1,0.23208718440732423,2.6994892265702335,11.522694239884794,1.0,5
50,2.944698922593365,3.530711452185205,6.450975178564677,7.823257567699735,3.7281173372977885,1.4171319868391496,0.24770321405974202,6.523398246641123,0.9286951764384086,0.033099297893683786,-1.0,1.0,0.0,1.5327300958499877,2025,-1,0.24770321405974202,3.3486648397722076,1.8746976659925836,1.0,5
231,5.302095351660345,3.6912281417258836,4.045265484365081,5.878211552388564,2.2679897178333754,0.17158264398061412,0.1366571896663503,6.037027611843319,0.48408759124084194,0.04875912408762523,1.0,-1.0,0.0,-1.83847053301313,2025,1,0.1366571896663503,18.466433552165686,11.529795262127584,1.0,1
44,2.5272627979379667,3.45621783388473,2.4764351662475943,12.298592614680453,0.2390995244680941,0.38279806298231667,0.20213337770801396,-0.05840627803858075,0.5808486238531152,0.0911697247706877,-1.0,1.0,0.0,0.3759701331154178,2025,-1,0.20213337770801396,4.744477042564694,3.3348573903516634,1.0,2
109,2.2563220201314027,5.1361466865199334,3.832440202209672,5.473715791126114,1.7450707656537812,1.8712321464375816,0.22805711850938487,5.779549992613129,0.7836032388663938,0.06973684210525727,1.0,-1.0,0.0,-1.7297480787591326,2025,1,0.22805711850938487,2.5845771379147626,4.92728208377861,0.0,1
103,4.7540054537901515,4.058215412080236,3.6491729734351996,8.871421754894083,0.7426552909197042,2.1589551454405176,0.22691866844890912,2.7408326168418817,0.8125222975383434,0.0408490902604504,-1.0,1.0,0.0,1.639226461122812,2025,-1,0.22691866844890912,1.227311628496507,3.259054205280693,0.0,2
118,6.5245441916960445,3.2731423541568683,1.8791429508571351,3.1323807107147887,0.7381898343757753,0.3360765280773968,0.15837161330199612,1.4653073757349238,0.5049860390905756,0.0,1.0,-1.0,0.0,-1.1719456882535428,2026,1,0.15837161330199612,17.63882188774538,1.064823882521471,1.0,1
463,14.74247891524688,5.452186250544145,4.978920290690599,10.78799036838508,2.8298723801503525,2.6823035229453533,0.2760590948462492,5.389602218488721,0.9061587654664058,0.00013902405116894253,-1.0,-1.0,-2.0,-3.4101093965252574,2026,-1,0.2760590948462492,2.2182172096965784,9.011359032042316,0.0,5
24,7.220879580401064,3.0036855215199316,2.120698807315069,5.0668946041536,0.23335481231713145,0.7691330494393331,0.2885373425559511,-0.4418589512033132,0.8383716243450516,0.018943974203938955,1.0,1.0,2.0,1.868091278426629,2026,1,0.2885373425559511,0.0003698463214925935,11.368706075699066,0.0,3
38,5.841868965081576,3.6511996631368846,3.679420155269662,3.9967964592813465,2.5180191667982745,0.5454272858246934,0.2738758642071119,1.3173147454321654,0.6746472851645774,0.1718683197948017,-1.0,-1.0,-2.0,-2.5196960258338783,2026,-1,0.2738758642071119,9.269850821928934,1.3008853512369756,1.0,1
406,8.128415047452293,3.103087769805907,2.027973027779883,3.6689614940838813,0.28029974634851224,0.16681825723670707,0.1262606862118138,2.951814932292105,0.428850855745707,0.2371638141809291,1.0,1.0,2.0,0.38226347321099013,2026,1,0.1262606862118138,12.289586118604463,8.772809564427005,0.0,3
80,3.169405815190216,3.276053875862582,1.9931992341555507,6.526632327445026,0.6246051468892246,0.5246077406659537,0.20202642775778265,0.3751300449044996,0.5736126840316252,0.0005662514156614805,-1.0,-1.0,-2.0,-1.0070197477647511,2026,-1,0.20202642775778265,1.7993551328118835,12.495825967975184,0.0,1
20,5.331713103772305,3.2896309016416474,6.812579595939231,7.682396934138186,0.49651059542201587,0.8635382872601488,0.22060059795345116,0.8847958636631101,0.4680511182108626,0.4709265175718664,1.0,1.0,2.0,0.20801821936589707,2026,1,0.22060059795345116,8.853038471213695,3.704392725310265,1.0,0
382,15.156015624781844,3.336902726130441,2.8136215518542387,4.21772320111521,1.4783344251873944,5.7835285453342875,0.2729239651045042,3.5344564798306064,0.93916930121007,0.02213016461354284,-1.0,-1.0,-2.0,-3.8944458104181354,2026,-1,0.2729239651045042,1.697848383491673,3.6716406688364622,1.0,1
680,16.68826604624815,4.737174375458445,4.569119638419631,8.943091691990599,1.0013787924424002,1.943961518121016,0.296939607116146,3.846549159042321,0.9709403841357088,0.0,-1.0,-1.0,-2.0,-1.7272885142513046,2026,1,0.296939607116146,0.9253772571853724,6.769806729037007,0.0,4
136,12.786540533018918,3.4591638516090986,0.9720028360068298,1.9607283014503971,0.7268072876487124,0.6027877168498754,0.16125592950959666,1.6523353661543694,0.6223103057757934,0.0,1.0,1.0,2.0,2.168310269302375,2026,-1,0.16125592950959666,20.753479907142243,0.40134310648028,1.0,3
260,1.1016896247825074,3.658545624841376,3.277202158266844,7.034246263294527,1.376479219367193,0.2645971571085676,0.29398142028560525,3.4325210541330895,0.7226170949517079,0.16402405686167393,-1.0,-1.0,-2.0,-2.433969972808261,2026,1,0.29398142028560525,5.667250231989433,1.2658360345734474,1.0,1
121,1.9199636741770003,3.041569597071415,3.4455913748697773,4.500027092674439,1.4682351503525253,2.0212681019492136,0.31601864956088405,2.3091797871473845,0.8114065780265634,0.00034989503151091586,1.0,1.0,2.0,1.4384362713242058,2026,-1,0.31601864956088405,25.53343385321486,1.2627370517033467,1.0,3
827,25.840529941925922,3.198574940632878,3.3210837068951884,6.25813964102708,1.2214871605858735,3.2294691543792435,0.9790331367531588,0.46102169976675744,0.7870463428252406,0.0814070351758729,-1.0,-1.0,-2.0,-11.09007920273705,2026,1,0.9790331367531588,1.19920417446009,5.234017546832433,0.0,4
261,4.731400423153282,3.850529313423434,3.1180687944316823,5.351042440105405,1.2731133234170238,2.4892983364679666,0.5800286619340698,2.6913442817516264,0.6634722887717462,0.0,1.0,1.0,2.0,8.208229482213188,2026,-1,0.5800286619340698,0.78655572861795,6.285407298933406,0.0,3
402,2.682662750529223,4.0441912732974865,3.284736758304243,4.654117915499293,-0.14146887364526137,2.4771213364405513,0.4773151198570369,3.317766631942208,0.6813968527699883,0.06100452683768662,-1.0,-1.0,-2.0,-8.26590774396421,2026,1,0.4773151198570369,6.792952107070792,0.764548154476068,1.0,1
205,1.2698508117441953,3.0342966769036623,1.8179298672733413,2.6094205033462052,-0.9310396448611801,1.1225131868956806,0.3621071927195684,-0.39198355451651007,0.5296506904955147,0.4630381803411915,1.0,1.0,2.0,6.411347927217477,2026,-1,0.3621071927195684,5.144286135168233,6.385120996913842,1.0,0
74,3.608244672955686,3.2132046259073825,4.547151894146962,5.9089163247072065,0.35650358671849464,1.678446355996154,0.34927371334071977,2.470926072610573,0.6866899814852888,0.13495165603786266,-1.0,-1.0,-2.0,-6.41277765194459,2026,1,0.34927371334071977,1.525570281568222,10.219596614391465,1.0,1
11,5.656157426317109,5.466923005652778,3.5395195671331687,9.93953980244806,3.1925528178201503,6.892416952600478,0.4026235506596288,6.235910029498856,0.814121037463972,0.018011527377521507,1.0,1.0,2.0,6.41277765194459,2026,-1,0.4026235506596288,3.0399267147305165,6.688870380066917,0.0,5
344,0.1401062693623048,3.3482088980058933,2.438949619533156,3.3727092274279533,2.776869198844287,3.658987930391878,0.34805954150982615,2.6554758486459713,0.8971066907775874,0.0054249547920434,-1.0,-1.0,-2.0,-6.274755534780591,2026,1,0.34805954150982615,1.7252965375245974,6.2137765384842085,1.0,1
228,1.7946987628312105,3.0696907644413205,3.4454377318524307,5.048829924242847,-0.4135460811284306,0.36516640555808255,0.23183463672214522,1.6955887127358915,0.5484265200122164,0.19309501985944555,1.0,1.0,2.0,5.185058874782112,2026,-1,0.23183463672214522,20.366791806931566,2.456913814357165,0.0,3
234,11.489440373904763,3.177226215476388,5.208005137413755,6.231591052785953,0.24429166848962153,1.1698594272278235,0.4283477027752641,4.739774973791528,0.761369893183573,0.045699812795947654,-1.0,-1.0,-2.0,-7.467460373613835,2026,1,0.4283477027752641,15.762155007081018,3.0312384290361427,1.0,1
234,3.1727790380035588,4.306610708286773,3.0480184458074686,7.451860564817891,-0.22015123486551236,1.4240134905938528,0.43985914530916104,2.9723704751646087,0.8609249877430845,0.06945579343029973,-1.0,1.0,0.0,3.8807610619155173,2026,-1,0.43985914530916104,10.291370286098779,1.2214130904501992,1.0,2
131,1.7614021883626045,3.375366741028168,2.660236283418078,6.01484144513816,1.1049574627354288,1.6599188276904568,0.47937666340596496,0.9613905508934127,0.324513230154771,0.17789981694124682,-1.0,-1.0,-2.0,-4.394311424119181,2026,1,0.47937666340596496,4.580458548402714,4.555447512714168,1.0,0
96,3.9991547946330304,3.106605489987983,3.131827552252729,4.2605494923720055,1.3250718337800556,3.049942886440447,0.49939843133937556,-0.0793120280063538,0.5049472295514512,0.4934036939313984,1.0,1.0,2.0,4.436457792848859,2026,-1,0.49939843133937556,0.786331702235875,14.826785865763823,0.0,0
75,5.299902445526876,6.171195701804981,8.0813973950462,9.011314736138429,0.7814984038619298,1.6866437967649826,0.5134760323454342,6.073643416922383,0.8279794096566101,0.14165634977520633,-1.0,-1.0,-2.0,-3.935145311700988,2026,1,0.5134760323454342,4.842346668694301,6.60366591915254,1.0,5
372,5.480836838753061,3.277958027544324,1.9388349092582555,2.730446567097525,0.45730759753096645,0.05081155314925857,0.46626235072613653,2.3394607899138258,0.636647347302745,0.033660276415496126,-1.0,1.0,0.0,0.7223462020316944,2026,-1,0.46626235072613653,7.6369047145811715,1.3147503697059189,1.0,2
292,6.31285840510759,3.14406496144514,2.9372796329412902,4.000146158718178,0.5432455033713779,0.790038814521241,0.41112075452019126,0.5326724802041097,0.6216827813207024,0.04505245834192238,-1.0,-1.0,-2.0,-2.185284111736819,2026,1,0.41112075452019126,10.117138525129072,0.9629784007791582,1.0,1
859,17.637116290583172,3.5324974863060667,4.671018835676979,5.093375955107,0.689655457973003,4.363304278328687,0.36080170876471546,0.9886891495771417,0.5941110696981252,0.16660454714870146,-1.0,-1.0,-2.0,-2.3148642245771276,2026,-1,0.36080170876471546,13.249696384784542,0.15586536360605055,1.0,4
477,16.299135610088896,7.282269919695727,10.467099990466986,11.319853910807286,0.6726698890223625,0.7526455808194105,0.3800793421796298,9.506212679938443,0.8167977584984651,0.0021942409614151143,-1.0,1.0,0.0,-2.0766508015414145,2026,1,0.3800793421796298,3.1825265926576587,4.7767572797488835,0.0,5
120,5.165051209324825,3.1063838620919,2.8448691224397336,4.330495917868711,0.6932080823601348,1.412917621614191,0.4150249355992397,1.7476920492819394,0.6110552763819023,0.09447236180905985,1.0,-1.0,0.0,0.7383694505061693,2026,-1,0.4150249355992397,1.1165702209844668,9.730211401887479,0.0,1
48,6.333848964391897,3.7692576814613954,1.805963860180078,3.0505109040807246,0.8808103748342689,1.406861199940717,0.38420875098295154,1.337537662184901,0.6468906361686964,0.09030259709318321,-1.0,1.0,0.0,-0.009713970069354455,2026,1,0.38420875098295154,2.8885918613646586,2.830841954481793,1.0,2
105,4.82489030478186,3.037650042659357,0.21814449920871695,3.7333643299198975,0.527861961788178,0.17601832721535293,0.35593009474573123,-0.4009487789615284,0.3693379790941453,0.2832254853160569,1.0,-1.0,0.0,-0.13574949415351298,2026,-1,0.35593009474573123,7.306032896150082,0.7918283755807933,1.0,0
371,13.094621303985901,3.041999227637956,1.7271442827772472,5.3346548180734255,0.1598118476601757,0.9798904124234981,0.3166896229678681,0.40804683973751377,0.741312741312765,0.03177903177902341,-1.0,-1.0,-2.0,-2.51235185818051,2026,1,0.3166896229678681,4.626647490000588,5.573624862624804,1.0,1
61,4.324178897034642,3.263012340375108,2.29925074585643,5.24658317007834,0.8993506587073513,1.2268020406217979,0.34595504708467784,-0.10020499679675632,0.5281442392260726,0.12928759894456873,1.0,1.0,2.0,2.066436864320841,2026,-1,0.34595504708467784,1.4828248360986165,10.126821380649963,0.0,3
24,4.005722787407406,3.353073694683348,4.276675016099593,5.96925240597831,1.231584220630005,1.8196747106651026,0.3377804705902272,2.7493638783981704,0.8367409215746094,0.0,-1.0,-1.0,-2.0,-2.7556812038706755,2026,1,0.3377804705902272,3.7452590320839247,7.888206012732187,1.0,1
32,4.623365130986002,3.0165768558105364,4.047974743003059,4.745678656575237,1.3619655000772075,0.7595006418142715,0.3496634744343247,1.708830651278972,0.7273473857104011,0.04571584998630429,1.0,1.0,2.0,2.183849089635444,2026,-1,0.3496634744343247,2.0065447736621813,12.421283068725437,1.0,3
31,4.417177554327331,4.963178470721632,5.487409309778749,7.40030926636504,0.1794220657354687,1.6112999165718507,0.40647707525837945,4.564176537748003,0.8003800380037934,0.0998099809981033,-1.0,-1.0,-2.0,-2.6889727614221663,2026,1,0.40647707525837945,3.0740852337472866,3.8675019231262686,0.0,1
130,3.338680032996265,3.02776821518748,3.8891514388840482,5.613762668456403,0.9920768032700268,2.3022683926854266,0.3988484454335665,2.2952803182642074,0.8843537414966043,0.014922097871413109,1.0,1.0,2.0,1.3702709915117997,2026,-1,0.3988484454335665,5.451683570657615,0.9862923900607751,1.0,3
246,0.32506487638621995,3.0067049034616398,1.100699293662362,2.7088739698844098,0.5935291840761004,0.7959267837843559,0.19046740768226003,7.022147415128294,0.42479823917828213,0.07801418439715,-1.0,-1.0,-2.0,-1.983691367689241,2026,1,0.19046740768226003,1.3454723660491077,6.046830326444112,0.0,1
60,4.00207364688703,4.0430967046167465,4.3322155661999995,4.904581176312869,1.2162320842757146,0.7396087600274827,0.16731744139108273,4.978598667948551,0.861287398005417,0.04049561801150915,1.0,1.0,2.0,1.9742943820823668,2026,-1,0.16731744139108273,0.40101477699135196,26.58001300380439,0.0,3
37,2.5641117934500435,4.152713036039366,5.50809200074462,7.419976894952272,0.8412861476939433,0.3705254575069519,0.16541282701455473,5.948839610644346,0.9291402567852989,0.0001625223468321474,-1.0,-1.0,-2.0,-2.090179424266817,2026,1,0.16541282701455473,24.858983205052066,3.099869603542013,1.0,1
187,3.5608957198571245,3.4534729384346576,2.0899955149839062,3.6526135435771847,0.8760827052829008,2.8663110949015227,0.3020352381746631,3.552190387245685,0.7586817075868073,0.05308560053085532,-1.0,1.0,0.0,0.739920399105421,2026,-1,0.3020352381746631,0.7517934380463037,24.360839412980315,0.0,2
24,5.043861613117341,3.9243102401470193,4.133441867501601,5.609184597302782,2.451385395779415,2.860604196515749,0.3173324536380643,2.818337762493808,0.8088151116199276,0.0,1.0,-1.0,0.0,-0.07636666259368956,2026,1,0.3173324536380643,15.705081167887212,1.2232772043336964,1.0,1
406,18.889479018018076,4.848266994062487,6.758504628940518,9.155542065918421,2.448089281504976,3.273660676477566,0.26408136616581773,8.347301063432065,0.8728974498100956,0.002373846988605544,-1.0,-1.0,-2.0,-3.2631223432651266,2026,-1,0.26408136616581773,6.500735949071571,1.6432753341644661,1.0,5
149,1.372121657810787,5.001946304611476,6.460114560763661,8.74680455777428,0.9543342418245871,1.752220053665892,0.25677662629053566,4.2309796668581985,0.7610335722368959,0.217653715579017,1.0,1.0,2.0,1.05884471073818,2026,1,0.25677662629053566,19.71139696575666,4.021624521578627,0.0,3
545,15.82965364347239,3.5561140933046342,1.8927273833622271,2.9037233538200615,0.27951693437289127,0.3022888824328342,0.25308616911821474,0.29471170815774356,0.8447745901639917,0.018442622950775218,-1.0,-1.0,-2.0,-4.139590249134905,2026,-1,0.25308616911821474,8.017029896712293,5.2825064922100715,1.0,1
140,2.581095659792158,4.013423188392881,3.109848184939262,6.258079886518844,0.5966960219844805,1.6824427168192568,0.33489896627555826,2.8266915825574226,0.8945895522388134,0.0,1.0,1.0,2.0,3.995168749539056,2026,1,0.33489896627555826,2.9833392474410916,4.776397810495504,0.0,3
102,1.8304103992739673,3.080767393140703,2.676832294565873,4.906296502426254,0.16874876716526774,3.063307699960958,0.36236881552742933,3.4463242228489457,0.942598498096901,0.009258306758563878,-1.0,-1.0,-2.0,-3.87765784288124,2026,-1,0.36236881552742933,0.16117053082463545,17.03649961186015,0.0,1
26,5.433276628561483,3.717773100353678,1.4993674101139258,4.240863360432694,0.04507906705250396,0.6859754023313773,0.3461861569063504,1.6159587938359485,0.6437040372204815,0.12561909049976996,1.0,1.0,2.0,4.258570761212208,2026,1,0.3461861569063504,10.348685839663323,0.0,1.0,3
532,5.866509497769082,3.3128593922201204,2.518953230680548,4.861862275265171,4.660521798427991,2.364251814175296,0.23797694164390792,2.3961736888738954,0.7638864704857998,0.03552150444020308,-1.0,-1.0,-2.0,-4.3415740304232955,2026,-1,0.23797694164390792,9.245579847553806,0.6128945738152924,1.0,1
171,0.7191058747365279,4.327213053926434,3.233009827920291,4.257083045573195,2.629332858906805,3.0722892770596273,0.21717872628801518,6.062084763803618,0.6785714285714286,0.027874564459930314,1.0,1.0,2.0,3.233527960175354,2026,1,0.21717872628801518,1.5883221342159328,16.242180957848948,1.0,3
21,5.723722479698958,3.699789744192643,1.62974561405617,7.184206679832453,0.8033763775887742,1.2227605138168611,0.24414399139330278,1.857693028130801,0.6372688477951383,0.1367608209713516,-1.0,-1.0,-2.0,-3.7838062400428654,2026,-1,0.24414399139330278,7.300271649379516,2.169232787321122,1.0,1
145,2.3126229604101196,4.327401563323858,2.7356703771040274,4.314757392629861,3.7657096876542453,3.796031071117531,0.238380310589858,7.72190391294237,0.6438783467637093,0.0,-1.0,1.0,0.0,2.2774316010025286,2026,1,0.238380310589858,9.421777106754567,1.7046962099426106,1.0,2
620,16.141744026709063,3.1696034111900007,3.4840503956266353,3.67094501252573,-0.15613990523204777,2.399301069484919,0.2676333039231743,0.7731447543410795,0.8633068691749438,0.08940283051435172,-1.0,-1.0,-2.0,-5.311174205660389,2026,-1,0.2676333039231743,5.7263208864336805,0.5062891487639755,1.0,4
204,2.2508235990672305,3.305095014793864,1.9485643870170128,3.9522071193410326,0.4062779499476005,0.8481346174189752,0.18430525626135794,0.7545890860438633,0.4865397242284298,0.4070912672357112,1.0,1.0,2.0,4.52942233283401,2026,1,0.18430525626135794,4.678972602537413,1.6436184264152764,1.0,0
263,0.7945648741484294,3.0460151948762477,1.8840651863464581,2.137181420493475,-0.06432274215844315,0.2479705816500254,0.2256388116931976,0.4119367679301408,0.5151685393258263,0.15730337078651685,-1.0,-1.0,-2.0,-4.196398158565623,2026,-1,0.2256388116931976,4.079023138547485,4.005289279035044,0.0,1
207,1.2520940815620958,4.593488694348144,5.2728450431458125,8.995552157757059,2.8958247158909334,1.9594683348875623,0.23921521310733165,6.006296438487228,0.8992857142857142,0.0,-1.0,1.0,0.0,1.9481431861596528,2026,1,0.23921521310733165,5.524400248476127,11.981156032108814,1.0,5
91,4.463093505354056,6.671656774532556,5.866755589777429,7.545911498834347,1.9398203078988856,2.143227580827462,0.27023105836623407,5.220979022069388,0.9249165140579588,0.008617903694926182,-1.0,-1.0,-2.0,-3.282614856013272,2026,-1,0.27023105836623407,7.085663751059374,1.9429564474157615,1.0,5
466,9.683494308293204,3.014678758239374,0.4711611401503683,2.3569676271145417,0.25185136036038,0.5032533835795452,0.22188298895126818,-0.46477395492459295,0.9692307692307692,0.0,-1.0,1.0,0.0,-0.5493097544749512,2026,1,0.22188298895126818,3.5090176159161777,4.188744538204577,0.0,2
110,1.7452332701657807,3.8510166131933947,2.4860198879815694,3.968746996849687,0.14334695362169583,0.8613989904600501,0.22589356907148822,4.035987769277131,0.9220713073005192,0.02054329371815156,1.0,-1.0,0.0,0.6546385679146322,2026,-1,0.22589356907148822,0.07211707727957771,7.6922959309488945,0.0,1
15,4.026438803708204,3.0391399820466485,3.8151108028773644,6.377729641234777,2.818454157616372,2.425887087434865,0.24042642435191464,5.717007023648453,0.8921626399528421,0.04733844038500402,-1.0,1.0,0.0,-0.5686138209216248,2026,1,0.24042642435191464,0.6649360834222209,7.530961484152426,0.0,2
84,5.655077009231894,3.7345468808494946,4.165355674643264,4.522190098171172,1.233003057939646,0.7879412403578223,0.20865780306185533,2.8445095267916782,0.6166322618696186,0.12651135358303744,1.0,-1.0,0.0,0.35793352436495374,2026,-1,0.20865780306185533,16.344513804950427,1.537756737755832,1.0,1
121,5.180140607666771,4.365943460263987,6.225761582177251,8.820028759188126,0.8607619365192554,2.9496154735611144,0.21716313045682112,3.43614754756431,0.848363125125513,0.03685479011850927,-1.0,-1.0,-2.0,-1.921051832258759,2026,1,0.21716313045682112,4.770046142893186,3.8653201964846664,1.0,1
218,1.1172342411620102,3.1035709804654514,0.6862918453194313,5.078688294885115,0.192177848082063,0.6027013537620212,0.20315329354966427,-0.5958124247015747,0.999008919722584,0.0009910802774160021,1.0,1.0,2.0,0.22507879574050918,2026,-1,0.20315329354966427,5.716740319774407,9.950910158329195,0.0,3
30,4.3355383448096925,3.3885809449909794,5.329112726896203,6.025652469951605,2.541102722513403,1.7884172846049877,0.199025428220838,5.896473036284636,0.6549749463135199,0.16463851109520172,-1.0,-1.0,-2.0,-0.949632257449768,2026,1,0.199025428220838,3.918522465122015,14.23626061434812,0.0,1
22,5.166847564892532,3.392950283526722,2.5104427748191243,9.205995716556826,-0.13224285800504232,2.4774487475219535,0.2522984663779809,0.7028601465655908,0.538008067018283,0.046850760161358,1.0,1.0,2.0,1.1730941548478733,2026,-1,0.2522984663779809,8.150498154290666,1.9421778471029387,1.0,3
1123,44.51630165732178,3.802381668794796,1.9987398826822487,4.036569392939198,0.9237762143609783,1.834304018984788,0.49272564431406385,3.7390142786700236,0.7137724550898203,0.00023952095808034684,-1.0,-1.0,-2.0,-10.466476921367809,2026,1,0.49272564431406385,4.609991615625638,5.404060248506363,0.0,4
213,2.217728345995566,3.1274579868254153,1.9156941364130264,3.3779536663081364,0.9728179901740082,1.1503247240650214,0.4208915088225721,3.5806397674970776,0.5460135708227328,0.2697201017811651,1.0,1.0,2.0,8.809160434373682,2026,-1,0.4208915088225721,4.963633266616428,1.7558613123065472,1.0,3
161,3.005868222708721,3.224556701633806,0.5975709885166066,3.370049755684114,0.9207112810191718,1.292407134551386,0.40634118523143375,0.8969248429379815,0.31411805315843505,0.1753538142906529,-1.0,-1.0,-2.0,-7.787298896256364,2026,1,0.40634118523143375,4.18926240835566,2.0774011101445797,1.0,0
585,13.690501237843634,4.915938321641159,4.364211140424756,5.697098098525284,0.5357791143450645,1.3577439389415062,0.27532556162413846,4.558435018906675,0.9848630466121986,0.0,-1.0,1.0,0.0,3.5756737593184367,2026,-1,0.27532556162413846,6.836293797699835,8.609184598331558,1.0,2
31,4.765945095223323,3.281359414563766,5.8719424202766985,7.657257899296967,0.47320956247959195,1.1001793236269857,0.2958670758636108,4.176412380502645,0.6368322399250218,0.05654482974070174,1.0,-1.0,0.0,-3.2589542904911464,2026,1,0.2958670758636108,0.24549363790990453,20.368316219765642,0.0,1
12,3.7883318064464224,4.89000790525961,6.986324132519354,8.463666823461422,2.8901062965592486,6.0800577996939245,0.36357087266945953,3.8549129606221744,0.8402018502943591,0.019437435753670497,-1.0,1.0,0.0,3.2589542904911464,2026,-1,0.36357087266945953,9.409149071492877,1.4666713337408406,1.0,5
272,2.679423542518387,3.9720846841312984,4.7270024519147364,6.098365616312546,1.225925713442049,3.077963080883356,0.2634202857626158,4.43891866122656,0.4191780821917775,0.11529680365296803,-1.0,-1.0,-2.0,-4.6472184012514175,2026,1,0.2634202857626158,2.3723754483326775,2.9882464811791323,0.0,1
129,3.918765463403469,4.270591115107582,2.1845951366424177,5.6515434414477514,2.3358269244076197,2.3275498827207635,0.2269404367938079,5.52765766113143,0.840358988305674,0.07533315202611922,1.0,1.0,2.0,3.889628511577001,2026,-1,0.2269404367938079,0.5228269431543685,16.026629904603123,0.0,3
7,3.5941109056597784,4.516348665953015,8.400350857979083,8.823744189737802,0.7811524992285853,2.200997047970305,0.24525750506964034,7.055369834053294,0.8163110581609466,0.0,-1.0,-1.0,-2.0,-4.831737576708531,2026,1,0.24525750506964034,6.176116141958891,5.4271327070891475,0.0,5
110,4.693284379864087,3.2434572614804225,2.663087591831837,3.6663825161500876,0.24809681032015066,0.5274059855496198,0.2797610933186453,1.2556013259144305,0.6955719557195572,0.2095940959409433,-1.0,1.0,0.0,3.756764963426073,2026,-1,0.2797610933186453,9.695145181829425,0.6328908037996279,1.0,2
