t,year,dir,netpct,R,eq
2020-01-01 02:30:00+00:00,2020,1,-0.5585291350782872,-0.2792645675391436,9972.073543246086
2020-01-01 22:40:00+00:00,2020,-1,2.92,1.46,10117.665816977478
2020-01-03 04:40:00+00:00,2020,1,2.92,1.46,10265.38373790535
2020-01-05 21:30:00+00:00,2020,-1,-1.2857419893457323,-0.6428709946728661,10199.39056336249
2020-01-06 02:00:00+00:00,2020,1,2.92,1.46,10348.301665587584
2020-01-07 15:50:00+00:00,2020,-1,-1.64091079737255,-0.820455398686275,10263.398465899929
2020-01-07 16:25:00+00:00,2020,1,2.92,1.46,10413.244083502068
2020-01-08 16:35:00+00:00,2020,-1,2.92,1.46,10565.277447121198
2020-01-09 20:05:00+00:00,2020,1,-2.08,-1.04,10455.398561671138
2020-01-09 20:50:00+00:00,2020,-1,-0.7229630766083605,-0.3614815383041802,10417.604226114576
2020-01-10 12:35:00+00:00,2020,1,2.92,1.46,10569.701247815849
2020-01-11 22:05:00+00:00,2020,-1,-1.551272143068525,-0.7756360715342625,10487.718832284383
2020-01-12 09:25:00+00:00,2020,1,-0.9309449361178589,-0.46547246805892944,10438.901388592669
2020-01-13 03:25:00+00:00,2020,-1,-0.7032928351604938,-0.3516464175802469,10402.193365824949
2020-01-13 20:40:00+00:00,2020,1,2.92,1.46,10554.065388965993
2020-01-16 01:20:00+00:00,2020,-1,-1.3442439458903088,-0.6721219729451544,10483.129196447753
2020-01-16 12:05:00+00:00,2020,1,0.6559501208352937,0.32797506041764685,10517.511245763462
2020-01-18 04:40:00+00:00,2020,-1,-1.258712815292382,-0.629356407646191,10451.31861481334
2020-01-18 13:30:00+00:00,2020,1,-2.08,-1.04,10342.624901219282
2020-01-19 11:00:00+00:00,2020,-1,-0.46326472066649854,-0.23163236033324927,10318.668035040173
2020-01-20 22:00:00+00:00,2020,1,-1.2722700110575613,-0.6361350055287807,10253.027375564974
2020-01-21 08:05:00+00:00,2020,-1,-1.1462182535080556,-0.5731091267540278,10194.266339907022
2020-01-21 20:10:00+00:00,2020,1,-0.5777659054451466,-0.2888829527225733,10164.816842295897
2020-01-22 08:50:00+00:00,2020,-1,2.92,1.46,10313.223168193417
2020-01-24 11:55:00+00:00,2020,1,-0.6972355451633304,-0.3486177725816652,10277.269439303085
2020-01-25 00:30:00+00:00,2020,-1,-0.4234708850741375,-0.21173544253706875,10255.50881737505
2020-01-25 21:00:00+00:00,2020,1,-1.0078785322648809,-0.5039392661324404,10203.827281502623
2020-01-26 00:20:00+00:00,2020,-1,-1.0328035731036111,-0.5164017865518056,10151.134535124284
2020-01-26 06:05:00+00:00,2020,1,2.92,1.46,10299.341099337098
2020-01-28 17:30:00+00:00,2020,-1,-2.08,-1.04,10192.227951903993
2020-01-28 21:05:00+00:00,2020,1,2.92,1.46,10341.03448000179
2020-01-30 00:25:00+00:00,2020,-1,-1.5426185457522479,-0.7713092728761239,10261.27312214622
2020-01-30 07:30:00+00:00,2020,1,0.035437869803569624,0.017718934901784812,10263.091310450827
2020-01-31 05:35:00+00:00,2020,-1,-0.24608996539793088,-0.12304498269896544,10250.463091523505
2020-01-31 22:40:00+00:00,2020,1,-0.7940655392693595,-0.39703276963467976,10209.765394010848
2020-02-01 11:25:00+00:00,2020,-1,-0.8409528825854417,-0.4204764412927208,10166.835735817776
2020-02-02 10:00:00+00:00,2020,1,-0.47258393540162474,-0.23629196770081237,10142.812319604704
2020-02-02 23:00:00+00:00,2020,-1,-2.08,-1.04,10037.327071480815
2020-02-03 01:30:00+00:00,2020,1,-2.08,-1.04,9932.938869937414
2020-02-03 10:00:00+00:00,2020,-1,0.8614426321438852,0.4307213160719426,9975.72215496263
2020-02-05 05:00:00+00:00,2020,1,2.92,1.46,10121.367698425083
2020-02-08 02:50:00+00:00,2020,-1,-1.0592843304234467,-0.5296421652117234,10067.760667398104
2020-02-08 08:45:00+00:00,2020,1,2.92,1.46,10214.749973142116
2020-02-10 05:45:00+00:00,2020,-1,2.92,1.46,10363.88532274999
2020-02-11 12:20:00+00:00,2020,1,2.92,1.46,10515.198048462138
2020-02-13 08:05:00+00:00,2020,-1,-1.5865915199726555,-0.7932957599863277,10431.781428189523
2020-02-13 13:35:00+00:00,2020,1,-2.08,-1.04,10323.290901336351
2020-02-13 13:55:00+00:00,2020,-1,-1.2157262075625486,-0.6078631037812743,10260.539424851118
2020-02-14 10:30:00+00:00,2020,1,-0.41472559494899247,-0.20736279747449624,10239.262883263773
2020-02-15 01:55:00+00:00,2020,-1,2.92,1.46,10388.756121359424
2020-02-16 23:25:00+00:00,2020,1,-1.7970675531712144,-0.8985337765856072,10295.409638641904
2020-02-17 03:35:00+00:00,2020,-1,2.92,1.46,10445.722619366075
2020-02-18 04:30:00+00:00,2020,1,-1.2905214695681488,-0.6452607347840744,10378.320472838848
2020-02-18 10:10:00+00:00,2020,-1,-1.9921829167003446,-0.9960914583501723,10274.942909088693
2020-02-18 15:20:00+00:00,2020,1,2.92,1.46,10424.957075561388
2020-02-19 21:30:00+00:00,2020,-1,2.92,1.46,10577.161448864583
2020-02-21 03:25:00+00:00,2020,1,-0.7817967607315878,-0.3908983803657939,10535.815496072297
2020-02-21 20:00:00+00:00,2020,-1,-0.8517255717255788,-0.4258627858627894,10490.94737868736
2020-02-22 20:05:00+00:00,2020,1,2.92,1.46,10644.115210416196
2020-02-24 02:35:00+00:00,2020,-1,2.92,1.46,10799.519292488272
2020-02-27 12:15:00+00:00,2020,1,-2.08,-1.04,10687.204291846394
2020-02-27 21:35:00+00:00,2020,-1,2.92,1.46,10843.23747450735
2020-02-28 22:40:00+00:00,2020,1,-1.5212287903667332,-0.7606143951833666,10760.76224937233
2020-02-29 10:55:00+00:00,2020,-1,-1.1755420497708702,-0.5877710248854351,10697.51360681371
2020-03-01 12:00:00+00:00,2020,1,-2.08,-1.04,10586.259465302848
2020-03-01 16:30:00+00:00,2020,-1,-1.7523736087119524,-0.8761868043559762,10493.50405679298
2020-03-02 02:40:00+00:00,2020,1,2.92,1.46,10646.709216022156
2020-03-03 07:05:00+00:00,2020,-1,-1.5709337117946731,-0.7854668558973366,10563.082843886536
2020-03-03 12:00:00+00:00,2020,1,-1.5832315766381533,-0.7916157883190766,10479.463812361106
2020-03-03 14:00:00+00:00,2020,-1,-0.8540516240007489,-0.4270258120003744,10434.713796923086
2020-03-04 01:15:00+00:00,2020,1,-1.088047149495639,-0.5440235747478195,10377.946493910362
2020-03-04 10:00:00+00:00,2020,-1,-0.7777282042944565,-0.3888641021472283,10337.590385455498
2020-03-05 00:10:00+00:00,2020,1,2.92,1.46,10488.519205083148
2020-03-06 15:45:00+00:00,2020,-1,-1.1763922089419987,-0.5881961044709993,10426.826143702157
2020-03-06 23:20:00+00:00,2020,1,-1.011136816685585,-0.5055684083427925,10374.111404726773
2020-03-07 16:55:00+00:00,2020,-1,2.92,1.46,10525.573431235784
2020-03-10 10:30:00+00:00,2020,1,-1.6616424854775302,-0.8308212427387651,10438.124731249009
2020-03-10 15:30:00+00:00,2020,-1,-2.08,-1.04,10329.56823404402
2020-03-10 20:40:00+00:00,2020,1,-2.08,-1.04,10222.140724409963
2020-03-11 05:40:00+00:00,2020,-1,2.92,1.46,10371.383978986347
2020-03-11 22:30:00+00:00,2020,1,-2.08,-1.04,10263.521585604889
2020-03-12 01:50:00+00:00,2020,-1,2.92,1.46,10413.36900075472
2020-03-13 13:30:00+00:00,2020,1,-2.08,-1.04,10305.06996314687
2020-03-13 15:30:00+00:00,2020,-1,-2.08,-1.04,10197.897235530143
2020-03-15 10:15:00+00:00,2020,1,2.92,1.46,10346.786535168883
2020-03-15 20:45:00+00:00,2020,-1,-2.08,-1.04,10239.179955203128
2020-03-15 21:10:00+00:00,2020,1,-2.08,-1.04,10132.692483669016
2020-03-16 05:45:00+00:00,2020,-1,2.92,1.46,10280.629793930582
2020-03-17 01:15:00+00:00,2020,1,2.92,1.46,10430.726988921968
2020-03-18 06:25:00+00:00,2020,-1,2.92,1.46,10583.015602960228
2020-03-18 13:50:00+00:00,2020,1,-2.08,-1.04,10472.952240689441
2020-03-20 18:35:00+00:00,2020,-1,2.92,1.46,10625.857343403506
2020-03-21 20:35:00+00:00,2020,1,-2.08,-1.04,10515.34842703211
2020-03-22 12:00:00+00:00,2020,-1,2.92,1.46,10668.872514066778
2020-03-23 12:10:00+00:00,2020,1,2.92,1.46,10824.638052772152
2020-03-25 10:50:00+00:00,2020,-1,-2.08,-1.04,10712.061817023323
2020-03-26 00:15:00+00:00,2020,1,-2.08,-1.04,10600.65637412628
2020-03-26 07:50:00+00:00,2020,-1,-2.08,-1.04,10490.409547835367
2020-03-26 20:10:00+00:00,2020,1,-1.0870028407609622,-0.5435014203804811,10433.394022939152
2020-03-27 05:10:00+00:00,2020,-1,2.92,1.46,10585.721575674062
2020-03-30 05:00:00+00:00,2020,1,2.92,1.46,10740.273110678903
2020-03-31 12:10:00+00:00,2020,-1,-2.08,-1.04,10628.574270327843
2020-04-01 20:45:00+00:00,2020,1,2.92,1.46,10783.75145467463
2020-04-03 14:40:00+00:00,2020,-1,-1.5776843985891276,-0.7888421992945638,10698.684672533116
2020-04-04 09:45:00+00:00,2020,1,-2.08,-1.04,10587.418351938772
2020-04-04 11:40:00+00:00,2020,-1,-2.08,-1.04,10477.30920107861
2020-04-04 20:25:00+00:00,2020,1,-2.08,-1.04,10368.345185387392
2020-04-05 17:10:00+00:00,2020,-1,-1.7451357465390815,-0.8725678732695408,10277.874336310013
2020-04-06 00:20:00+00:00,2020,1,2.92,1.46,10427.93130162014
2020-04-07 20:00:00+00:00,2020,-1,-1.7912576005694048,-0.8956288002847024,10334.535745608926
2020-04-08 03:10:00+00:00,2020,1,-1.0591379649675359,-0.5295689824837679,10279.807249816484
2020-04-09 04:00:00+00:00,2020,-1,2.92,1.46,10429.892435663804
2020-04-12 00:00:00+00:00,2020,1,-1.575643692824833,-0.7878218464124165,10347.723464498327
2020-04-12 04:05:00+00:00,2020,-1,-1.5982054999587358,-0.7991027499793679,10265.034521733261
2020-04-12 12:20:00+00:00,2020,1,2.92,1.46,10414.904025750566
2020-04-12 23:55:00+00:00,2020,-1,2.92,1.46,10566.961624526524
2020-04-13 21:00:00+00:00,2020,1,-1.2067696154902419,-0.6033848077451209,10503.202183443875
2020-04-14 08:25:00+00:00,2020,-1,-1.7869041421307275,-0.8934520710653637,10409.361106007713
2020-04-14 13:55:00+00:00,2020,1,-0.8848491398093271,-0.44242456990466356,10363.307534904634
2020-04-15 09:30:00+00:00,2020,-1,2.92,1.46,10514.611824914242
2020-04-16 07:00:00+00:00,2020,1,2.92,1.46,10668.12515755799
2020-04-19 05:50:00+00:00,2020,-1,-0.6967424340095539,-0.34837121700477697,10630.960480115013
2020-04-19 21:55:00+00:00,2020,1,-1.1387905942848753,-0.5693952971424376,10570.428291100166
2020-04-20 00:00:00+00:00,2020,-1,-1.4486905869617628,-0.7243452934808814,10493.86189127281
2020-04-20 04:00:00+00:00,2020,1,-1.3357803668883927,-0.6678901834441964,10423.774417836808
2020-04-20 10:15:00+00:00,2020,-1,2.92,1.46,10575.961524337225
2020-04-22 05:55:00+00:00,2020,1,2.92,1.46,10730.370562592547
2020-04-23 06:15:00+00:00,2020,-1,-1.1880706109227956,-0.5940353054613978,10666.62837304391
2020-04-23 11:40:00+00:00,2020,1,2.92,1.46,10822.36114729035
2020-04-24 14:15:00+00:00,2020,-1,-1.8566138832107315,-0.9283069416053658,10721.896417514452
2020-04-25 05:55:00+00:00,2020,1,-0.6369211200302515,-0.31846056001512574,10687.751406138994
2020-04-26 15:05:00+00:00,2020,-1,-1.7718210477749219,-0.8859105238874609,10593.067491665079
2020-04-26 19:55:00+00:00,2020,1,2.92,1.46,10747.726277043388
2020-04-30 09:55:00+00:00,2020,-1,-2.08,-1.04,10635.949923762137
2020-05-01 10:00:00+00:00,2020,1,-2.08,-1.04,10525.336044555012
2020-05-01 16:00:00+00:00,2020,-1,-2.08,-1.04,10415.87254969164
2020-05-01 23:25:00+00:00,2020,1,2.92,1.46,10567.944288917137
2020-05-03 12:25:00+00:00,2020,-1,2.92,1.46,10722.236275535326
2020-05-04 13:55:00+00:00,2020,1,2.92,1.46,10878.780925158142
2020-05-05 10:10:00+00:00,2020,-1,-1.776600570101281,-0.8883002850506405,10782.144683189928
2020-05-05 21:00:00+00:00,2020,1,2.92,1.46,10939.5639955645
2020-05-07 00:00:00+00:00,2020,-1,-2.08,-1.04,10825.792530010629
2020-05-07 02:35:00+00:00,2020,1,2.92,1.46,10983.849100948784
2020-05-08 23:45:00+00:00,2020,-1,2.92,1.46,11144.213297822636
2020-05-11 11:15:00+00:00,2020,1,2.92,1.46,11306.918811970847
2020-05-11 16:35:00+00:00,2020,-1,-2.08,-1.04,11189.32685632635
2020-05-12 09:00:00+00:00,2020,1,2.92,1.46,11352.691028428713
2020-05-15 02:30:00+00:00,2020,-1,-2.08,-1.04,11234.623041733055
2020-05-16 05:15:00+00:00,2020,1,-2.08,-1.04,11117.782962099032
2020-05-16 16:35:00+00:00,2020,-1,-1.5677722413218609,-0.7838861206609304,11030.632204533933
2020-05-17 00:30:00+00:00,2020,1,2.92,1.46,11191.679434720128
2020-05-18 08:45:00+00:00,2020,-1,-2.08,-1.04,11075.285968599039
2020-05-19 08:15:00+00:00,2020,1,-2.08,-1.04,10960.102994525609
2020-05-20 15:15:00+00:00,2020,-1,2.92,1.46,11120.120498245682
2020-05-22 15:35:00+00:00,2020,1,-0.8388267246061986,-0.4194133623030993,11073.481226971833
2020-05-23 09:55:00+00:00,2020,-1,-1.1677763364586236,-0.5838881682293118,11008.824480276451
2020-05-23 20:50:00+00:00,2020,1,-1.2475755751246353,-0.6237877875623177,10940.152777614316
2020-05-24 00:05:00+00:00,2020,-1,-1.7376637777071524,-0.8688318888535762,10845.101241593104
2020-05-24 06:00:00+00:00,2020,1,-1.2245366938313218,-0.6122683469156609,10778.700119499872
2020-05-24 11:30:00+00:00,2020,-1,2.92,1.46,10936.06914124457
2020-05-25 19:05:00+00:00,2020,1,-1.2791246087801333,-0.6395623043900667,10866.126165435136
2020-05-26 12:20:00+00:00,2020,-1,-1.4016513553362842,-0.7008256776681421,10789.973563099951
2020-05-27 08:20:00+00:00,2020,1,2.92,1.46,10947.50717712121
2020-05-29 10:50:00+00:00,2020,-1,-1.2580118676000929,-0.6290059338000464,10878.646707373931
2020-05-30 04:20:00+00:00,2020,1,-0.417099740189617,-0.2085498700948085,10855.95930379763
2020-05-30 20:30:00+00:00,2020,-1,-1.329699794855408,-0.664849897427704,10783.783469501539
2020-05-30 22:20:00+00:00,2020,1,-0.7190811275664876,-0.3595405637832438,10745.01139361813
2020-05-31 09:00:00+00:00,2020,-1,-1.3542892658718308,-0.6771446329359154,10672.252125657893
2020-05-31 12:05:00+00:00,2020,1,-1.740539979231568,-0.870269989615784,10579.37471819216
2020-05-31 14:55:00+00:00,2020,-1,-1.193716976290613,-0.5968584881453065,10516.230822193933
2020-06-01 04:10:00+00:00,2020,1,2.92,1.46,10669.767792197963
2020-06-02 14:45:00+00:00,2020,-1,2.92,1.46,10825.546401964053
2020-06-03 23:35:00+00:00,2020,1,-0.8866099833441087,-0.44330499167205434,10777.556214388373
2020-06-04 09:15:00+00:00,2020,-1,-1.3794154987115759,-0.6897077493557879,10703.22257398656
2020-06-04 13:15:00+00:00,2020,1,0.22122070388236553,0.11061035194118277,10715.061446144695
2020-06-05 10:55:00+00:00,2020,-1,-0.2871180995857569,-0.14355904979287845,10699.679005747887
2020-06-06 12:00:00+00:00,2020,1,-1.3216832735417272,-0.6608416367708636,10628.971071877075
2020-06-06 17:00:00+00:00,2020,-1,-1.063834035823894,-0.531917017911947,10572.433765916823
2020-06-06 20:50:00+00:00,2020,1,-0.9165295936915262,-0.4582647968457631,10523.984023797791
2020-06-07 08:20:00+00:00,2020,-1,-0.5321182248585775,-0.26605911242928876,10495.984005311875
2020-06-07 19:40:00+00:00,2020,1,-0.2559529576977559,-0.12797647884887794,10482.551614561335
2020-06-09 00:20:00+00:00,2020,-1,-1.0635045129162668,-0.5317522564581334,10426.810409816517
2020-06-09 12:00:00+00:00,2020,1,0.5424701555404888,0.2712350777702444,10455.09157714054
2020-06-11 06:15:00+00:00,2020,-1,2.92,1.46,10607.735914166791
2020-06-12 11:15:00+00:00,2020,1,-1.1690780249474098,-0.5845390124737049,10545.729559408303
2020-06-12 15:15:00+00:00,2020,-1,-1.0615224038988158,-0.5307612019494079,10489.756918444453
2020-06-13 19:40:00+00:00,2020,1,-1.1363922705681073,-0.5681961352840537,10430.15452503316
2020-06-13 20:00:00+00:00,2020,-1,-1.0516958395806109,-0.5258479197903054,10375.30777443236
2020-06-13 23:55:00+00:00,2020,1,-0.8900509687871682,-0.4450254843935841,10329.135010751868
2020-06-14 06:45:00+00:00,2020,-1,2.92,1.46,10479.940381908846
2020-06-15 15:20:00+00:00,2020,1,2.92,1.46,10632.947511484714
2020-06-17 03:00:00+00:00,2020,-1,-1.0584085953969513,-0.5292042976984757,10576.677496281915
2020-06-17 07:45:00+00:00,2020,1,-0.9207466906499849,-0.46037334532499247,10527.985292268046
2020-06-17 13:55:00+00:00,2020,-1,-0.43305174666313556,-0.21652587333156778,10505.189480169744
2020-06-18 09:45:00+00:00,2020,1,-0.9879265929893609,-0.49396329649468046,10453.297699910485
2020-06-18 13:35:00+00:00,2020,-1,-0.19518331301729747,-0.09759165650864873,10443.096153525363
2020-06-19 09:15:00+00:00,2020,1,-1.0362732482957915,-0.5181366241478957,10388.986647658969
2020-06-19 17:20:00+00:00,2020,-1,-0.5377691811734396,-0.2688845905867198,10361.052263445303
2020-06-20 21:05:00+00:00,2020,1,-0.44550927411591607,-0.22275463705795803,10337.97253908048
2020-06-21 18:30:00+00:00,2020,-1,-0.6225989566725908,-0.3112994783362954,10305.790484495774
2020-06-22 01:50:00+00:00,2020,1,2.92,1.46,10456.255025569411
2020-06-24 07:25:00+00:00,2020,-1,2.92,1.46,10608.916348942725
2020-06-25 21:05:00+00:00,2020,1,-1.197424690153468,-0.598712345076734,10545.39945708274
2020-06-26 00:15:00+00:00,2020,-1,2.92,1.46,10699.362289156148
2020-06-28 08:45:00+00:00,2020,1,-0.22409762448556186,-0.11204881224278093,10687.373780793596
2020-06-29 13:20:00+00:00,2020,-1,-1.0851667138109011,-0.5425833569054506,10629.385869368734
2020-06-29 16:05:00+00:00,2020,1,-0.34473519369972777,-0.17236759684986389,10611.064252385804
2020-06-30 12:35:00+00:00,2020,-1,-0.6941267806002215,-0.34706339030011074,10574.237133044551
2020-07-01 08:35:00+00:00,2020,1,0.14958683091680586,0.07479341545840293,10582.145966155025
2020-07-02 06:05:00+00:00,2020,-1,-0.6218715997067558,-0.3109357998533779,10549.242285953509
2020-07-02 12:50:00+00:00,2020,1,-1.7417480971193755,-0.8708740485596878,10457.371672565456
2020-07-02 15:00:00+00:00,2020,-1,-0.802750809381889,-0.4013754046909445,10415.39835469466
2020-07-04 17:30:00+00:00,2020,1,-0.9015404812379145,-0.45077024061895726,10368.44883846978
2020-07-05 05:55:00+00:00,2020,-1,-0.4238042011948195,-0.21190210059740974,10346.477877581696
2020-07-06 02:00:00+00:00,2020,1,1.2336566516351644,0.6168283258175822,10410.297883855068
2020-07-07 09:50:00+00:00,2020,-1,-0.7119549983914152,-0.3559774991957076,10373.239565789298
2020-07-08 02:00:00+00:00,2020,1,0.7164469360097537,0.35822346800487687,10410.398944306322
2020-07-09 10:30:00+00:00,2020,-1,-0.6780350277659196,-0.3390175138829598,10375.105868620038
2020-07-09 12:50:00+00:00,2020,1,-0.6788322717622063,-0.33941613588110314,10339.891085187195
2020-07-09 14:15:00+00:00,2020,-1,1.230501634522665,0.6152508172613325,10403.50734959274
2020-07-10 15:40:00+00:00,2020,1,-0.37910571287582456,-0.18955285643791228,10383.78720424186
2020-07-11 09:10:00+00:00,2020,-1,-0.4121307162301279,-0.20606535811506396,10362.389815953533
2020-07-11 23:20:00+00:00,2020,1,-0.40670405372660084,-0.20335202686330042,10341.317686231316
2020-07-12 13:35:00+00:00,2020,-1,-0.5665612287868748,-0.2832806143934374,10312.022737953383
2020-07-12 21:45:00+00:00,2020,1,-0.1163991026595012,-0.0581995513297506,10306.021186986873
2020-07-13 19:20:00+00:00,2020,-1,-0.12224697734223071,-0.061123488671115354,10299.721787294202
2020-07-14 17:45:00+00:00,2020,1,-0.5661210863796428,-0.2830605431898214,10270.567338856046
2020-07-15 08:20:00+00:00,2020,-1,0.7326763620577293,0.3663381810288647,10308.192348426557
2020-07-17 11:55:00+00:00,2020,1,-0.17311618624112673,-0.08655809312056337,10299.26977369456
2020-07-18 02:00:00+00:00,2020,-1,-0.34241401176918534,-0.17120700588459267,10281.63670228704
2020-07-18 08:55:00+00:00,2020,1,-0.09245279679984446,-0.04622639839992223,10276.883871943008
2020-07-19 03:10:00+00:00,2020,-1,-0.203997233823836,-0.101998616911918,10266.401592531982
2020-07-19 19:50:00+00:00,2020,1,-0.20089761019904445,-0.10044880509952223,10256.089114805565
2020-07-20 10:45:00+00:00,2020,-1,-0.4638884822530808,-0.2319442411265404,10232.300706738968
2020-07-20 17:05:00+00:00,2020,1,-0.4373900514101891,-0.21869502570509455,10209.923174078143
2020-07-20 19:30:00+00:00,2020,-1,-0.5753036260375798,-0.2876518130187899,10180.554144960082
2020-07-21 05:45:00+00:00,2020,1,1.007775163427107,0.5038875817135535,10231.852693046161
2020-07-22 07:55:00+00:00,2020,-1,-0.7629050125571889,-0.38145250627859445,10192.823034509804
2020-07-22 17:35:00+00:00,2020,1,2.92,1.46,10341.638250813647
2020-07-24 06:20:00+00:00,2020,-1,-0.6793036482320857,-0.33965182411604283,10306.512687851276
2020-07-24 16:50:00+00:00,2020,1,2.92,1.46,10456.987773093904
2020-07-28 10:10:00+00:00,2020,-1,-2.08,-1.04,10348.235100253729
2020-07-28 11:40:00+00:00,2020,1,2.92,1.46,10499.319332717432
2020-07-30 00:00:00+00:00,2020,-1,-0.9627482422732124,-0.4813741211366062,10448.778326554238
2020-07-30 18:30:00+00:00,2020,1,-1.0999605275365898,-0.5499802637682949,10391.312107953292
2020-07-31 01:30:00+00:00,2020,-1,-1.3935023270459679,-0.6967511635229839,10318.910519935824
2020-07-31 06:30:00+00:00,2020,1,2.92,1.46,10469.566613526886
2020-08-02 04:35:00+00:00,2020,-1,2.92,1.46,10622.422286084378
2020-08-03 13:45:00+00:00,2020,1,-0.8407732652916698,-0.4203866326458349,10577.767042730487
2020-08-03 21:55:00+00:00,2020,-1,-1.902640704273515,-0.9513203521367575,10477.138592051379
2020-08-04 00:45:00+00:00,2020,1,-2.08,-1.04,10368.176350694044
2020-08-04 11:35:00+00:00,2020,-1,-0.8924274618337645,-0.44621373091688227,10321.912124171571
2020-08-05 05:50:00+00:00,2020,1,2.92,1.46,10472.612041184475
2020-08-07 11:50:00+00:00,2020,-1,2.92,1.46,10625.512176985767
2020-08-08 09:30:00+00:00,2020,1,-0.3409698523311277,-0.17048492616556385,10607.39728039612
2020-08-09 05:55:00+00:00,2020,-1,-0.6808225577580184,-0.3404112788790092,10571.288503658147
2020-08-10 00:05:00+00:00,2020,1,2.92,1.46,10725.629315811555
2020-08-10 10:25:00+00:00,2020,-1,-2.08,-1.04,10614.082770927114
2020-08-10 14:25:00+00:00,2020,1,-1.6110202707050525,-0.8055101353525262,10528.58525843259
2020-08-11 06:25:00+00:00,2020,-1,2.92,1.46,10682.302603205704
2020-08-12 10:15:00+00:00,2020,1,-0.447795458155773,-0.2238977290778865,10658.385170263899
2020-08-13 08:05:00+00:00,2020,-1,-1.1532190123039276,-0.5766095061519638,10596.927908169866
2020-08-13 11:15:00+00:00,2020,1,2.92,1.46,10751.643055629145
2020-08-15 12:20:00+00:00,2020,-1,-1.3280556178210645,-0.6640278089105323,10680.24915582497
2020-08-15 21:20:00+00:00,2020,1,-1.0381106477331126,-0.5190553238665563,10624.812753979448
2020-08-16 10:30:00+00:00,2020,-1,-0.9871773187042442,-0.4935886593521221,10572.369883148407
2020-08-16 22:55:00+00:00,2020,1,2.92,1.46,10726.726483442373
2020-08-18 11:55:00+00:00,2020,-1,2.92,1.46,10883.336690100632
2020-08-20 14:45:00+00:00,2020,1,-0.5989947695256158,-0.2994973847628079,10850.74138133885
2020-08-21 09:55:00+00:00,2020,-1,2.92,1.46,11009.162205506396
2020-08-22 14:45:00+00:00,2020,1,-0.5894385857812855,-0.29471929289064275,10976.716080501144
2020-08-23 05:50:00+00:00,2020,-1,-0.6643819137168138,-0.3321909568584069,10940.252422321697
2020-08-23 13:25:00+00:00,2020,1,0.3131670049025504,0.1565835024512752,10957.383052741578
2020-08-25 02:50:00+00:00,2020,-1,2.92,1.46,11117.360845311605
2020-08-26 14:00:00+00:00,2020,1,-0.8989196392642483,-0.44945981963212417,11067.392775308415
2020-08-27 02:05:00+00:00,2020,-1,-1.1710725953195755,-0.5855362976597878,11002.589173404409
2020-08-27 13:15:00+00:00,2020,1,-2.08,-1.04,10888.162246001004
2020-08-27 14:05:00+00:00,2020,-1,-1.1784704751704878,-0.5892352375852439,10824.005357322114
2020-08-28 06:00:00+00:00,2020,1,0.4003906265072655,0.20019531325363274,10845.674508753795
2020-08-29 10:55:00+00:00,2020,-1,-0.7327317158317336,-0.3663658579158668,10805.939660293037
2020-08-29 17:25:00+00:00,2020,1,0.6676074739937167,0.33380373699685834,10842.01029069672
2020-08-31 07:25:00+00:00,2020,-1,-0.7606087609873889,-0.38030438049369447,10800.777650627624
2020-08-31 11:35:00+00:00,2020,1,-0.5795687330153986,-0.2897843665076993,10769.478685534848
2020-08-31 21:50:00+00:00,2020,-1,-0.8304521184056312,-0.4152260592028156,10724.761003592215
2020-09-01 04:15:00+00:00,2020,1,1.0262505329581195,0.5131252664790598,10779.79246207114
2020-09-02 03:15:00+00:00,2020,-1,2.92,1.46,10937.177432017379
2020-09-04 19:50:00+00:00,2020,1,-2.08,-1.04,10823.430786724399
2020-09-05 08:55:00+00:00,2020,-1,2.92,1.46,10981.452876210575
2020-09-06 12:10:00+00:00,2020,1,-1.540495618610258,-0.770247809305129,10896.868476001688
2020-09-07 05:15:00+00:00,2020,-1,-0.9297405240772915,-0.46487026203864573,10846.212174963293
2020-09-07 16:15:00+00:00,2020,1,-0.6854735986145032,-0.3427367993072516,10809.038214508751
2020-09-08 08:45:00+00:00,2020,-1,2.92,1.46,10966.850172440578
2020-09-09 07:40:00+00:00,2020,1,0.47356916519528897,0.23678458259764448,10992.8179828455
2020-09-10 09:15:00+00:00,2020,-1,-1.3413922510707144,-0.6706961255353572,10919.0895785474
2020-09-10 12:35:00+00:00,2020,1,-1.0656200219627188,-0.5328100109813594,10860.911576164877
2020-09-10 18:40:00+00:00,2020,-1,-1.032549878762854,-0.516274939381427,10804.839411508761
2020-09-11 22:00:00+00:00,2020,1,-0.7412849974224399,-0.37064249871121996,10764.792084732211
2020-09-12 13:30:00+00:00,2020,-1,-0.8471436290344502,-0.4235718145172251,10719.195459569904
2020-09-12 15:10:00+00:00,2020,1,-0.09263373922032463,-0.04631686961016231,10714.230663785636
2020-09-13 11:30:00+00:00,2020,-1,-0.35064695811529484,-0.17532347905764742,10695.446101831627
2020-09-14 07:55:00+00:00,2020,1,2.92,1.46,10851.599614918368
2020-09-16 00:25:00+00:00,2020,-1,-1.3890809131869997,-0.6945404565934998,10776.230865405216
2020-09-16 06:45:00+00:00,2020,1,0.21366976456584036,0.10683488228292018,10787.743638964806
2020-09-17 03:55:00+00:00,2020,-1,-0.7349113288525365,-0.36745566442626826,10748.103463899646
2020-09-17 21:00:00+00:00,2020,1,-0.561702350184543,-0.2808511750922715,10717.917289021152
2020-09-18 15:25:00+00:00,2020,-1,-0.7450988461821105,-0.37254942309105527,10677.987749993528
2020-09-19 00:25:00+00:00,2020,1,-0.7554882277787976,-0.3777441138893988,10637.652279786096
2020-09-19 08:00:00+00:00,2020,-1,-1.027906923753994,-0.513953461876997,10582.9796976317
2020-09-19 10:55:00+00:00,2020,1,-0.1800259393928338,-0.0900129696964169,10573.453643323492
2020-09-20 01:00:00+00:00,2020,-1,0.2501701141382729,0.12508505706913645,10586.679453847422
2020-09-21 00:35:00+00:00,2020,1,-0.72607419432684,-0.36303709716342,10548.245880072178
2020-09-21 08:05:00+00:00,2020,-1,2.92,1.46,10702.250269921231
2020-09-22 21:30:00+00:00,2020,1,-1.106255924170616,-0.553127962085308,10643.053131105946
2020-09-23 06:10:00+00:00,2020,-1,-0.8295884302697097,-0.41479421513485487,10598.90636240439
2020-09-23 13:35:00+00:00,2020,1,-1.0262927756653917,-0.5131463878326958,10544.518457255943
2020-09-23 18:15:00+00:00,2020,-1,-0.11387569634707433,-0.05693784817353716,10538.51463534612
2020-09-24 11:00:00+00:00,2020,1,2.92,1.46,10692.376949022173
2020-09-25 09:40:00+00:00,2020,-1,-1.370633190602275,-0.6853165953011375,10619.100315358372
2020-09-25 17:40:00+00:00,2020,1,-0.3518330192608365,-0.17591650963041824,10600.41956472944
2020-09-27 06:40:00+00:00,2020,-1,-0.8247795671589041,-0.41238978357945205,10556.70451742794
2020-09-27 15:50:00+00:00,2020,1,-0.285870133587871,-0.1429350667939355,10541.615284774714
2020-09-28 23:15:00+00:00,2020,-1,-0.8564695363535301,-0.42823476817676503,10496.472422997873
2020-09-29 23:10:00+00:00,2020,1,-1.1165576968752622,-0.5582788484376311,10437.872837628187
2020-09-30 04:15:00+00:00,2020,-1,-0.7050309340350979,-0.35251546701754893,10401.077721447924
2020-09-30 15:10:00+00:00,2020,1,-0.8225384215606234,-0.4112692107803117,10358.301291190279
2020-09-30 18:40:00+00:00,2020,-1,-0.8540862948671267,-0.42704314743356336,10314.06687533573
2020-09-30 23:40:00+00:00,2020,1,-0.33180970831268913,-0.16590485415634457,10296.955337728616
2020-10-01 15:50:00+00:00,2020,-1,2.92,1.46,10447.290885659453
2020-10-03 16:50:00+00:00,2020,1,1.084285660266051,0.5421428301330256,10503.930124139197
2020-10-06 08:00:00+00:00,2020,-1,0.43666523382161154,0.21833261691080577,10526.863629657711
2020-10-07 18:20:00+00:00,2020,1,-0.47686155308598094,-0.23843077654299047,10501.764346959897
2020-10-08 06:40:00+00:00,2020,-1,-0.7988002768823809,-0.39940013844119043,10459.820285619373
2020-10-08 13:05:00+00:00,2020,1,2.92,1.46,10612.533661789415
2020-10-10 23:30:00+00:00,2020,-1,-1.0084385158813136,-0.5042192579406568,10559.023223311238
2020-10-11 01:45:00+00:00,2020,1,-0.9337579403001705,-0.4668789701500852,10509.725364428334
2020-10-11 21:00:00+00:00,2020,-1,-0.9991371893094713,-0.49956859465473563,10457.222077123188
2020-10-12 13:35:00+00:00,2020,1,0.23541033629431946,0.11770516814715973,10469.530767952587
2020-10-13 10:10:00+00:00,2020,-1,-1.1097144417297233,-0.5548572208648617,10411.439820495934
2020-10-13 10:35:00+00:00,2020,1,-1.059808767521495,-0.5299043837607476,10356.269144474514
2020-10-13 13:00:00+00:00,2020,-1,-0.376361350910912,-0.188180675455456,10336.780647246458
2020-10-14 13:35:00+00:00,2020,1,-1.0469567158881121,-0.5234783579440561,10282.669837649973
2020-10-14 14:30:00+00:00,2020,-1,-0.9941347424042267,-0.49706737120211336,10231.558040998574
2020-10-15 16:20:00+00:00,2020,1,-0.7181994624218845,-0.35909973121094224,10194.816543574656
2020-10-16 04:05:00+00:00,2020,-1,-0.02141758895173089,-0.010708794475865445,10193.724801623814
2020-10-17 06:25:00+00:00,2020,1,-0.80378943668161,-0.401894718340805,10152.75676004389
2020-10-17 14:35:00+00:00,2020,-1,-0.837835958302655,-0.4189179791513275,10110.225036596565
2020-10-17 15:00:00+00:00,2020,1,2.92,1.46,10257.834322130873
2020-10-23 00:40:00+00:00,2020,-1,-1.200802730779258,-0.600401365389629,10196.246144801395
2020-10-24 02:55:00+00:00,2020,1,-2.08,-1.04,10090.20518489546
2020-10-25 05:45:00+00:00,2020,-1,-0.8401376719455377,-0.42006883597276884,10047.819377428006
2020-10-26 01:00:00+00:00,2020,1,-0.9197799007734407,-0.45988995038672037,10001.610465878206
2020-10-26 08:25:00+00:00,2020,-1,-1.3273291339456739,-0.6636645669728369,9935.233321089527
2020-10-26 11:00:00+00:00,2020,1,-1.2922444069876615,-0.6461222034938308,9871.03957263305
2020-10-26 15:45:00+00:00,2020,-1,-1.0998899345017055,-0.5499449672508527,9816.754287288015
2020-10-27 00:25:00+00:00,2020,1,2.92,1.46,9960.07889988242
2020-10-28 11:05:00+00:00,2020,-1,2.92,1.46,10105.496051820703
2020-10-29 14:20:00+00:00,2020,1,-0.34399876330311935,-0.17199938165155967,10088.114661098749
2020-10-30 05:45:00+00:00,2020,-1,-1.3596223507671512,-0.6798111753835756,10019.53453024709
2020-10-30 15:20:00+00:00,2020,1,2.92,1.46,10165.819734388697
2020-11-01 04:05:00+00:00,2020,-1,-1.3176925236364356,-0.6588462618182178,10098.842611085498
2020-11-01 14:00:00+00:00,2020,1,-0.9777707050178862,-0.4888853525089431,10049.47084878697
2020-11-01 22:45:00+00:00,2020,-1,2.92,1.46,10196.193123179259
2020-11-02 20:15:00+00:00,2020,1,-1.3086033765329108,-0.6543016882664554,10129.479259435388
2020-11-03 00:05:00+00:00,2020,-1,-1.4835658158565002,-0.7417829079282501,10054.34051362676
2020-11-03 13:25:00+00:00,2020,1,2.92,1.46,10201.13388512571
2020-11-04 07:45:00+00:00,2020,-1,-2.08,-1.04,10095.042092720403
2020-11-04 13:30:00+00:00,2020,1,2.92,1.46,10242.429707274121
2020-11-06 20:15:00+00:00,2020,-1,-2.08,-1.04,10135.90843831847
2020-11-07 01:30:00+00:00,2020,1,-2.08,-1.04,10030.494990559959
2020-11-07 14:15:00+00:00,2020,-1,2.92,1.46,10176.940217422134
2020-11-08 10:55:00+00:00,2020,1,2.92,1.46,10325.523544596497
2020-11-09 08:15:00+00:00,2020,-1,-1.8454608864518862,-0.9227304432259431,10230.246795428044
2020-11-09 11:05:00+00:00,2020,1,-2.08,-1.04,10123.852228755592
2020-11-09 13:45:00+00:00,2020,-1,-1.2112085019512087,-0.6056042509756043,10062.54174929576
2020-11-11 00:30:00+00:00,2020,1,2.92,1.46,10209.454858835477
2020-11-12 00:10:00+00:00,2020,-1,-1.758601946348879,-0.8793009731744394,10119.683022905932
2020-11-12 06:10:00+00:00,2020,1,2.92,1.46,10267.43039504036
2020-11-13 15:25:00+00:00,2020,-1,-1.6106227067533707,-0.8053113533766854,10184.745612369052
2020-11-13 22:10:00+00:00,2020,1,-1.385953935732307,-0.6929769678661535,10114.167671039575
2020-11-14 04:10:00+00:00,2020,-1,0.22980275188681182,0.11490137594340591,10125.788988858823
2020-11-14 23:05:00+00:00,2020,1,-1.292458238551717,-0.6462291192758585,10060.35319185639
2020-11-15 03:15:00+00:00,2020,-1,-1.2955645149610984,-0.6477822574805492,9995.184008839666
2020-11-15 07:05:00+00:00,2020,1,-1.0601201401469118,-0.5300600700734559,9942.20352947844
2020-11-15 17:35:00+00:00,2020,-1,-0.910181045309386,-0.455090522654693,9896.957503472744
2020-11-16 05:00:00+00:00,2020,1,2.92,1.46,10041.453083023445
2020-11-18 15:10:00+00:00,2020,-1,-2.08,-1.04,9937.021970960002
2020-11-19 02:20:00+00:00,2020,1,-2.08,-1.04,9833.676942462018
2020-11-19 07:45:00+00:00,2020,-1,-2.08,-1.04,9731.406702260414
2020-11-19 13:25:00+00:00,2020,1,2.92,1.46,9873.485240113416
2020-11-22 01:10:00+00:00,2020,-1,2.92,1.46,10017.63812461907
2020-11-22 16:50:00+00:00,2020,1,-1.641912518678199,-0.8209562593390995,9935.39769739707
2020-11-23 00:25:00+00:00,2020,-1,-2.08,-1.04,9832.06956134414
2020-11-23 08:20:00+00:00,2020,1,-2.08,-1.04,9729.816037906161
2020-11-23 15:45:00+00:00,2020,-1,-1.60080943967996,-0.80040471983998,9651.938131107014
2020-11-24 08:50:00+00:00,2020,1,2.92,1.46,9792.856427821176
2020-11-25 03:50:00+00:00,2020,-1,-2.08,-1.04,9691.010720971835
2020-11-25 08:30:00+00:00,2020,1,-1.463102312911999,-0.7315511564559996,9620.116019970292
2020-11-25 16:30:00+00:00,2020,-1,2.92,1.46,9760.569713861858
2020-11-28 01:20:00+00:00,2020,1,2.92,1.46,9903.07403168424
2020-12-01 12:20:00+00:00,2020,-1,2.92,1.46,10047.658912546829
2020-12-02 07:55:00+00:00,2020,1,-2.08,-1.04,9943.163259856343
2020-12-04 03:55:00+00:00,2020,-1,2.92,1.46,10088.333443450245
2020-12-05 08:15:00+00:00,2020,1,-0.3843621574288058,-0.1921810787144029,10068.945575414316
2020-12-06 08:55:00+00:00,2020,-1,-1.0337726452013118,-0.5168863226006559,10016.900572904897
2020-12-06 16:05:00+00:00,2020,1,-0.5575615826386747,-0.27878079131933736,9988.975378222081
2020-12-07 11:55:00+00:00,2020,-1,-0.7256986383930552,-0.3628493191965276,9952.730449067494
2020-12-08 00:55:00+00:00,2020,1,-1.0613074395974453,-0.5306537197987227,9899.915914717978
2020-12-08 08:40:00+00:00,2020,-1,2.92,1.46,10044.454687072859
2020-12-09 21:10:00+00:00,2020,1,-1.3346329260599843,-0.6673164630299921,9977.426387324434
2020-12-10 09:55:00+00:00,2020,-1,-0.9618510427359482,-0.4809255213679741,9929.442397452089
2020-12-10 19:55:00+00:00,2020,1,-1.6256481492553854,-0.8128240746276927,9848.73349916931
2020-12-11 00:25:00+00:00,2020,-1,2.92,1.46,9992.52500825718
2020-12-11 21:50:00+00:00,2020,1,2.92,1.46,10138.415873377735
2020-12-13 22:25:00+00:00,2020,-1,-1.4656549283104203,-0.7328274641552102,10064.118777427351
2020-12-14 02:50:00+00:00,2020,1,-0.857719488598072,-0.428859744299036,10020.957823372524
2020-12-15 05:15:00+00:00,2020,-1,-1.3891306541992643,-0.6945653270996321,9951.3557248881
2020-12-15 12:20:00+00:00,2020,1,2.92,1.46,10096.645518471467
2020-12-18 13:55:00+00:00,2020,-1,-2.08,-1.04,9991.640405079364
2020-12-18 21:25:00+00:00,2020,1,2.92,1.46,10137.518354993523
2020-12-20 03:10:00+00:00,2020,-1,-2.08,-1.04,10032.088164101591
2020-12-20 08:25:00+00:00,2020,1,-2.08,-1.04,9927.754447194935
2020-12-20 21:55:00+00:00,2020,-1,-2.08,-1.04,9824.505800944107
2020-12-21 03:30:00+00:00,2020,1,-2.08,-1.04,9722.330940614289
2020-12-21 09:45:00+00:00,2020,-1,2.92,1.46,9864.276972347257
2020-12-22 11:50:00+00:00,2020,1,2.92,1.46,10008.295416143526
2020-12-23 11:05:00+00:00,2020,-1,-2.08,-1.04,9904.209143815635
2020-12-23 12:45:00+00:00,2020,1,-2.08,-1.04,9801.205368719953
2020-12-23 21:40:00+00:00,2020,-1,-1.4243996115213076,-0.7121998057606538,9731.401203121728
2020-12-24 20:55:00+00:00,2020,1,2.92,1.46,9873.479660687304
2020-12-27 20:45:00+00:00,2020,-1,-2.08,-1.04,9770.795472216156
2020-12-28 13:10:00+00:00,2020,1,-2.08,-1.04,9669.179199305108
2020-12-28 21:50:00+00:00,2020,-1,2.92,1.46,9810.349215614962
2020-12-29 12:00:00+00:00,2020,1,-2.08,-1.04,9708.321583772567
2020-12-29 16:15:00+00:00,2020,-1,-2.08,-1.04,9607.355039301334
2020-12-29 20:55:00+00:00,2020,1,2.92,1.46,9747.622422875133
2020-12-31 13:05:00+00:00,2020,-1,-2.08,-1.04,9646.247149677232
2020-12-31 20:55:00+00:00,2020,1,-0.9508336577380238,-0.4754168288690119,9600.38726737337
2021-01-01 18:40:00+00:00,2021,-1,-2.08,-1.04,9500.543239792687
2021-01-02 05:20:00+00:00,2021,1,2.92,1.46,9639.25117109366
2021-01-03 16:55:00+00:00,2021,-1,-2.08,-1.04,9539.002958914285
2021-01-05 00:00:00+00:00,2021,1,-2.08,-1.04,9439.797328141576
2021-01-05 03:55:00+00:00,2021,-1,2.92,1.46,9577.618369132442
2021-01-05 14:55:00+00:00,2021,1,2.92,1.46,9717.451597321775
2021-01-08 02:15:00+00:00,2021,-1,-2.08,-1.04,9616.390100709628
2021-01-08 10:00:00+00:00,2021,1,2.92,1.46,9756.78939617999
2021-01-09 06:15:00+00:00,2021,-1,-2.08,-1.04,9655.318786459718
2021-01-09 11:20:00+00:00,2021,1,-2.08,-1.04,9554.903471080537
2021-01-10 10:30:00+00:00,2021,-1,2.92,1.46,9694.405061758313
2021-01-11 23:45:00+00:00,2021,1,-2.08,-1.04,9593.583249116027
2021-01-12 13:40:00+00:00,2021,-1,2.92,1.46,9733.649564553121
2021-01-13 07:40:00+00:00,2021,1,-2.08,-1.04,9632.41960908177
2021-01-15 05:45:00+00:00,2021,-1,2.92,1.46,9773.052935374362
2021-01-16 08:35:00+00:00,2021,1,-2.08,-1.04,9671.41318484647
2021-01-16 19:25:00+00:00,2021,-1,2.92,1.46,9812.615817345228
2021-01-17 21:00:00+00:00,2021,1,-2.08,-1.04,9710.564612844837
2021-01-18 03:20:00+00:00,2021,-1,-2.08,-1.04,9609.57474087125
2021-01-18 07:30:00+00:00,2021,1,2.92,1.46,9749.87453208797
2021-01-18 17:25:00+00:00,2021,-1,-2.08,-1.04,9648.475836954256
2021-01-18 23:35:00+00:00,2021,1,2.92,1.46,9789.343584173788
2021-01-19 19:25:00+00:00,2021,-1,2.92,1.46,9932.268000502725
2021-01-20 23:25:00+00:00,2021,1,-2.08,-1.04,9828.972413297497
2021-01-21 02:30:00+00:00,2021,-1,2.92,1.46,9972.47541053164
2021-01-22 13:25:00+00:00,2021,1,2.92,1.46,10118.073551525402
2021-01-23 11:15:00+00:00,2021,-1,-2.08,-1.04,10012.845586589538
2021-01-24 04:50:00+00:00,2021,1,-1.80939400506128,-0.90469700253064,9922.25967269964
2021-01-24 14:40:00+00:00,2021,-1,2.92,1.46,10067.124663921055
2021-01-25 00:15:00+00:00,2021,1,2.92,1.46,10214.104684014303
2021-01-25 21:05:00+00:00,2021,-1,2.92,1.46,10363.23061240091
2021-01-26 22:55:00+00:00,2021,1,-2.08,-1.04,10255.45301403194
2021-01-27 05:30:00+00:00,2021,-1,2.92,1.46,10405.182628036806
2021-01-27 20:55:00+00:00,2021,1,-2.08,-1.04,10296.968728705224
2021-01-27 23:15:00+00:00,2021,-1,-2.08,-1.04,10189.880253926689
2021-01-28 03:45:00+00:00,2021,1,-2.08,-1.04,10083.905499285851
2021-01-29 07:15:00+00:00,2021,-1,-2.08,-1.04,9979.03288209328
2021-01-29 08:45:00+00:00,2021,1,2.92,1.46,10124.72676217184
2021-01-29 19:30:00+00:00,2021,-1,-2.08,-1.04,10019.429603845254
2021-01-30 21:55:00+00:00,2021,1,-2.08,-1.04,9915.227535965263
2021-01-31 02:30:00+00:00,2021,-1,2.92,1.46,10059.989857990355
2021-02-01 02:15:00+00:00,2021,1,2.92,1.46,10206.865709917014
2021-02-01 15:55:00+00:00,2021,-1,-2.08,-1.04,10100.714306533877
2021-02-02 05:50:00+00:00,2021,1,2.92,1.46,10248.184735409272
2021-02-04 14:45:00+00:00,2021,-1,-2.08,-1.04,10141.603614161015
2021-02-05 07:20:00+00:00,2021,1,2.92,1.46,10289.671026927765
2021-02-06 23:10:00+00:00,2021,-1,2.92,1.46,10439.90022392091
2021-02-08 06:15:00+00:00,2021,1,2.92,1.46,10592.322767190155
2021-02-10 04:10:00+00:00,2021,-1,-2.08,-1.04,10482.162610411378
2021-02-10 10:10:00+00:00,2021,1,-2.08,-1.04,10373.1481192631
2021-02-10 12:30:00+00:00,2021,-1,2.92,1.46,10524.59608180434
2021-02-11 10:00:00+00:00,2021,1,2.92,1.46,10678.255184598684
2021-02-12 14:35:00+00:00,2021,-1,-2.08,-1.04,10567.201330678858
2021-02-13 03:05:00+00:00,2021,1,-2.08,-1.04,10457.302436839798
2021-02-13 07:55:00+00:00,2021,-1,-1.3604393212036747,-0.6802196606018374,10386.169809695819
2021-02-14 00:10:00+00:00,2021,1,2.92,1.46,10537.807888917378
2021-02-15 01:20:00+00:00,2021,-1,2.92,1.46,10691.65988409557
2021-02-15 16:15:00+00:00,2021,1,-1.714987616855932,-0.857493808427966,10599.979562571274
2021-02-16 00:05:00+00:00,2021,-1,-2.08,-1.04,10489.739775120534
2021-02-16 03:15:00+00:00,2021,1,2.92,1.46,10642.889975837294
2021-02-16 16:55:00+00:00,2021,-1,-2.08,-1.04,10532.203920088587
2021-02-17 00:00:00+00:00,2021,1,2.92,1.46,10685.97409732188
2021-02-18 12:00:00+00:00,2021,-1,-2.08,-1.04,10574.839966709733
2021-02-18 14:35:00+00:00,2021,1,-1.8345817604065373,-0.9172908802032687,10477.837924099014
2021-02-19 01:00:00+00:00,2021,-1,-1.8514646955845127,-0.9257323477922563,10380.841189086386
2021-02-19 08:55:00+00:00,2021,1,2.92,1.46,10532.401470447046
2021-02-20 22:35:00+00:00,2021,-1,2.92,1.46,10686.174531915573
2021-02-21 10:05:00+00:00,2021,1,-0.6909162711996574,-0.3454581355998287,10649.258272610674
2021-02-22 00:10:00+00:00,2021,-1,2.92,1.46,10804.73744339079
2021-02-24 01:55:00+00:00,2021,1,-2.08,-1.04,10692.368173979527
2021-02-24 14:40:00+00:00,2021,-1,-2.08,-1.04,10581.16754497014
2021-02-25 00:30:00+00:00,2021,1,-2.08,-1.04,10471.123402502451
2021-02-25 09:15:00+00:00,2021,-1,-2.08,-1.04,10362.223719116426
2021-02-25 12:00:00+00:00,2021,1,-2.08,-1.04,10254.456592437615
2021-02-25 18:50:00+00:00,2021,-1,2.92,1.46,10404.171658687203
2021-02-26 16:20:00+00:00,2021,1,-2.08,-1.04,10295.968273436856
2021-02-26 20:30:00+00:00,2021,-1,-2.08,-1.04,10188.890203393114
2021-02-27 01:35:00+00:00,2021,1,-2.08,-1.04,10082.925745277826
2021-02-27 09:35:00+00:00,2021,-1,-2.08,-1.04,9978.063317526936
2021-02-28 22:05:00+00:00,2021,1,2.92,1.46,10123.743041962829
2021-03-02 16:35:00+00:00,2021,-1,-2.08,-1.04,10018.456114326416
2021-03-03 04:10:00+00:00,2021,1,2.92,1.46,10164.725573595582
2021-03-04 03:35:00+00:00,2021,-1,2.92,1.46,10313.130566970078
2021-03-05 13:45:00+00:00,2021,1,-2.08,-1.04,10205.87400907359
2021-03-06 10:50:00+00:00,2021,-1,-1.3596003420645797,-0.6798001710322898,10136.494460104568
2021-03-06 20:15:00+00:00,2021,1,2.92,1.46,10284.487279222094
2021-03-08 07:10:00+00:00,2021,-1,-1.8765327262470244,-0.9382663631235122,10187.991394461436
2021-03-08 13:20:00+00:00,2021,1,2.92,1.46,10336.736068820574
2021-03-10 02:05:00+00:00,2021,-1,-2.08,-1.04,10229.23401370484
2021-03-10 08:45:00+00:00,2021,1,2.92,1.46,10378.580830304929
2021-03-11 07:55:00+00:00,2021,-1,-2.08,-1.04,10270.643589669759
2021-03-11 12:45:00+00:00,2021,1,2.92,1.46,10420.594986078937
2021-03-12 10:15:00+00:00,2021,-1,-2.08,-1.04,10312.220798223716
2021-03-12 16:15:00+00:00,2021,1,-2.08,-1.04,10204.97370192219
2021-03-13 01:15:00+00:00,2021,-1,-2.08,-1.04,10098.8419754222
2021-03-13 08:00:00+00:00,2021,1,2.92,1.46,10246.285068263363
2021-03-14 11:10:00+00:00,2021,-1,2.92,1.46,10395.880830260008
2021-03-16 09:30:00+00:00,2021,1,-2.08,-1.04,10287.763669625305
2021-03-17 09:35:00+00:00,2021,-1,-1.6553272727108137,-0.8276636363554069,10202.615590737634
2021-03-17 18:00:00+00:00,2021,1,2.92,1.46,10351.573778362403
2021-03-18 19:50:00+00:00,2021,-1,-2.08,-1.04,10243.917411067434
2021-03-19 09:00:00+00:00,2021,1,-0.5465389380378859,-0.27326946901894295,10215.92391235147
2021-03-20 20:25:00+00:00,2021,-1,2.92,1.46,10365.076401471802
2021-03-21 20:10:00+00:00,2021,1,-1.7908946200402376,-0.8954473100201188,10272.262603653293
2021-03-22 00:35:00+00:00,2021,-1,-2.08,-1.04,10165.431072575298
2021-03-22 10:10:00+00:00,2021,1,-2.08,-1.04,10059.710589420516
2021-03-22 13:40:00+00:00,2021,-1,2.92,1.46,10206.582364026055
2021-03-23 16:25:00+00:00,2021,1,-2.08,-1.04,10100.433907440185
2021-03-23 20:55:00+00:00,2021,-1,-2.0639958632753785,-1.0319979316376893,9996.19763842897
2021-03-24 07:00:00+00:00,2021,1,-0.7223832331647227,-0.3611916165823614,9960.09221058196
2021-03-24 19:25:00+00:00,2021,-1,2.92,1.46,10105.509556856457
2021-03-26 07:30:00+00:00,2021,1,2.92,1.46,10253.04999638656
2021-03-27 12:15:00+00:00,2021,-1,-1.903829384955933,-0.9519146924779665,10155.449707043847
2021-03-27 15:15:00+00:00,2021,1,0.6000000726748135,0.30000003633740674,10185.916059855206
2021-03-28 12:20:00+00:00,2021,-1,-1.8148332920380739,-0.9074166460190369,10093.487361978554
2021-03-28 15:55:00+00:00,2021,1,-1.7080176552465942,-0.8540088276232971,10007.288088892215
2021-03-28 18:45:00+00:00,2021,-1,-1.1360517412339544,-0.5680258706169772,9950.444103600137
2021-03-29 07:15:00+00:00,2021,1,2.92,1.46,10095.720587512698
2021-03-31 07:50:00+00:00,2021,-1,-1.6005841992103287,-0.8002920996051643,10014.925333252622
2021-03-31 15:00:00+00:00,2021,1,-1.188636223002757,-0.5943181115013785,9955.404818143763
2021-04-01 11:05:00+00:00,2021,-1,-1.6331642688822567,-0.8165821344411284,9874.11076098751
2021-04-02 02:10:00+00:00,2021,1,-1.0046709202832993,-0.5023354601416496,9824.509601261409
2021-04-02 19:05:00+00:00,2021,-1,-1.5075064718006326,-0.7537532359003163,9750.457042230564
2021-04-03 05:15:00+00:00,2021,1,-1.1266387095399266,-0.5633193547699633,9695.53083053315
2021-04-03 09:00:00+00:00,2021,-1,-1.461128338355664,-0.730564169177832,9624.698756273685
2021-04-03 10:15:00+00:00,2021,1,-1.414496402486607,-0.7072482012433035,9556.628247444853
2021-04-03 15:50:00+00:00,2021,-1,2.92,1.46,9696.155019857548
2021-04-04 14:00:00+00:00,2021,1,-1.162755476534747,-0.5813777382673735,9639.783733104201
2021-04-05 02:00:00+00:00,2021,-1,-0.6975304402610493,-0.34876522013052463,9606.163520147335
2021-04-05 12:05:00+00:00,2021,1,0.20778563495754915,0.10389281747877457,9616.143634080034
2021-04-06 14:05:00+00:00,2021,-1,-0.7559104179319353,-0.3779552089659676,9579.79891831338
2021-04-07 06:00:00+00:00,2021,1,-2.08,-1.04,9480.16900956292
2021-04-07 09:10:00+00:00,2021,-1,-0.10036035016297344,-0.05018017508148672,9475.4118441559
2021-04-08 04:35:00+00:00,2021,1,2.92,1.46,9613.752857080575
2021-04-10 20:15:00+00:00,2021,-1,-1.5373255708291156,-0.7686627854145578,9539.85551658647
2021-04-11 00:15:00+00:00,2021,1,-1.4849374704073082,-0.7424687352036541,9469.025071992213
2021-04-11 06:05:00+00:00,2021,-1,-1.4465572044019304,-0.7232786022009652,9400.537639809449
2021-04-12 00:00:00+00:00,2021,1,-1.2011950844660757,-0.6005975422330379,9344.078241788062
2021-04-12 10:35:00+00:00,2021,-1,-1.5378224100240345,-0.7689112050120173,9272.230577181865
2021-04-13 01:35:00+00:00,2021,1,2.92,1.46,9407.60514360872
2021-04-14 14:10:00+00:00,2021,-1,-0.7640842215569464,-0.3820421107784732,9371.664130344374
2021-04-15 19:25:00+00:00,2021,1,-1.9151905255864055,-0.9575952627932027,9281.921518587307
2021-04-16 04:30:00+00:00,2021,-1,2.92,1.46,9417.437572758681
2021-04-17 02:20:00+00:00,2021,1,-1.3133424448012998,-0.6566712224006499,9355.595970330829
2021-04-17 10:50:00+00:00,2021,-1,2.92,1.46,9492.187671497659
2021-04-19 01:05:00+00:00,2021,1,-2.08,-1.04,9393.468919714083
2021-04-19 14:25:00+00:00,2021,-1,2.92,1.46,9530.613565941909
2021-04-20 10:35:00+00:00,2021,1,-2.08,-1.04,9431.495184856114
2021-04-21 03:50:00+00:00,2021,-1,-1.5960750069557195,-0.7980375034778597,9356.228316142255
2021-04-21 14:35:00+00:00,2021,1,-2.08,-1.04,9258.923541654376
2021-04-21 20:15:00+00:00,2021,-1,2.92,1.46,9394.10382536253
2021-04-22 11:20:00+00:00,2021,1,-2.08,-1.04,9296.40514557876
2021-04-22 17:45:00+00:00,2021,-1,2.92,1.46,9432.132660704208
2021-04-23 20:00:00+00:00,2021,1,-2.08,-1.04,9334.038481032885
2021-04-24 02:10:00+00:00,2021,-1,-2.08,-1.04,9236.964480830144
2021-04-24 18:15:00+00:00,2021,1,-2.08,-1.04,9140.900050229511
2021-04-25 03:55:00+00:00,2021,-1,-1.5230555555555725,-0.7615277777777862,9071.28955720811
2021-04-25 14:40:00+00:00,2021,1,-2.0245438222303824,-1.0122719111151912,8979.463441044567
2021-04-25 19:50:00+00:00,2021,-1,2.92,1.46,9110.563607283817
2021-04-26 00:15:00+00:00,2021,1,2.92,1.46,9243.57783595016
2021-04-28 05:35:00+00:00,2021,-1,-1.487173395619954,-0.743586697809977,9174.843820760323
2021-04-28 12:10:00+00:00,2021,1,-2.08,-1.04,9079.425445024415
2021-04-29 03:35:00+00:00,2021,-1,2.92,1.46,9211.985056521771
2021-04-30 04:10:00+00:00,2021,1,2.92,1.46,9346.480038346988
2021-05-02 03:30:00+00:00,2021,-1,-0.31424543403247623,-0.15712271701623812,9331.794594965357
2021-05-03 00:15:00+00:00,2021,1,2.92,1.46,9468.038796051851
2021-05-03 16:05:00+00:00,2021,-1,2.92,1.46,9606.272162474208
2021-05-05 08:45:00+00:00,2021,1,2.92,1.46,9746.52373604633
2021-05-06 18:30:00+00:00,2021,-1,-2.08,-1.04,9645.15988919145
2021-05-07 12:30:00+00:00,2021,1,2.92,1.46,9785.979223573644
2021-05-08 15:55:00+00:00,2021,-1,-2.08,-1.04,9684.20503964848
2021-05-08 18:05:00+00:00,2021,1,-1.7592037361847757,-0.8796018680923878,9599.022591209834
2021-05-09 04:10:00+00:00,2021,-1,2.92,1.46,9739.168321041498
2021-05-09 23:35:00+00:00,2021,1,-0.6350229724647359,-0.31751148623236797,9708.245342958686
2021-05-10 09:35:00+00:00,2021,-1,2.92,1.46,9849.985724965882
2021-05-11 18:25:00+00:00,2021,1,-0.6775056585381666,-0.3387528292690833,9816.61861963996
2021-05-12 10:10:00+00:00,2021,-1,2.92,1.46,9959.941251486702
2021-05-14 09:10:00+00:00,2021,1,-1.7024473864676182,-0.8512236932338091,9875.159871721879
2021-05-14 20:25:00+00:00,2021,-1,2.92,1.46,10019.337205849017
2021-05-16 06:10:00+00:00,2021,1,-2.08,-1.04,9915.136098908188
2021-05-16 15:05:00+00:00,2021,-1,2.92,1.46,10059.897085952247
2021-05-18 04:40:00+00:00,2021,1,-2.08,-1.04,9955.274156258343
2021-05-18 12:45:00+00:00,2021,-1,2.92,1.46,10100.621158939715
2021-05-20 07:20:00+00:00,2021,1,-2.08,-1.04,9995.574698886743
2021-05-20 16:40:00+00:00,2021,-1,-2.08,-1.04,9891.62072201832
2021-05-20 22:50:00+00:00,2021,1,-2.08,-1.04,9788.74786650933
2021-05-21 06:05:00+00:00,2021,-1,-2.08,-1.04,9686.944888697633
2021-05-21 14:05:00+00:00,2021,1,-2.08,-1.04,9586.200661855179
2021-05-21 14:15:00+00:00,2021,-1,2.92,1.46,9726.159191518263
2021-05-22 10:45:00+00:00,2021,1,-2.08,-1.04,9625.007135926473
2021-05-23 00:00:00+00:00,2021,-1,-2.08,-1.04,9524.907061712838
2021-05-24 00:05:00+00:00,2021,1,-2.08,-1.04,9425.848028271024
2021-05-25 10:05:00+00:00,2021,-1,-2.08,-1.04,9327.819208777006
2021-05-25 22:45:00+00:00,2021,1,-2.08,-1.04,9230.809889005724
2021-05-26 15:15:00+00:00,2021,-1,2.92,1.46,9365.579713385208
2021-05-27 08:30:00+00:00,2021,1,2.92,1.46,9502.317177200632
2021-05-27 21:00:00+00:00,2021,-1,-2.08,-1.04,9403.493078557745
2021-05-29 05:15:00+00:00,2021,1,-2.08,-1.04,9305.696750540745
2021-05-29 09:00:00+00:00,2021,-1,2.92,1.46,9441.559923098639
2021-05-30 05:25:00+00:00,2021,1,2.92,1.46,9579.406697975879
2021-05-31 01:15:00+00:00,2021,-1,-1.6216911469738893,-0.8108455734869446,9501.73250279903
2021-05-31 07:25:00+00:00,2021,1,2.92,1.46,9640.457797339895
2021-06-01 08:10:00+00:00,2021,-1,-2.08,-1.04,9540.19703624756
2021-06-01 13:40:00+00:00,2021,1,-2.08,-1.04,9440.978987070586
2021-06-01 16:50:00+00:00,2021,-1,-2.08,-1.04,9342.792805605053
2021-06-02 05:45:00+00:00,2021,1,2.92,1.46,9479.197580566886
2021-06-04 01:10:00+00:00,2021,-1,2.92,1.46,9617.593865243161
2021-06-05 00:40:00+00:00,2021,1,-2.08,-1.04,9517.570889044633
2021-06-05 09:50:00+00:00,2021,-1,2.92,1.46,9656.527424024684
2021-06-07 00:25:00+00:00,2021,1,-1.3670130636125521,-0.6835065318062761,9590.52442833581
2021-06-07 16:25:00+00:00,2021,-1,2.92,1.46,9730.546084989512
2021-06-08 20:40:00+00:00,2021,1,-2.08,-1.04,9629.348405705621
2021-06-09 02:15:00+00:00,2021,-1,-2.08,-1.04,9529.203182286283
2021-06-09 05:15:00+00:00,2021,1,2.92,1.46,9668.329548747663
2021-06-10 17:25:00+00:00,2021,-1,-2.08,-1.04,9567.778921440688
2021-06-11 05:05:00+00:00,2021,1,-2.08,-1.04,9468.274020657705
2021-06-12 01:25:00+00:00,2021,-1,2.92,1.46,9606.510821359307
2021-06-13 10:25:00+00:00,2021,1,2.92,1.46,9746.765879351153
2021-06-15 09:05:00+00:00,2021,-1,-2.08,-1.04,9645.399514205901
2021-06-15 17:55:00+00:00,2021,1,-2.08,-1.04,9545.08735925816
2021-06-15 20:00:00+00:00,2021,-1,-2.08,-1.04,9445.818450721874
2021-06-17 07:05:00+00:00,2021,1,-1.8270918424762006,-0.9135459212381003,9359.526561537748
2021-06-17 12:30:00+00:00,2021,-1,2.92,1.46,9496.175649336199
2021-06-19 12:15:00+00:00,2021,1,-2.08,-1.04,9397.415422583103
2021-06-19 18:30:00+00:00,2021,-1,-2.08,-1.04,9299.68230218824
2021-06-20 19:30:00+00:00,2021,1,-2.08,-1.04,9202.965606245481
2021-06-21 03:45:00+00:00,2021,-1,2.92,1.46,9337.328904096665
2021-06-22 16:15:00+00:00,2021,1,-2.08,-1.04,9240.220683494059
2021-06-23 18:15:00+00:00,2021,-1,-2.08,-1.04,9144.12238838572
2021-06-24 11:40:00+00:00,2021,1,2.92,1.46,9277.62657525615
2021-06-25 07:25:00+00:00,2021,-1,2.92,1.46,9413.079923254889
2021-06-26 23:55:00+00:00,2021,1,2.92,1.46,9550.51089013441
2021-06-30 03:10:00+00:00,2021,-1,2.92,1.46,9689.948349130373
2021-07-02 14:55:00+00:00,2021,1,2.92,1.46,9831.421595027676
2021-07-05 00:00:00+00:00,2021,-1,2.92,1.46,9974.96035031508
2021-07-06 04:05:00+00:00,2021,1,-2.08,-1.04,9871.220762671803
2021-07-06 10:05:00+00:00,2021,-1,-2.08,-1.04,9768.560066740016
2021-07-07 00:05:00+00:00,2021,1,-0.3276504047846273,-0.16382520239231366,9752.556703439865
2021-07-07 21:20:00+00:00,2021,-1,2.92,1.46,9894.944031310086
2021-07-09 05:15:00+00:00,2021,1,2.92,1.46,10039.410214167212
2021-07-10 17:20:00+00:00,2021,-1,-1.3757914034615437,-0.6878957017307719,9970.349542824835
2021-07-11 09:20:00+00:00,2021,1,0.10062886283056745,0.050314431415283724,9975.366067507422
2021-07-12 10:00:00+00:00,2021,-1,2.92,1.46,10121.006412093031
2021-07-14 10:25:00+00:00,2021,1,-0.42643411412002,-0.21321705706001,10099.426700076312
2021-07-15 04:00:00+00:00,2021,-1,2.92,1.46,10246.878329897425
2021-07-16 15:25:00+00:00,2021,1,-1.448816435315956,-0.724408217657978,10172.649101222234
2021-07-16 23:25:00+00:00,2021,-1,-1.0096531546746812,-0.5048265773373406,10121.294864939997
2021-07-17 08:40:00+00:00,2021,1,-1.7983471960282693,-0.8991735980141347,10030.286853737296
2021-07-17 10:10:00+00:00,2021,-1,-1.7894741962686789,-0.8947370981343394,9940.542156207617
2021-07-17 16:25:00+00:00,2021,1,-0.5403751974474934,-0.2701875987237467,9913.684044055637
2021-07-18 10:00:00+00:00,2021,-1,-0.8177121471668912,-0.4088560735834456,9873.151344725644
2021-07-18 22:00:00+00:00,2021,1,-1.5528097387759154,-0.7764048693879577,9796.495716923151
2021-07-19 09:10:00+00:00,2021,-1,2.92,1.46,9939.52455439023
2021-07-21 04:15:00+00:00,2021,1,2.92,1.46,10084.641612884327
2021-07-23 16:15:00+00:00,2021,-1,-1.606724698420412,-0.803362349210206,10003.62539911363
2021-07-23 21:20:00+00:00,2021,1,2.92,1.46,10149.678329940687
2021-07-25 14:05:00+00:00,2021,-1,-1.5734713195045247,-0.7867356597522623,10069.827191168897
2021-07-25 19:30:00+00:00,2021,1,2.92,1.46,10216.846668159962
2021-07-26 20:50:00+00:00,2021,-1,-1.3513632684030474,-0.6756816342015237,10147.813311628675
2021-07-27 11:45:00+00:00,2021,1,2.92,1.46,10295.971385978453
2021-07-28 17:50:00+00:00,2021,-1,-2.08,-1.04,10188.893283564277
2021-07-28 18:40:00+00:00,2021,1,-2.08,-1.04,10082.928793415209
2021-07-30 08:40:00+00:00,2021,-1,-2.08,-1.04,9978.06633396369
2021-07-30 19:55:00+00:00,2021,1,2.92,1.46,10123.74610243956
2021-08-01 14:40:00+00:00,2021,-1,2.92,1.46,10271.552795535177
2021-08-04 12:20:00+00:00,2021,1,2.92,1.46,10421.517466349991
2021-08-05 07:00:00+00:00,2021,-1,2.92,1.46,10573.6716213587
2021-08-05 15:10:00+00:00,2021,1,2.92,1.46,10728.047227030536
2021-08-07 16:15:00+00:00,2021,-1,-2.08,-1.04,10616.475535869418
2021-08-07 19:55:00+00:00,2021,1,2.92,1.46,10771.476078693111
2021-08-08 16:45:00+00:00,2021,-1,-1.0296960037239433,-0.5148480018619717,10716.01934933092
2021-08-09 09:10:00+00:00,2021,1,2.92,1.46,10872.47323183115
2021-08-10 15:25:00+00:00,2021,-1,-2.08,-1.04,10759.399510220108
2021-08-11 06:20:00+00:00,2021,1,-0.6822494060952676,-0.3411247030476338,10722.696540591161
2021-08-11 22:25:00+00:00,2021,-1,2.92,1.46,10879.247910083792
2021-08-13 02:30:00+00:00,2021,1,2.92,1.46,11038.084929571014
2021-08-14 09:55:00+00:00,2021,-1,-0.553255433986508,-0.276627716993254,11007.550527230565
2021-08-14 19:40:00+00:00,2021,1,-2.08,-1.04,10893.072001747369
2021-08-14 20:15:00+00:00,2021,-1,-2.08,-1.04,10779.784052929197
2021-08-15 01:30:00+00:00,2021,1,-1.6887665630070359,-0.8443832815035179,10688.76135860408
2021-08-15 04:10:00+00:00,2021,-1,-0.1628808169557771,-0.08144040847788855,10680.056387692408
2021-08-15 20:30:00+00:00,2021,1,2.92,1.46,10835.985210952716
2021-08-16 13:35:00+00:00,2021,-1,2.92,1.46,10994.190595032625
2021-08-17 09:30:00+00:00,2021,1,-1.819426012732781,-0.9097130063663905,10894.175013244903
2021-08-17 14:25:00+00:00,2021,-1,2.92,1.46,11053.229968438278
2021-08-18 15:45:00+00:00,2021,1,-1.8393021762806305,-0.9196510881403153,10951.578818758884
2021-08-18 19:35:00+00:00,2021,-1,-0.6487034109958633,-0.32435170549793163,10916.05718608129
2021-08-19 14:00:00+00:00,2021,1,2.92,1.46,11075.431620998077
2021-08-22 13:15:00+00:00,2021,-1,-1.1095543356073634,-0.5547771678036817,11013.98765512907
2021-08-22 22:50:00+00:00,2021,1,0.6237964692636845,0.31189823463184224,11048.340088187988
2021-08-23 15:35:00+00:00,2021,-1,-0.5497553776538576,-0.2748776888269288,11017.970666299838
2021-08-24 07:00:00+00:00,2021,1,-1.2902600938609043,-0.6451300469304522,10946.890426969554
2021-08-24 11:05:00+00:00,2021,-1,2.92,1.46,11106.715027203309
2021-08-25 14:35:00+00:00,2021,1,-0.37564168864149033,-0.18782084432074517,11085.854301262916
2021-08-26 03:15:00+00:00,2021,-1,2.92,1.46,11247.707774061355
2021-08-27 01:30:00+00:00,2021,1,-1.9688733553909077,-0.9844366776954538,11136.981213333493
2021-08-27 03:50:00+00:00,2021,-1,-2.08,-1.04,11021.156608714824
2021-08-27 11:30:00+00:00,2021,1,2.92,1.46,11182.06549520206
2021-08-29 02:55:00+00:00,2021,-1,-0.5854950163201788,-0.2927475081600894,11149.330277104027
2021-08-29 19:15:00+00:00,2021,1,-1.2920511343345575,-0.6460255671672788,11077.302752946012
2021-08-30 03:15:00+00:00,2021,-1,-0.3705044830043613,-0.18525224150218064,11056.781801298197
2021-08-30 18:45:00+00:00,2021,1,-1.132189534578918,-0.566094767289459,10994.189938090434
2021-08-30 22:20:00+00:00,2021,-1,0.016091920909446847,0.008045960454723423,10995.074526265169
2021-08-31 08:20:00+00:00,2021,1,-1.528574285951898,-0.764287142975949,10911.040585300301
2021-08-31 17:35:00+00:00,2021,-1,-0.9755152992433213,-0.4877576496216606,10857.821150192176
2021-09-01 09:20:00+00:00,2021,1,2.92,1.46,11016.345338984982
2021-09-03 00:30:00+00:00,2021,-1,-1.1179420398533235,-0.5589710199266618,10954.767161085016
2021-09-03 04:45:00+00:00,2021,1,0.023200606612818822,0.011600303306409411,10956.037947302211
2021-09-03 22:10:00+00:00,2021,-1,-1.4276790541131046,-0.7138395270565523,10877.829417835053
2021-09-04 04:20:00+00:00,2021,1,-1.3180069685720364,-0.6590034842860182,10806.144142956831
2021-09-04 10:55:00+00:00,2021,-1,-1.2359873286429046,-0.6179936643214523,10739.362856795915
2021-09-05 14:10:00+00:00,2021,1,2.92,1.46,10896.157554505135
2021-09-06 12:00:00+00:00,2021,-1,-1.3177085680473244,-0.6588542840236622,10824.36775366331
2021-09-06 18:55:00+00:00,2021,1,-0.6128042957563394,-0.3064021478781697,10791.201658371852
2021-09-07 08:25:00+00:00,2021,-1,2.92,1.46,10948.753202584081
2021-09-09 12:55:00+00:00,2021,1,-1.1253505048525159,-0.5626752524262579,10887.147277863913
2021-09-10 07:15:00+00:00,2021,-1,2.92,1.46,11046.099628120724
2021-09-11 10:25:00+00:00,2021,1,-1.111713856413341,-0.5558569282066705,10984.699118041204
2021-09-11 20:05:00+00:00,2021,-1,-1.5975091509951334,-0.7987545754975667,10896.95833123121
2021-09-12 08:15:00+00:00,2021,1,-1.2273078529516401,-0.6136539264758201,10830.088718565175
2021-09-12 20:30:00+00:00,2021,-1,-1.5389458376303766,-0.7694729188151883,10746.754118792158
2021-09-12 23:00:00+00:00,2021,1,-1.462440526620843,-0.7312202633104214,10668.171675027403
2021-09-13 01:20:00+00:00,2021,-1,-0.06193673053501485,-0.030968365267507424,10664.867916655716
2021-09-13 13:30:00+00:00,2021,1,2.92,1.46,10820.574988238888
2021-09-13 14:10:00+00:00,2021,-1,-2.08,-1.04,10708.041008361204
2021-09-13 21:00:00+00:00,2021,1,2.92,1.46,10864.378407083277
2021-09-16 03:15:00+00:00,2021,-1,-1.5534149899094718,-0.7767074949547359,10779.993965715217
2021-09-16 04:15:00+00:00,2021,1,-1.1578278783497131,-0.5789139391748566,10717.587078005485
2021-09-16 10:30:00+00:00,2021,-1,-0.8144131546491716,-0.4072065773245858,10673.944358493358
2021-09-17 01:30:00+00:00,2021,1,-1.354948165059764,-0.677474082529882,10601.631151880905
2021-09-17 10:35:00+00:00,2021,-1,-0.9366719915453546,-0.4683359957726773,10551.979897057598
2021-09-18 03:15:00+00:00,2021,1,0.019980488554884948,0.009990244277442474,10553.03406562542
2021-09-18 20:10:00+00:00,2021,-1,2.92,1.46,10707.10836298355
2021-09-22 15:25:00+00:00,2021,1,2.92,1.46,10863.43214508311
2021-09-24 05:20:00+00:00,2021,-1,-1.9062836063583477,-0.9531418031791739,10759.888232048319
2021-09-24 07:15:00+00:00,2021,1,-2.08,-1.04,10647.985394435016
2021-09-24 09:05:00+00:00,2021,-1,2.92,1.46,10803.445981193767
2021-09-26 09:45:00+00:00,2021,1,-2.08,-1.04,10691.090142989353
2021-09-27 14:55:00+00:00,2021,-1,2.92,1.46,10847.180059076996
2021-09-29 03:50:00+00:00,2021,1,-1.2002489558066354,-0.6001244779033177,10782.083476380227
2021-09-29 15:55:00+00:00,2021,-1,-1.1912350293746243,-0.5956175146873122,10717.8634987467
2021-09-30 00:45:00+00:00,2021,1,2.92,1.46,10874.344305828401
2021-10-03 00:40:00+00:00,2021,-1,-1.3679404845074439,-0.6839702422537219,10799.967026736324
2021-10-03 13:40:00+00:00,2021,1,-0.9051124803873688,-0.4525562401936844,10751.091102017968
2021-10-03 21:40:00+00:00,2021,-1,-1.1333614570581663,-0.5666807285290831,10690.166740636228
2021-10-04 14:00:00+00:00,2021,1,-1.774510022260165,-0.8872550111300825,10595.317700531772
2021-10-04 14:50:00+00:00,2021,-1,-2.08,-1.04,10485.126396446241
2021-10-04 16:15:00+00:00,2021,1,2.92,1.46,10638.209241834356
2021-10-06 09:15:00+00:00,2021,-1,-2.08,-1.04,10527.57186571928
2021-10-06 12:10:00+00:00,2021,1,2.92,1.46,10681.27441495878
2021-10-07 12:25:00+00:00,2021,-1,-1.3559228130414303,-0.6779614065207151,10608.859496700788
2021-10-08 07:30:00+00:00,2021,1,2.92,1.46,10763.74884535262
2021-10-08 15:40:00+00:00,2021,-1,-1.5087237800075792,-0.7543618900037896,10682.551226127558
2021-10-09 06:00:00+00:00,2021,1,-0.845016747383207,-0.4225083736916035,10637.416552673274
2021-10-09 20:05:00+00:00,2021,-1,-1.3967170454856381,-0.6983585227428191,10563.129247578025
2021-10-10 00:30:00+00:00,2021,1,-1.3471805034430773,-0.6735902517215386,10491.977038689593
2021-10-10 01:40:00+00:00,2021,-1,-1.4929155782528936,-0.7464577891264468,10413.658858850937
2021-10-10 04:40:00+00:00,2021,1,-1.1095594224924321,-0.5547797112462161,10355.885992303638
2021-10-10 21:15:00+00:00,2021,-1,-1.871711605467894,-0.935855802733947,10258.969832320154
2021-10-11 02:50:00+00:00,2021,1,2.92,1.46,10408.750791872028
2021-10-12 03:10:00+00:00,2021,-1,-2.08,-1.04,10300.499783636558
2021-10-12 05:50:00+00:00,2021,1,-2.08,-1.04,10193.374585886739
2021-10-12 14:55:00+00:00,2021,-1,2.92,1.46,10342.197854840684
2021-10-13 15:00:00+00:00,2021,1,2.92,1.46,10493.193943521357
2021-10-15 01:05:00+00:00,2021,-1,-2.08,-1.04,10384.064726508735
2021-10-15 02:20:00+00:00,2021,1,2.92,1.46,10535.672071515763
2021-10-16 12:50:00+00:00,2021,-1,2.92,1.46,10689.492883759893
2021-10-17 22:55:00+00:00,2021,1,-0.9378815750434509,-0.46894078752172547,10639.36549164871
2021-10-18 10:05:00+00:00,2021,-1,-2.08,-1.04,10528.716090535565
2021-10-18 16:10:00+00:00,2021,1,2.92,1.46,10682.435345457383
2021-10-21 02:00:00+00:00,2021,-1,-2.08,-1.04,10571.338017864626
2021-10-21 08:40:00+00:00,2021,1,-2.08,-1.04,10461.396102478833
2021-10-21 11:30:00+00:00,2021,-1,-2.08,-1.04,10352.597583013054
2021-10-23 11:40:00+00:00,2021,1,-1.5629983792544633,-0.7814991896272316,10271.692116796437
2021-10-24 06:50:00+00:00,2021,-1,-0.5984832637136205,-0.29924163185681024,10240.954937686829
2021-10-24 20:45:00+00:00,2021,1,2.92,1.46,10390.472879777057
2021-10-26 04:25:00+00:00,2021,-1,2.92,1.46,10542.173783821801
2021-10-28 08:20:00+00:00,2021,1,2.92,1.46,10696.0895210656
2021-10-28 18:35:00+00:00,2021,-1,-2.08,-1.04,10584.850190046518
2021-10-28 19:55:00+00:00,2021,1,-0.10079953680278468,-0.05039976840139234,10579.5154500651
2021-10-30 08:35:00+00:00,2021,-1,-1.4164363046337813,-0.7082181523168907,10504.58940122057
2021-10-30 13:30:00+00:00,2021,1,-1.5442875185465366,-0.7721437592732683,10423.478869721765
2021-10-30 14:15:00+00:00,2021,-1,-1.5366407279431815,-0.7683203639715908,10343.393158931416
2021-10-31 00:00:00+00:00,2021,1,-1.3215739875708876,-0.6607869937854438,10275.045362221104
2021-10-31 05:10:00+00:00,2021,-1,-0.13706838004346794,-0.06853419002173397,10268.00344310774
2021-10-31 21:30:00+00:00,2021,1,-1.4207166123778459,-0.7103583061889229,10195.06382776986
2021-11-01 02:15:00+00:00,2021,-1,-1.689395015913684,-0.844697507956842,10108.94637768208
2021-11-01 07:05:00+00:00,2021,1,-1.0743020276281467,-0.5371510138140734,10054.646069728438
2021-11-01 17:00:00+00:00,2021,-1,-1.3094446429101936,-0.6547223214550968,9988.816057566619
2021-11-02 05:30:00+00:00,2021,1,2.92,1.46,10134.652772007092
2021-11-03 12:25:00+00:00,2021,-1,2.92,1.46,10282.618702478394
2021-11-03 18:55:00+00:00,2021,1,-1.8935820015792615,-0.9467910007896307,10185.263793957818
2021-11-04 07:45:00+00:00,2021,-1,-0.24685186971863166,-0.12342593485931583,10172.69253690224
2021-11-05 03:10:00+00:00,2021,1,-1.3212885963022036,-0.6606442981511018,10105.487223688751
2021-11-05 11:15:00+00:00,2021,-1,-0.35712350362263384,-0.17856175181131692,10087.442688673063
2021-11-06 06:00:00+00:00,2021,1,-1.2897872825469592,-0.6448936412734796,10022.389412206705
2021-11-06 07:20:00+00:00,2021,-1,-0.7016286535948301,-0.35081432679741503,9987.229434261257
2021-11-06 19:55:00+00:00,2021,1,2.92,1.46,10133.042984001471
2021-11-09 15:00:00+00:00,2021,-1,-1.132203689885456,-0.566101844942728,10075.6796407202
2021-11-09 21:55:00+00:00,2021,1,-1.695437534437958,-0.847718767218979,9990.266213480954
2021-11-10 03:00:00+00:00,2021,-1,-1.1793212298106903,-0.5896606149053452,9931.357548295862
2021-11-10 13:35:00+00:00,2021,1,-0.6186099753148854,-0.3093049876574427,9900.63936405689
2021-11-10 19:45:00+00:00,2021,-1,2.92,1.46,10045.18869877212
2021-11-13 14:20:00+00:00,2021,1,-0.47962000488600326,-0.23981000244300163,10021.09933150819
2021-11-14 15:10:00+00:00,2021,-1,-1.2436539524124468,-0.6218269762062234,9958.785432552451
2021-11-14 22:30:00+00:00,2021,1,0.4920708665962304,0.2460354332981152,9983.28757344266
2021-11-15 14:15:00+00:00,2021,-1,2.92,1.46,10129.043572014922
2021-11-17 11:20:00+00:00,2021,1,-2.08,-1.04,10023.701518865966
2021-11-18 09:05:00+00:00,2021,-1,2.92,1.46,10170.047561041409
2021-11-19 14:00:00+00:00,2021,1,0.4023960348296463,0.20119801741482315,10190.509495104368
2021-11-20 15:05:00+00:00,2021,-1,-2.08,-1.04,10084.528196355282
2021-11-20 18:20:00+00:00,2021,1,-1.030013865240662,-0.515006932620331,10032.592177022001
2021-11-21 23:50:00+00:00,2021,-1,2.92,1.46,10179.068022806521
2021-11-22 13:35:00+00:00,2021,1,-2.08,-1.04,10073.205715369333
2021-11-22 18:05:00+00:00,2021,-1,2.92,1.46,10220.274518813725
2021-11-23 10:15:00+00:00,2021,1,-2.08,-1.04,10113.983663818062
2021-11-24 02:20:00+00:00,2021,-1,-1.5388899345484797,-0.7694449672742398,10036.162125525876
2021-11-24 20:50:00+00:00,2021,1,2.92,1.46,10182.690092558554
2021-11-26 03:00:00+00:00,2021,-1,2.92,1.46,10331.357367909908
2021-11-27 08:10:00+00:00,2021,1,-1.2198136941538018,-0.6099068470769009,10268.345711927042
2021-11-27 20:45:00+00:00,2021,-1,-0.9163658218706993,-0.45818291093534963,10221.29790663923
2021-11-28 10:50:00+00:00,2021,1,-1.619378226442334,-0.809689113221167,10138.53717025927
2021-11-28 16:40:00+00:00,2021,-1,-1.5508476779533575,-0.7754238389766788,10059.920536117568
2021-11-28 19:35:00+00:00,2021,1,2.92,1.46,10206.795375944885
2021-11-30 01:20:00+00:00,2021,-1,-0.8283511950590049,-0.41417559752950245,10164.521320207952
2021-11-30 11:40:00+00:00,2021,1,-1.6186081314404444,-0.8093040657202222,10082.259435902512
2021-11-30 17:00:00+00:00,2021,-1,-2.08,-1.04,9977.403937769126
2021-11-30 18:50:00+00:00,2021,1,-2.08,-1.04,9873.638936816327
2021-12-01 19:10:00+00:00,2021,-1,-0.034958828130979766,-0.017479414065489883,9871.913082583229
2021-12-03 10:00:00+00:00,2021,1,-1.454234616423009,-0.7271173082115046,9800.13269390817
2021-12-03 14:55:00+00:00,2021,-1,2.92,1.46,9943.214631239229
2021-12-06 16:40:00+00:00,2021,1,2.92,1.46,10088.385564855322
2021-12-07 20:30:00+00:00,2021,-1,2.92,1.46,10235.675994102208
2021-12-08 14:45:00+00:00,2021,1,-2.08,-1.04,10129.224963763545
2021-12-09 02:20:00+00:00,2021,-1,2.92,1.46,10277.111648234491
2021-12-10 12:00:00+00:00,2021,1,-2.08,-1.04,10170.229687092853
2021-12-10 15:00:00+00:00,2021,-1,-2.08,-1.04,10064.459298347088
2021-12-11 06:10:00+00:00,2021,1,-2.08,-1.04,9959.788921644278
2021-12-13 01:05:00+00:00,2021,-1,2.92,1.46,10105.201839900285
2021-12-14 12:00:00+00:00,2021,1,-2.08,-1.04,10000.107740765321
2021-12-14 16:20:00+00:00,2021,-1,-2.08,-1.04,9896.106620261362
2021-12-14 20:35:00+00:00,2021,1,-0.5805593367416239,-0.2902796683708119,9867.380234782446
2021-12-15 12:50:00+00:00,2021,-1,-2.08,-1.04,9764.759480340708
2021-12-15 19:00:00+00:00,2021,1,-0.2977864886865333,-0.14889324434326665,9750.220413148112
2021-12-16 15:00:00+00:00,2021,-1,2.92,1.46,9892.573631180074
2021-12-18 10:40:00+00:00,2021,1,2.92,1.46,10037.005206195303
2021-12-19 19:20:00+00:00,2021,-1,-0.13949882201756741,-0.06974941100878371,10030.00445418106
2021-12-20 20:00:00+00:00,2021,1,2.92,1.46,10176.442519212103
2021-12-22 12:35:00+00:00,2021,-1,-0.3342160596079146,-0.1671080298039573,10159.436866614116
2021-12-23 13:30:00+00:00,2021,1,2.92,1.46,10307.764644866682
2021-12-24 15:00:00+00:00,2021,-1,-1.4398377751293134,-0.7199188875646567,10233.557100302574
2021-12-24 16:05:00+00:00,2021,1,-1.2692034516119532,-0.6346017258059766,10168.614770332715
2021-12-24 23:10:00+00:00,2021,-1,-1.2123076071014127,-0.6061538035507064,10106.977325133925
2021-12-25 18:30:00+00:00,2021,1,-1.263684246555239,-0.6318421232776195,10043.117185003612
2021-12-25 23:15:00+00:00,2021,-1,0.24034724572623795,0.12017362286311897,10055.186362773218
2021-12-26 17:35:00+00:00,2021,1,2.92,1.46,10201.992083669707
2021-12-27 23:30:00+00:00,2021,-1,2.92,1.46,10350.941168091285
2021-12-30 11:40:00+00:00,2021,1,-1.0374543712492112,-0.5187271856246056,10297.248022284388
2021-12-30 22:35:00+00:00,2021,-1,-1.7679942254678815,-0.8839971127339408,10206.220647076341
2021-12-31 08:20:00+00:00,2021,1,-1.016441217572559,-0.5082206087862795,10154.350530369698
2021-12-31 17:05:00+00:00,2021,-1,2.92,1.46,10302.604048113095
2022-01-01 05:20:00+00:00,2022,1,-1.128318769837764,-0.564159384918882,10244.480940484633
2022-01-02 04:45:00+00:00,2022,-1,-1.4152289669861462,-0.7076144834930731,10171.989509591076
2022-01-02 16:30:00+00:00,2022,1,-1.4182547703307158,-0.7091273851653579,10099.85714636242
2022-01-02 18:25:00+00:00,2022,-1,-0.8839592511235982,-0.4419796255617991,10055.21783556465
2022-01-03 11:10:00+00:00,2022,1,-1.1686231055398655,-0.5843115527699327,9996.464036095264
2022-01-03 15:05:00+00:00,2022,-1,0.09069615571488894,0.04534807785744447,10000.997240389344
2022-01-04 10:50:00+00:00,2022,1,-1.024811041002247,-0.5124055205011235,9949.751578424424
2022-01-04 18:30:00+00:00,2022,-1,-1.038641243202152,-0.519320621601076,9898.080466679588
2022-01-05 09:15:00+00:00,2022,1,-1.525099818511797,-0.7625499092558985,9822.602663062848
2022-01-05 12:20:00+00:00,2022,-1,2.92,1.46,9966.012661943565
2022-01-08 21:40:00+00:00,2022,1,-1.578837392545538,-0.789418696272769,9887.33909471727
2022-01-09 15:15:00+00:00,2022,-1,-2.0457356514440006,-1.0228678257220003,9786.204684297374
2022-01-09 16:55:00+00:00,2022,1,-1.2274793836591669,-0.6137396918295834,9726.142861826154
2022-01-10 00:55:00+00:00,2022,-1,2.92,1.46,9868.144547608816
2022-01-11 02:20:00+00:00,2022,1,-1.8353958406930193,-0.9176979203465097,9777.584790318622
2022-01-11 14:25:00+00:00,2022,-1,-2.08,-1.04,9675.89790849931
2022-01-11 16:15:00+00:00,2022,1,2.92,1.46,9817.1660179634
2022-01-13 15:15:00+00:00,2022,-1,2.92,1.46,9960.496641825664
2022-01-14 14:50:00+00:00,2022,1,-0.5462469775648214,-0.2731234887824107,9933.292185897455
2022-01-15 12:40:00+00:00,2022,-1,-1.3610541641813168,-0.6805270820906584,9865.693442429229
2022-01-15 15:40:00+00:00,2022,1,-0.8963803269590874,-0.4481901634795437,9821.476374861215
2022-01-16 02:50:00+00:00,2022,-1,-1.0784394065921665,-0.5392197032960833,9768.517039093394
2022-01-16 14:30:00+00:00,2022,1,-1.1834986442289064,-0.5917493221144532,9710.711905733924
2022-01-16 19:40:00+00:00,2022,-1,2.92,1.46,9852.488299557639
2022-01-18 21:25:00+00:00,2022,1,-1.5357076190119923,-0.7678538095059961,9776.835592818354
2022-01-19 03:45:00+00:00,2022,-1,-1.4301609811019222,-0.7150804905509611,9706.923348900867
2022-01-19 12:00:00+00:00,2022,1,2.92,1.46,9848.64442979482
2022-01-20 21:35:00+00:00,2022,-1,2.92,1.46,9992.434638469824
2022-01-23 08:55:00+00:00,2022,1,-2.08,-1.04,9888.513318229738
2022-01-23 14:45:00+00:00,2022,-1,-2.08,-1.04,9785.67277972015
2022-01-23 23:05:00+00:00,2022,1,-2.08,-1.04,9683.901782811061
2022-01-24 05:00:00+00:00,2022,-1,2.92,1.46,9825.286748840103
2022-01-24 17:40:00+00:00,2022,1,2.92,1.46,9968.735935373168
2022-01-26 20:05:00+00:00,2022,-1,2.92,1.46,10114.279480029616
2022-01-27 22:45:00+00:00,2022,1,-1.5391453913557762,-0.7695726956778881,10036.442746786757
2022-01-28 10:05:00+00:00,2022,-1,-2.08,-1.04,9932.063742220174
2022-01-28 15:10:00+00:00,2022,1,0.5662940895289205,0.28314704476446023,9960.186087190394
2022-01-29 16:10:00+00:00,2022,-1,-1.7492157276168907,-0.8746078638084454,9873.073516421871
2022-01-29 20:25:00+00:00,2022,1,-0.7305763074425852,-0.3652881537212926,9837.008348458188
2022-01-30 14:20:00+00:00,2022,-1,-1.0005327275212617,-0.5002663637606308,9787.797104490528
2022-01-30 23:05:00+00:00,2022,1,-1.4769202081612787,-0.7384601040806393,9715.518127805506
2022-01-31 00:30:00+00:00,2022,-1,-0.22505450391704146,-0.11252725195852073,9704.585522242754
2022-01-31 15:00:00+00:00,2022,1,2.92,1.46,9846.272470867498
2022-02-02 06:40:00+00:00,2022,-1,2.92,1.46,9990.028048942162
2022-02-03 23:55:00+00:00,2022,1,2.92,1.46,10135.882458456717
2022-02-06 15:00:00+00:00,2022,-1,-2.08,-1.04,10030.469280888768
2022-02-06 23:05:00+00:00,2022,1,2.92,1.46,10176.914132389744
2022-02-08 09:10:00+00:00,2022,-1,-1.0532335531056125,-0.5266167765528063,10123.320795233207
2022-02-08 20:35:00+00:00,2022,1,-1.676634377636208,-0.838317188818104,10038.45525692757
2022-02-09 02:20:00+00:00,2022,-1,-2.08,-1.04,9934.055322255523
2022-02-09 12:40:00+00:00,2022,1,-1.2021594759430743,-0.6010797379715371,9874.343728554562
2022-02-10 02:55:00+00:00,2022,-1,-1.337618242386549,-0.6688091211932745,9808.303217040015
2022-02-10 09:20:00+00:00,2022,1,-1.3111692249657891,-0.6555846124828946,9744.001490403436
2022-02-10 13:40:00+00:00,2022,-1,-2.08,-1.04,9642.66387490324
2022-02-10 15:00:00+00:00,2022,1,-2.08,-1.04,9542.380170604247
2022-02-10 20:35:00+00:00,2022,-1,2.92,1.46,9681.698921095069
2022-02-12 16:50:00+00:00,2022,1,-1.7343562349046748,-0.8671781174523374,9597.741346653713
2022-02-12 21:30:00+00:00,2022,-1,-1.4122570698249826,-0.7061285349124913,9529.968956297897
2022-02-13 10:35:00+00:00,2022,1,-1.4192968339150824,-0.7096484169575412,9462.339682462984
2022-02-13 18:35:00+00:00,2022,-1,-1.0227747358092154,-0.5113873679046077,9413.950472618644
2022-02-14 08:05:00+00:00,2022,1,-1.0052866864515542,-0.5026433432257771,9366.631877233456
2022-02-14 19:05:00+00:00,2022,-1,-1.720304279218241,-0.8601521396091205,9286.064592732124
2022-02-14 22:15:00+00:00,2022,1,2.92,1.46,9421.641135786012
2022-02-16 04:15:00+00:00,2022,-1,-1.2909050017827584,-0.6454525008913792,9360.828917450071
2022-02-16 08:20:00+00:00,2022,1,-1.5081133277027625,-0.7540566638513813,9290.242963206312
2022-02-16 13:45:00+00:00,2022,-1,-1.3203264161576778,-0.6601632080788389,9228.912197222091
2022-02-16 19:20:00+00:00,2022,1,-1.4759792899943758,-0.7379896449971879,9160.80378086071
2022-02-17 03:55:00+00:00,2022,-1,2.92,1.46,9294.551516061276
2022-02-20 22:55:00+00:00,2022,1,-1.5636734062625646,-0.7818367031312823,9221.883300917265
2022-02-21 00:00:00+00:00,2022,-1,-1.8160020931449505,-0.9080010465724753,9138.148504031244
2022-02-21 01:05:00+00:00,2022,1,-0.9127439659495783,-0.45637198297478915,9096.444554496215
2022-02-21 10:25:00+00:00,2022,-1,2.92,1.46,9229.252644991859
2022-02-21 15:05:00+00:00,2022,1,-2.08,-1.04,9133.268417483943
2022-02-21 18:05:00+00:00,2022,-1,2.92,1.46,9266.614136379209
2022-02-22 10:50:00+00:00,2022,1,2.92,1.46,9401.906702770344
2022-02-23 17:50:00+00:00,2022,-1,2.92,1.46,9539.174540630791
2022-02-24 18:50:00+00:00,2022,1,2.92,1.46,9678.446488924
2022-02-26 08:50:00+00:00,2022,-1,-2.08,-1.04,9577.790645439192
2022-02-26 21:10:00+00:00,2022,1,-1.75552342693299,-0.877761713466495,9493.72046615755
2022-02-27 00:30:00+00:00,2022,-1,-0.9380915898780849,-0.46904579493904247,9449.190569527771
2022-02-27 10:25:00+00:00,2022,1,-1.361677981599827,-0.6808389907999135,9384.856795815438
2022-02-27 19:15:00+00:00,2022,-1,2.92,1.46,9521.875705034343
2022-02-28 14:15:00+00:00,2022,1,2.92,1.46,9660.895090327844
2022-03-02 13:35:00+00:00,2022,-1,-2.08,-1.04,9560.421781388435
2022-03-02 14:40:00+00:00,2022,1,-2.08,-1.04,9460.993394861996
2022-03-03 03:35:00+00:00,2022,-1,-1.167478819453236,-0.583739409726618,9405.765847864555
2022-03-03 13:55:00+00:00,2022,1,-2.08,-1.04,9307.945883046765
2022-03-03 15:15:00+00:00,2022,-1,2.92,1.46,9443.841892939246
2022-03-06 00:55:00+00:00,2022,1,-2.08,-1.04,9345.625937252678
2022-03-06 04:00:00+00:00,2022,-1,-1.9103183587022876,-0.9551591793511438,9256.360333245188
2022-03-06 05:00:00+00:00,2022,1,-1.4985507056153957,-0.7492753528076979,9187.004706701113
2022-03-06 09:00:00+00:00,2022,-1,2.92,1.46,9321.134975418949
2022-03-07 12:20:00+00:00,2022,1,-1.4425831411045342,-0.7212915705522671,9253.902414561453
2022-03-07 18:05:00+00:00,2022,-1,-1.6622328490940452,-0.8311164245470226,9176.99171168248
2022-03-08 02:40:00+00:00,2022,1,2.92,1.46,9310.975790673043
2022-03-10 01:40:00+00:00,2022,-1,2.92,1.46,9446.916037216868
2022-03-11 11:30:00+00:00,2022,1,-2.08,-1.04,9348.668110429813
2022-03-11 16:05:00+00:00,2022,-1,-2.08,-1.04,9251.441962081344
2022-03-14 04:15:00+00:00,2022,1,2.92,1.46,9386.51301472773
2022-03-15 07:10:00+00:00,2022,-1,-2.08,-1.04,9288.893279374563
2022-03-15 14:40:00+00:00,2022,1,2.92,1.46,9424.51112125343
2022-03-16 18:30:00+00:00,2022,-1,-2.08,-1.04,9326.496205592395
2022-03-16 19:25:00+00:00,2022,1,-1.3255136763967368,-0.6627568381983684,9264.684214225521
2022-03-18 00:55:00+00:00,2022,-1,-1.5488626423650542,-0.7744313211825271,9192.935597861906
2022-03-18 15:55:00+00:00,2022,1,2.92,1.46,9327.15245759069
2022-03-20 09:25:00+00:00,2022,-1,-0.3262616710270371,-0.16313083551351856,9311.936995857002
2022-03-22 02:00:00+00:00,2022,1,2.92,1.46,9447.891275996513
2022-03-23 01:00:00+00:00,2022,-1,-1.0960345175975528,-0.5480172587987764,9396.115201211509
2022-03-23 15:20:00+00:00,2022,1,2.92,1.46,9533.298483149196
2022-03-28 23:50:00+00:00,2022,-1,-1.9270521643280558,-0.9635260821640279,9441.442665773506
2022-03-29 11:40:00+00:00,2022,1,-1.3900217710157126,-0.6950108855078563,9375.823611497397
2022-03-29 16:05:00+00:00,2022,-1,-0.7263454910362598,-0.3631727455181299,9341.773175472585
2022-03-30 17:40:00+00:00,2022,1,-1.2320800334875126,-0.6160400167437563,9284.224114438239
2022-03-30 19:20:00+00:00,2022,-1,-0.9450334947778892,-0.4725167473889446,9240.354600632396
2022-03-31 12:30:00+00:00,2022,1,-1.121163402526224,-0.560581701263112,9188.554863609426
2022-03-31 13:55:00+00:00,2022,-1,2.92,1.46,9322.707764618124
2022-04-01 14:10:00+00:00,2022,1,2.92,1.46,9458.819297981549
2022-04-02 15:35:00+00:00,2022,-1,-0.7456369520447125,-0.37281847602235624,9423.555072025105
2022-04-03 06:05:00+00:00,2022,1,-1.2920144152352742,-0.6460072076176371,9362.678227046004
2022-04-04 00:25:00+00:00,2022,-1,-0.674734403449193,-0.3373672017245965,9331.091621504942
2022-04-04 20:35:00+00:00,2022,1,-0.31700628196394737,-0.15850314098197368,9316.30154819695
2022-04-05 14:05:00+00:00,2022,-1,2.92,1.46,9452.319550800625
2022-04-08 08:00:00+00:00,2022,1,-1.1483975407215108,-0.5741987703607554,9398.044448169358
2022-04-08 11:30:00+00:00,2022,-1,-1.0546660695240107,-0.5273330347620053,9348.485455172544
2022-04-08 14:50:00+00:00,2022,1,-1.6085919395696346,-0.8042959697848173,9273.29596342067
2022-04-08 17:10:00+00:00,2022,-1,0.6490288128903422,0.3245144064451711,9303.389144774268
2022-04-09 23:35:00+00:00,2022,1,-0.7680744673386729,-0.38403723366933645,9267.660666465184
2022-04-10 10:00:00+00:00,2022,-1,-0.8978923669658999,-0.44894618348294996,9226.053857604938
2022-04-10 12:05:00+00:00,2022,1,-0.60160588272393,-0.300802941361965,9198.301616229624
2022-04-10 22:10:00+00:00,2022,-1,2.92,1.46,9332.596819826576
2022-04-12 12:30:00+00:00,2022,1,-2.08,-1.04,9235.53781290038
2022-04-12 14:25:00+00:00,2022,-1,-1.2308970670201624,-0.6154485335100812,9178.697830869116
2022-04-13 13:40:00+00:00,2022,1,2.92,1.46,9312.706819199804
2022-04-14 13:40:00+00:00,2022,-1,0.6963323026443448,0.3481661513221724,9345.130512116131
2022-04-15 07:50:00+00:00,2022,1,-0.6775099626246871,-0.33875498131234355,9313.4734169962
2022-04-16 15:10:00+00:00,2022,-1,-0.8915120668532593,-0.44575603342662967,9271.958047318354
2022-04-16 21:45:00+00:00,2022,1,-0.9425310296278887,-0.47126551481394435,9228.262506493325
2022-04-17 02:45:00+00:00,2022,-1,-0.878529012390281,-0.4392645061951405,9187.726024763786
2022-04-17 09:05:00+00:00,2022,1,-0.776051096478234,-0.388025548239117,9152.075300485489
2022-04-17 16:55:00+00:00,2022,-1,2.92,1.46,9285.695599872577
2022-04-18 17:05:00+00:00,2022,1,2.92,1.46,9421.266755630717
2022-04-20 15:15:00+00:00,2022,-1,-1.5350242017322024,-0.7675121008661012,9348.957393226376
2022-04-21 01:35:00+00:00,2022,1,2.92,1.46,9485.45217116748
2022-04-21 17:15:00+00:00,2022,-1,2.92,1.46,9623.939772866524
2022-04-23 16:10:00+00:00,2022,1,-1.0300711551181707,-0.5150355775590854,9574.373059073403
2022-04-23 23:30:00+00:00,2022,-1,2.92,1.46,9714.158905735874
2022-04-25 14:30:00+00:00,2022,1,2.92,1.46,9855.985625759617
2022-04-26 13:35:00+00:00,2022,-1,2.92,1.46,9999.883015895706
2022-04-27 07:55:00+00:00,2022,1,0.03391329278531703,0.016956646392658516,10001.578660698391
2022-04-28 13:45:00+00:00,2022,-1,-2.08,-1.04,9897.562242627127
2022-04-28 15:05:00+00:00,2022,1,-2.08,-1.04,9794.627595303806
2022-04-29 03:10:00+00:00,2022,-1,2.92,1.46,9937.629158195241
2022-05-01 15:20:00+00:00,2022,1,-0.8059656416405357,-0.4029828208202679,9897.582219890888
2022-05-01 18:55:00+00:00,2022,-1,-1.282528474344744,-0.641264237172372,9834.112564769997
2022-05-01 21:00:00+00:00,2022,1,-0.23556557336466882,-0.11778278668233441,9822.529672945733
2022-05-02 17:40:00+00:00,2022,-1,-0.021017423348754713,-0.010508711674377356,9821.497451623274
2022-05-04 06:05:00+00:00,2022,1,2.92,1.46,9964.891314416973
2022-05-05 13:30:00+00:00,2022,-1,2.92,1.46,10110.37872760746
2022-05-10 06:10:00+00:00,2022,1,-2.08,-1.04,10005.230788840343
2022-05-10 14:45:00+00:00,2022,-1,-2.08,-1.04,9901.176388636404
2022-05-11 09:55:00+00:00,2022,1,-2.08,-1.04,9798.204154194585
2022-05-11 12:30:00+00:00,2022,-1,2.92,1.46,9941.257934845826
2022-05-12 14:55:00+00:00,2022,1,-2.08,-1.04,9837.868852323429
2022-05-13 17:55:00+00:00,2022,-1,-2.08,-1.04,9735.555016259264
2022-05-14 18:00:00+00:00,2022,1,2.92,1.46,9877.69411949665
2022-05-16 06:05:00+00:00,2022,-1,-1.6084252263837673,-0.8042126131918836,9798.256457495145
2022-05-17 03:30:00+00:00,2022,1,-1.3162619239243756,-0.6581309619621878,9733.77109801591
2022-05-17 14:40:00+00:00,2022,-1,-2.08,-1.04,9632.539878596544
2022-05-17 21:50:00+00:00,2022,1,-2.08,-1.04,9532.36146385914
2022-05-18 03:10:00+00:00,2022,-1,2.92,1.46,9671.533941231484
2022-05-19 11:45:00+00:00,2022,1,2.92,1.46,9812.738336773464
2022-05-20 14:35:00+00:00,2022,-1,2.92,1.46,9956.004316490356
2022-05-21 15:50:00+00:00,2022,1,-1.0483640669937433,-0.5241820334968716,9903.816730609142
2022-05-22 04:15:00+00:00,2022,-1,-0.9959924561307653,-0.49799622806538263,9854.4960968562
2022-05-22 08:45:00+00:00,2022,1,2.92,1.46,9998.371739870301
2022-05-23 14:05:00+00:00,2022,-1,2.92,1.46,10144.347967272406
2022-05-24 22:10:00+00:00,2022,1,-0.8097790391242675,-0.40488951956213376,10103.274565525006
2022-05-25 11:30:00+00:00,2022,-1,-2.08,-1.04,9998.200510043545
2022-05-25 18:30:00+00:00,2022,1,-2.08,-1.04,9894.219224739092
2022-05-26 08:20:00+00:00,2022,-1,2.92,1.46,10038.674825420283
2022-05-26 16:25:00+00:00,2022,1,-1.9924670757913687,-0.9962335378956844,9938.666180049155
2022-05-27 00:40:00+00:00,2022,-1,0.3475177188066581,0.17375885940332905,9955.935493043513
2022-05-28 12:50:00+00:00,2022,1,2.92,1.46,10101.292151241947
2022-05-31 14:00:00+00:00,2022,-1,-1.7852784562540336,-0.8926392281270168,10011.124054952246
2022-05-31 15:40:00+00:00,2022,1,-1.0868930785936959,-0.5434465392968479,9956.718947730895
2022-06-01 04:05:00+00:00,2022,-1,2.92,1.46,10102.087044367765
2022-06-02 15:20:00+00:00,2022,1,-0.5213933249980961,-0.26069666249904805,10075.75124060035
2022-06-03 09:20:00+00:00,2022,-1,2.92,1.46,10222.857208713114
2022-06-04 14:30:00+00:00,2022,1,-0.7254728046380142,-0.3627364023190071,10185.77518426002
2022-06-05 07:55:00+00:00,2022,-1,-0.7684774523634451,-0.38423872618172256,10146.637491440284
2022-06-05 15:20:00+00:00,2022,1,2.92,1.46,10294.778398815311
2022-06-07 00:20:00+00:00,2022,-1,2.92,1.46,10445.082163438014
2022-06-07 18:10:00+00:00,2022,1,2.92,1.46,10597.580363024208
2022-06-08 03:25:00+00:00,2022,-1,-2.08,-1.04,10487.365527248756
2022-06-08 13:50:00+00:00,2022,1,-2.08,-1.04,10378.29692576537
2022-06-08 18:30:00+00:00,2022,-1,-2.08,-1.04,10270.36263773741
2022-06-09 09:25:00+00:00,2022,1,-1.508613489225683,-0.7543067446128415,10192.89259966476
2022-06-09 12:15:00+00:00,2022,-1,2.92,1.46,10341.708831619864
2022-06-12 15:15:00+00:00,2022,1,-2.08,-1.04,10234.155059771017
2022-06-12 19:25:00+00:00,2022,-1,2.92,1.46,10383.573723643674
2022-06-15 18:40:00+00:00,2022,1,-2.08,-1.04,10275.58455691778
2022-06-16 09:05:00+00:00,2022,-1,2.92,1.46,10425.60809144878
2022-06-17 07:20:00+00:00,2022,1,-2.08,-1.04,10317.181767297712
2022-06-17 13:05:00+00:00,2022,-1,2.92,1.46,10467.812621100258
2022-06-19 09:30:00+00:00,2022,1,2.92,1.46,10620.64268536832
2022-06-20 17:55:00+00:00,2022,-1,-2.08,-1.04,10510.18800144049
2022-06-20 23:30:00+00:00,2022,1,2.92,1.46,10663.636746261522
2022-06-21 20:10:00+00:00,2022,-1,2.92,1.46,10819.32584275694
2022-06-22 14:15:00+00:00,2022,1,-2.08,-1.04,10706.804853992267
2022-06-22 15:50:00+00:00,2022,-1,-2.08,-1.04,10595.45408351075
2022-06-23 06:30:00+00:00,2022,1,-1.6290022302515506,-0.8145011151257753,10509.153991847914
2022-06-23 17:00:00+00:00,2022,-1,-2.08,-1.04,10399.858790332695
2022-06-23 19:20:00+00:00,2022,1,2.92,1.46,10551.696728671552
2022-06-25 12:25:00+00:00,2022,-1,-1.302393182625159,-0.6511965913125795,10482.984439248801
2022-06-25 21:15:00+00:00,2022,1,-0.9008337425809286,-0.4504168712904643,10435.76730871967
2022-06-26 15:05:00+00:00,2022,-1,-0.8783890743779698,-0.4391945371889849,10389.93398878602
2022-06-27 07:25:00+00:00,2022,1,-1.5850644459519536,-0.7925322229759768,10307.590413978958
2022-06-27 13:30:00+00:00,2022,-1,0.15702310381515933,0.07851155190757966,10315.683063177252
2022-06-28 08:45:00+00:00,2022,1,-1.344587271281592,-0.672293635640796,10246.331382470635
2022-06-28 14:30:00+00:00,2022,-1,2.92,1.46,10395.927820654706
2022-06-29 20:00:00+00:00,2022,1,-1.8487449583882465,-0.9243724791941232,10299.830724923688
2022-06-30 01:20:00+00:00,2022,-1,2.92,1.46,10450.208253507573
2022-06-30 23:45:00+00:00,2022,1,2.92,1.46,10602.781294008782
2022-07-01 10:35:00+00:00,2022,-1,-2.08,-1.04,10492.512368551092
2022-07-03 18:05:00+00:00,2022,1,-0.9444484527776108,-0.4722242263888054,10442.964183189952
2022-07-04 02:50:00+00:00,2022,-1,-1.5628486634436811,-0.7814243317218406,10361.360320109508
2022-07-04 09:45:00+00:00,2022,1,2.92,1.46,10512.636180783107
2022-07-05 08:35:00+00:00,2022,-1,-0.5181904896061827,-0.2590952448030914,10485.39844033525
2022-07-05 18:45:00+00:00,2022,1,2.92,1.46,10638.485257564143
2022-07-08 09:00:00+00:00,2022,-1,-2.08,-1.04,10527.845010885476
2022-07-08 14:45:00+00:00,2022,1,-1.8470421191664177,-0.9235210595832088,10430.618145089667
2022-07-09 01:30:00+00:00,2022,-1,-2.08,-1.04,10322.139716380736
2022-07-09 17:30:00+00:00,2022,1,-2.08,-1.04,10214.789463330377
2022-07-10 00:10:00+00:00,2022,-1,2.92,1.46,10363.925389495
2022-07-13 07:45:00+00:00,2022,1,-2.08,-1.04,10256.140565444251
2022-07-13 12:30:00+00:00,2022,-1,-2.08,-1.04,10149.476703563632
2022-07-13 17:00:00+00:00,2022,1,-0.7729323913207441,-0.38646619566037205,10110.252407067934
2022-07-14 08:50:00+00:00,2022,-1,-2.08,-1.04,10005.105782034427
2022-07-14 15:15:00+00:00,2022,1,2.92,1.46,10151.18032645213
2022-07-16 01:05:00+00:00,2022,-1,-0.8884842374655787,-0.44424211873278935,10106.084507893513
2022-07-16 13:15:00+00:00,2022,1,2.92,1.46,10253.633341708757
2022-07-17 13:55:00+00:00,2022,-1,-0.9824586669193146,-0.4912293334596573,10203.264486988885
2022-07-18 02:50:00+00:00,2022,1,2.92,1.46,10352.232148498922
2022-07-18 19:10:00+00:00,2022,-1,-2.08,-1.04,10244.568934154535
2022-07-18 23:20:00+00:00,2022,1,2.92,1.46,10394.13964059319
2022-07-19 06:45:00+00:00,2022,-1,-2.08,-1.04,10286.040588331021
2022-07-19 13:20:00+00:00,2022,1,2.92,1.46,10436.216780920653
2022-07-20 20:05:00+00:00,2022,-1,-2.08,-1.04,10327.680126399078
2022-07-21 19:55:00+00:00,2022,1,-0.8116862846548533,-0.40584314232742663,10285.765944844576
2022-07-22 17:15:00+00:00,2022,-1,2.92,1.46,10435.938127639305
2022-07-24 00:00:00+00:00,2022,1,-1.015994616038527,-0.5079973080192635,10382.923842884342
2022-07-25 00:25:00+00:00,2022,-1,2.92,1.46,10534.514530990453
2022-07-25 20:40:00+00:00,2022,1,-2.08,-1.04,10424.955579868152
2022-07-25 22:20:00+00:00,2022,-1,2.92,1.46,10577.159931334227
2022-07-26 23:55:00+00:00,2022,1,2.92,1.46,10731.586466331706
2022-07-29 11:40:00+00:00,2022,-1,-2.08,-1.04,10619.977967081857
2022-07-29 14:10:00+00:00,2022,1,-0.12163180003413647,-0.060815900017068235,10613.519331899563
2022-07-30 19:45:00+00:00,2022,-1,-0.06250736148538431,-0.03125368074269216,10610.202216452006
2022-07-31 18:05:00+00:00,2022,1,-2.08,-1.04,10499.856113400905
2022-07-31 18:30:00+00:00,2022,-1,-2.08,-1.04,10390.657609821536
2022-08-01 23:10:00+00:00,2022,1,-1.746738004537094,-0.873369002268547,10299.908827125497
2022-08-02 01:50:00+00:00,2022,-1,-0.966234634537053,-0.4831173172685265,10250.148183918784
2022-08-02 16:20:00+00:00,2022,1,-1.8299956854149846,-0.9149978427074923,10156.359549161605
2022-08-03 00:40:00+00:00,2022,-1,-1.544104410757261,-0.7720522053786305,10077.947151276121
2022-08-03 08:00:00+00:00,2022,1,-0.04234581259466623,-0.021172906297333115,10075.813356969087
2022-08-03 22:20:00+00:00,2022,-1,2.92,1.46,10222.920231980836
2022-08-05 01:50:00+00:00,2022,1,-0.13245741113932835,-0.06622870556966418,10216.149724239776
2022-08-05 17:50:00+00:00,2022,-1,-1.4791611156549456,-0.7395805578274728,10140.593067120755
2022-08-05 22:20:00+00:00,2022,1,-0.7822205352059218,-0.3911102676029609,10100.932166439412
2022-08-06 17:00:00+00:00,2022,-1,-0.5191680567139344,-0.2595840283569672,10074.711759820164
2022-08-07 12:00:00+00:00,2022,1,2.92,1.46,10221.802551513538
2022-08-09 02:10:00+00:00,2022,-1,2.92,1.46,10371.040868765635
2022-08-10 11:25:00+00:00,2022,1,2.92,1.46,10522.458065449613
2022-08-11 18:20:00+00:00,2022,-1,-0.16862751594467257,-0.08431375797233628,10513.58618562357
2022-08-12 18:40:00+00:00,2022,1,2.92,1.46,10667.084543933674
2022-08-14 13:30:00+00:00,2022,-1,-0.9960518003531459,-0.49802590017657294,10613.959700111152
2022-08-15 01:55:00+00:00,2022,1,-1.221571975463518,-0.610785987731759,10549.131121519378
2022-08-15 06:30:00+00:00,2022,-1,0.8747666468184724,0.4373833234092362,10595.271261809477
2022-08-17 05:20:00+00:00,2022,1,-1.2131315560346612,-0.6065657780173306,10531.003972247236
2022-08-17 07:40:00+00:00,2022,-1,2.92,1.46,10684.756630242046
2022-08-21 08:10:00+00:00,2022,1,-0.5841490673943216,-0.2920745336971608,10653.54917713759
2022-08-22 06:40:00+00:00,2022,-1,-0.5721458592594296,-0.2860729296297148,10623.07225689701
2022-08-22 23:50:00+00:00,2022,1,-1.473970830821567,-0.7369854154107836,10544.78176369513
2022-08-23 05:25:00+00:00,2022,-1,-1.367616700630312,-0.683808350315156,10472.675665472472
2022-08-23 08:05:00+00:00,2022,1,-0.6035651087602488,-0.3017825543801244,10441.070957337264
2022-08-24 01:40:00+00:00,2022,-1,-1.3414765201685697,-0.6707382600842848,10371.038699663855
2022-08-24 15:10:00+00:00,2022,1,-0.7818440243392598,-0.3909220121696299,10330.49602649624
2022-08-24 23:40:00+00:00,2022,-1,-1.5633075278675612,-0.7816537639337806,10249.747315472103
2022-08-25 06:15:00+00:00,2022,1,-1.3208389029730405,-0.6604194514865203,10182.055990472509
2022-08-25 16:45:00+00:00,2022,-1,-1.017187876298662,-0.508593938149331,10130.270670925995
2022-08-26 12:55:00+00:00,2022,1,-1.7515526250080882,-0.8757763125040441,10041.55215999748
2022-08-26 14:35:00+00:00,2022,-1,2.92,1.46,10188.158821533443
2022-08-28 16:20:00+00:00,2022,1,-1.1534938021768282,-0.5767469010884141,10129.398931252284
2022-08-28 22:05:00+00:00,2022,-1,-0.46148371531967486,-0.23074185765983743,10106.026167988537
2022-08-29 12:25:00+00:00,2022,1,2.92,1.46,10253.57415004117
2022-08-30 14:05:00+00:00,2022,-1,2.92,1.46,10403.27633263177
2022-08-31 01:40:00+00:00,2022,1,-1.0846540213420663,-0.5423270106710332,10346.856555085162
2022-08-31 15:00:00+00:00,2022,-1,-0.7959522164478682,-0.3979761082239341,10305.678538043721
2022-09-01 21:10:00+00:00,2022,1,-1.0796818516235573,-0.5398409258117787,10250.04426761276
2022-09-02 17:20:00+00:00,2022,-1,0.2830374636585887,0.14151873182929434,10264.55000027223
2022-09-04 11:55:00+00:00,2022,1,-1.0632182633674248,-0.5316091316837124,10209.982715144542
2022-09-04 14:00:00+00:00,2022,-1,-1.2490816830297158,-0.6245408415148579,10146.217203176857
2022-09-04 16:45:00+00:00,2022,1,-0.8270720811365572,-0.4135360405682786,10104.258938287383
2022-09-05 05:20:00+00:00,2022,-1,-0.7865704973871156,-0.3932852486935578,10064.5203783933
2022-09-05 15:00:00+00:00,2022,1,-0.9567647280871759,-0.47838236404358797,10016.373487877494
2022-09-05 18:15:00+00:00,2022,-1,-0.9086661622906255,-0.45433308114531273,9970.865789590998
2022-09-06 00:10:00+00:00,2022,1,-0.9985446304922684,-0.4992723152461342,9921.084017113222
2022-09-06 02:05:00+00:00,2022,-1,-1.3272617674116116,-0.6636308837058058,9855.244639577259
2022-09-06 07:20:00+00:00,2022,1,-1.0935287768881397,-0.5467643884440698,9801.359671494007
2022-09-06 14:00:00+00:00,2022,-1,2.92,1.46,9944.459522697818
2022-09-07 17:50:00+00:00,2022,1,0.3534270757628378,0.1767135378814189,9962.032728943563
2022-09-08 07:20:00+00:00,2022,-1,-1.3605117852180193,-0.6802558926090096,9894.265414281286
2022-09-08 10:15:00+00:00,2022,1,-1.2552706487804577,-0.6276353243902288,9832.165509452332
2022-09-08 13:05:00+00:00,2022,-1,-1.4086042844344648,-0.7043021422172324,9762.917357142916
2022-09-08 13:40:00+00:00,2022,1,2.92,1.46,9905.455950557203
2022-09-11 06:30:00+00:00,2022,-1,-1.4210284494621783,-0.7105142247310892,9835.076277004022
2022-09-11 08:20:00+00:00,2022,1,2.92,1.46,9978.66839064828
2022-09-13 12:30:00+00:00,2022,-1,2.92,1.46,10124.356949151745
2022-09-17 00:20:00+00:00,2022,1,-0.07445679068337256,-0.03722839534168628,10120.587813520911
2022-09-18 09:45:00+00:00,2022,-1,2.92,1.46,10268.348395598316
2022-09-19 13:45:00+00:00,2022,1,2.92,1.46,10418.26628217405
2022-09-20 12:05:00+00:00,2022,-1,-0.21463956412405055,-0.10731978206202528,10407.08542150538
2022-09-21 10:50:00+00:00,2022,1,2.92,1.46,10559.028868659358
2022-09-21 18:10:00+00:00,2022,-1,-2.08,-1.04,10449.2149684253
2022-09-21 18:40:00+00:00,2022,1,-2.08,-1.04,10340.543132753677
2022-09-21 21:05:00+00:00,2022,-1,2.92,1.46,10491.51506249188
2022-09-22 08:20:00+00:00,2022,1,0.3984588256967703,0.19922941284838516,10512.417246349782
2022-09-23 08:40:00+00:00,2022,-1,-0.47760285813068565,-0.23880142906534282,10487.313443736188
2022-09-23 22:25:00+00:00,2022,1,-1.1319010920778672,-0.5659505460389336,10427.960436036548
2022-09-24 21:15:00+00:00,2022,-1,-0.8393454863765947,-0.41967274318829734,10384.197128416045
2022-09-25 07:15:00+00:00,2022,1,-0.923115602610478,-0.461557801305239,10336.268056466926
2022-09-25 13:25:00+00:00,2022,-1,-0.498544752092731,-0.2492723760463655,10310.50259548805
2022-09-26 08:10:00+00:00,2022,1,2.92,1.46,10461.035933382174
2022-09-27 16:05:00+00:00,2022,-1,2.92,1.46,10613.767058009553
2022-09-28 13:20:00+00:00,2022,1,2.92,1.46,10768.72805705649
2022-09-29 12:30:00+00:00,2022,-1,-2.08,-1.04,10656.733285263104
2022-09-29 16:40:00+00:00,2022,1,-2.08,-1.04,10545.903259096369
2022-09-30 12:30:00+00:00,2022,-1,-1.8952892647637976,-0.9476446323818988,10445.965572925355
2022-09-30 14:30:00+00:00,2022,1,-1.6557729991092929,-0.8278864995546464,10359.48483419898
2022-09-30 21:15:00+00:00,2022,-1,-0.251166465852024,-0.125583232926012,10346.475058229713
2022-10-02 05:30:00+00:00,2022,1,-0.8522884724588263,-0.42614423622941316,10302.384151116154
2022-10-02 10:05:00+00:00,2022,-1,-0.47695339569438827,-0.23847669784719414,10277.81536559304
2022-10-02 19:05:00+00:00,2022,1,-1.0003169289604519,-0.5001584644802259,10226.410002078377
2022-10-02 21:15:00+00:00,2022,-1,-1.116082447267539,-0.5580412236337695,10169.342418568973
2022-10-03 13:05:00+00:00,2022,1,2.92,1.46,10317.814817880078
2022-10-05 11:40:00+00:00,2022,-1,-1.3317329569626146,-0.6658664784813073,10249.111947696038
2022-10-05 16:45:00+00:00,2022,1,-1.062679531793751,-0.5313397658968755,10194.654340266641
2022-10-06 14:00:00+00:00,2022,-1,2.92,1.46,10343.496293634533
2022-10-09 10:40:00+00:00,2022,1,-0.8035689925338739,-0.40178449626693696,10301.937729154764
2022-10-09 19:15:00+00:00,2022,-1,0.6591589165880231,0.32957945829401153,10335.890799716299
2022-10-11 12:15:00+00:00,2022,1,-1.436814733209999,-0.7184073666049995,10261.63699880689
2022-10-11 13:55:00+00:00,2022,-1,-1.0166521796391415,-0.5083260898195707,10209.474420699376
2022-10-12 06:35:00+00:00,2022,1,-0.898880706460745,-0.4494403532303725,10163.588922800021
2022-10-12 12:30:00+00:00,2022,-1,-1.0356184682740999,-0.5178092341370499,10110.960920838033
2022-10-12 22:05:00+00:00,2022,1,-0.7935783163930265,-0.3967891581965132,10070.841724114662
2022-10-13 02:25:00+00:00,2022,-1,2.92,1.46,10217.876013286736
2022-10-13 16:00:00+00:00,2022,1,2.92,1.46,10367.057003080721
2022-10-14 14:10:00+00:00,2022,-1,1.3035740443566612,0.6517870221783306,10434.628135208632
2022-10-16 08:25:00+00:00,2022,1,1.180079067875286,0.590039533937643,10496.196566425742
2022-10-18 14:30:00+00:00,2022,-1,0.9022302343548861,0.45111511717744307,10543.546495865548
2022-10-20 10:40:00+00:00,2022,1,-0.8940738544446302,-0.4470369272223151,10496.412949590176
2022-10-20 17:45:00+00:00,2022,-1,-0.5567199152498014,-0.2783599576249007,10467.195138951563
2022-10-21 15:55:00+00:00,2022,1,-0.1588153684749049,-0.07940768423745245,10458.883381687107
2022-10-23 07:15:00+00:00,2022,-1,-0.3458852044547633,-0.17294260222738164,10440.79551660289
2022-10-23 14:15:00+00:00,2022,1,0.40451379301361895,0.20225689650680947,10461.912745585394
2022-10-24 04:10:00+00:00,2022,-1,-0.5419572261827631,-0.27097861309138155,10433.563199524577
2022-10-25 13:10:00+00:00,2022,1,2.92,1.46,10585.893222237635
2022-10-27 10:00:00+00:00,2022,-1,2.92,1.46,10740.447263282304
2022-10-28 13:30:00+00:00,2022,1,0.6836940344028398,0.3418470172014199,10777.163161885925
2022-10-30 09:45:00+00:00,2022,-1,-0.42335803186595905,-0.21167901593297953,10754.350168959354
2022-10-31 09:45:00+00:00,2022,1,-2.08,-1.04,10642.504927202177
2022-10-31 13:55:00+00:00,2022,-1,-1.3115780147080347,-0.6557890073540174,10572.712549782476
2022-11-01 02:50:00+00:00,2022,1,-0.6980223285486397,-0.34901116427431983,10535.812602617103
2022-11-01 13:40:00+00:00,2022,-1,-0.4454867040144838,-0.2227433520072419,10512.344780464833
2022-11-02 16:55:00+00:00,2022,1,-2.08,-1.04,10403.016394748
2022-11-02 19:25:00+00:00,2022,-1,-0.5294981427329403,-0.26474907136647013,10375.474505448803
2022-11-04 04:25:00+00:00,2022,1,2.92,1.46,10526.956433228355
2022-11-06 01:55:00+00:00,2022,-1,2.92,1.46,10680.649997153489
2022-11-08 16:05:00+00:00,2022,1,-2.08,-1.04,10569.571237183092
2022-11-08 17:50:00+00:00,2022,-1,2.92,1.46,10723.886977245966
2022-11-10 13:30:00+00:00,2022,1,2.92,1.46,10880.455727113756
2022-11-11 03:20:00+00:00,2022,-1,-2.08,-1.04,10767.298987551774
2022-11-14 06:50:00+00:00,2022,1,2.92,1.46,10924.501552770029
2022-11-14 19:55:00+00:00,2022,-1,-2.08,-1.04,10810.886736621222
2022-11-15 01:45:00+00:00,2022,1,-0.5217277524414453,-0.26086387622072266,10782.68503842624
2022-11-15 18:35:00+00:00,2022,-1,-0.14235610130467252,-0.07117805065233626,10775.010133407908
2022-11-17 15:20:00+00:00,2022,1,-0.20044005560614137,-0.10022002780307068,10764.211415256423
2022-11-18 14:45:00+00:00,2022,-1,-0.09379831660537345,-0.046899158302686726,10759.163090704746
2022-11-19 21:55:00+00:00,2022,1,-0.6756451322656097,-0.33782256613280487,10722.816209857314
2022-11-20 08:40:00+00:00,2022,-1,2.92,1.46,10879.36932652123
2022-11-22 13:10:00+00:00,2022,1,2.92,1.46,11038.208118688439
2022-11-24 10:45:00+00:00,2022,-1,-0.477597444709108,-0.238798722354554,11011.849018730174
2022-11-25 12:25:00+00:00,2022,1,-0.47240070752866176,-0.23620035376433088,10985.83899239194
2022-11-26 15:15:00+00:00,2022,-1,-0.4933408486215018,-0.2466704243107509,10958.740176735311
2022-11-27 04:30:00+00:00,2022,1,-0.6962519088116269,-0.34812595440581345,10920.589957904198
2022-11-27 23:00:00+00:00,2022,-1,0.7520275965941537,0.3760137982970769,10961.652883001363
2022-11-28 17:00:00+00:00,2022,1,-1.2362392827396906,-0.6181196413698453,10893.896753512749
2022-11-29 00:10:00+00:00,2022,-1,-1.277645600991315,-0.6388228004956575,10824.304057188854
2022-11-29 04:00:00+00:00,2022,1,2.92,1.46,10982.338896423811
2022-12-01 13:45:00+00:00,2022,-1,-0.09411598635454592,-0.04705799317727296,10977.170828135228
2022-12-02 11:35:00+00:00,2022,1,-0.9615365434828748,-0.4807682717414374,10924.396073658696
2022-12-02 13:30:00+00:00,2022,-1,-1.0649001750274367,-0.5324500875137184,10866.229117204155
2022-12-02 20:55:00+00:00,2022,1,-0.49831908580829415,-0.24915954290414707,10839.154870404813
2022-12-03 06:10:00+00:00,2022,-1,-0.35493760804282454,-0.17746880402141227,10819.918751890276
2022-12-04 01:20:00+00:00,2022,1,-0.4683289499232112,-0.2341644749616056,10794.58234595364
2022-12-04 11:30:00+00:00,2022,-1,-0.6712616140674176,-0.3356308070337088,10758.352402109998
2022-12-04 15:00:00+00:00,2022,1,0.46022313564299205,0.23011156782149603,10783.108615494255
2022-12-05 15:00:00+00:00,2022,-1,0.36679359887863644,0.18339679943931822,10802.884491575138
2022-12-06 23:20:00+00:00,2022,1,-0.6003719456748134,-0.3001859728374067,10770.4557476696
2022-12-07 06:45:00+00:00,2022,-1,0.4377863747876876,0.2188931873938438,10794.03154155252
2022-12-08 12:00:00+00:00,2022,1,1.431055782796844,0.715527891398422,10871.265847838671
2022-12-09 13:35:00+00:00,2022,-1,-0.35505416406308216,-0.17752708203154108,10851.966406799113
2022-12-10 15:15:00+00:00,2022,1,-0.3205218100285378,-0.1602609050142689,10834.574947223733
2022-12-10 21:50:00+00:00,2022,-1,-0.3555448139780681,-0.17777240698903404,10815.314062553023
2022-12-11 06:05:00+00:00,2022,1,-0.3734173221011971,-0.18670866105059855,10795.120934478415
2022-12-11 13:45:00+00:00,2022,-1,-0.49222666627740436,-0.24611333313870218,10768.552702530216
2022-12-11 18:55:00+00:00,2022,1,-0.49983822853851606,-0.24991911426925803,10741.640030996434
2022-12-11 20:15:00+00:00,2022,-1,0.48000327009210203,0.24000163504605102,10767.420142701587
2022-12-12 15:00:00+00:00,2022,1,2.92,1.46,10924.62447678503
2022-12-14 19:30:00+00:00,2022,-1,1.047153274783832,0.523576637391916,10981.823258268274
2022-12-16 07:50:00+00:00,2022,1,-1.7663136863136897,-0.8831568431568448,10884.836534659487
2022-12-16 08:50:00+00:00,2022,-1,2.92,1.46,11043.755148065515
2022-12-17 23:05:00+00:00,2022,1,-0.5192377792233337,-0.25961888961166685,11015.083473578676
2022-12-18 09:25:00+00:00,2022,-1,-0.5175790489548947,-0.25878952447744735,10986.577591436608
2022-12-18 18:00:00+00:00,2022,1,-0.5998231049732493,-0.29991155248662466,10953.627576016983
2022-12-19 03:00:00+00:00,2022,-1,-0.6835299905211122,-0.3417649952605561,10916.19191125095
2022-12-20 02:40:00+00:00,2022,1,-0.053165088376303446,-0.026582544188151723,10913.290109712478
2022-12-21 16:55:00+00:00,2022,-1,-0.3458924387582751,-0.17294621937913754,10894.415987057853
2022-12-22 20:20:00+00:00,2022,1,-0.4111868619301661,-0.20559343096508306,10872.017783446452
2022-12-23 14:35:00+00:00,2022,-1,-0.7809652440552072,-0.3904826220276036,10829.564443338344
2022-12-23 15:35:00+00:00,2022,1,-0.7429107647466381,-0.37145538237331904,10789.337443325976
2022-12-23 22:15:00+00:00,2022,-1,-0.5350279696091452,-0.2675139848045726,10760.474456797323
2022-12-24 19:10:00+00:00,2022,1,-0.27056665380390305,-0.13528332690195152,10745.917328961734
2022-12-25 04:35:00+00:00,2022,-1,-0.2417853489091159,-0.12089267445455795,10732.926302108077
2022-12-25 15:00:00+00:00,2022,1,-0.3816698733936618,-0.1908349366968309,10712.444128993731
2022-12-25 15:40:00+00:00,2022,-1,-0.335527494520158,-0.167763747260079,10694.472531299789
2022-12-25 21:50:00+00:00,2022,1,-0.19525870827071573,-0.09762935413535787,10684.031586839297
2022-12-26 15:20:00+00:00,2022,-1,-0.3256534798926935,-0.16282673994634675,10666.63512651161
2022-12-26 23:25:00+00:00,2022,1,-0.3327649878957483,-0.16638249394787416,10648.8877129678
2022-12-27 11:15:00+00:00,2022,-1,0.482131937421928,0.241065968710964,10674.558557290009
2022-12-28 14:40:00+00:00,2022,1,-0.7386306942242603,-0.36931534711213015,10635.135774301465
2022-12-28 15:35:00+00:00,2022,-1,-0.14804605453318848,-0.07402302726659424,10627.263324847416
2022-12-29 13:20:00+00:00,2022,1,-0.5222994758600751,-0.26114973793003754,10599.510254525443
2022-12-30 05:45:00+00:00,2022,-1,-0.43843377135189593,-0.21921688567594796,10576.27433824857
2022-12-30 21:00:00+00:00,2022,1,-0.42811937242147374,-0.21405968621073687,10553.634798587329
2022-12-31 21:50:00+00:00,2022,-1,-0.14104305046024107,-0.07052152523012054,10546.19221436015
2023-01-01 12:00:00+00:00,2023,1,0.585627755831788,0.292813877915894,10577.07292875548
2023-01-02 23:55:00+00:00,2023,-1,-0.3818120724828988,-0.1909060362414494,10556.880658076827
2023-01-03 05:50:00+00:00,2023,1,-0.458074095344072,-0.229037047672036,10532.701490291309
2023-01-03 14:55:00+00:00,2023,-1,-0.5057465576979813,-0.25287327884899063,10506.067102681433
2023-01-04 01:15:00+00:00,2023,1,0.32540540540539015,0.16270270270269507,10523.160757805254
2023-01-05 07:20:00+00:00,2023,-1,-0.449227837396835,-0.2246139186984175,10499.524274056213
2023-01-05 15:10:00+00:00,2023,1,-0.39031577448409344,-0.19515788724204672,10479.0336243125
2023-01-06 02:00:00+00:00,2023,-1,-0.2168925393566034,-0.1084462696783017,10467.669503248599
2023-01-06 15:45:00+00:00,2023,1,0.4198662664566389,0.20993313322831944,10489.644609812754
2023-01-08 01:40:00+00:00,2023,-1,-0.2597901659510659,-0.12989508297553296,10476.019077243
2023-01-08 03:55:00+00:00,2023,1,-0.20043213885117867,-0.10021606942558933,10465.520422691512
2023-01-08 11:55:00+00:00,2023,-1,-0.2301306254654722,-0.1150653127327361,10453.478238888034
2023-01-08 14:45:00+00:00,2023,1,1.284494806421157,0.6422474032105785,10520.615431422475
2023-01-09 21:35:00+00:00,2023,-1,-0.5091070846336619,-0.25455354231683097,10493.834832168259
2023-01-10 08:25:00+00:00,2023,1,0.49336989605132336,0.24668494802566168,10519.721543169891
2023-01-11 15:35:00+00:00,2023,-1,-0.7527077785079416,-0.3763538892539708,10480.130162003485
2023-01-11 18:05:00+00:00,2023,1,2.92,1.46,10633.140062368735
2023-01-15 09:05:00+00:00,2023,-1,-1.5114640458767736,-0.7557320229383868,10552.782017873524
2023-01-15 15:10:00+00:00,2023,1,-1.1135533843008893,-0.5567766921504447,10494.026587224562
2023-01-16 08:05:00+00:00,2023,-1,-2.08,-1.04,10384.888710717427
2023-01-16 17:35:00+00:00,2023,1,-1.3031170061582253,-0.6515585030791127,10317.225085287446
2023-01-18 15:50:00+00:00,2023,-1,-0.550942556517917,-0.2754712782589585,10288.80409346415
2023-01-19 18:40:00+00:00,2023,1,2.92,1.46,10439.020633228727
2023-01-21 22:55:00+00:00,2023,-1,-1.3148502172421894,-0.6574251086210947,10370.391890491745
2023-01-22 15:00:00+00:00,2023,1,-1.3158603673263691,-0.6579301836631846,10302.161952080041
2023-01-22 15:20:00+00:00,2023,-1,-0.6306709653015695,-0.31533548265078476,10269.675579964985
2023-01-23 10:10:00+00:00,2023,1,-0.021822571967220414,-0.010911285983610207,10268.555026292866
2023-01-24 09:30:00+00:00,2023,-1,-0.20634211170565736,-0.10317105585282868,10257.960849651412
2023-01-25 20:00:00+00:00,2023,1,2.92,1.46,10407.727078056321
2023-01-27 01:35:00+00:00,2023,-1,-1.9191717987771062,-0.9595858993885531,10307.855996568449
2023-01-27 07:55:00+00:00,2023,1,-0.5620509708211684,-0.2810254854105842,10278.888294218668
2023-01-28 07:25:00+00:00,2023,-1,-0.724250748141073,-0.3621253740705365,10241.665831532937
2023-01-29 00:35:00+00:00,2023,1,2.92,1.46,10391.194152673317
2023-01-30 09:00:00+00:00,2023,-1,2.92,1.46,10542.905587302346
2023-01-31 13:35:00+00:00,2023,1,-0.8908928493994138,-0.4454464246997069,10495.942591304243
2023-01-31 21:35:00+00:00,2023,-1,-1.2625653580484375,-0.6312826790242188,10429.683523725014
2023-01-31 22:45:00+00:00,2023,1,-0.8672280671433862,-0.4336140335716931,10384.458952309027
2023-02-01 08:25:00+00:00,2023,-1,-1.3803923822962005,-0.6901961911481003,10312.785812148853
2023-02-01 19:40:00+00:00,2023,1,2.92,1.46,10463.352485006226
2023-02-02 14:55:00+00:00,2023,-1,-1.255259827713271,-0.6276299138566355,10397.681354818065
2023-02-02 15:50:00+00:00,2023,1,-1.2039341462495723,-0.6019670731247861,10335.090736693624
2023-02-02 21:50:00+00:00,2023,-1,-0.3509476393687016,-0.1754738196843508,10316.955358210105
2023-02-03 15:20:00+00:00,2023,1,-1.4775207728163187,-0.7387603864081593,10240.737778940236
2023-02-03 19:20:00+00:00,2023,-1,-0.6229523246752054,-0.3114761623376027,10208.840321911337
2023-02-04 13:00:00+00:00,2023,1,-0.8657550488488351,-0.43287752442441757,10164.648546653407
2023-02-04 23:40:00+00:00,2023,-1,1.0171793562012499,0.5085896781006249,10216.344899976892
2023-02-06 15:55:00+00:00,2023,1,-1.196729237646752,-0.598364618823376,10155.213906758463
2023-02-06 23:05:00+00:00,2023,-1,-1.0337729555110675,-0.5168864777555338,10102.72297928728
2023-02-07 09:50:00+00:00,2023,1,-1.011284102519514,-0.505642051259757,10051.639363581722
2023-02-07 18:25:00+00:00,2023,-1,-1.4834748950026988,-0.7417374475013494,9977.08259033425
2023-02-07 19:30:00+00:00,2023,1,-0.19252439831905827,-0.09626219915952913,9967.478431220832
2023-02-08 13:00:00+00:00,2023,-1,2.92,1.46,10113.003616316655
2023-02-11 21:45:00+00:00,2023,1,-0.14781276346174982,-0.07390638173087491,10105.529461259523
2023-02-12 21:35:00+00:00,2023,-1,0.14696011004126325,0.07348005502063162,10112.955009867783
2023-02-13 23:20:00+00:00,2023,1,-0.8175749638105722,-0.4087874819052861,10071.61451573673
2023-02-14 14:25:00+00:00,2023,-1,-1.2147222222222176,-0.6073611111111088,10010.443445907124
2023-02-14 14:45:00+00:00,2023,1,2.92,1.46,10156.595920217367
2023-02-16 22:30:00+00:00,2023,-1,2.92,1.46,10304.88222065254
2023-02-17 14:30:00+00:00,2023,1,2.92,1.46,10455.333501074067
2023-02-19 17:05:00+00:00,2023,-1,-1.0697438405974458,-0.5348719202987229,10399.410858003237
2023-02-20 09:40:00+00:00,2023,1,-0.3807136398863297,-0.19035681994316486,10379.614870201118
2023-02-21 08:45:00+00:00,2023,-1,2.92,1.46,10531.157247306053
2023-02-22 23:00:00+00:00,2023,1,-0.8208326611652249,-0.41041633058261245,10487.935658163775
2023-02-23 11:20:00+00:00,2023,-1,2.92,1.46,10641.059518772965
2023-02-25 22:50:00+00:00,2023,1,2.92,1.46,10796.418987747049
2023-02-27 16:10:00+00:00,2023,-1,-0.8481941857570873,-0.42409709287854364,10750.631688685027
2023-02-28 12:20:00+00:00,2023,1,-1.1992313589206471,-0.5996156794603236,10686.169215438642
2023-02-28 19:25:00+00:00,2023,-1,-0.9763028047688004,-0.4881514023844002,10634.004530552309
2023-03-01 03:10:00+00:00,2023,1,0.11166983270508808,0.05583491635254404,10639.94201808687
2023-03-01 19:45:00+00:00,2023,-1,-0.38250611403201956,-0.19125305701600978,10619.592803712547
2023-03-02 20:45:00+00:00,2023,1,-1.3186583749617653,-0.6593291874808827,10549.57472876605
2023-03-03 01:15:00+00:00,2023,-1,2.92,1.46,10703.598519806035
2023-03-05 00:55:00+00:00,2023,1,-0.6191100660700476,-0.3095550330350238,10670.464991872113
2023-03-05 02:35:00+00:00,2023,-1,-0.985634258593424,-0.492817129296712,10617.87911261656
2023-03-05 04:50:00+00:00,2023,1,-0.6866517898900114,-0.3433258949450057,10581.42518412899
2023-03-06 02:15:00+00:00,2023,-1,-0.7311344438021149,-0.36556722190105745,10542.742962045832
2023-03-06 15:15:00+00:00,2023,1,-0.6116070204183454,-0.3058035102091727,10510.502883995565
2023-03-06 20:55:00+00:00,2023,-1,-0.7563410441882111,-0.37817052209410557,10470.755260364444
2023-03-07 02:30:00+00:00,2023,1,-0.6304203735567148,-0.3152101867783574,10437.750373151144
2023-03-07 09:35:00+00:00,2023,-1,2.92,1.46,10590.14152859915
2023-03-11 00:25:00+00:00,2023,1,-1.1740919037199071,-0.5870459518599536,10527.972531459269
2023-03-11 07:35:00+00:00,2023,-1,-1.3939495395433577,-0.6969747697716788,10454.595219146506
2023-03-11 18:20:00+00:00,2023,1,2.92,1.46,10607.232309346044
2023-03-14 19:10:00+00:00,2023,-1,-2.08,-1.04,10496.917093328846
2023-03-15 13:15:00+00:00,2023,1,-2.08,-1.04,10387.749155558226
2023-03-15 16:00:00+00:00,2023,-1,-1.740520389369058,-0.870260194684529,10297.348709533724
2023-03-16 09:40:00+00:00,2023,1,2.92,1.46,10447.690000692915
2023-03-18 16:30:00+00:00,2023,-1,-2.08,-1.04,10339.034024685709
2023-03-19 12:05:00+00:00,2023,1,2.92,1.46,10489.983921446119
2023-03-20 02:35:00+00:00,2023,-1,-2.08,-1.04,10380.88808866308
2023-03-20 07:35:00+00:00,2023,1,-1.4487104835418352,-0.7243552417709176,10305.693581650476
2023-03-20 16:15:00+00:00,2023,-1,-2.08,-1.04,10198.514368401311
2023-03-21 10:05:00+00:00,2023,1,2.92,1.46,10347.41267817997
2023-03-22 18:35:00+00:00,2023,-1,2.92,1.46,10498.484903281396
2023-03-23 14:55:00+00:00,2023,1,-2.08,-1.04,10389.30066028727
2023-03-24 11:45:00+00:00,2023,-1,-2.08,-1.04,10281.251933420283
2023-03-25 15:45:00+00:00,2023,1,-1.5263444141492588,-0.7631722070746294,10202.788276125097
2023-03-25 19:00:00+00:00,2023,-1,-1.5021326493220943,-0.7510663246610472,10126.158569206656
2023-03-26 08:35:00+00:00,2023,1,-0.204285987838757,-0.1021429939193785,10115.815407675045
2023-03-27 13:35:00+00:00,2023,-1,2.92,1.46,10263.5063126271
2023-03-28 18:45:00+00:00,2023,1,2.92,1.46,10413.353504791456
2023-03-30 14:10:00+00:00,2023,-1,-0.011680690414415038,-0.005840345207207519,10412.745328999128
2023-03-31 13:15:00+00:00,2023,1,0.2214480843346101,0.11072404216730505,10424.274741527983
2023-04-02 11:00:00+00:00,2023,-1,0.5903042503222623,0.29515212516113115,10455.042209960238
2023-04-03 08:05:00+00:00,2023,1,-1.5988955297112617,-0.7994477648556308,10371.459608697998
2023-04-03 20:10:00+00:00,2023,-1,-1.5042648518872914,-0.7521324259436457,10293.452497937333
2023-04-04 06:45:00+00:00,2023,1,0.5699839817748044,0.2849919908874022,10322.788013142253
2023-04-05 14:00:00+00:00,2023,-1,0.3942604931460281,0.19713024657301406,10343.137350605772
2023-04-06 15:35:00+00:00,2023,1,-1.1172581418900962,-0.5586290709450481,10285.357578517513
2023-04-07 07:30:00+00:00,2023,-1,-0.7403326439158951,-0.3701663219579476,10247.284648668892
2023-04-08 03:25:00+00:00,2023,1,-0.4673936540210732,-0.2336968270105366,10223.337069590216
2023-04-08 17:50:00+00:00,2023,-1,-0.4166171409745489,-0.20830857048727444,10202.040982284458
2023-04-09 00:30:00+00:00,2023,1,-0.45760226133075615,-0.22880113066537808,10178.698597166045
2023-04-09 06:00:00+00:00,2023,-1,-0.37161934718824335,-0.18580967359412168,10159.785590526522
2023-04-09 18:50:00+00:00,2023,1,2.92,1.46,10308.11846014821
2023-04-12 02:15:00+00:00,2023,-1,-1.646649407913423,-0.8233247039567115,10223.249174352688
2023-04-12 12:30:00+00:00,2023,1,-2.08,-1.04,10116.92738293942
2023-04-12 15:10:00+00:00,2023,-1,-1.261687866549841,-0.6308439332749205,10053.10536031032
2023-04-13 02:40:00+00:00,2023,1,2.92,1.46,10199.880698570849
2023-04-14 15:00:00+00:00,2023,-1,-0.5115442365784738,-0.2557721182892369,10173.79224764514
2023-04-16 18:55:00+00:00,2023,1,-1.0607426747706405,-0.5303713373853203,10119.833369638502
2023-04-17 00:20:00+00:00,2023,-1,2.92,1.46,10267.582936835222
2023-04-18 06:15:00+00:00,2023,1,0.9815067329855732,0.4907533664927866,10317.97144575518
2023-04-19 06:55:00+00:00,2023,-1,2.92,1.46,10468.613828863205
2023-04-22 14:55:00+00:00,2023,1,-0.5307752022662514,-0.2653876011331257,10440.831425750894
2023-04-23 15:15:00+00:00,2023,-1,-1.667417702999261,-0.8337088514996305,10353.785289984255
2023-04-24 00:50:00+00:00,2023,1,-1.2022726290775587,-0.6011363145387794,10291.544926676785
2023-04-24 07:00:00+00:00,2023,-1,-0.7918850205554583,-0.39594251027772914,10250.796325347741
2023-04-24 13:40:00+00:00,2023,1,-1.325941470398937,-0.6629707351994685,10182.836545585784
2023-04-24 14:40:00+00:00,2023,-1,-0.9319690113205413,-0.46598450566027066,10135.386105046642
2023-04-25 17:40:00+00:00,2023,1,2.92,1.46,10283.362742180323
2023-04-26 19:30:00+00:00,2023,-1,2.92,1.46,10433.499838216156
2023-04-27 00:20:00+00:00,2023,1,-2.08,-1.04,10324.991439898708
2023-04-28 09:05:00+00:00,2023,-1,-0.6173005280367104,-0.3086502640183552,10293.123326559587
2023-04-30 08:30:00+00:00,2023,1,-0.3946510683461723,-0.19732553417308615,10272.812365972359
2023-04-30 20:00:00+00:00,2023,-1,2.92,1.46,10422.795426515555
2023-05-02 12:40:00+00:00,2023,1,0.36436878708244974,0.18218439354122487,10441.784133153395
2023-05-03 12:40:00+00:00,2023,-1,-1.1582908348809795,-0.5791454174404898,10381.31101884721
2023-05-03 17:35:00+00:00,2023,1,0.17150202598853698,0.08575101299426849,10390.213098207956
2023-05-04 13:35:00+00:00,2023,-1,-1.6479442508710784,-0.8239721254355392,10304.600638505372
2023-05-05 01:30:00+00:00,2023,1,-0.9221955403087433,-0.46109777015437164,10257.08635473791
2023-05-05 12:30:00+00:00,2023,-1,-1.6223203999377134,-0.8111601999688567,10173.88495255184
2023-05-05 14:35:00+00:00,2023,1,-0.7038437085821946,-0.3519218542910973,10138.080827973377
2023-05-06 08:00:00+00:00,2023,-1,0.2710792945500496,0.1355396472750248,10151.821946968068
2023-05-07 01:25:00+00:00,2023,1,-1.1723866670336625,-0.5861933335168312,10092.312643484443
2023-05-07 11:20:00+00:00,2023,-1,-0.9729534251912452,-0.4864767125956226,10043.215892711549
2023-05-07 14:30:00+00:00,2023,1,-0.928848434698668,-0.464424217349334,9996.572765905119
2023-05-07 21:55:00+00:00,2023,-1,2.92,1.46,10142.522728287333
2023-05-09 13:00:00+00:00,2023,1,-1.20446098581106,-0.60223049290553,10081.441363667713
2023-05-09 14:05:00+00:00,2023,-1,-1.1153187864491132,-0.5576593932245566,10025.221258930795
2023-05-10 00:25:00+00:00,2023,1,-2.08,-1.04,9920.958957837915
2023-05-10 17:15:00+00:00,2023,-1,-2.08,-1.04,9817.780984676401
2023-05-12 21:10:00+00:00,2023,1,-0.0417468919349772,-0.0208734459674886,9815.73167546736
2023-05-14 00:40:00+00:00,2023,-1,-0.8912556092477074,-0.4456278046238537,9771.990045894207
2023-05-14 13:45:00+00:00,2023,1,-0.5355410526159264,-0.2677705263079632,9745.823536717553
2023-05-15 00:35:00+00:00,2023,-1,-0.908956314487872,-0.454478157243936,9701.530897499633
2023-05-15 01:20:00+00:00,2023,1,0.6076493581074783,0.30382467905373917,9731.006542612262
2023-05-15 23:45:00+00:00,2023,-1,-0.17493635952180225,-0.08746817976090113,9722.495008317026
2023-05-17 01:35:00+00:00,2023,1,-1.0251545664089678,-0.5125772832044839,9672.659707543702
2023-05-17 06:00:00+00:00,2023,-1,-0.4310881505893515,-0.21554407529467576,9651.810862620678
2023-05-17 17:45:00+00:00,2023,1,0.1648279177792223,0.08241395888961114,9659.765302057102
2023-05-18 15:20:00+00:00,2023,-1,0.33651909568501953,0.16825954784250977,9676.018779476992
2023-05-19 15:15:00+00:00,2023,1,-1.1832612521163055,-0.5916306260581528,9618.772488994467
2023-05-19 15:30:00+00:00,2023,-1,-0.9146163499395098,-0.4573081749697549,9574.785056070554
2023-05-20 12:25:00+00:00,2023,1,0.18599598034007242,0.09299799017003621,9583.689413735801
2023-05-21 10:40:00+00:00,2023,-1,0.34794737173620366,0.17397368586810183,9600.362511451029
2023-05-22 06:15:00+00:00,2023,1,0.7122214201192324,0.3561107100596162,9634.550430558853
2023-05-24 03:05:00+00:00,2023,-1,2.92,1.46,9775.214866845012
2023-05-25 12:15:00+00:00,2023,1,0.7354530820944972,0.3677265410472486,9811.160926354796
2023-05-27 13:55:00+00:00,2023,-1,-0.5559972649881039,-0.27799863249405193,9783.886033147739
2023-05-27 17:45:00+00:00,2023,1,2.92,1.46,9926.730769231695
2023-05-29 15:20:00+00:00,2023,-1,-0.7922599640622784,-0.3961299820311392,9887.408012419259
2023-05-30 03:15:00+00:00,2023,1,-0.9373373459443978,-0.4686686729721989,9841.068828496107
2023-05-30 14:40:00+00:00,2023,-1,2.92,1.46,9984.74843339215
2023-05-31 23:40:00+00:00,2023,1,-1.7186884620183895,-0.8593442310091948,9898.945073749013
2023-06-01 02:45:00+00:00,2023,-1,-0.9713879757769249,-0.48569398788846246,9850.866492661433
2023-06-01 16:50:00+00:00,2023,1,-1.2823017921730107,-0.6411508960865053,9787.707573871448
2023-06-01 19:30:00+00:00,2023,-1,-1.2415327890637018,-0.6207663945318509,9726.948774457805
2023-06-02 04:20:00+00:00,2023,1,-0.5558556891766852,-0.2779278445883426,9699.914875384742
2023-06-02 13:55:00+00:00,2023,-1,-1.14631370741066,-0.57315685370533,9644.319148472892
2023-06-02 18:55:00+00:00,2023,1,-0.4471385267370986,-0.2235692633685493,9622.75741519574
2023-06-03 19:50:00+00:00,2023,-1,-0.2889841009622173,-0.14449205048110866,9608.853295693702
2023-06-04 07:00:00+00:00,2023,1,-0.2458069270449536,-0.1229034635224768,9597.043682188501
2023-06-04 23:45:00+00:00,2023,-1,2.92,1.46,9737.160519948453
2023-06-06 14:00:00+00:00,2023,1,2.92,1.46,9879.3230635397
2023-06-07 09:50:00+00:00,2023,-1,-0.13682053366145025,-0.06841026683072512,9872.564592270863
2023-06-08 14:30:00+00:00,2023,1,-1.090906355772845,-0.5454531778864224,9818.71437496343
2023-06-09 02:20:00+00:00,2023,-1,-1.1627773809704678,-0.5813886904852339,9761.629480036345
2023-06-09 08:45:00+00:00,2023,1,-0.7606684156324571,-0.38033420781622856,9724.502663883493
2023-06-09 17:10:00+00:00,2023,-1,2.92,1.46,9866.480402776191
2023-06-10 17:35:00+00:00,2023,1,-2.08,-1.04,9763.86900658732
2023-06-10 18:20:00+00:00,2023,-1,-1.3374231052474794,-0.6687115526237397,9698.576886557223
2023-06-11 16:20:00+00:00,2023,1,-0.5894895819632183,-0.29474479098160916,9669.99083638475
2023-06-12 02:20:00+00:00,2023,-1,-1.4148783133795062,-0.7074391566897531,9601.581534759853
2023-06-12 09:05:00+00:00,2023,1,-1.206587621349906,-0.603293810674953,9543.655787633737
2023-06-12 14:00:00+00:00,2023,-1,-0.9388371352949764,-0.4694185676474882,9498.85609533422
2023-06-13 00:15:00+00:00,2023,1,-0.5929152285416327,-0.29645761427081635,9470.696013170975
2023-06-13 15:15:00+00:00,2023,-1,-0.7742456894884596,-0.3871228447442298,9434.03278534771
2023-06-14 01:55:00+00:00,2023,1,-0.7863595404629974,-0.3931797702314987,9396.940076918716
2023-06-14 05:50:00+00:00,2023,-1,-0.7070550462264434,-0.3535275231132217,9363.719307416352
2023-06-14 12:45:00+00:00,2023,1,-1.2324962422779229,-0.6162481211389614,9306.015563115672
2023-06-14 20:00:00+00:00,2023,-1,2.92,1.46,9441.88339033716
2023-06-15 18:50:00+00:00,2023,1,-0.03972359328726409,-0.019861796643632045,9440.008062658842
2023-06-16 14:45:00+00:00,2023,-1,-1.214390097571747,-0.6071950487858735,9382.68880109739
2023-06-16 15:15:00+00:00,2023,1,2.92,1.46,9519.676057593411
2023-06-18 20:20:00+00:00,2023,-1,-0.5380812118502475,-0.26904060592512374,9494.064263445953
2023-06-19 12:25:00+00:00,2023,1,-0.7275921791080696,-0.3637960895540348,9459.525228915789
2023-06-19 16:30:00+00:00,2023,-1,-1.1042237651801878,-0.5521118825900939,9407.298066090338
2023-06-19 17:05:00+00:00,2023,1,0.09774136939767704,0.04887068469883852,9411.895477066895
2023-06-20 14:25:00+00:00,2023,-1,-1.2919734423646778,-0.6459867211823389,9351.095882073483
2023-06-20 15:45:00+00:00,2023,1,2.92,1.46,9487.621881951756
2023-06-22 14:40:00+00:00,2023,-1,-1.5196258789489692,-0.7598129394744846,9415.533703244275
2023-06-23 09:50:00+00:00,2023,1,2.92,1.46,9553.00049531164
2023-06-24 15:30:00+00:00,2023,-1,-1.1211014761543048,-0.5605507380771524,9499.451080526658
2023-06-25 03:45:00+00:00,2023,1,-0.9645727006154269,-0.48228635030771344,9453.63652461112
2023-06-25 18:00:00+00:00,2023,-1,-0.3262657897415621,-0.16313289487078106,9438.214533677961
2023-06-26 07:00:00+00:00,2023,1,-1.091139898918767,-0.5455699494593835,9386.722471416706
2023-06-26 10:00:00+00:00,2023,-1,-0.999553161356923,-0.4997765806784615,9339.809830811284
2023-06-26 13:35:00+00:00,2023,1,-1.072816181461087,-0.5364080907305435,9289.710335219965
2023-06-26 16:40:00+00:00,2023,-1,-0.9271236542225257,-0.46356182711126287,9246.646784256676
2023-06-27 02:45:00+00:00,2023,1,-0.22744467540825924,-0.11372233770412962,9236.131281374377
2023-06-28 02:50:00+00:00,2023,-1,-0.04349548791074735,-0.021747743955373676,9234.122631191922
2023-06-29 07:10:00+00:00,2023,1,-0.429057938353925,-0.2145289691769625,9214.31276309869
2023-06-29 20:20:00+00:00,2023,-1,-1.061181908220541,-0.5305909541102705,9165.42245309426
2023-06-30 02:30:00+00:00,2023,1,-1.3037144949521329,-0.6518572474760664,9105.676982571966
2023-06-30 13:35:00+00:00,2023,-1,-1.2645933359591277,-0.6322966679795639,9048.102090414182
2023-07-01 11:45:00+00:00,2023,1,-1.0433375639499176,-0.5216687819749588,9000.900966447269
2023-07-02 15:20:00+00:00,2023,-1,-1.215541661299433,-0.6077708306497165,8946.196115877534
2023-07-02 16:15:00+00:00,2023,1,-0.7436163827028585,-0.37180819135142923,8912.933425904337
2023-07-02 18:00:00+00:00,2023,-1,-0.764159135217599,-0.3820795676087995,8878.878928409382
2023-07-02 22:20:00+00:00,2023,1,0.8349387755102101,0.41746938775510506,8915.94552991133
2023-07-04 06:00:00+00:00,2023,-1,0.9072125079274708,0.4536062539637354,8956.388816435008
2023-07-06 06:15:00+00:00,2023,1,2.92,1.46,9087.152093154958
2023-07-06 12:30:00+00:00,2023,-1,0.43597389663486924,0.21798694831743462,9106.96089869179
2023-07-07 13:55:00+00:00,2023,1,-0.7866811998432509,-0.39334059992162546,9071.139524058248
2023-07-08 06:20:00+00:00,2023,-1,-0.46669837195342007,-0.23334918597671003,9049.972093820046
2023-07-08 23:55:00+00:00,2023,1,-0.35982146927745257,-0.17991073463872628,9033.690222541456
2023-07-09 14:05:00+00:00,2023,-1,-0.6614223146902719,-0.33071115734513595,9003.814801055516
2023-07-09 14:35:00+00:00,2023,1,-0.7341480429906321,-0.36707402149531604,8970.764135977292
2023-07-09 20:30:00+00:00,2023,-1,-0.3674525471213252,-0.1837262735606626,8954.282485320344
2023-07-10 12:00:00+00:00,2023,1,-0.22744679022223874,-0.11372339511111937,8944.099371270197
2023-07-10 22:00:00+00:00,2023,-1,-1.1960921214689701,-0.5980460607344851,8890.609537312137
2023-07-11 01:45:00+00:00,2023,1,-0.15301731787418,-0.07650865893709,8883.807451183806
2023-07-12 15:40:00+00:00,2023,-1,0.05172381251965737,0.025861906259828683,8886.104973139136
2023-07-13 09:05:00+00:00,2023,1,2.92,1.46,9015.842105746966
2023-07-14 17:15:00+00:00,2023,-1,2.92,1.46,9147.473400490871
2023-07-16 14:20:00+00:00,2023,1,-0.4075360981685571,-0.20376804908427856,9128.833772402188
2023-07-16 18:35:00+00:00,2023,-1,0.7676481400669145,0.38382407003345725,9163.87243373401
2023-07-19 00:35:00+00:00,2023,1,-0.6444838623632964,-0.3222419311816482,9134.342594232523
2023-07-19 14:40:00+00:00,2023,-1,-0.8793910678778082,-0.4396955339389041,9094.179297791005
2023-07-20 05:30:00+00:00,2023,1,-0.6495067712092938,-0.3247533856046469,9064.645642628471
2023-07-20 14:35:00+00:00,2023,-1,-0.3831124225909121,-0.19155621129545605,9047.281750868095
2023-07-21 18:00:00+00:00,2023,1,-0.5779903604009239,-0.28899518020046194,9021.13554266893
2023-07-22 12:40:00+00:00,2023,-1,-0.28615999356379257,-0.14307999678189628,9008.228102224788
2023-07-23 04:55:00+00:00,2023,1,-0.08669059670086458,-0.04334529835043229,9004.323458877792
2023-07-24 01:35:00+00:00,2023,-1,2.92,1.46,9135.786581377408
2023-07-25 09:35:00+00:00,2023,1,-0.6817447522458696,-0.3408723761229348,9104.645208579946
2023-07-25 13:00:00+00:00,2023,-1,-0.611132257088629,-0.3055661285443145,9076.824496698393
2023-07-25 13:30:00+00:00,2023,1,-0.49753153713841586,-0.24876576856920793,9054.244464477504
2023-07-26 01:30:00+00:00,2023,-1,-0.625650591321789,-0.3128252956608945,9025.920497461642
2023-07-26 02:55:00+00:00,2023,1,0.09076444411050495,0.045382222055252476,9030.016660744332
2023-07-27 14:45:00+00:00,2023,-1,0.109566349927206,0.054783174963603,9034.963590570831
2023-07-28 12:25:00+00:00,2023,1,-0.08341594220225616,-0.04170797110112808,9031.195290567479
2023-07-29 09:00:00+00:00,2023,-1,-0.2774482040070447,-0.13872410200352234,9018.666846000455
2023-07-29 19:15:00+00:00,2023,1,-0.23921558198921383,-0.11960779099460692,9007.87981780879
2023-07-30 06:10:00+00:00,2023,-1,-0.4057684926548432,-0.2028842463274216,8989.60424873035
2023-07-30 14:45:00+00:00,2023,1,-0.5183934649421328,-0.2591967324710664,8966.30348825556
2023-07-30 19:45:00+00:00,2023,-1,-0.9056071545782672,-0.4528035772891336,8925.703745310138
2023-07-31 00:40:00+00:00,2023,1,-0.7771216606143304,-0.3885608303071652,8891.021956726603
2023-07-31 14:30:00+00:00,2023,-1,0.5366537485787216,0.2683268742893608,8914.87895803547
2023-08-01 18:20:00+00:00,2023,1,2.92,1.46,9045.036190822788
2023-08-02 14:05:00+00:00,2023,-1,-0.010399181166829072,-0.005199590583414536,9044.565885972743
2023-08-03 14:35:00+00:00,2023,1,-0.701039549874347,-0.3505197749371735,9012.862893985186
2023-08-04 02:20:00+00:00,2023,-1,-0.6056341105618123,-0.30281705528090613,8985.570407973115
2023-08-04 13:35:00+00:00,2023,1,-0.63022607114662,-0.31511303557331,8957.255704296973
2023-08-04 18:20:00+00:00,2023,-1,-0.05319559995464511,-0.026597799977322555,8954.873271341286
2023-08-06 05:55:00+00:00,2023,1,-0.27558708781483027,-0.13779354390741513,8942.534034108287
2023-08-06 12:35:00+00:00,2023,-1,-0.22499741691063052,-0.11249870845531526,8932.473798816738
2023-08-06 16:50:00+00:00,2023,1,-0.29700926158385593,-0.14850463079192797,8919.20866158122
2023-08-07 00:35:00+00:00,2023,-1,-0.48807885848210825,-0.24403942924105412,8897.442275670679
2023-08-07 01:15:00+00:00,2023,1,-0.3594139858027567,-0.17970699290137834,8881.452949711937
2023-08-07 06:35:00+00:00,2023,-1,-0.404945784998798,-0.202472892499399,8863.470415028682
2023-08-07 10:45:00+00:00,2023,1,-0.4855528488200566,-0.2427764244100283,8841.951998476434
2023-08-07 12:25:00+00:00,2023,-1,-0.4355286076507569,-0.21776430382537845,8822.697383262377
2023-08-07 18:05:00+00:00,2023,1,2.92,1.46,8951.508765058008
2023-08-09 16:40:00+00:00,2023,-1,-0.034470031162734324,-0.017235015581367162,8949.965971127584
2023-08-10 13:35:00+00:00,2023,1,-0.8341172778896876,-0.4170586389448438,8912.639364862373
2023-08-10 14:40:00+00:00,2023,-1,-0.384278943897085,-0.1921394719485425,8895.514666650048
2023-08-11 14:10:00+00:00,2023,1,-0.5606242013605244,-0.2803121006802622,8870.579462621641
2023-08-11 15:15:00+00:00,2023,-1,-0.3054653202322876,-0.1527326601161438,8857.031190640662
2023-08-12 14:35:00+00:00,2023,1,-0.2244217522946101,-0.11221087614730504,8847.092638341004
2023-08-12 21:45:00+00:00,2023,-1,-0.23994446183793533,-0.11997223091896767,8836.478583931319
2023-08-13 00:40:00+00:00,2023,1,-0.19450044509074832,-0.09725022254537416,8827.885088843272
2023-08-13 03:05:00+00:00,2023,-1,-0.07727877272650556,-0.03863938636325278,8824.47404821609
2023-08-13 18:00:00+00:00,2023,1,-0.18442993839654415,-0.09221496919827207,8816.33656219062
2023-08-13 21:35:00+00:00,2023,-1,-0.1923710287056934,-0.0961855143528467,8807.856523521199
2023-08-14 03:30:00+00:00,2023,1,-0.19666666666666494,-0.09833333333333247,8799.195464606402
2023-08-14 18:00:00+00:00,2023,-1,-0.3551509414044229,-0.17757547070221144,8783.57025184212
2023-08-15 08:35:00+00:00,2023,1,-0.4005813933744306,-0.2002906966872153,8765.977577790694
2023-08-15 12:25:00+00:00,2023,-1,-0.38832546904651094,-0.19416273452325547,8748.95731601796
2023-08-15 14:55:00+00:00,2023,1,-0.47772302717829834,-0.23886151358914917,8728.059424149651
2023-08-15 15:40:00+00:00,2023,-1,2.92,1.46,8855.489091742236
2023-08-19 15:45:00+00:00,2023,1,-0.5897058564475287,-0.29485292822376435,8829.378422846698
2023-08-20 15:05:00+00:00,2023,-1,-0.8294226327944497,-0.41471131639722486,8792.761991359617
2023-08-20 20:10:00+00:00,2023,1,-0.5950011270425247,-0.29750056352126236,8766.60347488624
2023-08-21 04:05:00+00:00,2023,-1,-0.4778509902111682,-0.2389254951055841,8745.657824129925
2023-08-21 14:05:00+00:00,2023,1,-1.0343481171228053,-0.5171740585614026,8700.42755061298
2023-08-21 15:20:00+00:00,2023,-1,-1.1512906464818151,-0.5756453232409076,8650.343946315914
2023-08-21 21:30:00+00:00,2023,1,-0.788024790420092,-0.394012395210046,8616.260518939127
2023-08-22 13:55:00+00:00,2023,-1,-0.5375523068101938,-0.2687761534050969,8593.102065348961
2023-08-23 00:00:00+00:00,2023,1,-0.9108753112430622,-0.4554376556215311,8553.96584275737
2023-08-23 12:30:00+00:00,2023,-1,-0.7865022153035727,-0.39325110765178634,8520.327277332572
2023-08-23 14:00:00+00:00,2023,1,0.8102612097733132,0.4051306048866566,8554.845730769552
2023-08-24 13:40:00+00:00,2023,-1,0.31805194064577164,0.15902597032288582,8568.450157202535
2023-08-25 13:30:00+00:00,2023,1,-0.7834780749969549,-0.39173903749847744,8534.884193028172
2023-08-25 14:05:00+00:00,2023,-1,-0.21031394512976748,-0.10515697256488374,8525.909167198866
2023-08-27 08:30:00+00:00,2023,1,-0.146031941031941,-0.0730159705159705,8519.683891875125
2023-08-28 00:30:00+00:00,2023,-1,-0.25440877729459904,-0.12720438864729952,8508.846480065784
2023-08-28 12:10:00+00:00,2023,1,-0.6728777966114795,-0.33643889830573975,8480.219410709724
2023-08-28 19:20:00+00:00,2023,-1,-0.9055663230664733,-0.45278316153323667,8441.822405156958
2023-08-28 23:15:00+00:00,2023,1,-0.6699998469520384,-0.3349999234760192,8413.5423065597
2023-08-29 07:50:00+00:00,2023,-1,-0.693900713587423,-0.3469503567937115,8384.351491508101
2023-08-29 14:00:00+00:00,2023,1,2.92,1.46,8506.763023284118
2023-08-30 14:40:00+00:00,2023,-1,-0.49767777042429623,-0.24883888521214811,8485.594889009339
2023-08-31 11:35:00+00:00,2023,1,-0.79947450899984,-0.39973725449992,8451.674804972026
2023-08-31 13:45:00+00:00,2023,-1,2.92,1.46,8575.069257124618
2023-09-02 15:05:00+00:00,2023,1,-0.49195280286052684,-0.24597640143026342,8553.976610345791
2023-09-03 16:35:00+00:00,2023,-1,-0.6493591804326381,-0.32467959021631904,8526.203594140121
2023-09-03 18:15:00+00:00,2023,1,-0.41737074194604146,-0.20868537097302073,8508.410654539775
2023-09-04 10:40:00+00:00,2023,-1,0.10935075875553542,0.05467537937776771,8513.062660344165
2023-09-06 02:50:00+00:00,2023,1,-0.619318360441221,-0.3096591802206105,8486.701180298476
2023-09-06 12:45:00+00:00,2023,-1,-0.6872496263079152,-0.3436248131539576,8457.53876922474
2023-09-06 17:55:00+00:00,2023,1,-0.7338830593988964,-0.3669415296994482,8426.504547090024
2023-09-07 12:30:00+00:00,2023,-1,-0.5364467258126203,-0.26822336290631016,8403.902693218366
2023-09-07 15:05:00+00:00,2023,1,0.8446408051547306,0.4223204025773653,8439.394088904577
2023-09-08 09:55:00+00:00,2023,-1,0.4109285771906413,0.20546428859532065,8456.7340299311
2023-09-09 22:50:00+00:00,2023,1,-0.37531548572642176,-0.18765774286321088,8440.864313730586
2023-09-10 03:25:00+00:00,2023,-1,-0.20892984358061634,-0.10446492179030817,8432.046571426821
2023-09-10 20:15:00+00:00,2023,1,-0.7288459590198503,-0.36442297950992514,8401.318256077562
2023-09-11 00:35:00+00:00,2023,-1,-0.8245462860256491,-0.41227314301282453,8366.681877248722
2023-09-11 05:55:00+00:00,2023,1,-0.8804697737668431,-0.44023488688342155,8329.848824750521
2023-09-11 09:20:00+00:00,2023,-1,2.92,1.46,8451.464617591879
2023-09-12 03:15:00+00:00,2023,1,2.92,1.46,8574.85600100872
2023-09-13 00:00:00+00:00,2023,-1,-1.2017463533539807,-0.6008731766769904,8523.331991359983
2023-09-13 07:35:00+00:00,2023,1,2.92,1.46,8647.772638433838
2023-09-15 11:35:00+00:00,2023,-1,-0.6995786864931829,-0.34978934324659144,8617.523651316402
2023-09-15 22:35:00+00:00,2023,1,-0.6961390123753385,-0.34806950618766924,8587.52867929766
2023-09-17 00:50:00+00:00,2023,-1,-0.4351257107236694,-0.2175628553618347,8568.845406697965
2023-09-17 09:50:00+00:00,2023,1,-0.3807886761910217,-0.19039433809551085,8552.530810203454
2023-09-17 16:40:00+00:00,2023,-1,-0.4557042093975205,-0.22785210469876024,8533.043688747395
2023-09-18 02:20:00+00:00,2023,1,2.92,1.46,8657.626126603107
2023-09-18 17:30:00+00:00,2023,-1,-0.9065267890595673,-0.45326339452978365,8618.38427653597
2023-09-19 08:20:00+00:00,2023,1,0.2971747935757741,0.14858739678788704,8631.19010937765
2023-09-20 05:55:00+00:00,2023,-1,-0.9721927580602728,-0.4860963790301364,8589.234206788758
2023-09-20 17:15:00+00:00,2023,1,-1.6959629546730337,-0.8479814773365169,8516.399091670139
2023-09-20 19:15:00+00:00,2023,-1,0.26088323816698905,0.13044161908349453,8527.508020532925
2023-09-22 08:05:00+00:00,2023,1,-0.7771966184279976,-0.3885983092139988,8494.370268547047
2023-09-22 18:10:00+00:00,2023,-1,-0.2955643489730519,-0.14778217448652595,8481.817103455252
2023-09-23 16:55:00+00:00,2023,1,-0.27517001225923815,-0.13758500612961908,8470.14739487356
2023-09-24 04:40:00+00:00,2023,-1,-0.2955213015678115,-0.14776065078390574,8457.631849960539
2023-09-24 09:00:00+00:00,2023,1,-0.2653557665194017,-0.13267788325970084,8446.410443048113
2023-09-24 16:25:00+00:00,2023,-1,-0.37681861670469713,-0.18840930835234856,8430.496619551766
2023-09-24 17:45:00+00:00,2023,1,-0.47320989972584376,-0.23660494986292188,8410.54964725188
2023-09-24 18:20:00+00:00,2023,-1,0.8184891958842112,0.4092445979421056,8444.969367340498
2023-09-25 16:00:00+00:00,2023,1,-0.4536113224775517,-0.22680566123877585,8425.81569872549
2023-09-26 11:10:00+00:00,2023,-1,-0.4702878659426179,-0.23514393297130895,8406.002904306593
2023-09-27 09:35:00+00:00,2023,1,-0.19297930614729836,-0.09648965307364918,8397.891981266866
2023-09-27 14:30:00+00:00,2023,-1,-0.6440121409230758,-0.3220060704615379,8370.850259296385
2023-09-28 00:10:00+00:00,2023,1,2.92,1.46,8493.064673082112
2023-09-29 14:05:00+00:00,2023,-1,-0.9988733975858509,-0.49943669879292546,8450.647191252523
2023-09-30 10:25:00+00:00,2023,1,2.92,1.46,8574.026640244809
2023-10-02 18:35:00+00:00,2023,-1,0.6278892488869393,0.31394462444346966,8600.944335980208
2023-10-04 08:40:00+00:00,2023,1,-0.6541279069767402,-0.3270639534883701,8572.813747397617
2023-10-04 14:20:00+00:00,2023,-1,-1.0002543673707986,-0.5001271836853993,8529.938775440163
2023-10-04 18:55:00+00:00,2023,1,-0.4084589589263365,-0.20422947946316825,8512.518125880555
2023-10-05 15:30:00+00:00,2023,-1,-0.38774149714241085,-0.19387074857120543,8496.01484326765
2023-10-06 07:50:00+00:00,2023,1,-0.5461726033946989,-0.27308630169734943,8472.813390540514
2023-10-06 12:45:00+00:00,2023,-1,-0.9373788806765847,-0.46868944033829235,8433.102208879482
2023-10-06 15:10:00+00:00,2023,1,0.5081355381800902,0.2540677690900451,8454.528003526666
2023-10-08 06:55:00+00:00,2023,-1,-0.44337287509371487,-0.22168643754685743,8435.785461584246
2023-10-08 13:45:00+00:00,2023,1,-0.7122599092176362,-0.3561299546088181,8405.743102649009
2023-10-08 18:15:00+00:00,2023,-1,-0.6691641278896298,-0.3345820639448149,8377.618993886266
2023-10-09 01:50:00+00:00,2023,1,-0.6206584447487872,-0.3103292223743936,8351.62079400905
2023-10-09 07:20:00+00:00,2023,-1,0.41182626452918264,0.20591313226459132,8368.817877980855
2023-10-10 07:10:00+00:00,2023,1,-0.6140000505818842,-0.3070000252909421,8343.1256049789
2023-10-10 11:30:00+00:00,2023,-1,2.92,1.46,8464.935238811593
2023-10-13 00:25:00+00:00,2023,1,-0.5642317154998943,-0.28211585774994713,8441.054314154642
2023-10-13 15:20:00+00:00,2023,-1,-0.9996099804840374,-0.4998049902420187,8398.86550346346
2023-10-13 20:50:00+00:00,2023,1,-0.5424818125129826,-0.2712409062564913,8376.084344556602
2023-10-14 20:25:00+00:00,2023,-1,-0.35184248797405,-0.175921243987025,8361.349032780256
2023-10-15 08:00:00+00:00,2023,1,-0.26296832639764783,-0.13148416319882392,8350.355182972371
2023-10-15 11:15:00+00:00,2023,-1,-0.3307386171001436,-0.1653693085500718,8336.546258344815
2023-10-15 13:20:00+00:00,2023,1,2.92,1.46,8458.25983371665
2023-10-18 09:55:00+00:00,2023,-1,-0.6039642854613979,-0.30198214273069895,8432.717399433062
2023-10-19 10:00:00+00:00,2023,1,2.92,1.46,8555.835073464785
2023-10-22 07:40:00+00:00,2023,-1,-0.8698692293983433,-0.43493461469917166,8518.622785153715
2023-10-22 22:50:00+00:00,2023,1,2.92,1.46,8642.99467781696
2023-10-24 15:35:00+00:00,2023,-1,-2.08,-1.04,8553.107533167664
2023-10-25 01:25:00+00:00,2023,1,-2.08,-1.04,8464.15521482272
2023-10-26 10:35:00+00:00,2023,-1,0.6579106702931071,0.32895533514655356,8491.998504976966
2023-10-28 02:50:00+00:00,2023,1,-0.3287766525458568,-0.1643883262729284,8478.038650767512
2023-10-29 01:20:00+00:00,2023,-1,-0.5143862125757214,-0.2571931062878607,8456.233719809317
2023-10-29 08:15:00+00:00,2023,1,0.45411889416306034,0.22705944708153017,8475.434397337438
2023-10-30 02:00:00+00:00,2023,-1,-0.5818626882713261,-0.2909313441356631,8450.776702123929
2023-10-30 09:15:00+00:00,2023,1,-1.0329219461865802,-0.5164609730932901,8407.131738534199
2023-10-30 17:10:00+00:00,2023,-1,-1.1567916291155145,-0.5783958145577572,8358.50524043416
2023-10-31 11:50:00+00:00,2023,1,-1.0703426394469506,-0.5351713197234753,8313.772917629773
2023-10-31 13:50:00+00:00,2023,-1,-1.1091946259666896,-0.5545973129833448,8267.664956421062
2023-10-31 19:55:00+00:00,2023,1,-0.9815005715774071,-0.49075028578870356,8227.091367019373
2023-11-01 14:50:00+00:00,2023,-1,-1.384246247298635,-0.6921231236493175,8170.149765264476
2023-11-01 18:30:00+00:00,2023,1,2.92,1.46,8289.433951837336
2023-11-02 13:40:00+00:00,2023,-1,0.47282643255087914,0.23641321627543957,8309.031269253903
2023-11-03 14:25:00+00:00,2023,1,-1.1762455175194786,-0.5881227587597393,8260.163965326958
2023-11-03 17:40:00+00:00,2023,-1,-1.3002260476033678,-0.6501130238016839,8206.463563600993
2023-11-04 01:50:00+00:00,2023,1,0.15477352698313412,0.07738676349156706,8212.814280149978
2023-11-05 13:55:00+00:00,2023,-1,-1.1538120183130696,-0.5769060091565348,8165.434061046927
2023-11-05 17:10:00+00:00,2023,1,-0.9575267943860964,-0.4787633971930482,8126.3409515407
2023-11-05 21:25:00+00:00,2023,-1,-1.3546536173918966,-0.6773268086959483,8071.299065709878
2023-11-05 23:00:00+00:00,2023,1,-1.7241998953279358,-0.8620999476639679,8001.716400688591
2023-11-06 05:20:00+00:00,2023,-1,-1.0884188303376874,-0.5442094151688437,7958.170306660935
2023-11-06 09:30:00+00:00,2023,1,-0.8986708202939208,-0.4493354101469604,7922.411429473307
2023-11-06 18:15:00+00:00,2023,-1,-1.1554972667554653,-0.5777486333777326,7876.639805708965
2023-11-07 18:05:00+00:00,2023,1,-0.2350916063059238,-0.1175458031529619,7867.381146187878
2023-11-08 15:20:00+00:00,2023,-1,-0.9752956438617931,-0.48764782193089656,7829.016033385491
2023-11-08 16:50:00+00:00,2023,1,2.92,1.46,7943.319667472919
2023-11-09 16:35:00+00:00,2023,-1,-2.08,-1.04,7860.7091429312
2023-11-10 11:00:00+00:00,2023,1,0.004447572132284597,0.0022237860661422984,7860.88394828582
2023-11-11 21:50:00+00:00,2023,-1,-0.6143833497398531,-0.30719167486992655,7836.7359672255
2023-11-12 06:45:00+00:00,2023,1,-0.44799121985862106,-0.22399560992931053,7819.182022697164
2023-11-12 23:20:00+00:00,2023,-1,-1.0517047356768705,-0.5258523678384353,7778.064668885214
2023-11-13 01:15:00+00:00,2023,1,-1.197442423237669,-0.5987212116188345,7731.495745859168
2023-11-13 03:50:00+00:00,2023,-1,2.92,1.46,7844.3755837487115
2023-11-15 09:20:00+00:00,2023,1,2.92,1.46,7958.903467271442
2023-11-16 13:10:00+00:00,2023,-1,2.92,1.46,8075.103457893605
2023-11-17 13:05:00+00:00,2023,1,-1.535186799025876,-0.767593399512938,8013.119496746973
2023-11-17 14:45:00+00:00,2023,-1,-2.08,-1.04,7929.783053980805
2023-11-17 23:05:00+00:00,2023,1,-1.32325208571896,-0.66162604285948,7877.31754415341
2023-11-18 07:00:00+00:00,2023,-1,-0.9410789023245635,-0.47053945116228174,7840.251657414841
2023-11-18 11:10:00+00:00,2023,1,-0.39149151883593797,-0.19574575941796898,7824.904697267755
2023-11-19 01:30:00+00:00,2023,-1,-0.6436997152671297,-0.32184985763356483,7799.720252639637
2023-11-19 06:05:00+00:00,2023,1,-0.48873273738990525,-0.24436636869495262,7780.660359489897
2023-11-19 11:10:00+00:00,2023,-1,-0.5246796086161608,-0.2623398043080804,7760.248590328935
2023-11-19 18:00:00+00:00,2023,1,0.6080852887310552,0.3040426443655276,7783.843055352309
2023-11-20 14:10:00+00:00,2023,-1,-1.2559284358904943,-0.6279642179452471,7734.963306183681
2023-11-20 14:50:00+00:00,2023,1,-0.28094416967190167,-0.14047208483595083,7724.097841966189
2023-11-21 11:20:00+00:00,2023,-1,2.92,1.46,7836.869670458895
2023-11-22 18:15:00+00:00,2023,1,0.14718175622316038,0.07359087811158019,7842.636891665846
2023-11-23 15:20:00+00:00,2023,-1,-1.081651429619943,-0.5408257148099715,7800.221894636544
2023-11-24 01:10:00+00:00,2023,1,0.44631578947368583,0.22315789473684292,7817.628705601416
2023-11-25 11:20:00+00:00,2023,-1,-0.5740601164057811,-0.28703005820289057,7795.189761377643
2023-11-25 18:45:00+00:00,2023,1,-0.45130185730267497,-0.22565092865133748,7777.59984329096
2023-11-26 01:55:00+00:00,2023,-1,-0.09247594399096386,-0.04623797199548193,7774.003638853499
2023-11-26 22:00:00+00:00,2023,1,-1.0192948520590583,-0.5096474260295292,7734.38362940864
2023-11-27 02:30:00+00:00,2023,-1,0.08397263907533821,0.041986319537669105,7737.631012433553
2023-11-27 23:30:00+00:00,2023,1,-1.0364678319257448,-0.5182339159628724,7697.531984235061
2023-11-28 05:05:00+00:00,2023,-1,-0.9115788618018293,-0.45578943090091467,7662.447447010701
2023-11-28 11:45:00+00:00,2023,1,2.92,1.46,7774.319179737056
2023-11-29 14:45:00+00:00,2023,-1,-0.6914759563737859,-0.34573797818689295,7747.440405787238
2023-11-30 03:45:00+00:00,2023,1,-0.918923968241867,-0.4594619841209335,7711.843862380221
2023-11-30 08:15:00+00:00,2023,-1,-0.5173320886121412,-0.2586660443060706,7691.895940918343
2023-12-01 01:25:00+00:00,2023,1,2.92,1.46,7804.19762165575
2023-12-05 07:35:00+00:00,2023,-1,-1.2312745306138106,-0.6156372653069053,7756.152072838642
2023-12-05 13:05:00+00:00,2023,1,2.92,1.46,7869.391893102086
2023-12-07 08:20:00+00:00,2023,-1,0.03925362338743861,0.019626811693719305,7870.936403830386
2023-12-08 11:35:00+00:00,2023,1,0.5243133812903445,0.2621566906451723,7891.570590229454
2023-12-09 08:35:00+00:00,2023,-1,-0.29640091116172934,-0.14820045558086467,7879.875246662249
2023-12-10 20:50:00+00:00,2023,1,-0.7482577565632508,-0.3741288782816254,7850.394357791921
2023-12-10 23:10:00+00:00,2023,-1,2.92,1.46,7965.010115415683
2023-12-12 07:45:00+00:00,2023,1,-1.5662051324759374,-0.7831025662379687,7902.635916800748
2023-12-12 14:50:00+00:00,2023,-1,-0.25173124904894534,-0.12586562452447267,7892.689214750172
2023-12-13 13:40:00+00:00,2023,1,2.92,1.46,8007.922477285524
2023-12-14 13:25:00+00:00,2023,-1,2.92,1.46,8124.838145453892
2023-12-14 17:30:00+00:00,2023,1,-1.3541081937738153,-0.6770540968869077,8069.828595924666
2023-12-15 05:55:00+00:00,2023,-1,0.39242763971583333,0.19621381985791667,8085.662714868717
2023-12-16 12:30:00+00:00,2023,1,-0.662903387064837,-0.3314516935324185,8058.862648866965
2023-12-17 00:55:00+00:00,2023,-1,-0.30105632667002163,-0.15052816333501082,8046.731790935934
2023-12-17 17:00:00+00:00,2023,1,-1.1904169033284262,-0.5952084516642131,7998.836963233533
2023-12-17 22:25:00+00:00,2023,-1,0.5300246020121825,0.26501230100609124,8020.034865123524
2023-12-18 14:25:00+00:00,2023,1,2.92,1.46,8137.127374154326
2023-12-19 14:45:00+00:00,2023,-1,-0.5878972255026181,-0.29394861275130907,8113.208401120193
2023-12-20 04:35:00+00:00,2023,1,2.92,1.46,8231.661243776547
2023-12-21 15:00:00+00:00,2023,-1,-1.2761936992341827,-0.6380968496170913,8179.135272708858
2023-12-21 21:35:00+00:00,2023,1,-0.910141355761238,-0.455070677880619,8141.914426378568
2023-12-22 07:50:00+00:00,2023,-1,-0.954660948610817,-0.4773304743054085,8103.050587629596
2023-12-22 18:50:00+00:00,2023,1,-1.1578279926418777,-0.5789139963209389,8056.1408936488415
2023-12-23 02:35:00+00:00,2023,-1,-0.6762110637672601,-0.3381055318836301,8028.902635631076
2023-12-23 14:55:00+00:00,2023,1,-0.5282166045538305,-0.26410830227691523,8007.697637188645
2023-12-24 05:30:00+00:00,2023,-1,-0.5868578253484057,-0.29342891267420285,7984.2007370816045
2023-12-24 14:05:00+00:00,2023,1,-0.7270845840138017,-0.36354229200690086,7955.174790723586
2023-12-24 20:30:00+00:00,2023,-1,-0.40369814803336895,-0.20184907401668448,7939.117344072102
2023-12-25 12:55:00+00:00,2023,1,-1.0754210631096917,-0.5377105315548458,7896.427874000529
2023-12-26 05:10:00+00:00,2023,-1,2.92,1.46,8011.715720960937
2023-12-27 08:30:00+00:00,2023,1,0.5746920769614495,0.28734603848072476,8034.737068699455
2023-12-28 07:20:00+00:00,2023,-1,0.13029760367740068,0.06514880183870034,8039.971603630603
2023-12-29 11:15:00+00:00,2023,1,-1.1474580325109707,-0.5737290162554853,7993.843953641873
2023-12-29 15:45:00+00:00,2023,-1,0.30573556024733556,0.15286778012366778,8006.063965440355
2023-12-30 14:55:00+00:00,2023,1,-0.6413286433729714,-0.3206643216864857,7980.39137473179
2023-12-31 02:45:00+00:00,2023,-1,-1.0653130783540332,-0.5326565391770166,7937.883298222363
2023-12-31 07:15:00+00:00,2023,1,-0.3410031188459261,-0.17050155942296305,7924.349083413719
2023-12-31 22:50:00+00:00,2023,-1,-1.07714695990627,-0.538573479953135,7881.6706407915435
2024-01-01 01:35:00+00:00,2024,1,-1.0881144914996566,-0.5440572457498283,7838.78984058418
2024-01-01 03:40:00+00:00,2024,-1,-0.9212095842615041,-0.46060479213075206,7802.683998933391
2024-01-01 09:20:00+00:00,2024,1,2.92,1.46,7916.603185317818
2024-01-02 21:05:00+00:00,2024,-1,-1.8991860959170692,-0.9495930479585346,7841.427671835577
2024-01-03 09:35:00+00:00,2024,1,-1.7801491281821602,-0.8900745640910801,7771.633118666969
2024-01-03 11:10:00+00:00,2024,-1,2.92,1.46,7885.098962199506
2024-01-04 13:50:00+00:00,2024,1,2.92,1.46,8000.221407047618
2024-01-05 01:45:00+00:00,2024,-1,-2.08,-1.04,7917.019104414323
2024-01-05 09:00:00+00:00,2024,1,-2.08,-1.04,7834.682105728414
2024-01-05 16:20:00+00:00,2024,-1,-2.08,-1.04,7753.201411828839
2024-01-05 20:50:00+00:00,2024,1,-1.4259032554134166,-0.7129516277067083,7697.924836163826
2024-01-06 06:20:00+00:00,2024,-1,-1.082467116597683,-0.5412335582988415,7656.261083657886
2024-01-06 17:45:00+00:00,2024,1,-0.3110718915599641,-0.15553594577998206,7644.352845570034
2024-01-07 16:50:00+00:00,2024,-1,-0.7071171758526872,-0.3535585879263436,7617.32557959313
2024-01-08 06:25:00+00:00,2024,1,2.92,1.46,7728.538533055189
2024-01-09 21:20:00+00:00,2024,-1,2.92,1.46,7841.375195637795
2024-01-10 17:40:00+00:00,2024,1,-2.08,-1.04,7759.824893603161
2024-01-11 16:10:00+00:00,2024,-1,2.92,1.46,7873.118337049767
2024-01-14 07:10:00+00:00,2024,1,-0.9297352997883678,-0.4648676498941839,7836.518756862936
2024-01-14 19:30:00+00:00,2024,-1,-0.5675488778878667,-0.28377443894393334,7814.280719727913
2024-01-15 13:45:00+00:00,2024,1,-1.2968053904082488,-0.6484026952041244,7763.61271293038
2024-01-15 14:30:00+00:00,2024,-1,-1.4102147083605665,-0.7051073541802833,7708.870908741434
2024-01-15 18:20:00+00:00,2024,1,-1.3783110775702356,-0.6891555387851178,7655.744797896048
2024-01-16 14:35:00+00:00,2024,-1,-2.08,-1.04,7576.125051997929
2024-01-16 15:30:00+00:00,2024,1,-1.009599188511321,-0.5047995942556605,7537.880803475143
2024-01-17 05:55:00+00:00,2024,-1,-0.31282723798170314,-0.15641361899085157,7526.090531315211
2024-01-18 06:15:00+00:00,2024,1,-0.8955678539860655,-0.44778392699303277,7492.389907585037
2024-01-18 10:45:00+00:00,2024,-1,2.92,1.46,7601.778800235778
2024-01-19 18:45:00+00:00,2024,1,-0.12636870568845987,-0.06318435284422994,7596.9756654962
2024-01-21 16:15:00+00:00,2024,-1,2.92,1.46,7707.891510212445
2024-01-23 23:25:00+00:00,2024,1,-0.5124424833907825,-0.25622124169539123,7688.142254876445
2024-01-24 18:20:00+00:00,2024,-1,-1.4084509061175954,-0.7042254530587977,7634.000400250236
2024-01-24 23:40:00+00:00,2024,1,-0.8807172832895426,-0.4403586416447713,7600.383419784538
2024-01-25 12:30:00+00:00,2024,-1,-0.8266733617875975,-0.41333668089379877,7568.968247221998
2024-01-26 02:20:00+00:00,2024,1,2.92,1.46,7679.475183631439
2024-01-28 17:35:00+00:00,2024,-1,-0.5996051191078243,-0.29980255955391216,7656.451920470605
2024-01-29 03:10:00+00:00,2024,1,-0.9012116415491466,-0.4506058207745733,7621.951502452158
2024-01-29 13:20:00+00:00,2024,-1,-1.2681820195759563,-0.6340910097879782,7573.621393204709
2024-01-29 15:50:00+00:00,2024,1,2.92,1.46,7684.196265545498
2024-01-30 23:20:00+00:00,2024,-1,-0.4136873495624282,-0.2068436747812141,7668.301991612443
2024-01-31 15:30:00+00:00,2024,1,-1.2751067876796007,-0.6375533938398004,7619.412472015033
2024-01-31 20:40:00+00:00,2024,-1,0.38946270262683275,0.19473135131341637,7634.249856883932
2024-02-01 14:50:00+00:00,2024,1,0.5735794107209503,0.28678970536047516,7656.144099554971
2024-02-02 13:30:00+00:00,2024,-1,-0.9324717243697965,-0.46623586218489826,7620.448410102293
2024-02-02 15:40:00+00:00,2024,1,-0.5944292544016937,-0.29721462720084685,7597.799322769174
2024-02-03 11:35:00+00:00,2024,-1,-0.720194734625199,-0.3600973673125995,7570.439847434188
2024-02-03 17:45:00+00:00,2024,1,-0.7547382441081861,-0.37736912205409306,7541.871345046292
2024-02-03 23:30:00+00:00,2024,-1,-0.3349203112123033,-0.16746015560615166,7529.241715556262
2024-02-04 11:35:00+00:00,2024,1,-0.616641889648215,-0.3083209448241075,7506.027486360768
2024-02-04 15:00:00+00:00,2024,-1,-0.1878607615623506,-0.0939303807811753,7498.977046161291
2024-02-05 07:20:00+00:00,2024,1,-0.35262635496929645,-0.17631317748464823,7485.7553614523595
2024-02-05 15:40:00+00:00,2024,-1,-0.44270266098876737,-0.22135133049438369,7469.18554236223
2024-02-06 03:05:00+00:00,2024,1,-0.15852293009362745,-0.07926146504681372,7463.26535647429
2024-02-07 03:30:00+00:00,2024,-1,-0.636621746724284,-0.318310873362142,7439.508971336762
2024-02-07 09:35:00+00:00,2024,1,2.92,1.46,7548.125802318279
2024-02-10 10:50:00+00:00,2024,-1,-1.1608355846299245,-0.5804177923149623,7504.315137175307
2024-02-10 19:15:00+00:00,2024,1,2.92,1.46,7613.878138178066
2024-02-12 06:45:00+00:00,2024,-1,-0.9466050247228884,-0.4733025123614442,7577.841461661931
2024-02-12 14:30:00+00:00,2024,1,2.92,1.46,7688.477947002195
2024-02-13 13:35:00+00:00,2024,-1,-0.7388392072930604,-0.3694196036465302,7660.075202243929
2024-02-14 07:25:00+00:00,2024,1,2.92,1.46,7771.91230019669
2024-02-15 21:35:00+00:00,2024,-1,-1.378658530679453,-0.6893292653397265,7718.338234234897
2024-02-16 03:10:00+00:00,2024,1,-1.2174393082043689,-0.6087196541021844,7671.355192433026
2024-02-16 09:05:00+00:00,2024,-1,-1.3020952027250488,-0.6510476013625244,7621.411018460692
2024-02-16 10:55:00+00:00,2024,1,-1.3167690364399776,-0.6583845182199888,7571.232828245234
2024-02-16 15:10:00+00:00,2024,-1,-0.5350845834292882,-0.2675422917146441,7550.976578425495
2024-02-17 21:20:00+00:00,2024,1,-1.2973065551572827,-0.6486532775786413,7501.996921360343
2024-02-18 02:45:00+00:00,2024,-1,-1.118102090438109,-0.5590510452190545,7460.056929159176
2024-02-18 08:55:00+00:00,2024,1,0.1205083146301434,0.0602541573150717,7464.551923597066
2024-02-19 16:50:00+00:00,2024,-1,-0.5326002365077053,-0.26630011825385264,7444.673812997407
2024-02-20 10:55:00+00:00,2024,1,-1.2980485148742593,-0.6490242574371297,7396.356074063985
2024-02-20 15:25:00+00:00,2024,-1,-1.5688814271212692,-0.7844407135606346,7338.336045699112
2024-02-20 22:40:00+00:00,2024,1,-1.0855652240433034,-0.5427826120216517,7298.50483363134
2024-02-21 06:35:00+00:00,2024,-1,0.06141320474776453,0.030706602373882265,7300.745956489842
2024-02-21 23:05:00+00:00,2024,1,-0.8880866705358791,-0.44404333526793954,7268.327480645205
2024-02-22 13:15:00+00:00,2024,-1,-1.4103479656656681,-0.7051739828328341,7217.073126264606
2024-02-22 20:25:00+00:00,2024,1,-1.4717974223549901,-0.7358987111774951,7163.9627781436875
2024-02-22 22:25:00+00:00,2024,-1,0.051365005377581666,0.025682502688790833,7165.802663076808
2024-02-24 10:05:00+00:00,2024,1,0.44165585177077477,0.22082792588538738,7181.6267564707205
2024-02-25 16:30:00+00:00,2024,-1,-0.7284428621704063,-0.36422143108520316,7155.469732723105
2024-02-25 20:00:00+00:00,2024,1,-0.5755142916753585,-0.28775714583767925,7134.879357248942
2024-02-26 01:55:00+00:00,2024,-1,-0.4659602119286487,-0.23298010596432436,7118.256507761997
2024-02-26 14:45:00+00:00,2024,1,2.92,1.46,7222.183052775322
2024-02-29 17:30:00+00:00,2024,-1,-1.2209961511307466,-0.6104980755653733,7178.09176422432
2024-03-01 08:35:00+00:00,2024,1,-1.3651030977579004,-0.6825515488789502,7129.097587707654
2024-03-01 15:45:00+00:00,2024,-1,-1.880407331975551,-0.9402036659877755,7062.069550836181
2024-03-01 18:40:00+00:00,2024,1,-1.359929577464789,-0.6799647887323945,7014.049964534704
2024-03-02 14:00:00+00:00,2024,-1,-0.9793146920491579,-0.48965734602457894,6979.705153629526
2024-03-03 12:05:00+00:00,2024,1,2.92,1.46,7081.608848872516
2024-03-05 07:55:00+00:00,2024,-1,-2.08,-1.04,7007.960116844242
2024-03-05 13:05:00+00:00,2024,1,-2.08,-1.04,6935.077331629062
2024-03-05 16:05:00+00:00,2024,-1,2.92,1.46,7036.329460670846
2024-03-06 05:10:00+00:00,2024,1,2.92,1.46,7139.05987079664
2024-03-08 16:00:00+00:00,2024,-1,-2.08,-1.04,7064.813648140355
2024-03-08 17:25:00+00:00,2024,1,0.8771163850011111,0.43855819250055555,7095.7969671791725
2024-03-10 22:10:00+00:00,2024,-1,-0.6883478195312297,-0.34417390976561485,7071.375085328203
2024-03-11 06:55:00+00:00,2024,1,2.92,1.46,7174.617161573994
2024-03-12 16:20:00+00:00,2024,-1,2.92,1.46,7279.366572132974
2024-03-13 04:15:00+00:00,2024,1,0.5266589859198724,0.2633294929599362,7298.535291218067
2024-03-14 12:20:00+00:00,2024,-1,2.92,1.46,7405.0939064698505
2024-03-15 00:30:00+00:00,2024,1,-2.08,-1.04,7328.080929842565
2024-03-15 02:25:00+00:00,2024,-1,2.92,1.46,7435.0709114182655
2024-03-15 18:45:00+00:00,2024,1,-2.08,-1.04,7357.746173939516
2024-03-15 20:45:00+00:00,2024,-1,-2.08,-1.04,7281.225613730545
2024-03-15 23:30:00+00:00,2024,1,-1.7825208055542863,-0.8912604027771431,7216.330932998498
2024-03-16 11:10:00+00:00,2024,-1,2.92,1.46,7321.689364620275
2024-03-17 11:05:00+00:00,2024,1,-0.7460918013419836,-0.3730459006709918,7294.376102585696
2024-03-18 01:00:00+00:00,2024,-1,-2.08,-1.04,7218.514591118805
2024-03-18 04:40:00+00:00,2024,1,-1.566168549341671,-0.7830842746708355,7161.987538490934
2024-03-18 13:45:00+00:00,2024,-1,2.92,1.46,7266.552556552901
2024-03-19 17:10:00+00:00,2024,1,-2.08,-1.04,7190.980409964751
2024-03-19 22:10:00+00:00,2024,-1,2.92,1.46,7295.9687239502355
2024-03-20 11:25:00+00:00,2024,1,-2.08,-1.04,7220.090649221153
2024-03-21 17:40:00+00:00,2024,-1,-0.9813659766892168,-0.4906829883446084,7184.662892662366
2024-03-22 06:05:00+00:00,2024,1,-1.8187664345610677,-0.9093832172805338,7119.326774098313
2024-03-22 09:40:00+00:00,2024,-1,2.92,1.46,7223.268945000148
2024-03-23 07:05:00+00:00,2024,1,-0.4238022672365704,-0.2119011336182852,7207.9627562213955
2024-03-23 23:45:00+00:00,2024,-1,-0.9766588966588862,-0.4883294483294431,7172.764151458148
2024-03-24 08:10:00+00:00,2024,1,2.92,1.46,7277.486508069437
2024-03-26 14:25:00+00:00,2024,-1,-1.6535197181824257,-0.8267598590912129,7217.3191708699405
2024-03-27 01:10:00+00:00,2024,1,-1.3405790519925165,-0.6702895259962582,7168.942236409879
2024-03-27 07:30:00+00:00,2024,-1,-1.5996641360409436,-0.7998320680204718,7111.602737465209
2024-03-27 13:00:00+00:00,2024,1,-2.08,-1.04,7037.642068995571
2024-03-27 14:00:00+00:00,2024,-1,-1.1531601731601704,-0.5765800865800852,6997.06442626096
2024-03-28 06:10:00+00:00,2024,1,0.25564760285365035,0.12782380142682517,7006.008339998891
2024-03-29 05:20:00+00:00,2024,-1,-0.1171377997347544,-0.0585688998673772,7001.904997989537
2024-03-30 05:00:00+00:00,2024,1,-0.7697101055545085,-0.38485505277725424,6974.957812814111
2024-03-30 19:10:00+00:00,2024,-1,-0.7717788599255292,-0.3858894299627646,6948.0421878701
2024-03-31 05:10:00+00:00,2024,1,0.13592250686315316,0.06796125343157658,6952.764164429932
2024-04-01 05:20:00+00:00,2024,-1,2.92,1.46,7054.274521230609
2024-04-03 08:35:00+00:00,2024,1,-1.5116897695024534,-0.7558448847512267,7000.955148105579
2024-04-03 11:05:00+00:00,2024,-1,-1.6868780415688045,-0.8434390207844022,6941.906360558842
2024-04-03 14:10:00+00:00,2024,1,-1.664465844658456,-0.832232922329228,6884.133530389005
2024-04-04 02:25:00+00:00,2024,-1,-1.2548262833087165,-0.6274131416543582,6840.941571930311
2024-04-04 08:10:00+00:00,2024,1,2.92,1.46,6940.819318880493
2024-04-05 05:15:00+00:00,2024,-1,-1.559888559725695,-0.7799442798628475,6886.684795627269
2024-04-05 14:10:00+00:00,2024,1,2.92,1.46,6987.230393643426
2024-04-07 19:50:00+00:00,2024,-1,-1.1987941772276445,-0.5993970886138222,6945.349138089188
2024-04-08 01:15:00+00:00,2024,1,2.92,1.46,7046.75123550529
2024-04-09 01:15:00+00:00,2024,-1,2.92,1.46,7149.633803543667
2024-04-10 16:55:00+00:00,2024,1,0.3856178999741245,0.19280894998706224,7163.4189374082
2024-04-11 13:40:00+00:00,2024,-1,-1.3451397393288245,-0.6725698696644122,7115.239939997358
2024-04-12 02:25:00+00:00,2024,1,-0.9567528342876418,-0.4783764171438209,7081.202310101213
2024-04-12 13:05:00+00:00,2024,-1,2.92,1.46,7184.58786382869
2024-04-14 22:05:00+00:00,2024,1,-0.40097852420457375,-0.20048926210228687,7170.18353663541
2024-04-15 14:35:00+00:00,2024,-1,2.92,1.46,7274.868216270286
2024-04-16 21:20:00+00:00,2024,1,-1.4545602050468043,-0.7272801025234021,7221.9595472485535
2024-04-17 10:10:00+00:00,2024,-1,2.92,1.46,7327.400156638382
2024-04-18 11:10:00+00:00,2024,1,-0.4966740147078407,-0.24833700735392036,7309.20351037254
2024-04-19 01:10:00+00:00,2024,-1,2.92,1.46,7415.917881623979
2024-04-19 06:40:00+00:00,2024,1,-0.7321636617991544,-0.3660818308995772,7388.769553664921
2024-04-19 23:00:00+00:00,2024,-1,-1.8806743233429435,-0.9403371616714717,7319.290207761543
2024-04-20 15:35:00+00:00,2024,1,0.21964782055944548,0.10982391027972274,7327.328538472427
2024-04-21 16:05:00+00:00,2024,-1,-1.11711164484388,-0.55855582242194,7286.401318292805
2024-04-22 01:15:00+00:00,2024,1,2.92,1.46,7392.782777539879
2024-04-23 08:05:00+00:00,2024,-1,-0.9432370328989891,-0.47161851644949454,7357.917045080112
2024-04-23 14:05:00+00:00,2024,1,-0.9438041303496213,-0.47190206517481065,7323.194882590529
2024-04-23 20:15:00+00:00,2024,-1,-1.238544340211143,-0.6192721701055715,7277.844374720051
2024-04-24 01:00:00+00:00,2024,1,-0.9777214219859419,-0.48886071099297096,7242.265852964832
2024-04-24 10:05:00+00:00,2024,-1,2.92,1.46,7348.0029344181185
2024-04-25 17:00:00+00:00,2024,1,-1.0109351180516901,-0.5054675590258451,7310.861163348368
2024-04-26 12:50:00+00:00,2024,-1,-1.250967878136775,-0.6254839390683875,7265.132900964036
2024-04-26 14:10:00+00:00,2024,1,-1.4228980816404202,-0.7114490408202101,7213.445182625814
2024-04-26 14:55:00+00:00,2024,-1,0.4143041435377715,0.20715207176888575,7228.387983767536
2024-04-27 17:50:00+00:00,2024,1,-0.5980156065978547,-0.29900780329892734,7206.774539643349
2024-04-28 22:30:00+00:00,2024,-1,-0.05277731527350886,-0.02638865763675443,7204.87276858343
2024-04-29 17:25:00+00:00,2024,1,-0.618744312550865,-0.3093721562754325,7182.582898342362
2024-04-30 08:10:00+00:00,2024,-1,2.92,1.46,7287.44860865816
2024-05-01 18:50:00+00:00,2024,1,-2.08,-1.04,7211.659143128116
2024-05-01 19:30:00+00:00,2024,-1,-2.08,-1.04,7136.657888039584
2024-05-02 11:15:00+00:00,2024,1,2.92,1.46,7240.853093204962
2024-05-05 01:30:00+00:00,2024,-1,-1.277224874614955,-0.6386124373074775,7194.612104784592
2024-05-05 07:35:00+00:00,2024,1,0.015140171095575708,0.007570085547787854,7195.156743075756
2024-05-06 10:45:00+00:00,2024,-1,-0.24895991782188703,-0.12447995891094352,7186.200214918397
2024-05-07 08:15:00+00:00,2024,1,-1.2446229748066284,-0.6223114874033142,7141.479665473158
2024-05-07 13:45:00+00:00,2024,-1,-1.5077760730859513,-0.7538880365429756,7087.640904643007
2024-05-07 15:00:00+00:00,2024,1,-1.5697024493621292,-0.7848512246810646,7032.013468201921
2024-05-07 18:15:00+00:00,2024,-1,2.92,1.46,7134.680864837668
2024-05-09 15:05:00+00:00,2024,1,0.6672408821418642,0.3336204410709321,7158.483618607943
2024-05-10 14:15:00+00:00,2024,-1,2.92,1.46,7262.9974794396185
2024-05-11 15:15:00+00:00,2024,1,-1.1732881627835345,-0.5866440813917673,7220.389534594853
2024-05-12 07:30:00+00:00,2024,-1,-0.9396064107023071,-0.46980320535115355,7186.4679131224875
2024-05-12 10:15:00+00:00,2024,1,-0.4164994901027707,-0.20824974505138535,7171.5021120152105
2024-05-13 02:30:00+00:00,2024,-1,-0.8936707175290025,-0.44683535876450126,7139.457304824184
2024-05-13 06:55:00+00:00,2024,1,2.92,1.46,7243.693381474616
2024-05-14 06:05:00+00:00,2024,-1,0.08048192771084269,0.04024096385542134,7246.6083135100525
2024-05-15 07:35:00+00:00,2024,1,2.92,1.46,7352.408794887299
2024-05-16 16:30:00+00:00,2024,-1,-0.794698094802002,-0.397349047401001,7323.194068579787
2024-05-17 03:40:00+00:00,2024,1,2.92,1.46,7430.112701981052
2024-05-19 13:25:00+00:00,2024,-1,-0.2694291349202826,-0.1347145674601413,7420.103257792777
2024-05-20 04:30:00+00:00,2024,1,-0.7990381313085914,-0.3995190656542957,7390.458530586659
2024-05-20 06:55:00+00:00,2024,-1,-1.0222577121548815,-0.5111288560774407,7352.683764440395
2024-05-20 08:00:00+00:00,2024,1,2.92,1.46,7460.032947401224
2024-05-21 15:35:00+00:00,2024,-1,-0.6676615320554501,-0.33383076602772505,7435.129062266994
2024-05-22 15:40:00+00:00,2024,1,-1.596214779372671,-0.7981073896863355,7375.788747788325
2024-05-22 18:20:00+00:00,2024,-1,-0.8010514193585426,-0.4005257096792713,7346.246817561802
2024-05-23 11:25:00+00:00,2024,1,-0.9619632722538051,-0.48098163612690253,7310.912719424773
2024-05-23 13:00:00+00:00,2024,-1,2.92,1.46,7417.652045128374
2024-05-24 15:00:00+00:00,2024,1,1.0066009836320466,0.5033004918160233,7454.985124352706
2024-05-26 02:35:00+00:00,2024,-1,-0.8049331439259432,-0.4024665719629716,7424.981301282375
2024-05-26 07:30:00+00:00,2024,1,-0.9913133370692527,-0.49565666853462637,7388.1788863251195
2024-05-26 15:45:00+00:00,2024,-1,-0.6022167461186311,-0.30110837305931554,7365.932461081795
2024-05-27 01:35:00+00:00,2024,1,-1.1832224566802751,-0.5916112283401376,7322.354777570084
2024-05-27 05:25:00+00:00,2024,-1,-0.9679776426182317,-0.48398882130911586,7286.915398990051
2024-05-27 13:15:00+00:00,2024,1,-0.45818555009401235,-0.22909277504700618,7270.221602287177
2024-05-28 01:45:00+00:00,2024,-1,-0.40636657819993255,-0.20318328909996627,7255.449726910794
2024-05-29 02:25:00+00:00,2024,1,-1.1771607249817606,-0.5885803624908803,7212.745574607799
2024-05-29 07:25:00+00:00,2024,-1,0.02132826545364848,0.01066413272682424,7213.5147513691245
2024-05-30 02:20:00+00:00,2024,1,-1.0805122928260058,-0.5402561464130029,7174.543294552444
2024-05-30 08:05:00+00:00,2024,-1,-1.295684239400372,-0.647842119700186,7128.063581194208
2024-05-30 12:40:00+00:00,2024,1,-0.2345484110079487,-0.11727420550397435,7119.704201261545
2024-05-31 07:50:00+00:00,2024,-1,-1.1718763635616947,-0.5859381817808473,7077.987135916499
2024-05-31 12:30:00+00:00,2024,1,-1.4384491619268447,-0.7192245809634223,7027.080512597559
2024-05-31 14:00:00+00:00,2024,-1,0.000334166591877752,0.000167083295938876,7027.092253675288
2024-06-02 00:50:00+00:00,2024,1,-0.5093823579217148,-0.2546911789608574,7009.194869567736
2024-06-02 09:25:00+00:00,2024,-1,-0.7604210003268362,-0.3802105001634181,6982.545174696724
2024-06-02 11:45:00+00:00,2024,1,-0.7715393654524093,-0.38576968272620465,6955.608632330082
2024-06-02 18:00:00+00:00,2024,-1,-0.9301801529969377,-0.46509007649846884,6923.258786821045
2024-06-03 01:10:00+00:00,2024,1,2.92,1.46,7024.3383651086315
2024-06-04 00:15:00+00:00,2024,-1,-0.9261174759047285,-0.46305873795236424,6991.811552525656
2024-06-04 13:15:00+00:00,2024,1,2.92,1.46,7093.89200119253
2024-06-06 19:35:00+00:00,2024,-1,-0.6597756618540317,-0.32988783092701585,7070.490114741491
2024-06-07 04:05:00+00:00,2024,1,-0.6392979420307675,-0.31964897101538375,7047.889365843976
2024-06-07 17:00:00+00:00,2024,-1,2.92,1.46,7150.788550585297
2024-06-09 12:30:00+00:00,2024,1,-0.12604316546762412,-0.06302158273381206,7146.28201046277
2024-06-10 06:45:00+00:00,2024,-1,-0.48493464616802034,-0.24246732308401017,7128.954611771967
2024-06-10 15:05:00+00:00,2024,1,-0.5783562559050858,-0.2891781279525429,7108.339234283059
2024-06-10 20:05:00+00:00,2024,-1,2.92,1.46,7212.120987103592
2024-06-12 09:50:00+00:00,2024,1,2.92,1.46,7317.417953515303
2024-06-12 19:40:00+00:00,2024,-1,-0.27837919353205004,-0.13918959676602502,7307.232868972121
2024-06-13 13:35:00+00:00,2024,1,-1.4078719756144142,-0.7039359878072071,7255.7946270945495
2024-06-13 14:20:00+00:00,2024,-1,-0.07836627759320917,-0.03918313879660459,7252.951579015018
2024-06-14 13:25:00+00:00,2024,1,-1.024158455839761,-0.5120792279198805,7215.810720567795
2024-06-14 14:25:00+00:00,2024,-1,0.32228445994473504,0.16114222997236752,7227.438438873503
2024-06-15 15:15:00+00:00,2024,1,-0.8534946361203087,-0.42674731806015437,7196.595539171162
2024-06-15 20:15:00+00:00,2024,-1,-0.7381502609539935,-0.36907513047699675,7170.034694795065
2024-06-16 06:50:00+00:00,2024,1,-0.12220312363405476,-0.06110156181702738,7165.653691613723
2024-06-17 01:15:00+00:00,2024,-1,-0.3078422987493478,-0.1539211493746739,7154.624235091383
2024-06-17 17:35:00+00:00,2024,1,-1.3717319227488178,-0.6858659613744089,7105.553102798646
2024-06-18 00:45:00+00:00,2024,-1,-0.04189622665953012,-0.02094811332976506,7104.064623481965
2024-06-19 04:10:00+00:00,2024,1,-1.163017078522175,-0.5815085392610875,7062.753881061792
2024-06-19 14:20:00+00:00,2024,-1,-0.7711753371869,-0.38558766859345,7035.520773033312
2024-06-20 05:05:00+00:00,2024,1,-0.3639717467247538,-0.1819858733623769,7022.717119108916
2024-06-20 13:30:00+00:00,2024,-1,1.070635804961475,0.5353179024807375,7060.310981088086
2024-06-22 05:45:00+00:00,2024,1,-0.2561186797621939,-0.12805933988109694,7051.269593452153
2024-06-23 10:55:00+00:00,2024,-1,-0.28443407234538304,-0.14221703617269152,7041.241486823799
2024-06-23 13:00:00+00:00,2024,1,-0.3054434341928846,-0.1527217170964423,7030.487981920215
2024-06-23 13:25:00+00:00,2024,-1,2.92,1.46,7133.13310645625
2024-06-25 03:05:00+00:00,2024,1,0.07067493555913636,0.03533746777956818,7135.653775069418
2024-06-26 09:40:00+00:00,2024,-1,-0.9036348818255967,-0.45181744091279835,7103.413646790502
2024-06-26 14:00:00+00:00,2024,1,-1.081369324859791,-0.5406846624298955,7065.006578693354
2024-06-26 15:35:00+00:00,2024,-1,-0.14613767414211937,-0.07306883707105968,7059.844260547309
2024-06-27 09:55:00+00:00,2024,1,-0.17008362110046743,-0.08504181055023372,7053.840441166113
2024-06-28 07:45:00+00:00,2024,-1,0.11960405872475606,0.05980202936237803,7058.058780897914
2024-06-29 07:20:00+00:00,2024,1,-0.6007941210167099,-0.30039706050835496,7036.856579791145
2024-06-30 02:45:00+00:00,2024,-1,-0.7696914815204713,-0.38484574076023564,7009.775536960413
2024-06-30 07:00:00+00:00,2024,1,2.92,1.46,7112.118259800034
2024-07-02 07:00:00+00:00,2024,-1,2.92,1.46,7215.955186393115
2024-07-05 15:20:00+00:00,2024,1,2.92,1.46,7321.308132114454
2024-07-07 07:20:00+00:00,2024,-1,2.92,1.46,7428.199230843325
2024-07-08 08:20:00+00:00,2024,1,-1.819628424418438,-0.909814212209219,7360.616418529897
2024-07-08 14:25:00+00:00,2024,-1,-2.08,-1.04,7284.066007777186
2024-07-09 01:10:00+00:00,2024,1,2.92,1.46,7390.413371490733
2024-07-10 13:35:00+00:00,2024,-1,-0.9511732641837999,-0.47558663209189994,7355.265553439591
2024-07-11 01:45:00+00:00,2024,1,-1.9494682108086447,-0.9747341054043224,7283.571271547159
2024-07-11 03:15:00+00:00,2024,-1,-1.688336857705095,-0.8441684288525475,7222.0856623797845
2024-07-11 07:15:00+00:00,2024,1,-1.113695728824291,-0.5568478644121455,7181.869632602807
2024-07-11 14:20:00+00:00,2024,-1,-0.3639768577978186,-0.1819884288989093,7168.799460892866
2024-07-12 13:15:00+00:00,2024,1,-1.080809312465667,-0.5404046562328335,7130.058934810207
2024-07-12 20:20:00+00:00,2024,-1,-1.6477679787416522,-0.8238839893708261,7071.315520813601
2024-07-13 05:50:00+00:00,2024,1,2.92,1.46,7174.556727417479
2024-07-16 06:40:00+00:00,2024,-1,-1.2129063313739064,-0.6064531656869532,7131.04640102005
2024-07-16 12:25:00+00:00,2024,1,2.92,1.46,7235.159678474943
2024-07-17 11:35:00+00:00,2024,-1,-0.6120555750608191,-0.30602778753040955,7213.018079386614
2024-07-18 06:45:00+00:00,2024,1,-1.1360178710716684,-0.5680089355358342,7172.047492173882
2024-07-18 14:15:00+00:00,2024,-1,-0.10907677356656091,-0.054538386783280456,7168.1359731723205
2024-07-19 03:40:00+00:00,2024,1,-1.1828863133285217,-0.5914431566642608,7125.740523498604
2024-07-19 07:50:00+00:00,2024,-1,-1.2245780291944541,-0.6122890145972271,7082.110397064519
2024-07-19 12:45:00+00:00,2024,1,2.92,1.46,7185.50920886166
2024-07-21 06:15:00+00:00,2024,-1,-0.8555771867904659,-0.42778859339523295,7154.7704200887865
2024-07-21 14:35:00+00:00,2024,1,-0.9531150173998503,-0.47655750869992514,7120.673824421612
2024-07-21 17:50:00+00:00,2024,-1,-1.2445055352269785,-0.6222527676134892,7076.36523447642
2024-07-21 19:30:00+00:00,2024,1,-0.39706438127214744,-0.19853219063607372,7062.316371559004
2024-07-22 06:35:00+00:00,2024,-1,-0.8794965581777258,-0.4397482790888629,7031.259956851263
2024-07-22 19:30:00+00:00,2024,1,-1.1002982228539215,-0.5501491114269608,6992.577542676527
2024-07-23 04:35:00+00:00,2024,-1,0.8904250008201077,0.44521250041005384,7023.709371997389
2024-07-24 08:55:00+00:00,2024,1,-0.8879792087646087,-0.44398960438230434,6992.524832543695
2024-07-24 18:40:00+00:00,2024,-1,2.92,1.46,7094.6156950988325
2024-07-25 16:30:00+00:00,2024,1,2.92,1.46,7198.197084247275
2024-07-27 19:40:00+00:00,2024,-1,-1.6099909142984181,-0.8049954571492091,7140.251924722437
2024-07-27 21:30:00+00:00,2024,1,-2.08,-1.04,7065.993304705325
2024-07-28 00:00:00+00:00,2024,-1,-0.9271200730883588,-0.4635600365441794,7033.2381835598235
2024-07-28 18:15:00+00:00,2024,1,0.9031617400905435,0.45158087004527175,7064.998941741499
2024-07-29 14:05:00+00:00,2024,-1,2.92,1.46,7168.147926290924
2024-07-31 13:30:00+00:00,2024,1,-1.1481357036974704,-0.5740678518487352,7126.997893473126
2024-07-31 19:20:00+00:00,2024,-1,2.92,1.46,7231.052062717833
2024-08-01 20:45:00+00:00,2024,1,-1.3746863494925243,-0.6873431747462622,7181.349919902394
2024-08-02 02:30:00+00:00,2024,-1,-1.8341739894551878,-0.9170869947275939,7115.490693741089
2024-08-02 11:15:00+00:00,2024,1,-1.597443662590845,-0.7987218312954225,7058.6577161663845
2024-08-02 14:40:00+00:00,2024,-1,2.92,1.46,7161.714118822413
2024-08-05 16:25:00+00:00,2024,1,-2.08,-1.04,7087.23229198666
2024-08-07 14:25:00+00:00,2024,-1,-2.08,-1.04,7013.525076149999
2024-08-08 01:40:00+00:00,2024,1,2.92,1.46,7115.922542261789
2024-08-09 13:40:00+00:00,2024,-1,-1.9819212826577148,-0.9909606413288574,7045.406550600527
2024-08-09 14:00:00+00:00,2024,1,-2.08,-1.04,6972.134322474282
2024-08-09 14:30:00+00:00,2024,-1,-2.08,-1.04,6899.62412552055
2024-08-10 00:20:00+00:00,2024,1,-0.8487942473715292,-0.4243971236857646,6870.342319186711
2024-08-11 11:00:00+00:00,2024,-1,2.92,1.46,6970.649317046837
2024-08-12 11:15:00+00:00,2024,1,-1.803217997680604,-0.901608998840302,6907.801315526743
2024-08-12 13:45:00+00:00,2024,-1,-2.08,-1.04,6835.960181845265
2024-08-12 14:30:00+00:00,2024,1,-2.08,-1.04,6764.866195954074
2024-08-12 18:50:00+00:00,2024,-1,-2.08,-1.04,6694.511587516152
2024-08-13 14:50:00+00:00,2024,1,2.92,1.46,6792.251456693887
2024-08-14 13:40:00+00:00,2024,-1,2.92,1.46,6891.418327961617
2024-08-15 12:35:00+00:00,2024,1,-2.08,-1.04,6819.747577350817
2024-08-15 18:00:00+00:00,2024,-1,2.92,1.46,6919.315891980138
2024-08-16 06:45:00+00:00,2024,1,-1.3919279532898932,-0.6959639766449466,6871.1599459416875
2024-08-16 12:30:00+00:00,2024,-1,-1.5480172679404136,-0.7740086339702068,6817.9765747061965
2024-08-16 13:15:00+00:00,2024,1,1.267835803199926,0.633917901599963,6861.196948740151
2024-08-18 17:25:00+00:00,2024,-1,0.23610839925938493,0.11805419962969246,6869.296879883003
2024-08-19 17:30:00+00:00,2024,1,2.92,1.46,6969.588614329295
2024-08-20 14:30:00+00:00,2024,-1,0.18734400485655117,0.09367200242827559,6976.11716754535
2024-08-21 08:00:00+00:00,2024,1,-1.2646173655808868,-0.6323086827904434,6932.006572973326
2024-08-21 09:30:00+00:00,2024,-1,-1.4549862501375,-0.72749312506875,6881.576701725631
2024-08-21 13:55:00+00:00,2024,1,2.92,1.46,6982.047721570825
2024-08-22 02:50:00+00:00,2024,-1,-2.08,-1.04,6909.434425266489
2024-08-22 07:55:00+00:00,2024,1,-1.2475909821809439,-0.6237954910904719,6866.333684861824
2024-08-22 15:35:00+00:00,2024,-1,-1.1323886682692885,-0.5661943341346443,6827.456892575357
2024-08-23 00:35:00+00:00,2024,1,2.92,1.46,6927.137763206957
2024-08-24 21:55:00+00:00,2024,-1,-1.2222649022870602,-0.6111324511435301,6884.803776400581
2024-08-25 00:15:00+00:00,2024,1,-0.8832902869671287,-0.4416451434835644,6854.397374883735
2024-08-25 07:15:00+00:00,2024,-1,-0.7371161192527874,-0.3685580596263937,6829.134940919782
2024-08-25 14:35:00+00:00,2024,1,-0.6772301602009566,-0.3386150801004783,6806.010460169417
2024-08-26 06:10:00+00:00,2024,-1,2.92,1.46,6905.378212887889
2024-08-29 06:30:00+00:00,2024,1,-0.6723505508776294,-0.3361752754388147,6882.164038660621
2024-08-29 18:35:00+00:00,2024,-1,2.92,1.46,6982.643633625066
2024-09-01 19:00:00+00:00,2024,1,-1.3719208877605449,-0.6859604438802724,6934.745460361274
2024-09-01 22:15:00+00:00,2024,-1,-0.5942325748618947,-0.29711628743094737,6914.141202106663
2024-09-02 08:30:00+00:00,2024,1,0.6837053380268988,0.3418526690134494,6937.777378345423
2024-09-03 13:35:00+00:00,2024,-1,2.92,1.46,7039.068928069266
2024-09-04 14:50:00+00:00,2024,1,-0.39044045591692716,-0.19522022795846358,7025.327241661736
2024-09-05 03:05:00+00:00,2024,-1,2.92,1.46,7127.897019389997
2024-09-06 12:35:00+00:00,2024,1,-1.8448438588477756,-0.9224219294238878,7062.147734176392
2024-09-06 14:00:00+00:00,2024,-1,2.92,1.46,7165.255091095367
2024-09-07 12:45:00+00:00,2024,1,-0.9415523336687247,-0.47077616683436235,7131.522777833604
2024-09-07 17:50:00+00:00,2024,-1,-0.8558687622702709,-0.42793438113513543,7101.004539968771
2024-09-08 04:50:00+00:00,2024,1,-0.7233221618706519,-0.36166108093532595,7075.322970192253
2024-09-08 12:50:00+00:00,2024,-1,-0.8495261727519886,-0.4247630863759943,7045.269609972995
2024-09-08 21:05:00+00:00,2024,1,2.92,1.46,7148.1305462786
2024-09-11 01:30:00+00:00,2024,-1,-1.0840797345001851,-0.5420398672500926,7109.384828954689
2024-09-11 16:50:00+00:00,2024,1,-0.016168431626981603,-0.008084215813490801,7108.810090942105
2024-09-12 13:45:00+00:00,2024,-1,-1.543877995642715,-0.7719389978213576,7053.934413569063
2024-09-12 14:25:00+00:00,2024,1,-0.8930220957177636,-0.4465110478588818,7022.437817103757
2024-09-13 12:15:00+00:00,2024,-1,-1.0299217202155742,-0.5149608601077871,6986.275010920265
2024-09-13 14:20:00+00:00,2024,1,2.92,1.46,7088.2746260797
2024-09-14 11:45:00+00:00,2024,-1,-0.867838921759798,-0.433919460879899,7057.517223036529
2024-09-15 00:40:00+00:00,2024,1,-0.33256855729577367,-0.16628427864788684,7045.781681431752
2024-09-15 10:25:00+00:00,2024,-1,-0.5288309364526266,-0.2644154682263133,7027.151544808591
2024-09-15 13:00:00+00:00,2024,1,-0.6177192792966445,-0.30885963964832225,7005.447509869754
2024-09-15 14:15:00+00:00,2024,-1,-0.7250427271891934,-0.3625213635945967,6980.051266031071
2024-09-15 14:55:00+00:00,2024,1,-0.7008231384435603,-0.35041156922178013,6955.592358857287
2024-09-15 17:05:00+00:00,2024,-1,2.92,1.46,7057.1440072966025
2024-09-17 05:30:00+00:00,2024,1,2.92,1.46,7160.178309803133
2024-09-18 09:50:00+00:00,2024,-1,-2.08,-1.04,7085.712455381181
2024-09-18 18:15:00+00:00,2024,1,2.92,1.46,7189.163857229746
2024-09-20 13:10:00+00:00,2024,-1,-0.6216322116913674,-0.3108161058456837,7166.81877808584
2024-09-21 14:35:00+00:00,2024,1,-0.5253962539897382,-0.2626981269948691,7147.991679390692
2024-09-22 02:05:00+00:00,2024,-1,-0.28319972038194136,-0.14159986019097068,7137.870133166213
2024-09-22 17:45:00+00:00,2024,1,-1.0179920058220193,-0.5089960029110097,7101.538659495418
2024-09-22 22:00:00+00:00,2024,-1,-1.4273262344488424,-0.7136631172244212,7050.857597327166
2024-09-22 22:35:00+00:00,2024,1,-0.4187496426941361,-0.20937482134706806,7036.0948768293265
2024-09-23 13:50:00+00:00,2024,-1,-0.7634467393267873,-0.38172336966339365,7009.23645837278
2024-09-24 07:50:00+00:00,2024,1,-1.18280635652108,-0.59140317826054,6967.783611186167
2024-09-24 14:25:00+00:00,2024,-1,-1.4362030135015669,-0.7181015067507834,6917.7478520871055
2024-09-24 17:30:00+00:00,2024,1,-0.16981086334618473,-0.08490543167309236,6911.874308411235
2024-09-25 07:15:00+00:00,2024,-1,-0.1874927473826204,-0.0937463736913102,6905.394676892998
2024-09-26 06:10:00+00:00,2024,1,2.92,1.46,7006.213439175635
2024-09-28 08:10:00+00:00,2024,-1,-0.5168769244840198,-0.2584384622420099,6988.106688902037
2024-09-28 23:50:00+00:00,2024,1,-0.6201541389557618,-0.3100770694778809,6966.438172469102
2024-09-29 05:40:00+00:00,2024,-1,-0.4759855156280723,-0.23799275781403614,6949.858554141033
2024-09-29 13:40:00+00:00,2024,1,-0.4633281148829193,-0.23166405744145965,6933.758229828068
2024-09-29 23:05:00+00:00,2024,-1,2.92,1.46,7034.991099983557
2024-10-01 07:35:00+00:00,2024,1,-0.9787231545666496,-0.4893615772833248,7000.564556574936
2024-10-01 13:10:00+00:00,2024,-1,2.92,1.46,7102.772799100931
2024-10-02 16:00:00+00:00,2024,1,-2.08,-1.04,7028.9039619902815
2024-10-02 18:15:00+00:00,2024,-1,-0.532165400888238,-0.266082700444119,7010.201264516594
2024-10-04 01:45:00+00:00,2024,1,1.1080294505731692,0.5540147252865846,7049.038811794242
2024-10-05 17:05:00+00:00,2024,-1,-0.46845179982129886,-0.23422589991064943,7032.528137202266
2024-10-06 09:45:00+00:00,2024,1,1.1157744687906002,0.5578872343953001,7071.761713934975
2024-10-07 10:55:00+00:00,2024,-1,-1.0788865913790335,-0.5394432956895168,7033.613569482015
2024-10-07 13:45:00+00:00,2024,1,-1.1600340168194312,-0.5800170084097156,6992.817414473206
2024-10-07 18:45:00+00:00,2024,-1,-0.391245267639082,-0.195622633819541,6979.137880868822
2024-10-08 13:55:00+00:00,2024,1,-1.4046000092052235,-0.7023000046026118,6930.123395210258
2024-10-08 15:25:00+00:00,2024,-1,2.92,1.46,7031.303196780328
2024-10-11 03:05:00+00:00,2024,1,2.92,1.46,7133.96022345332
2024-10-13 02:10:00+00:00,2024,-1,-0.4225837320574221,-0.21129186602871106,7118.88674577544
2024-10-13 21:30:00+00:00,2024,1,2.92,1.46,7222.822492263762
2024-10-15 15:05:00+00:00,2024,-1,-2.08,-1.04,7147.705138344219
2024-10-15 16:05:00+00:00,2024,1,2.92,1.46,7252.061633364045
2024-10-17 04:55:00+00:00,2024,-1,-0.5552031698059378,-0.2776015849029689,7231.929795331686
2024-10-18 01:15:00+00:00,2024,1,0.7249868327365317,0.3624934163682659,7258.145064716139
2024-10-19 11:35:00+00:00,2024,-1,-0.46576926974038807,-0.23288463487019403,7241.241960083827
2024-10-19 22:40:00+00:00,2024,1,0.21212819117503395,0.10606409558751698,7248.922317878093
2024-10-21 07:45:00+00:00,2024,-1,1.1659141687366392,0.5829570843683196,7291.1804240705205
2024-10-22 22:05:00+00:00,2024,1,-1.0118242575609981,-0.5059121287804991,7254.2934579738785
2024-10-23 02:25:00+00:00,2024,-1,-0.1564815505031713,-0.07824077525158565,7248.617642533335
2024-10-24 00:45:00+00:00,2024,1,0.4233794503793487,0.21168972518967435,7263.962221300864
2024-10-25 07:10:00+00:00,2024,-1,-0.9253372307090312,-0.4626686153545156,7230.354147871697
2024-10-25 11:40:00+00:00,2024,1,-0.9717534486179712,-0.4858767243089856,7195.223539982079
2024-10-25 15:50:00+00:00,2024,-1,0.0522896490764891,0.02614482453824455,7197.104718551742
2024-10-26 20:20:00+00:00,2024,1,2.92,1.46,7302.182447442597
2024-10-30 12:00:00+00:00,2024,-1,-1.3353705132025029,-0.6676852566012514,7253.426851830898
2024-10-30 20:45:00+00:00,2024,1,-1.1380359168475884,-0.5690179584237942,7212.153550442847
2024-10-31 13:20:00+00:00,2024,-1,2.92,1.46,7317.450992279312
2024-11-01 12:35:00+00:00,2024,1,-1.6199377438755191,-0.8099688719377596,7258.181917022549
2024-11-01 15:45:00+00:00,2024,-1,0.7128956549318134,0.3564478274659067,7284.0535487792995
2024-11-03 20:35:00+00:00,2024,1,-0.8369460590560295,-0.41847302952801474,7253.57174922128
2024-11-04 14:30:00+00:00,2024,-1,-0.45323321878142137,-0.22661660939071068,7237.133950863473
2024-11-05 05:35:00+00:00,2024,1,2.92,1.46,7342.7961065460795
2024-11-09 16:20:00+00:00,2024,-1,-0.7153472145600447,-0.35767360728002234,7316.53286283658
2024-11-09 23:00:00+00:00,2024,1,2.92,1.46,7423.354242633994
2024-11-12 10:40:00+00:00,2024,-1,-2.08,-1.04,7346.1513585106
2024-11-12 18:25:00+00:00,2024,1,-2.08,-1.04,7269.751384382091
2024-11-13 04:35:00+00:00,2024,-1,-2.08,-1.04,7194.145969984517
2024-11-13 13:30:00+00:00,2024,1,2.92,1.46,7299.180501146291
2024-11-13 21:15:00+00:00,2024,-1,-2.08,-1.04,7223.26902393437
2024-11-14 07:50:00+00:00,2024,1,-2.08,-1.04,7148.147026085453
2024-11-14 14:45:00+00:00,2024,-1,-0.40186042746840117,-0.20093021373420059,7133.784238987905
2024-11-15 09:25:00+00:00,2024,1,-1.5667001576684303,-0.7833500788342151,7077.901734527931
2024-11-15 15:20:00+00:00,2024,-1,-2.08,-1.04,7004.291556488841
2024-11-15 19:35:00+00:00,2024,1,0.14381011502001778,0.07190505751000889,7009.327996360702
2024-11-16 15:25:00+00:00,2024,-1,-1.0589597211883772,-0.5294798605941886,6972.215016256982
2024-11-17 09:00:00+00:00,2024,1,-1.3587877858515096,-0.6793938929257548,6924.84621323488
2024-11-17 14:25:00+00:00,2024,-1,-0.895378692309654,-0.447689346154827,6893.844414500622
2024-11-18 01:30:00+00:00,2024,1,-0.6019843107562072,-0.3009921553781036,6873.094483609004
2024-11-18 11:40:00+00:00,2024,-1,-1.6943289394350058,-0.8471644697175029,6814.868069173755
2024-11-18 15:35:00+00:00,2024,1,-2.08,-1.04,6743.993441254349
2024-11-18 19:10:00+00:00,2024,-1,-2.08,-1.04,6673.855909465304
2024-11-18 21:10:00+00:00,2024,1,2.92,1.46,6771.294205743497
2024-11-22 13:25:00+00:00,2024,-1,-1.660172425269244,-0.830086212634622,6715.086626124693
2024-11-22 17:10:00+00:00,2024,1,-1.0044231176346097,-0.5022115588173048,6681.3626849037
2024-11-23 16:10:00+00:00,2024,-1,-0.35971102971102725,-0.17985551485551363,6669.345885647403
2024-11-24 02:10:00+00:00,2024,1,-0.8050781036762132,-0.4025390518381066,6642.499163955514
2024-11-24 10:30:00+00:00,2024,-1,0.09794303574294456,0.04897151787147228,6645.752096620702
2024-11-24 22:15:00+00:00,2024,1,-0.36085458428811495,-0.18042729214405748,6633.761346070162
2024-11-25 13:15:00+00:00,2024,-1,2.92,1.46,6730.614261722786
2024-11-26 16:40:00+00:00,2024,1,-2.08,-1.04,6660.6158734008695
2024-11-26 18:15:00+00:00,2024,-1,-1.0278309688842668,-0.5139154844421334,6626.385937068252
2024-11-27 07:20:00+00:00,2024,1,2.92,1.46,6723.131171749448
2024-11-28 10:00:00+00:00,2024,-1,-1.4847884375105513,-0.7423942187552757,6673.2190346110465
2024-11-28 14:05:00+00:00,2024,1,0.41774801025674885,0.20887400512837442,6687.157654479627
2024-11-30 01:45:00+00:00,2024,-1,-0.6234338016238715,-0.31171690081193576,6666.312653886675
2024-11-30 19:35:00+00:00,2024,1,-0.6599420984820114,-0.3299710492410057,6644.315752076959
2024-11-30 22:45:00+00:00,2024,-1,-0.4221634926159767,-0.21108174630798834,6630.290814357259
2024-12-01 08:15:00+00:00,2024,1,-0.23537392464209933,-0.11768696232104967,6622.48782650479
2024-12-02 03:50:00+00:00,2024,-1,-0.13076897942977167,-0.06538448971488584,6618.157746633
2024-12-02 14:40:00+00:00,2024,1,-1.4355983410791673,-0.7177991705395836,6570.652665222668
2024-12-02 17:25:00+00:00,2024,-1,-0.6435411210057617,-0.32177056050288083,6549.510239313084
2024-12-03 15:15:00+00:00,2024,1,-0.35899349813881315,-0.17949674906940657,6537.754081353549
2024-12-04 13:25:00+00:00,2024,-1,-1.1214740477705298,-0.5607370238852649,6501.09447368883
2024-12-04 19:15:00+00:00,2024,1,2.92,1.46,6596.0104530046865
2024-12-05 16:35:00+00:00,2024,-1,2.92,1.46,6692.312205618555
2024-12-06 14:25:00+00:00,2024,1,-0.2765744485442178,-0.1382872242721089,6683.057592829781
2024-12-07 05:40:00+00:00,2024,-1,-1.2093004633441407,-0.6046502316720703,6642.648469611959
2024-12-07 18:45:00+00:00,2024,1,-0.8531619319769289,-0.42658096598846446,6614.31219560307
2024-12-08 05:50:00+00:00,2024,-1,-0.804183734724737,-0.4020918673623685,6587.716584182593
2024-12-08 13:10:00+00:00,2024,1,-0.7995760012219221,-0.39978800061096104,6561.379683764772
2024-12-09 00:35:00+00:00,2024,-1,-0.8188689513148971,-0.40943447565744856,6534.515133260656
2024-12-09 14:45:00+00:00,2024,1,-2.08,-1.04,6466.556175874745
2024-12-09 15:25:00+00:00,2024,-1,2.92,1.46,6560.967896042516
2024-12-11 06:10:00+00:00,2024,1,2.92,1.46,6656.758027324737
2024-12-12 19:20:00+00:00,2024,-1,-0.5946736859114042,-0.2973368429557021,6636.965033163089
2024-12-13 14:35:00+00:00,2024,1,0.26562589246995844,0.13281294623497922,6645.779781964218
2024-12-14 13:15:00+00:00,2024,-1,-0.6429833270702766,-0.3214916635351383,6624.4141539883
2024-12-15 01:35:00+00:00,2024,1,2.92,1.46,6721.130600636529
2024-12-16 11:55:00+00:00,2024,-1,-1.48506258327886,-0.74253129163943,6671.2241027748505
2024-12-16 14:35:00+00:00,2024,1,2.92,1.46,6768.623974675363
2024-12-17 15:20:00+00:00,2024,-1,-1.5011164796685605,-0.7505582398342803,6717.821509710038
2024-12-17 17:25:00+00:00,2024,1,-1.4644618456824943,-0.7322309228412471,6668.6315432746605
2024-12-17 22:15:00+00:00,2024,-1,2.92,1.46,6765.99356380647
2024-12-19 10:45:00+00:00,2024,1,-1.6111425601662988,-0.8055712800831494,6711.488662844171
2024-12-19 14:45:00+00:00,2024,-1,2.92,1.46,6809.476397321695
2024-12-20 16:20:00+00:00,2024,1,-2.08,-1.04,6738.657842789549
2024-12-21 12:55:00+00:00,2024,-1,2.92,1.46,6837.042247294276
2024-12-23 04:05:00+00:00,2024,1,-1.6868332742980474,-0.8434166371490237,6779.377495491689
2024-12-23 06:35:00+00:00,2024,-1,-1.65891625282931,-0.829458126414655,6723.145397935007
2024-12-23 10:15:00+00:00,2024,1,-1.463825198401978,-0.731912599200989,6673.937849704919
2024-12-23 13:50:00+00:00,2024,-1,-0.41397514735902247,-0.20698757367951123,6660.123627680937
2024-12-23 23:00:00+00:00,2024,1,2.92,1.46,6757.361432645078
2024-12-26 05:10:00+00:00,2024,-1,2.92,1.46,6856.018909561696
2024-12-27 09:05:00+00:00,2024,1,-1.715006162549202,-0.857503081274601,6797.2283361594355
2024-12-27 14:35:00+00:00,2024,-1,0.37116244988537833,0.18558122494268917,6809.8427157678325
2024-12-28 14:15:00+00:00,2024,1,-0.5259516298633059,-0.26297581493165295,6791.934476390478
2024-12-29 14:15:00+00:00,2024,-1,2.92,1.46,6891.0967197457785
2024-12-30 17:40:00+00:00,2024,1,-1.4658846071960752,-0.7329423035980376,6840.588956704905
2024-12-30 21:40:00+00:00,2024,-1,-1.183757525251492,-0.591878762625746,6800.100963431647
2024-12-31 08:20:00+00:00,2024,1,-0.42016438075349377,-0.21008219037674689,6785.815162379839
2024-12-31 17:35:00+00:00,2024,-1,-1.1559358059608815,-0.5779679029804408,6746.595328785705
2025-01-01 14:00:00+00:00,2025,1,2.92,1.46,6845.095620585976
2025-01-03 07:35:00+00:00,2025,-1,-0.8399765745709419,-0.41998828728547094,6816.347020726024
2025-01-03 14:25:00+00:00,2025,1,0.47916527115806856,0.23958263557903428,6832.677804568493
2025-01-04 09:45:00+00:00,2025,-1,-0.729825118031222,-0.364912559015611,6807.744505142551
2025-01-04 19:30:00+00:00,2025,1,-0.3936002736875088,-0.1968001368437544,6794.346854640457
2025-01-05 08:00:00+00:00,2025,-1,-0.730520600329707,-0.3652603001648535,6769.529802924957
2025-01-05 20:15:00+00:00,2025,1,2.92,1.46,6868.364938047661
2025-01-07 11:30:00+00:00,2025,-1,2.92,1.46,6968.643066143156
2025-01-09 15:50:00+00:00,2025,1,-1.9569265922087942,-0.9784632961043971,6900.457451504421
2025-01-09 17:45:00+00:00,2025,-1,-1.17985241149273,-0.589926205746365,6859.74984468162
2025-01-10 04:50:00+00:00,2025,1,-0.4288021190448554,-0.2144010595224277,6845.042468334034
2025-01-10 13:30:00+00:00,2025,-1,-1.755316476014177,-0.8776582380070885,6784.966389215617
2025-01-10 17:50:00+00:00,2025,1,-0.990261996324857,-0.4951309981624285,6751.371917407708
2025-01-12 08:35:00+00:00,2025,-1,-0.5644309768172072,-0.2822154884086036,6732.318500176714
2025-01-12 13:20:00+00:00,2025,1,-0.43123953838901435,-0.21561976919450718,6717.802290565194
2025-01-12 21:45:00+00:00,2025,-1,-1.0910792305530137,-0.5455396152765069,6681.154017794209
2025-01-13 00:25:00+00:00,2025,1,-1.3258429024023166,-0.6629214512011583,6636.863214622463
2025-01-13 01:45:00+00:00,2025,-1,2.92,1.46,6733.76141755595
2025-01-13 20:50:00+00:00,2025,1,2.92,1.46,6832.074334252266
2025-01-16 08:45:00+00:00,2025,-1,-1.4323368859483132,-0.7161684429741566,6783.145173869815
2025-01-16 17:30:00+00:00,2025,1,2.92,1.46,6882.179093408314
2025-01-18 03:40:00+00:00,2025,-1,-1.1076353734329336,-0.5538176867164668,6844.064368357515
2025-01-18 13:55:00+00:00,2025,1,-0.58437373115787,-0.292186865578935,6824.066911201407
2025-01-19 09:15:00+00:00,2025,-1,-1.5819094191589311,-0.7909547095794656,6770.0916325824055
2025-01-19 09:50:00+00:00,2025,1,-1.2884259521147445,-0.6442129760573723,6726.477823794336
2025-01-19 21:45:00+00:00,2025,-1,2.92,1.46,6824.6844000217325
2025-01-20 06:40:00+00:00,2025,1,2.92,1.46,6924.324792262049
2025-01-20 17:15:00+00:00,2025,-1,2.92,1.46,7025.419934229075
2025-01-21 12:15:00+00:00,2025,1,-0.2969346588222432,-0.1484673294111216,7014.989480872809
2025-01-22 13:35:00+00:00,2025,-1,2.92,1.46,7117.408327293551
2025-01-23 14:30:00+00:00,2025,1,0.33811927068464703,0.16905963534232352,7129.440991857498
2025-01-24 23:00:00+00:00,2025,-1,-0.7091619883930899,-0.35458099419654493,7104.161349107914
2025-01-25 18:30:00+00:00,2025,1,-0.6638507898822009,-0.33192539494110046,7080.580833492635
2025-01-26 09:30:00+00:00,2025,-1,-0.7292798218068474,-0.3646399109034237,7054.762209849943
2025-01-26 18:15:00+00:00,2025,1,-0.6973332420737143,-0.34866662103685714,7030.164608830674
2025-01-26 21:45:00+00:00,2025,-1,2.92,1.46,7132.805012119602
2025-01-27 14:45:00+00:00,2025,1,-2.08,-1.04,7058.623839993558
2025-01-27 16:35:00+00:00,2025,-1,-2.08,-1.04,6985.214152057625
2025-01-27 21:00:00+00:00,2025,1,-0.1913811458876568,-0.0956905729438284,6978.529960614168
2025-01-28 20:45:00+00:00,2025,-1,-1.0996040575335853,-0.5498020287667926,6940.161861312613
2025-01-29 06:20:00+00:00,2025,1,-0.8991710001179797,-0.44958550005898984,6908.959899903527
2025-01-29 13:50:00+00:00,2025,-1,-1.1429721535115878,-0.5714860767557939,6869.476156026938
2025-01-29 18:45:00+00:00,2025,1,-1.3271302385306805,-0.6635651192653402,6823.892708379293
2025-01-29 19:15:00+00:00,2025,-1,-2.08,-1.04,6752.924224212149
2025-01-29 19:40:00+00:00,2025,1,0.9415813286068798,0.4707906643034399,6784.7163610272255
2025-01-31 00:15:00+00:00,2025,-1,-0.6956520340829141,-0.34782601704145705,6761.117352341104
2025-01-31 15:25:00+00:00,2025,1,-1.1746766389707486,-0.5873383194853743,6721.40671930543
2025-01-31 18:25:00+00:00,2025,-1,2.92,1.46,6819.5392574072885
2025-02-03 15:05:00+00:00,2025,1,2.92,1.46,6919.104530565434
2025-02-04 05:15:00+00:00,2025,-1,-1.6984428481350156,-0.8492214240675078,6860.346012538247
2025-02-04 14:35:00+00:00,2025,1,-2.08,-1.04,6788.9984140078495
2025-02-04 20:20:00+00:00,2025,-1,-0.9104364816592802,-0.4552182408296401,6758.093654857651
2025-02-05 14:35:00+00:00,2025,1,-2.08,-1.04,6687.809480847131
2025-02-05 18:10:00+00:00,2025,-1,-1.3273110728548287,-0.6636555364274144,6643.425462961773
2025-02-06 06:15:00+00:00,2025,1,-0.892218673787568,-0.446109336893784,6613.788521681921
2025-02-06 15:30:00+00:00,2025,-1,-0.5573569111861109,-0.27867845559305543,6595.357317973508
2025-02-07 01:50:00+00:00,2025,1,-1.2871682973758491,-0.6435841486879246,6552.910643725701
2025-02-07 20:00:00+00:00,2025,-1,-0.23705206234428727,-0.11852603117214364,6545.143738813436
2025-02-08 19:30:00+00:00,2025,1,-0.39867985242051146,-0.19933992621025573,6532.096654114131
2025-02-09 12:45:00+00:00,2025,-1,-0.4712962271199083,-0.23564811355995416,6516.703891572798
2025-02-10 00:00:00+00:00,2025,1,-1.3656967144914134,-0.6828483572457067,6472.2046861026265
2025-02-10 01:40:00+00:00,2025,-1,-1.4011846056549793,-0.7005923028274896,6426.860918248552
2025-02-10 03:30:00+00:00,2025,1,0.5539971271197787,0.27699856355988933,6444.663230674092
2025-02-11 13:30:00+00:00,2025,-1,2.92,1.46,6538.7553138419335
2025-02-12 16:55:00+00:00,2025,1,-0.6000924654672811,-0.30004623273364056,6519.13602485508
2025-02-13 06:05:00+00:00,2025,-1,-0.3411984019095681,-0.17059920095478406,6508.014430887522
2025-02-13 21:35:00+00:00,2025,1,0.5271857030571337,0.2635928515285669,6525.1690917037895
2025-02-16 07:50:00+00:00,2025,-1,0.3229642543979084,0.1614821271989542,6535.706073556401
2025-02-17 14:10:00+00:00,2025,1,-1.149492223422941,-0.5747461117114705,6498.142357025746
2025-02-17 15:45:00+00:00,2025,-1,-0.40060210180604455,-0.20030105090302228,6485.126509595449
2025-02-18 12:35:00+00:00,2025,1,-0.9644799507478296,-0.4822399753739148,6453.852637112609
2025-02-18 15:15:00+00:00,2025,-1,-0.49413233138560825,-0.24706616569280412,6437.907350862632
2025-02-19 00:05:00+00:00,2025,1,2.92,1.46,6531.9007981852255
2025-02-21 15:30:00+00:00,2025,-1,2.92,1.46,6627.26654983873
2025-02-22 13:00:00+00:00,2025,1,-0.6086966939673343,-0.30434834698366714,6607.096573644094
2025-02-23 05:10:00+00:00,2025,-1,0.12921783678101711,0.06460891839050856,6611.365347277341
2025-02-23 23:10:00+00:00,2025,1,-0.6368642466517559,-0.31843212332587795,6590.312636221175
2025-02-24 03:20:00+00:00,2025,-1,2.92,1.46,6686.531200710004
2025-02-27 06:35:00+00:00,2025,1,-1.5838750722961348,-0.7919375361480674,6633.578050265329
2025-02-27 14:50:00+00:00,2025,-1,2.92,1.46,6730.4282897992025
2025-02-28 15:05:00+00:00,2025,1,2.92,1.46,6828.69254283027
2025-03-02 14:15:00+00:00,2025,-1,-2.08,-1.04,6757.6741403848355
2025-03-02 15:25:00+00:00,2025,1,2.92,1.46,6856.336182834454
2025-03-03 14:40:00+00:00,2025,-1,2.92,1.46,6956.438691103836
2025-03-04 18:05:00+00:00,2025,1,2.92,1.46,7058.002695993952
2025-03-06 12:45:00+00:00,2025,-1,2.92,1.46,7161.049535355463
2025-03-07 13:30:00+00:00,2025,1,-2.08,-1.04,7086.574620187766
2025-03-07 16:25:00+00:00,2025,-1,2.92,1.46,7190.038609642507
2025-03-10 09:20:00+00:00,2025,1,-2.08,-1.04,7115.2622081022255
2025-03-10 13:50:00+00:00,2025,-1,2.92,1.46,7219.145036340517
2025-03-11 08:10:00+00:00,2025,1,-1.7944257886878456,-0.8972128943439228,7154.373936213081
2025-03-11 14:35:00+00:00,2025,-1,-2.08,-1.04,7079.968447276465
2025-03-11 18:00:00+00:00,2025,1,-0.7976732534805663,-0.39883662674028314,7051.7309399470705
2025-03-12 06:50:00+00:00,2025,-1,-1.993318185564661,-0.9966590927823304,6981.449222335544
2025-03-12 09:00:00+00:00,2025,1,-1.6079430829734043,-0.8039715414867021,6925.320357404621
2025-03-12 14:45:00+00:00,2025,-1,-2.08,-1.04,6853.297025687613
2025-03-12 21:10:00+00:00,2025,1,-0.8835973867767332,-0.4417986933883666,6823.019248974102
2025-03-13 08:35:00+00:00,2025,-1,2.92,1.46,6922.635330009123
2025-03-14 02:55:00+00:00,2025,1,2.92,1.46,7023.705805827256
2025-03-16 01:30:00+00:00,2025,-1,-0.8363887323339457,-0.41819436616697286,6994.333063851144
2025-03-16 16:05:00+00:00,2025,1,-2.08,-1.04,6921.591999987093
2025-03-16 19:15:00+00:00,2025,-1,-1.1779346619697906,-0.5889673309848953,6880.8260843231055
2025-03-17 04:00:00+00:00,2025,1,-1.4213745001616962,-0.7106872500808481,6831.924930641584
2025-03-17 06:30:00+00:00,2025,-1,-2.08,-1.04,6760.8729113629115
2025-03-17 17:30:00+00:00,2025,1,-1.255201362097711,-0.6276006810488555,6718.44162692635
2025-03-18 01:20:00+00:00,2025,-1,0.3839604112764317,0.19198020563821586,6731.339704977408
2025-03-19 00:20:00+00:00,2025,1,2.92,1.46,6829.617264670077
2025-03-20 10:15:00+00:00,2025,-1,-1.212790728847466,-0.606395364423733,6788.202782169235
2025-03-20 14:05:00+00:00,2025,1,-1.3747331705615684,-0.6873665852807842,6741.542944503504
2025-03-20 15:35:00+00:00,2025,-1,0.4593632709985274,0.2296816354992637,6757.027030596325
2025-03-22 09:40:00+00:00,2025,1,-0.6341311131770365,-0.31706555658851826,6735.602825232929
2025-03-22 14:55:00+00:00,2025,-1,-0.38796493058282694,-0.19398246529141347,6722.536936820305
2025-03-23 02:50:00+00:00,2025,1,2.92,1.46,6820.6859760978805
2025-03-24 23:20:00+00:00,2025,-1,-0.48098063419702347,-0.24049031709851174,6804.282886765669
2025-03-25 11:40:00+00:00,2025,1,-0.4981358415384029,-0.24906792076920145,6787.335600856348
2025-03-26 03:35:00+00:00,2025,-1,-0.9850179108557321,-0.49250895542786605,6753.907365187187
2025-03-26 06:55:00+00:00,2025,1,-0.6545628462259011,-0.32728142311295055,6731.803081046672
2025-03-26 13:30:00+00:00,2025,-1,-0.3129620060146587,-0.15648100300732934,6721.269088064972
2025-03-27 02:15:00+00:00,2025,1,-0.825573159366264,-0.412786579683132,6693.524591285049
2025-03-27 11:25:00+00:00,2025,-1,-0.9338157046856342,-0.4669078523428171,6662.271999369842
2025-03-27 21:30:00+00:00,2025,1,-1.0996700362823164,-0.5498350181411582,6625.640494913494
2025-03-28 03:25:00+00:00,2025,-1,2.92,1.46,6722.374846139231
2025-03-30 02:35:00+00:00,2025,1,-0.6541780889411241,-0.32708904447056203,6700.386694489264
2025-03-30 13:30:00+00:00,2025,-1,-0.17415399193586362,-0.08707699596793181,6694.552199037468
2025-03-31 12:50:00+00:00,2025,1,-0.14737934207332598,-0.07368967103666299,6689.61900554462
2025-04-01 14:10:00+00:00,2025,-1,-1.900348022992091,-0.9501740114960455,6626.055984285836
2025-04-01 14:50:00+00:00,2025,1,-0.20341957671831995,-0.10170978835915997,6619.316636767659
2025-04-02 05:40:00+00:00,2025,-1,-1.4010331577183877,-0.7005165788591938,6572.947226319917
2025-04-02 09:10:00+00:00,2025,1,2.92,1.46,6668.912255824187
2025-04-02 21:05:00+00:00,2025,-1,2.92,1.46,6766.278374759219
2025-04-03 23:45:00+00:00,2025,1,-1.074261703326338,-0.537130851663169,6729.934606098975
2025-04-04 10:50:00+00:00,2025,-1,-2.08,-1.04,6659.943286195546
2025-04-04 17:35:00+00:00,2025,1,-1.2174899870931433,-0.6087449935465716,6619.401214867789
2025-04-05 12:40:00+00:00,2025,-1,-0.5244348272450327,-0.2622174136225163,6602.043992204866
2025-04-05 23:50:00+00:00,2025,1,-0.8507590300883304,-0.4253795150441652,6573.960249487823
2025-04-06 08:00:00+00:00,2025,-1,2.92,1.46,6669.940069130344
2025-04-07 14:10:00+00:00,2025,1,-2.08,-1.04,6600.572692411389
2025-04-08 14:55:00+00:00,2025,-1,2.92,1.46,6696.941053720595
2025-04-09 07:30:00+00:00,2025,1,-2.08,-1.04,6627.292866761901
2025-04-09 11:00:00+00:00,2025,-1,-2.08,-1.04,6558.369020947577
2025-04-09 14:00:00+00:00,2025,1,2.92,1.46,6654.1212086534115
2025-04-10 15:10:00+00:00,2025,-1,-0.21558481797055767,-0.10779240898527884,6646.948571105804
2025-04-11 03:55:00+00:00,2025,1,2.92,1.46,6743.994020243948
2025-04-13 08:00:00+00:00,2025,-1,-0.6043303518470243,-0.30216517592351216,6723.616018848407
2025-04-14 00:20:00+00:00,2025,1,-1.2191314609393467,-0.6095657304696733,6682.631159749138
2025-04-14 15:45:00+00:00,2025,-1,-1.9365270899209452,-0.9682635449604726,6617.925678385118
2025-04-15 03:30:00+00:00,2025,1,-0.7597140513301269,-0.37985702566506346,6592.787022742479
2025-04-15 15:45:00+00:00,2025,-1,0.3575221238938076,0.1787610619469038,6604.572358836231
2025-04-16 14:20:00+00:00,2025,1,-1.4330585736769241,-0.7165292868384621,6557.248663614731
2025-04-16 17:55:00+00:00,2025,-1,-1.740910046553532,-0.870455023276766,6500.170763233548
2025-04-17 06:30:00+00:00,2025,1,-0.9185724415031936,-0.4592862207515968,6470.316374592692
2025-04-17 14:30:00+00:00,2025,-1,-1.2067971550606327,-0.6033985775303163,6431.274577626689
2025-04-17 16:20:00+00:00,2025,1,-0.7083593715934898,-0.3541796857967449,6408.496309534926
2025-04-18 15:25:00+00:00,2025,-1,-0.5225854485209823,-0.26129272426049116,6391.751374943609
2025-04-19 02:25:00+00:00,2025,1,-0.13100601091669878,-0.06550300545834939,6387.564585691596
2025-04-19 16:45:00+00:00,2025,-1,-0.8571754474458658,-0.4285877237229329,6360.188268032449
2025-04-19 21:20:00+00:00,2025,1,-0.529182164936146,-0.264591082468073,6343.359777047055
2025-04-20 06:40:00+00:00,2025,-1,-0.02736680976928911,-0.013683404884644555,6342.491789445472
2025-04-20 20:05:00+00:00,2025,1,2.92,1.46,6435.092169571376
2025-04-23 15:15:00+00:00,2025,-1,-1.7577271741487799,-0.8788635870743899,6378.536487698338
2025-04-23 17:00:00+00:00,2025,1,-1.1103176377240542,-0.5551588188620271,6343.125479872549
2025-04-24 03:40:00+00:00,2025,-1,-0.6177091435338599,-0.30885457176692993,6323.5344468350495
2025-04-24 15:05:00+00:00,2025,1,0.9552614841784736,0.4776307420892368,6353.737591339736
2025-04-26 08:45:00+00:00,2025,-1,-0.43569558483441456,-0.21784779241720728,6339.896114261021
2025-04-26 22:15:00+00:00,2025,1,-0.6394003465068664,-0.3197001732534332,6319.62745539964
2025-04-27 01:55:00+00:00,2025,-1,-0.3514938860724825,-0.17574694303624125,6308.520903335497
2025-04-27 18:40:00+00:00,2025,1,-0.6749484508759317,-0.33747422543796585,6287.231271280373
2025-04-27 22:25:00+00:00,2025,-1,-0.5574636516530872,-0.2787318258265436,6269.706756763996
2025-04-28 05:50:00+00:00,2025,1,-0.3969380346869977,-0.19846901734349884,6257.263331373528
2025-04-28 13:55:00+00:00,2025,-1,-0.973996085838955,-0.4869980429194775,6226.790581409421
2025-04-28 19:30:00+00:00,2025,1,-0.48441137670834683,-0.24220568835417342,6211.708940419346
2025-04-29 21:20:00+00:00,2025,-1,-0.8091373058477157,-0.40456865292385785,6186.578313235541
2025-04-30 11:25:00+00:00,2025,1,-0.7534700962235384,-0.3767350481117692,6163.271304450701
2025-04-30 12:35:00+00:00,2025,-1,-0.5778833866237764,-0.2889416933118882,6145.463043980216
2025-05-01 02:25:00+00:00,2025,1,2.92,1.46,6235.1868044223265
2025-05-02 22:15:00+00:00,2025,-1,2.92,1.46,6326.220531766892
2025-05-05 18:35:00+00:00,2025,1,-1.0237895334563962,-0.5118947667281981,6293.836939933093
2025-05-05 20:30:00+00:00,2025,-1,-1.0523872287603409,-0.5261936143801704,6260.719171855665
2025-05-05 21:50:00+00:00,2025,1,-0.7621148515102293,-0.38105742575511464,6236.862236545635
2025-05-06 02:15:00+00:00,2025,-1,-0.5819247176673458,-0.2909623588336729,6218.715315064976
2025-05-06 15:30:00+00:00,2025,1,2.92,1.46,6309.508558664924
2025-05-07 18:05:00+00:00,2025,-1,-1.2952880928034238,-0.6476440464017119,6268.645402127524
2025-05-07 21:25:00+00:00,2025,1,2.92,1.46,6360.167624998586
2025-05-11 22:40:00+00:00,2025,-1,-1.0940046228101608,-0.5470023114050804,6325.3773610806065
2025-05-12 00:50:00+00:00,2025,1,-1.6797337920575561,-0.8398668960287781,6272.252610575992
2025-05-12 14:25:00+00:00,2025,-1,-0.3259504659065637,-0.16297523295328184,6262.030392272487
2025-05-13 09:15:00+00:00,2025,1,0.09613416052733033,0.048067080263665164,6265.0403674472755
2025-05-14 07:20:00+00:00,2025,-1,-0.8632269064666164,-0.4316134532333082,6237.999610370875
2025-05-14 12:40:00+00:00,2025,1,-0.9971290557661082,-0.4985645278830541,6206.899157064084
2025-05-14 14:15:00+00:00,2025,-1,0.049656313865167404,0.024828156932583702,6208.440215727447
2025-05-15 15:45:00+00:00,2025,1,-0.06447537940717833,-0.032237689703589166,6206.438758035269
2025-05-16 08:20:00+00:00,2025,-1,-1.0333547863222137,-0.5166773931611068,6174.3714920521115
2025-05-16 15:10:00+00:00,2025,1,-0.8771301393031815,-0.43856506965159076,6147.292855417446
2025-05-17 00:25:00+00:00,2025,-1,-0.2693805464040499,-0.13469027320202495,6139.013049875956
2025-05-18 05:35:00+00:00,2025,1,0.0002499932319289383,0.00012499661596446915,6139.020723434523
2025-05-18 20:00:00+00:00,2025,-1,-1.519960274292873,-0.7599801371464365,6092.365385321117
2025-05-18 22:25:00+00:00,2025,1,-1.023425875926074,-0.511712937963037,6061.189963416447
2025-05-19 03:35:00+00:00,2025,-1,-0.25421452037647,-0.127107260188235,6053.485750919145
2025-05-19 14:50:00+00:00,2025,1,0.47340725533612465,0.23670362766806233,6067.8145712919395
2025-05-20 12:20:00+00:00,2025,-1,-0.9702569976376284,-0.4851284988188142,6038.377873551122
2025-05-20 17:05:00+00:00,2025,1,2.92,1.46,6126.538190504968
2025-05-21 17:50:00+00:00,2025,-1,-2.044118745427257,-1.0220593727136285,6063.921332706032
2025-05-21 19:35:00+00:00,2025,1,2.92,1.46,6152.45458416354
2025-05-23 06:10:00+00:00,2025,-1,2.92,1.46,6242.280421092328
2025-05-24 10:40:00+00:00,2025,1,-0.7299057462209023,-0.36495287311045116,6219.49903934794
2025-05-24 22:40:00+00:00,2025,-1,-0.00384494312861465,-0.001922471564307325,6219.379471247466
2025-05-25 22:05:00+00:00,2025,1,0.4533066957460275,0.22665334787301375,6233.475903035976
2025-05-27 01:10:00+00:00,2025,-1,-0.942049137720855,-0.4710245688604275,6204.114700038683
2025-05-27 08:00:00+00:00,2025,1,-0.6520983476464325,-0.32604917382321624,6183.886235316162
2025-05-27 21:25:00+00:00,2025,-1,0.4848401026381533,0.24242005131907665,6198.8772155013285
2025-05-29 02:50:00+00:00,2025,1,-1.0434777089103542,-0.5217388544551771,6166.535264528089
2025-05-29 04:40:00+00:00,2025,-1,-1.0984984205030113,-0.5492492102515056,6132.665618287789
2025-05-29 08:50:00+00:00,2025,1,-0.9084949132035479,-0.45424745660177396,6104.808140694825
2025-05-29 13:40:00+00:00,2025,-1,2.92,1.46,6193.938339548969
2025-05-31 14:05:00+00:00,2025,1,-0.407067730435604,-0.203533865217802,6181.331577437279
2025-06-01 01:50:00+00:00,2025,-1,-0.7150277986953312,-0.3575138993476656,6159.232457883174
2025-06-01 04:35:00+00:00,2025,1,-0.679579510703363,-0.3397897553516815,6138.304016982991
2025-06-01 09:15:00+00:00,2025,-1,-0.531964473534927,-0.2659822367674635,6121.977218659033
2025-06-01 14:05:00+00:00,2025,1,0.060884567492993716,0.030442283746496858,6123.840888334832
2025-06-02 03:15:00+00:00,2025,-1,-0.7396584723869591,-0.36982923619347957,6101.1931343518
2025-06-02 07:15:00+00:00,2025,1,-0.8054075907637713,-0.40270379538188567,6076.623398036186
2025-06-02 09:40:00+00:00,2025,-1,-0.4778725296754471,-0.23893626483772354,6062.104141060663
2025-06-02 21:05:00+00:00,2025,1,-0.19755504557878772,-0.09877752278939386,6056.11614476121
2025-06-03 08:30:00+00:00,2025,-1,-0.7417154051504758,-0.3708577025752379,6033.6565715614615
2025-06-03 13:40:00+00:00,2025,1,-0.4399497832626586,-0.2199748916313293,6020.384042056763
2025-06-04 00:35:00+00:00,2025,-1,-0.6705141181370643,-0.33525705906853215,6000.200279572733
2025-06-04 09:50:00+00:00,2025,1,-0.6684655088312373,-0.33423275441561867,5980.145644907863
2025-06-04 11:30:00+00:00,2025,-1,-0.20200328828815278,-0.10100164414407639,5974.105599484296
2025-06-05 12:15:00+00:00,2025,1,-0.8661190205281754,-0.4330595102640877,5948.23416703251
2025-06-05 13:50:00+00:00,2025,-1,2.92,1.46,6035.078385871185
2025-06-06 06:10:00+00:00,2025,1,1.8622059690379356,0.9311029845189678,6091.271180840091
2025-06-08 09:25:00+00:00,2025,-1,-0.5123392826743877,-0.25616964133719383,6075.667193303258
2025-06-08 11:45:00+00:00,2025,1,-0.08606040519489648,-0.04303020259744824,6073.052821400833
2025-06-08 23:05:00+00:00,2025,-1,-0.35718564240872824,-0.17859282120436412,6062.206785033862
2025-06-09 08:55:00+00:00,2025,1,2.92,1.46,6150.715004095356
2025-06-10 14:30:00+00:00,2025,-1,-0.9089400889419207,-0.45447004447096034,6122.7618468809615
2025-06-10 19:15:00+00:00,2025,1,-0.5063547490623853,-0.25317737453119266,6107.260399188231
2025-06-11 12:20:00+00:00,2025,-1,-0.8886831667372562,-0.4443415833686281,6080.123301630033
2025-06-11 14:10:00+00:00,2025,1,-1.0027981904205707,-0.5013990952102854,6049.63761840799
2025-06-11 17:55:00+00:00,2025,-1,0.5533215830561123,0.27666079152805617,6066.374593727657
2025-06-12 17:30:00+00:00,2025,1,-1.0201932860757745,-0.5100966430378873,6035.430220570949
2025-06-12 18:45:00+00:00,2025,-1,2.92,1.46,6123.547501791285
2025-06-13 16:10:00+00:00,2025,1,-0.9176524937717122,-0.4588262468858561,6095.451058612543
2025-06-14 07:05:00+00:00,2025,-1,-0.4599991040903894,-0.2299995520451947,6081.431548482601
2025-06-14 21:50:00+00:00,2025,1,-0.3819369540448125,-0.19096847702240624,6069.817931273304
2025-06-15 09:00:00+00:00,2025,-1,-0.496087312622615,-0.2480436563113075,6054.762132945134
2025-06-15 13:05:00+00:00,2025,1,-0.46941984409928134,-0.23470992204964067,6040.5510054626075
2025-06-15 20:10:00+00:00,2025,-1,-0.8214192174870937,-0.41070960874354684,6015.741882062118
2025-06-16 01:50:00+00:00,2025,1,0.9803268214768314,0.4901634107384157,6045.228847652453
2025-06-16 23:45:00+00:00,2025,-1,2.92,1.46,6133.489188828178
2025-06-18 05:30:00+00:00,2025,1,-0.8672171560618812,-0.4336085780309406,6106.893853572818
2025-06-18 09:40:00+00:00,2025,-1,-0.38985406657180194,-0.19492703328590097,6094.98986655813
2025-06-20 07:15:00+00:00,2025,1,-0.20414950916639357,-0.10207475458319679,6088.768420609971
2025-06-20 14:40:00+00:00,2025,-1,0.7936565550953146,0.3968282775476573,6112.930375457343
2025-06-21 10:20:00+00:00,2025,1,-0.6115278900565934,-0.3057639450282967,6094.239238384512
2025-06-21 14:25:00+00:00,2025,-1,2.92,1.46,6183.215131264926
2025-06-23 00:45:00+00:00,2025,1,-0.9304238311973333,-0.46521191559866665,6154.450077707182
2025-06-23 16:20:00+00:00,2025,-1,-1.5528321307574844,-0.7764160653787422,6106.665938568149
2025-06-23 17:25:00+00:00,2025,1,2.92,1.46,6195.823261271244
2025-06-26 12:20:00+00:00,2025,-1,-0.775326746584568,-0.387663373292284,6171.804323813371
2025-06-26 20:30:00+00:00,2025,1,-0.9496741273338637,-0.47483706366693185,6142.498309386907
2025-06-26 23:00:00+00:00,2025,-1,-0.7555258067142611,-0.37776290335713053,6119.294229434705
2025-06-27 07:15:00+00:00,2025,1,-0.7294261047727101,-0.36471305238635504,6096.976364666031
2025-06-27 07:45:00+00:00,2025,-1,-0.6522664126587284,-0.3261332063293642,6077.092100158803
2025-06-27 16:30:00+00:00,2025,1,-1.0064557161052234,-0.5032278580526117,6046.5104797512895
2025-06-27 17:45:00+00:00,2025,-1,-0.8337860682454766,-0.4168930341227383,6021.302998753706
2025-06-28 06:00:00+00:00,2025,1,0.0833862047239365,0.04169310236196825,6023.813466776501
2025-06-29 16:25:00+00:00,2025,-1,-0.4535096601657606,-0.2267548300828803,6010.154178785402
2025-06-29 22:15:00+00:00,2025,1,-0.20654296666775313,-0.10327148333387656,6003.947403414318
2025-06-30 06:40:00+00:00,2025,-1,1.208382281958933,0.6041911409794665,6040.222721734814
2025-07-02 04:55:00+00:00,2025,1,2.92,1.46,6128.409973472141
2025-07-03 12:45:00+00:00,2025,-1,-1.0268794554569283,-0.5134397277284641,6096.944281990262
2025-07-03 13:30:00+00:00,2025,1,-0.6398463338448156,-0.3199231669224078,6077.438744757825
2025-07-04 02:30:00+00:00,2025,-1,0.8448602584074117,0.4224301292037059,6103.111677099581
2025-07-06 12:40:00+00:00,2025,1,0.3761568691286766,0.1880784345643383,6114.5903140015835
2025-07-07 11:15:00+00:00,2025,-1,0.07946393601555808,0.03973196800777904,6117.019761068949
2025-07-08 07:55:00+00:00,2025,1,-0.11448889577436498,-0.05724444788718249,6113.5181068795755
2025-07-09 03:15:00+00:00,2025,-1,-0.5275878501853714,-0.2637939250926857,6097.3910175041865
2025-07-09 11:00:00+00:00,2025,1,-0.3764500383419777,-0.18822501917098886,6085.914202092559
2025-07-09 14:35:00+00:00,2025,-1,-0.7104016830361858,-0.3552008415180929,6064.296983632657
2025-07-09 16:30:00+00:00,2025,1,2.92,1.46,6152.835719593694
2025-07-12 12:45:00+00:00,2025,-1,-0.4099958750515586,-0.2049979375257793,6140.222533269178
2025-07-13 03:25:00+00:00,2025,1,2.92,1.46,6229.8697822549075
2025-07-14 15:30:00+00:00,2025,-1,2.92,1.46,6320.825881075829
2025-07-16 00:45:00+00:00,2025,1,0.00948322380033513,0.004741611900167565,6321.125590107995
2025-07-17 01:30:00+00:00,2025,-1,-0.8455521008488763,-0.42277605042443817,6294.401384995768
2025-07-17 09:25:00+00:00,2025,1,-1.057558789089561,-0.5287793945447805,6261.11788746197
2025-07-17 11:55:00+00:00,2025,-1,-1.0282160128644113,-0.5141080064322057,6228.928979110369
2025-07-17 15:40:00+00:00,2025,1,-0.29773905741576673,-0.14886952870788336,6219.656001895619
2025-07-18 08:30:00+00:00,2025,-1,0.44874654332893954,0.22437327166446977,6233.611247553347
2025-07-20 07:40:00+00:00,2025,1,-0.5723016009319769,-0.28615080046598845,6215.773719070536
2025-07-20 22:00:00+00:00,2025,-1,-0.693766600350285,-0.3468833001751425,6194.212238062405
2025-07-21 03:00:00+00:00,2025,1,-0.46245764953324103,-0.23122882476662052,6179.889433900784
2025-07-21 12:00:00+00:00,2025,-1,-0.9350539371077192,-0.4675269685538596,6150.996784170487
2025-07-21 13:45:00+00:00,2025,1,-1.0935808564341931,-0.5467904282170966,6117.363722514702
2025-07-21 16:15:00+00:00,2025,-1,-0.39846321953739045,-0.19923160976869522,6105.17600029493
2025-07-22 07:05:00+00:00,2025,1,0.40058272985218585,0.20029136492609292,6117.404140637062
2025-07-23 03:45:00+00:00,2025,-1,-0.2761521473054617,-0.13807607365273086,6108.957469190201
2025-07-24 00:15:00+00:00,2025,1,-0.9378632416075149,-0.46893162080375744,6080.310635915715
2025-07-24 04:40:00+00:00,2025,-1,-1.0780024676398137,-0.5390012338199068,6047.537686568046
2025-07-24 14:55:00+00:00,2025,1,-0.8547339766344785,-0.42736698831723924,6021.692506889611
2025-07-25 00:05:00+00:00,2025,-1,0.89053837699429,0.445269188497145,6048.505248248832
2025-07-25 19:40:00+00:00,2025,1,0.6656828885400446,0.3328414442700223,6068.637180473851
2025-07-27 09:30:00+00:00,2025,-1,-0.4373086595153985,-0.21865432975769925,6055.367842521459
2025-07-27 10:45:00+00:00,2025,1,-0.40795952177785416,-0.20397976088892708,6043.016117675339
2025-07-27 12:35:00+00:00,2025,-1,-0.41591128344581113,-0.20795564172290557,6030.449324728409
2025-07-27 14:05:00+00:00,2025,1,0.2557168951007239,0.12785844755036194,6038.159763615318
2025-07-28 10:40:00+00:00,2025,-1,-0.15939223641695305,-0.07969611820847652,6033.347584672491
2025-07-29 03:55:00+00:00,2025,1,-0.654000215586945,-0.3270001077934725,6013.618531567057
2025-07-29 14:05:00+00:00,2025,-1,-0.28861566607941475,-0.14430783303970737,6004.940408976879
2025-07-30 07:25:00+00:00,2025,1,-0.6719180324959083,-0.33595901624795416,5984.766270252604
2025-07-30 11:45:00+00:00,2025,-1,-0.8965122013434222,-0.4482561006717111,5957.939190335254
2025-07-30 14:50:00+00:00,2025,1,-1.0854794497441622,-0.5427397248720811,5925.603087565583
2025-07-30 18:40:00+00:00,2025,-1,-0.6590688382244946,-0.3295344191122473,5906.076185852077
2025-07-31 00:30:00+00:00,2025,1,-0.28769487488331297,-0.14384743744165648,5897.580446605377
2025-07-31 13:30:00+00:00,2025,-1,-0.7469065957291442,-0.3734532978645721,5875.555737933313
2025-07-31 13:50:00+00:00,2025,1,-0.7926577699680281,-0.39632888498401403,5852.269213390548
2025-07-31 17:50:00+00:00,2025,-1,2.92,1.46,5937.71234390605
2025-08-03 03:20:00+00:00,2025,1,0.735502296904147,0.3677511484520735,5959.548349242545
2025-08-05 03:05:00+00:00,2025,-1,-0.5096218872950508,-0.2548109436475254,5944.362767856709
2025-08-05 10:25:00+00:00,2025,1,-1.1854858342223862,-0.5927429171111931,5909.127978582844
2025-08-05 12:35:00+00:00,2025,-1,-0.7160022314632729,-0.35800111573163645,5887.973234489507
2025-08-06 05:35:00+00:00,2025,1,-0.03156080867217963,-0.015780404336089814,5887.044088505904
2025-08-07 02:50:00+00:00,2025,-1,-0.5448435315174115,-0.27242176575870575,5871.006499049004
2025-08-07 08:00:00+00:00,2025,1,1.0304973577191534,0.5152486788595767,5901.256782471113
2025-08-08 15:05:00+00:00,2025,-1,-0.6752642124815277,-0.33763210624076384,5881.3322449017805
2025-08-08 21:40:00+00:00,2025,1,-0.43535295828130754,-0.21767647914065377,5868.529967944514
2025-08-09 18:45:00+00:00,2025,-1,-0.4131888542234429,-0.20659442711172146,5856.40591207736
2025-08-10 02:30:00+00:00,2025,1,2.92,1.46,5941.909438393689
2025-08-11 12:35:00+00:00,2025,-1,0.11156591981299709,0.05578295990649854,5945.224011353388
2025-08-12 13:30:00+00:00,2025,1,-0.5055518614127207,-0.25277593070636034,5930.195916026111
2025-08-13 05:50:00+00:00,2025,-1,-0.8730396772024117,-0.43651983860120586,5904.309434384739
2025-08-13 08:40:00+00:00,2025,1,2.92,1.46,5990.512352126756
2025-08-14 06:00:00+00:00,2025,-1,2.92,1.46,6077.9738324678065
2025-08-17 03:50:00+00:00,2025,1,-0.09868903234136799,-0.04934451617068399,6074.974685687194
2025-08-17 16:50:00+00:00,2025,-1,1.157190309454772,0.578595154727386,6110.124194869495
2025-08-18 16:00:00+00:00,2025,1,-0.5915366747535321,-0.29576833737676606,6092.052382126674
2025-08-19 02:15:00+00:00,2025,-1,1.2308400479404757,0.6154200239702379,6129.544092357038
2025-08-20 15:15:00+00:00,2025,1,-0.6882670697246439,-0.34413353486232195,6108.450275601064
2025-08-21 09:00:00+00:00,2025,-1,-0.08185130821370727,-0.040925654106853636,6105.950352369983
2025-08-22 02:20:00+00:00,2025,1,-0.8752543914862442,-0.4376271957431221,6079.229053069439
2025-08-22 10:40:00+00:00,2025,-1,-1.4588807401897919,-0.7294403700948959,6034.884702165813
2025-08-22 14:00:00+00:00,2025,1,1.0710715694438289,0.5355357847219144,6067.20366931262
2025-08-23 11:40:00+00:00,2025,-1,-0.17298238620707446,-0.08649119310353723,6061.95607247101
2025-08-24 01:50:00+00:00,2025,1,-0.543700862729488,-0.271850431364744,6045.476618738857
2025-08-24 02:55:00+00:00,2025,-1,2.92,1.46,6133.740577372444
2025-08-26 18:40:00+00:00,2025,1,-0.3371213594773081,-0.16856067973865405,6123.40150256182
2025-08-27 08:25:00+00:00,2025,-1,-0.9409087027938278,-0.4704543513969139,6094.5936937395145
2025-08-27 13:40:00+00:00,2025,1,-0.6005839148986535,-0.30029195744932674,6076.292119038001
2025-08-28 00:20:00+00:00,2025,-1,-1.0887542561045827,-0.5443771280522913,6043.2141745083145
2025-08-28 04:05:00+00:00,2025,1,-0.12614098077696528,-0.06307049038848264,6039.4026896932255
2025-08-28 19:40:00+00:00,2025,-1,2.92,1.46,6127.577968962746
2025-08-30 15:35:00+00:00,2025,1,-0.36318879957526246,-0.18159439978763123,6116.4506305284895
2025-08-31 05:20:00+00:00,2025,-1,-0.5340388176014875,-0.26701940880074376,6100.118520215263
2025-08-31 09:05:00+00:00,2025,1,-0.5722426844465643,-0.28612134222328217,6082.664779228012
2025-08-31 09:50:00+00:00,2025,-1,-0.4511004274981056,-0.2255502137490528,6068.945315816825
2025-08-31 16:50:00+00:00,2025,1,-0.4780983824498852,-0.2390491912249426,6054.437551123481
2025-08-31 23:15:00+00:00,2025,-1,-0.32704058286828536,-0.16352029143414268,6044.537317195186
2025-09-01 07:30:00+00:00,2025,1,-0.4772333433254649,-0.23861667166273245,6030.114043431483
2025-09-01 21:15:00+00:00,2025,-1,-0.881050958177707,-0.4405254790888535,6003.549854652052
2025-09-01 23:55:00+00:00,2025,1,0.002060374821768532,0.001030187410884266,6003.611702466861
2025-09-02 12:20:00+00:00,2025,-1,-1.1370336986113427,-0.5685168493056714,5969.48015837145
2025-09-02 13:40:00+00:00,2025,1,0.6551090167214914,0.3275545083607457,5989.033459755896
2025-09-04 03:30:00+00:00,2025,-1,0.3396166278931712,0.1698083139465856,5999.203336495605
2025-09-04 22:25:00+00:00,2025,1,0.22701152579581946,0.11350576289790973,6006.012778010491
2025-09-05 14:20:00+00:00,2025,-1,0.41884041876316896,0.20942020938158448,6018.590582545686
2025-09-07 02:50:00+00:00,2025,1,0.07339615098668435,0.036698075493342176,6020.7992894613035
2025-09-08 00:50:00+00:00,2025,-1,-0.6100136364046803,-0.30500681820234016,6002.4354411181685
2025-09-08 07:15:00+00:00,2025,1,0.1915597121449198,0.0957798560724599,6008.184565144514
2025-09-09 00:20:00+00:00,2025,-1,-0.5548159416316788,-0.2774079708158394,5991.517382259476
2025-09-09 05:55:00+00:00,2025,1,-0.5350066784244966,-0.2675033392122483,5975.4898731924495
2025-09-09 14:30:00+00:00,2025,-1,-0.3063487095794714,-0.1531743547897357,5966.336955133661
2025-09-10 06:45:00+00:00,2025,1,1.2968314109885437,0.6484157054942719,6005.0236209934565
2025-09-11 13:10:00+00:00,2025,-1,-1.087006643440489,-0.5435033217202445,5972.386118143272
2025-09-11 13:55:00+00:00,2025,1,0.7829093844777503,0.39145469223887513,5995.765303841366
2025-09-13 16:15:00+00:00,2025,-1,-0.3970477181044351,-0.19852385905221756,5983.862279180466
2025-09-13 20:05:00+00:00,2025,1,-0.48497668472888605,-0.24248834236444303,5969.35211073031
2025-09-14 04:15:00+00:00,2025,-1,-0.4803010485601033,-0.24015052428005165,5955.01668034027
2025-09-14 08:40:00+00:00,2025,1,-0.35966285185373476,-0.17983142592686738,5944.307688929831
2025-09-14 13:15:00+00:00,2025,-1,-0.24574236750341866,-0.12287118375170933,5937.003847706599
2025-09-14 20:40:00+00:00,2025,1,-0.4225949995120581,-0.21129749975602904,5924.459107015976
2025-09-14 23:20:00+00:00,2025,-1,-0.508957676175945,-0.2544788380879725,5909.382612317445
2025-09-15 04:20:00+00:00,2025,1,-0.6602866486612434,-0.3301433243306217,5889.873180113725
2025-09-15 08:40:00+00:00,2025,-1,-0.33672960505473964,-0.16836480252736982,5879.956706764914
2025-09-16 05:00:00+00:00,2025,1,-0.49258961011754193,-0.24629480505877097,5865.474678856448
2025-09-16 13:40:00+00:00,2025,-1,-0.8103692615551193,-0.4051846307775597,5841.708676935573
2025-09-16 15:55:00+00:00,2025,1,0.1980512936461754,0.0990256468230877,5847.493466738429
2025-09-17 11:55:00+00:00,2025,-1,-0.45254701157742877,-0.22627350578871439,5834.262138270474
2025-09-17 22:50:00+00:00,2025,1,-0.051963337991831546,-0.025981668995915773,5832.746299593355
2025-09-18 23:00:00+00:00,2025,-1,0.6026342275407349,0.30131711377036746,5850.321362396838
2025-09-20 07:40:00+00:00,2025,1,-0.26313737978912227,-0.13156868989456114,5842.624171225711
2025-09-20 18:15:00+00:00,2025,-1,-0.15453066002864885,-0.07726533001432442,5838.109848378316
2025-09-21 06:05:00+00:00,2025,1,-0.26186797853525506,-0.13093398926762753,5830.465778256009
2025-09-21 08:30:00+00:00,2025,-1,2.92,1.46,5915.590578618547
2025-09-23 07:55:00+00:00,2025,1,-0.7019476488326658,-0.3509738244163329,5894.828404127957
2025-09-23 17:25:00+00:00,2025,-1,-0.41984601005829786,-0.20992300502914893,5882.453803200699
2025-09-24 06:05:00+00:00,2025,1,-0.004419037886291763,-0.0022095189431458814,5882.323829269596
2025-09-25 01:30:00+00:00,2025,-1,2.92,1.46,5968.205757176932
2025-09-26 18:15:00+00:00,2025,1,-0.9107301126044386,-0.4553650563022193,5941.028633670531
2025-09-27 08:55:00+00:00,2025,-1,-0.34995051517693104,-0.17497525758846552,5930.633303515362
2025-09-27 22:00:00+00:00,2025,1,-0.32913242009132476,-0.16456621004566238,5920.873485056061
2025-09-28 06:25:00+00:00,2025,-1,-0.3757138881157784,-0.1878569440578892,5909.750713065501
2025-09-28 13:40:00+00:00,2025,1,2.92,1.46,5996.033073476257
2025-09-30 08:30:00+00:00,2025,-1,-0.42448016374266645,-0.21224008187133322,5983.30708797208
2025-09-30 19:00:00+00:00,2025,1,2.92,1.46,6070.663371456472
2025-10-03 08:10:00+00:00,2025,-1,-0.7364652156299422,-0.3682326078149711,6048.30920941209
2025-10-03 09:20:00+00:00,2025,1,2.92,1.46,6136.614523869506
2025-10-04 15:20:00+00:00,2025,-1,-0.5096811801778321,-0.2548405900889161,6120.975939205396
2025-10-04 21:25:00+00:00,2025,1,0.46543417623493794,0.23271708811746897,6135.220496175486
2025-10-05 09:40:00+00:00,2025,-1,-1.171457111509997,-0.5857285557549985,6099.284757770853
2025-10-06 00:15:00+00:00,2025,1,-0.22875672683710707,-0.11437836341855354,6092.308495684677
2025-10-07 03:25:00+00:00,2025,-1,-0.686468351166689,-0.3432341755833445,6071.39761084552
2025-10-07 12:45:00+00:00,2025,1,-0.9854600699797355,-0.4927300349898677,6041.482011273227
2025-10-07 13:40:00+00:00,2025,-1,0.6784004732729355,0.33920023663646776,6061.974732551816
2025-10-08 08:40:00+00:00,2025,1,-0.45924780753723077,-0.22962390376861538,6048.054989525463
2025-10-09 01:35:00+00:00,2025,-1,-0.4454050519087626,-0.2227025259543813,6034.5858182926795
2025-10-09 11:35:00+00:00,2025,1,-0.9685214657468387,-0.48426073287341936,6005.36268878314
2025-10-09 14:20:00+00:00,2025,-1,-0.2048293765680586,-0.1024146882840293,5999.212315305097
2025-10-10 13:00:00+00:00,2025,1,-1.2303800128038866,-0.6151900064019433,5962.305760678505
2025-10-10 14:55:00+00:00,2025,-1,2.92,1.46,6049.355424784411
2025-10-12 12:05:00+00:00,2025,1,2.92,1.46,6137.676013986264
2025-10-13 11:25:00+00:00,2025,-1,-1.648145272372501,-0.8240726361862505,6087.0971054572365
2025-10-13 19:15:00+00:00,2025,1,-1.021247833622183,-0.5106239168110915,6056.014931797256
2025-10-14 01:45:00+00:00,2025,-1,2.92,1.46,6144.432749801496
2025-10-14 18:20:00+00:00,2025,1,-1.4472116222691933,-0.7236058111345967,6099.971277362675
2025-10-15 04:00:00+00:00,2025,-1,-1.3540932874200529,-0.6770466437100264,6058.671626562016
2025-10-15 08:30:00+00:00,2025,1,-1.338682587134974,-0.669341293567487,6018.11843552378
2025-10-15 11:15:00+00:00,2025,-1,2.92,1.46,6105.982964682427
2025-10-18 07:05:00+00:00,2025,1,-0.7113617337375787,-0.35568086686878936,6084.265151542784
2025-10-19 06:35:00+00:00,2025,-1,-1.281337529135338,-0.640668764567669,6045.285165163374
2025-10-19 09:45:00+00:00,2025,1,-0.28714526026620607,-0.14357263013310304,6036.605790252702
2025-10-20 00:20:00+00:00,2025,-1,-1.0748751669424994,-0.5374375834712497,6004.162801969883
2025-10-20 02:35:00+00:00,2025,1,1.0398881767102264,0.5199440883551132,6035.381091513942
2025-10-21 01:45:00+00:00,2025,-1,0.16063120675732462,0.08031560337866231,6040.228444253793
2025-10-21 14:10:00+00:00,2025,1,2.92,1.46,6128.415779539898
2025-10-21 22:25:00+00:00,2025,-1,0.7518310231987148,0.3759155115993574,6151.453445070491
2025-10-23 03:25:00+00:00,2025,1,2.92,1.46,6241.264665368521
2025-10-24 14:15:00+00:00,2025,-1,-1.2064523334952648,-0.6032261667476324,6203.615723771044
2025-10-25 04:15:00+00:00,2025,1,-0.2078678220266616,-0.1039339110133308,6197.168063325091
2025-10-26 03:40:00+00:00,2025,-1,-0.48477384991899347,-0.24238692495949674,6182.146938221826
2025-10-26 07:55:00+00:00,2025,1,2.92,1.46,6272.406283519864
2025-10-27 20:55:00+00:00,2025,-1,-0.4031490821237637,-0.20157454106188186,6259.7627093403225
2025-10-28 13:05:00+00:00,2025,1,-0.7158522013921175,-0.35792610069605874,6237.357384761955
2025-10-28 19:15:00+00:00,2025,-1,2.92,1.46,6328.422802579479
2025-10-31 00:50:00+00:00,2025,1,-0.5266560720797985,-0.26332803603989924,6311.758291101145
2025-10-31 16:55:00+00:00,2025,-1,-1.2938266694482037,-0.6469133347241018,6270.926685060458
2025-11-01 03:15:00+00:00,2025,1,-0.36919395244144665,-0.18459697622072332,6259.350744018819
2025-11-01 21:55:00+00:00,2025,-1,-0.6148986296979108,-0.3074493148489554,6240.10641304234
2025-11-02 04:40:00+00:00,2025,1,-0.3847935465287921,-0.19239677326439605,6228.100649655382
2025-11-02 15:55:00+00:00,2025,-1,-0.5582580649264289,-0.27912903246321447,6210.716212571164
2025-11-02 23:50:00+00:00,2025,1,-0.8869263286389127,-0.44346316431945637,6183.173973927994
2025-11-03 00:55:00+00:00,2025,-1,2.92,1.46,6273.448313947342
2025-11-05 13:40:00+00:00,2025,1,-0.4495275048915092,-0.2247637524457546,6259.347876109169
2025-11-06 12:40:00+00:00,2025,-1,2.92,1.46,6350.734355100362
2025-11-07 17:20:00+00:00,2025,1,-0.2879720667273133,-0.14398603336365665,6341.590184612991
2025-11-08 11:45:00+00:00,2025,-1,-0.4953391936748463,-0.24766959683742315,6325.883993769678
2025-11-09 12:15:00+00:00,2025,1,2.92,1.46,6418.241900078716
2025-11-10 14:50:00+00:00,2025,-1,-1.5341705523535731,-0.7670852761767866,6369.008511473803
2025-11-10 20:10:00+00:00,2025,1,-0.9691546861682364,-0.4845773430841182,6338.1457392481025
2025-11-11 05:30:00+00:00,2025,-1,0.9761084958103373,0.48805424790516866,6369.079328766923
2025-11-12 08:35:00+00:00,2025,1,-0.7980861280780548,-0.3990430640390274,6343.663959462335
2025-11-12 15:15:00+00:00,2025,-1,0.24541307823941155,0.12270653911970578,6351.448049960375
2025-11-13 05:50:00+00:00,2025,1,-1.3070974641861999,-0.6535487320930999,6309.938241760307
2025-11-13 14:40:00+00:00,2025,-1,2.92,1.46,6402.063340090008
2025-11-16 09:50:00+00:00,2025,1,-1.1471932247497518,-0.5735966123748759,6365.341321649158
2025-11-16 13:25:00+00:00,2025,-1,-0.38908545525865085,-0.19454272762932542,6352.958013019105
2025-11-17 07:35:00+00:00,2025,1,-1.2326497665737768,-0.6163248832868884,6313.8031519601
2025-11-17 13:25:00+00:00,2025,-1,2.92,1.46,6405.984677978717
2025-11-18 15:15:00+00:00,2025,1,-0.7931983377833939,-0.39659916889169694,6380.578595986523
2025-11-19 03:45:00+00:00,2025,-1,2.92,1.46,6473.735043487926
2025-11-19 23:05:00+00:00,2025,1,-0.39738382853826465,-0.19869191426913232,6460.872255405308
2025-11-20 14:00:00+00:00,2025,-1,2.92,1.46,6555.200990334226
2025-11-22 22:50:00+00:00,2025,1,2.92,1.46,6650.906924793106
2025-11-24 00:15:00+00:00,2025,-1,-1.70691960357928,-0.85345980178964,6594.144107735553
2025-11-24 02:00:00+00:00,2025,1,-1.456605820925736,-0.728302910462868,6546.1187642788
2025-11-24 09:15:00+00:00,2025,-1,-1.4971575676051874,-0.7485787838025937,6497.115908046889
2025-11-24 16:40:00+00:00,2025,1,-0.36985308393391086,-0.18492654196695543,6485.1010162705525
2025-11-25 08:45:00+00:00,2025,-1,-0.9758243028464041,-0.48791215142320205,6453.459420380099
2025-11-25 17:35:00+00:00,2025,1,-1.4797713267368207,-0.7398856633684103,6405.711199337408
2025-11-25 19:05:00+00:00,2025,-1,-1.4986056698119565,-0.7493028349059783,6357.713023724884
2025-11-26 01:35:00+00:00,2025,1,-1.2806605678928973,-0.6403302839464486,6317.0026618675665
2025-11-26 09:30:00+00:00,2025,-1,-0.9745282617323524,-0.4872641308661762,6286.222173750424
2025-11-26 16:30:00+00:00,2025,1,2.92,1.46,6378.00101748718
2025-11-28 02:25:00+00:00,2025,-1,-1.0511726222653817,-0.5255863111326908,6344.479117215365
2025-11-28 05:40:00+00:00,2025,1,-0.7827718624656231,-0.39138593123281157,6319.64771854058
2025-11-28 16:55:00+00:00,2025,-1,-0.24494260019519482,-0.12247130009759741,6311.907963818096
2025-11-29 15:55:00+00:00,2025,1,-0.7313237394265569,-0.36566186971327846,6288.8277231430175
2025-11-29 17:30:00+00:00,2025,-1,-0.983943182609801,-0.4919715913049005,6257.8884773190475
2025-11-30 08:20:00+00:00,2025,1,-0.44907728487112214,-0.22453864243556107,6243.837099486944
2025-11-30 21:20:00+00:00,2025,-1,2.92,1.46,6334.997121139453
2025-12-01 22:45:00+00:00,2025,1,2.92,1.46,6427.488079108089
2025-12-03 14:00:00+00:00,2025,-1,-2.08,-1.04,6360.642203085365
2025-12-03 14:40:00+00:00,2025,1,-1.0639212606176818,-0.5319606303088409,6326.8060907301415
2025-12-04 13:00:00+00:00,2025,-1,2.92,1.46,6419.177459654801
2025-12-06 14:15:00+00:00,2025,1,-0.8920138053455128,-0.4460069026727564,6390.547485089927
2025-12-06 20:05:00+00:00,2025,-1,-0.7040193701346541,-0.35200968506732705,6368.052139013585
2025-12-07 16:55:00+00:00,2025,1,-0.7210734418632047,-0.36053672093160233,6345.09297264437
2025-12-07 22:05:00+00:00,2025,-1,-1.6009474725365935,-0.8004737362682968,6294.302169856547
2025-12-08 01:05:00+00:00,2025,1,-0.242085641683718,-0.121042820841859,6286.6833689578425
2025-12-08 15:05:00+00:00,2025,-1,-0.48703238797492604,-0.24351619398746302,6271.374276889714
2025-12-09 15:00:00+00:00,2025,1,2.92,1.46,6362.9363413323035
2025-12-10 11:40:00+00:00,2025,-1,-1.1925529871307994,-0.5962764935653997,6324.995647628409
2025-12-10 18:35:00+00:00,2025,1,-1.696042084653402,-0.848021042326701,6271.358353610272
2025-12-11 00:30:00+00:00,2025,-1,0.29756975418055115,0.14878487709027557,6280.689186428582
2025-12-11 18:40:00+00:00,2025,1,0.32281863283135875,0.16140931641567938,6290.82680391059
2025-12-12 15:20:00+00:00,2025,-1,1.0689477999453434,0.5344738999726717,6324.449631269977
2025-12-14 00:40:00+00:00,2025,1,-0.5286640714854384,-0.2643320357427192,6307.732084810118
2025-12-14 09:30:00+00:00,2025,-1,0.5857535190066955,0.29287675950334774,6326.205966138264
2025-12-15 02:00:00+00:00,2025,1,-0.5031762824455587,-0.25158814122277934,6310.289982138132
2025-12-15 14:30:00+00:00,2025,-1,2.92,1.46,6402.420215877348
2025-12-16 10:40:00+00:00,2025,1,-0.38826494482230073,-0.19413247241115036,6389.991039218114
2025-12-17 04:35:00+00:00,2025,-1,-0.8032365063991386,-0.4016182531995693,6364.327668826797
2025-12-17 13:45:00+00:00,2025,1,2.92,1.46,6457.246852791668
2025-12-17 16:20:00+00:00,2025,-1,-1.053011774785504,-0.526505887392752,6423.249067948237
2025-12-18 09:30:00+00:00,2025,1,-0.8130463677913567,-0.4065231838956784,6397.137071327665
2025-12-18 17:05:00+00:00,2025,-1,-0.7045661131011104,-0.3522830565505552,6374.601041321063
2025-12-19 03:25:00+00:00,2025,1,0.9160648722116661,0.45803243610583305,6403.798781762654
2025-12-21 01:55:00+00:00,2025,-1,-0.45906126925852936,-0.22953063462926468,6389.100101778493
2025-12-21 08:30:00+00:00,2025,1,-0.4588753764975006,-0.2294376882487503,6374.441098205074
2025-12-21 13:30:00+00:00,2025,-1,-0.8546131480778517,-0.42730657403892586,6347.202692334205
2025-12-21 23:00:00+00:00,2025,1,0.016322054028341595,0.008161027014170798,6347.72068926057
2025-12-22 19:00:00+00:00,2025,-1,1.1172330114044193,0.5586165057022097,6383.180104766654
2025-12-24 21:25:00+00:00,2025,1,-0.4736873173835953,-0.23684365869179766,6368.061947465638
2025-12-25 08:20:00+00:00,2025,-1,-0.5812674808160255,-0.29063374040801276,6349.55421083622
2025-12-25 15:15:00+00:00,2025,1,-0.5572353388837968,-0.2786176694418984,6331.863230874038
2025-12-25 22:45:00+00:00,2025,-1,-1.0120321666714371,-0.5060160833357186,6299.822984550995
2025-12-26 02:10:00+00:00,2025,1,-0.31318139493736513,-0.15659069746868257,6289.958047800194
2025-12-26 14:45:00+00:00,2025,-1,0.31367438138101505,0.15683719069050753,6299.823041297976
2025-12-27 21:30:00+00:00,2025,1,-0.06288058178630422,-0.03144029089315211,6297.842358608038
2025-12-28 18:00:00+00:00,2025,-1,-0.38935199258741443,-0.19467599629370722,6285.581971251411
2025-12-28 22:50:00+00:00,2025,1,0.5958363204290019,0.29791816021450096,6304.307861418937
2025-12-29 09:35:00+00:00,2025,-1,0.7734463276836158,0.3867231638418079,6328.688080238944
2025-12-30 08:05:00+00:00,2025,1,0.5015735879204143,0.25078679396020714,6344.559594175117
2025-12-31 15:05:00+00:00,2025,-1,0.1725635941306392,0.0862817970653196,6350.033794208851
2026-01-01 17:15:00+00:00,2026,1,0.5553364284164443,0.27766821420822213,6367.66581964685
2026-01-02 14:30:00+00:00,2026,-1,-0.9435149687215681,-0.4717574843607841,6337.625879563582
2026-01-02 14:40:00+00:00,2026,1,0.11618068767317531,0.058090343836587656,6341.307428228098
2026-01-03 07:20:00+00:00,2026,-1,-0.776289694041341,-0.3881448470206705,6316.6939702116915
2026-01-03 14:20:00+00:00,2026,1,0.7335978996196558,0.3667989498098279,6339.863537357129
2026-01-04 19:05:00+00:00,2026,-1,-0.6929481585149143,-0.34647407925745716,6317.897553539891
2026-01-04 23:00:00+00:00,2026,1,2.92,1.46,6410.138857821574
2026-01-06 07:35:00+00:00,2026,-1,-0.8002939082244563,-0.40014695411222817,6384.488882427637
2026-01-06 12:15:00+00:00,2026,1,-0.880529782710313,-0.4402648913551565,6356.380219385835
2026-01-06 16:20:00+00:00,2026,-1,-0.6232881058327954,-0.3116440529163977,6336.570938451365
2026-01-06 21:15:00+00:00,2026,1,-1.3913847625310094,-0.6956923812655047,6292.487897199075
2026-01-07 01:15:00+00:00,2026,-1,2.92,1.46,6384.358220498181
2026-01-08 17:05:00+00:00,2026,1,-0.7273507789502397,-0.36367538947511985,6361.139880874298
2026-01-09 08:00:00+00:00,2026,-1,-1.3190631904551475,-0.6595315952275738,6319.186153543311
2026-01-09 15:25:00+00:00,2026,1,-1.6051807039597832,-0.8025903519798916,6268.468975151323
2026-01-09 19:30:00+00:00,2026,-1,-0.58152974328459,-0.290764871642295,6250.2424693817875
2026-01-11 03:55:00+00:00,2026,1,-0.18761164984316453,-0.09380582492158226,6244.379377873785
2026-01-11 20:00:00+00:00,2026,-1,-0.5160980100200029,-0.25804900501000144,6228.265819020133
2026-01-11 23:15:00+00:00,2026,1,-0.3635351781436124,-0.1817675890718062,6216.9448503999165
2026-01-12 08:35:00+00:00,2026,-1,-0.8727393757714673,-0.43636968788573366,6189.815987560199
2026-01-12 15:35:00+00:00,2026,1,2.92,1.46,6280.187300978577
2026-01-15 03:35:00+00:00,2026,-1,-1.2879740906784543,-0.6439870453392271,6239.743708337236
2026-01-15 09:35:00+00:00,2026,1,-1.2737625596778135,-0.6368812798389067,6200.00394874891
2026-01-15 14:40:00+00:00,2026,-1,0.2508623929839105,0.12543119649195525,6207.780687884375
2026-01-17 14:30:00+00:00,2026,1,-0.41761736210117245,-0.20880868105058623,6194.818302907491
2026-01-17 22:10:00+00:00,2026,-1,-0.27655079629350426,-0.13827539814675213,6186.252393234678
2026-01-18 18:25:00+00:00,2026,1,-0.45114042283573624,-0.22557021141786812,6172.298050632415
2026-01-18 23:00:00+00:00,2026,-1,2.92,1.46,6262.413602171648
2026-01-21 14:30:00+00:00,2026,1,-1.2625169924243318,-0.6312584962121659,6222.881584239993
2026-01-21 16:35:00+00:00,2026,-1,-1.32271079590228,-0.66135539795114,6181.726220974514
2026-01-21 19:30:00+00:00,2026,1,-0.6977870636100424,-0.3488935318050212,6160.158578035639
2026-01-22 14:20:00+00:00,2026,-1,-0.8142945659069455,-0.40714728295347274,6135.077659759542
2026-01-23 04:10:00+00:00,2026,1,-1.0361879544086494,-0.5180939772043247,6103.29219190752
2026-01-23 08:30:00+00:00,2026,-1,-0.793663333471648,-0.396831666735824,6079.072395776616
2026-01-23 15:45:00+00:00,2026,1,-0.62381411444816,-0.31190705722408,6060.111339960427
2026-01-24 13:55:00+00:00,2026,-1,2.92,1.46,6148.588965523849
2026-01-26 08:00:00+00:00,2026,1,-0.9637360326791721,-0.48186801633958604,6118.960881842805
2026-01-26 16:05:00+00:00,2026,-1,-1.2938296629409018,-0.6469148314704509,6079.376416366289
2026-01-26 18:55:00+00:00,2026,1,-0.6162039521558337,-0.30810197607791684,6060.64573749425
2026-01-27 09:30:00+00:00,2026,-1,-0.7480085244759936,-0.3740042622379968,6037.978664116877
2026-01-27 16:15:00+00:00,2026,1,-1.0774546539595287,-0.5387273269797643,6005.4504230560715
2026-01-27 17:15:00+00:00,2026,-1,-1.2500746751727165,-0.6250373375863583,5967.914115621734
2026-01-27 20:05:00+00:00,2026,1,0.11691347994077457,0.058456739970387285,5971.4027636579585
2026-01-29 01:25:00+00:00,2026,-1,2.92,1.46,6058.585244007364
2026-01-30 19:00:00+00:00,2026,1,-1.19063500975086,-0.59531750487543,6022.517425501988
2026-01-31 08:10:00+00:00,2026,-1,2.92,1.46,6110.446179914317
2026-02-02 12:20:00+00:00,2026,1,-0.6347949679123087,-0.31739748395615436,6091.051777480775
2026-02-03 03:00:00+00:00,2026,-1,2.92,1.46,6179.981133431994
2026-02-06 13:10:00+00:00,2026,1,2.92,1.46,6270.2088579801
2026-02-07 06:55:00+00:00,2026,-1,-1.6376079239265628,-0.8188039619632814,6218.868139427587
2026-02-08 08:00:00+00:00,2026,1,2.92,1.46,6309.66361426323
2026-02-09 08:25:00+00:00,2026,-1,-0.72448073266683,-0.362240366333415,6286.807465672517
2026-02-09 17:35:00+00:00,2026,1,-1.6643614687148456,-0.8321807343574228,6234.489865137046
2026-02-10 03:30:00+00:00,2026,-1,2.92,1.46,6325.5134171680465
2026-02-11 14:10:00+00:00,2026,1,-2.08,-1.04,6259.728077629499
2026-02-11 14:45:00+00:00,2026,-1,-1.9773005703862623,-0.9886502851931311,6197.841258137701
2026-02-11 21:25:00+00:00,2026,1,-2.08,-1.04,6133.383709053069
2026-02-12 05:10:00+00:00,2026,-1,-1.6135912030776778,-0.8067956015388389,6083.8998390629295
2026-02-12 10:45:00+00:00,2026,1,-1.7641686085956043,-0.8820843042978022,6030.234713493356
2026-02-12 16:05:00+00:00,2026,-1,-0.5490962059762826,-0.2745481029881413,6013.678818481728
2026-02-13 09:45:00+00:00,2026,1,2.92,1.46,6101.478529231561
2026-02-15 12:50:00+00:00,2026,-1,0.08584558252902282,0.04292279126451141,6104.097454124712
2026-02-16 12:25:00+00:00,2026,1,-1.7399152983989508,-0.8699576491994754,6050.994391407964
2026-02-16 13:35:00+00:00,2026,-1,-0.8423586862487208,-0.4211793431243604,6025.50885297774
2026-02-16 21:55:00+00:00,2026,1,-1.3030678825192465,-0.6515339412596233,5986.250617666988
2026-02-17 05:20:00+00:00,2026,-1,-0.14132966237799577,-0.07066483118899788,5982.020443773463
2026-02-18 07:40:00+00:00,2026,1,-1.4010866775728137,-0.7005433387864068,5940.113798029767
2026-02-18 11:05:00+00:00,2026,-1,-1.503228337660354,-0.751614168830177,5895.467061079139
2026-02-18 15:35:00+00:00,2026,1,-1.5380359398222443,-0.7690179699111221,5850.129859969249
2026-02-18 16:05:00+00:00,2026,-1,-0.25287939575669766,-0.12643969787834883,5842.732973448813
2026-02-20 00:20:00+00:00,2026,1,-0.449412688872095,-0.2247063444360475,5829.603981769017
2026-02-20 13:20:00+00:00,2026,-1,-1.6976745088962497,-0.8488372544481249,5780.120131384971
2026-02-20 22:55:00+00:00,2026,1,-0.2463487622300064,-0.1231743811150032,5773.000504185434
2026-02-21 22:55:00+00:00,2026,-1,2.92,1.46,5857.286311546541
2026-02-24 16:00:00+00:00,2026,1,2.92,1.46,5942.80269169512
2026-02-26 14:45:00+00:00,2026,-1,-1.2285973716218734,-0.6142986858109367,5906.2961328597
2026-02-27 04:15:00+00:00,2026,1,-1.9266340810216698,-0.9633170405108349,5849.3997757488305
2026-02-27 10:10:00+00:00,2026,-1,2.92,1.46,5934.801012474763
2026-02-28 17:55:00+00:00,2026,1,2.92,1.46,6021.449107256894
2026-03-01 16:45:00+00:00,2026,-1,-1.3460910422999106,-0.6730455211499553,5980.922013732178
2026-03-02 01:10:00+00:00,2026,1,-1.969443630601817,-0.9847218153009085,5922.026569906823
2026-03-02 07:05:00+00:00,2026,-1,-2.08,-1.04,5860.437493579792
2026-03-02 14:45:00+00:00,2026,1,2.92,1.46,5945.999880986057
2026-03-03 08:30:00+00:00,2026,-1,-1.4492976746938036,-0.7246488373469018,5902.912261979844
2026-03-03 16:05:00+00:00,2026,1,2.92,1.46,5989.094781004749
2026-03-05 15:05:00+00:00,2026,-1,2.92,1.46,6076.535564807418
2026-03-08 09:10:00+00:00,2026,1,-1.1297563856489035,-0.5648781928244517,6042.210540522599
2026-03-08 12:10:00+00:00,2026,-1,-0.6819188588310742,-0.3409594294155371,6021.609053939548
2026-03-09 03:10:00+00:00,2026,1,2.92,1.46,6109.524546127065
2026-03-10 21:45:00+00:00,2026,-1,-0.9444465129106882,-0.4722232564553441,6080.673950361405
2026-03-11 13:20:00+00:00,2026,1,-0.7452083635959815,-0.37260418179799076,6058.017104940858
2026-03-12 01:30:00+00:00,2026,-1,-0.7793397991441163,-0.38966989957205816,6034.410835771977
2026-03-12 09:40:00+00:00,2026,1,-1.2404614510679957,-0.6202307255339978,5996.983565663566
2026-03-12 14:45:00+00:00,2026,-1,-2.08,-1.04,5934.614936580665
2026-03-13 00:10:00+00:00,2026,1,2.92,1.46,6021.260314654743
2026-03-13 17:40:00+00:00,2026,-1,0.1918972102081607,0.09594860510408035,6027.03762993634
2026-03-14 23:05:00+00:00,2026,1,2.92,1.46,6115.03237933341
2026-03-17 10:05:00+00:00,2026,-1,-1.4613618026975228,-0.7306809013487614,6070.3510056263285
2026-03-17 15:00:00+00:00,2026,1,-1.4042229367631198,-0.7021114683815599,6027.730375044811
2026-03-18 00:20:00+00:00,2026,-1,2.92,1.46,6115.735238520465
2026-03-20 03:25:00+00:00,2026,1,-0.9944062517696283,-0.49720312588481413,6085.327611743702
2026-03-20 13:30:00+00:00,2026,-1,-1.267167899460051,-0.6335839497300255,6046.771952707204
2026-03-20 22:00:00+00:00,2026,1,-0.7528230327162854,-0.3764115163581427,6024.0112067093
2026-03-21 16:40:00+00:00,2026,-1,2.92,1.46,6111.961770327255
2026-03-23 05:15:00+00:00,2026,1,-1.5347680105135408,-0.7673840052567704,6065.059553294355
2026-03-23 06:40:00+00:00,2026,-1,-2.08,-1.04,6001.982933940094
2026-03-23 11:05:00+00:00,2026,1,-2.08,-1.04,5939.5623114271175
2026-03-24 13:45:00+00:00,2026,-1,-0.7928461861660939,-0.39642309308304696,5916.016514796564
2026-03-24 23:25:00+00:00,2026,1,-0.34954406607082594,-0.17477203303541297,5905.676972458943
2026-03-26 05:05:00+00:00,2026,-1,2.92,1.46,5991.899856256843
2026-03-28 13:30:00+00:00,2026,1,-0.42629772293479634,-0.21314886146739817,5979.128189932965
2026-03-28 23:10:00+00:00,2026,-1,-1.0777471198547417,-0.5388735599273708,5946.908249003252
2026-03-29 03:15:00+00:00,2026,1,-1.0259636893180746,-0.5129818446590373,5916.401689367335
2026-03-29 10:30:00+00:00,2026,-1,-0.8110100078930181,-0.40550500394650907,5892.4103844633755
2026-03-30 00:15:00+00:00,2026,1,-0.16254464813099995,-0.08127232406549997,5887.621485600445
2026-03-30 17:20:00+00:00,2026,-1,-0.9136114532526473,-0.4568057266263236,5860.726493492141
2026-03-31 01:15:00+00:00,2026,1,-0.9049387381316752,-0.4524693690658376,5834.208501304363
2026-03-31 08:40:00+00:00,2026,-1,-1.3826254547740424,-0.6913127273870212,5793.875875392551
2026-03-31 14:15:00+00:00,2026,1,-0.27057664948521903,-0.13528832474260952,5786.037437783067
2026-04-02 01:15:00+00:00,2026,-1,0.31268623733169637,0.15634311866584819,5795.083509160471
2026-04-02 17:15:00+00:00,2026,1,-1.3653852440745995,-0.6826926220372997,5755.520901602533
2026-04-03 02:05:00+00:00,2026,-1,-1.0527532741231393,-0.5263766370615697,5725.225184235302
2026-04-03 08:00:00+00:00,2026,1,-0.11846371738411847,-0.059231858692059235,5721.834026944373
2026-04-05 01:35:00+00:00,2026,-1,-0.7180275136315338,-0.3590137568157669,5701.291855645478
2026-04-05 15:25:00+00:00,2026,1,2.92,1.46,5784.5307167379015
2026-04-06 22:50:00+00:00,2026,-1,-0.20915584321351316,-0.10457792160675658,5778.481374739633
2026-04-07 19:50:00+00:00,2026,1,2.92,1.46,5862.847202810831
2026-04-09 00:30:00+00:00,2026,-1,-0.9283661958700539,-0.46418309793502693,5835.632857037626
2026-04-09 09:50:00+00:00,2026,1,-1.0470077245764742,-0.5235038622882371,5805.083093642073
2026-04-09 13:50:00+00:00,2026,-1,-1.1159931603236561,-0.5579965801618281,5772.690928503998
2026-04-09 15:20:00+00:00,2026,1,-0.11863511652127949,-0.059317558260639745,5769.266709199276
2026-04-10 07:50:00+00:00,2026,-1,-1.151558605237355,-0.5757793026186775,5736.048465574837
2026-04-10 11:25:00+00:00,2026,1,0.4496833261286382,0.2248416630643191,5748.94549233901
2026-04-12 01:30:00+00:00,2026,-1,1.2516335320263217,0.6258167660131608,5784.923357099026
2026-04-13 13:45:00+00:00,2026,1,2.92,1.46,5869.383238112672
2026-04-14 18:45:00+00:00,2026,-1,-1.1905375749717928,-0.5952687874858964,5834.444631678259
2026-04-15 19:05:00+00:00,2026,1,-0.5146730840350199,-0.25733654201750994,5819.430473617172
2026-04-16 10:15:00+00:00,2026,-1,-1.0134323826749814,-0.5067161913374907,5789.942477163726
2026-04-16 18:55:00+00:00,2026,1,2.92,1.46,5874.475637330316
2026-04-18 08:30:00+00:00,2026,-1,0.6658202716823404,0.3329101358411702,5894.032362154509
2026-04-19 13:15:00+00:00,2026,1,-1.2397731250575728,-0.6198865625287864,5857.496047550416
2026-04-19 17:00:00+00:00,2026,-1,-0.3848955033904566,-0.1924477516952283,5846.223428101269
2026-04-20 07:20:00+00:00,2026,1,-0.44131128653099644,-0.22065564326549822,5833.323406189254
2026-04-21 17:15:00+00:00,2026,-1,-1.7514958469049802,-0.8757479234524901,5782.238197591283
2026-04-21 23:45:00+00:00,2026,1,2.92,1.46,5866.658875276115
2026-04-23 00:10:00+00:00,2026,-1,-0.7484309921761721,-0.3742154960880861,5844.704928662205
2026-04-23 15:15:00+00:00,2026,1,-1.5459395885363914,-0.7729697942681957,5799.527124999541
2026-04-23 17:35:00+00:00,2026,-1,-1.5751314974886776,-0.7875657487443388,5753.852035773908
2026-04-24 00:25:00+00:00,2026,1,-1.1083927773878544,-0.5541963886939272,5721.964395580857
2026-04-24 03:30:00+00:00,2026,-1,-0.8797772021593796,-0.4398886010796898,5696.794126446859
2026-04-24 11:10:00+00:00,2026,1,-1.0056914225486469,-0.5028457112743234,5668.148041501893
2026-04-24 17:30:00+00:00,2026,-1,-0.4831982152378655,-0.24159910761893275,5654.453846415105
2026-04-25 10:20:00+00:00,2026,1,-0.7024925419195615,-0.3512462709597807,5634.59278813643
2026-04-25 15:50:00+00:00,2026,-1,-0.6195690434877087,-0.30978452174385435,5617.137691815487
2026-04-26 04:45:00+00:00,2026,1,0.26761502119022845,0.13380751059511423,5624.6538439276055
2026-04-27 05:15:00+00:00,2026,-1,1.427355298764934,0.713677649382467,5664.795741266848
2026-04-29 03:15:00+00:00,2026,1,-0.28417809851333015,-0.14208904925666507,5656.74668685575
2026-04-29 13:30:00+00:00,2026,-1,0.34250084487118754,0.17125042243559377,5666.433889453103
2026-04-30 12:20:00+00:00,2026,1,2.92,1.46,5749.163824239118
2026-05-03 01:15:00+00:00,2026,-1,-0.5244251240836028,-0.2622125620418014,5734.0887944796
2026-05-03 09:35:00+00:00,2026,1,-0.2785718104402956,-0.1392859052201478,5726.102016996083
2026-05-04 00:15:00+00:00,2026,-1,-1.10493463427078,-0.55246731713539,5694.467174806349
2026-05-04 01:50:00+00:00,2026,1,-0.6180728860250205,-0.30903644301251026,5676.869196000813
2026-05-04 10:05:00+00:00,2026,-1,-1.6172722841650033,-0.8086361420825017,5630.9639799432025
2026-05-04 14:45:00+00:00,2026,1,2.92,1.46,5713.176054050373
2026-05-06 23:00:00+00:00,2026,-1,-0.7889879585564062,-0.3944939792782031,5690.63791849158
2026-05-07 07:10:00+00:00,2026,1,-0.9872564589186149,-0.49362822945930745,5662.54732328959
2026-05-07 09:35:00+00:00,2026,-1,0.8044053848208189,0.40220269241040946,5685.322241082874
2026-05-08 10:50:00+00:00,2026,1,-0.8216056354543676,-0.4108028177271838,5661.9667771196355
2026-05-08 13:25:00+00:00,2026,-1,-1.034261311509197,-0.5171306557545985,5632.687011196509
2026-05-08 14:15:00+00:00,2026,1,0.45318427909327946,0.22659213954663973,5645.450237209145
2026-05-10 20:40:00+00:00,2026,-1,-0.7276218779796205,-0.36381093898981026,5624.911471690952
2026-05-10 22:10:00+00:00,2026,1,-0.9537696850393717,-0.4768848425196858,5598.087121477306
2026-05-11 03:10:00+00:00,2026,-1,-1.1146308418290651,-0.5573154209145326,5566.888118673083
2026-05-11 15:55:00+00:00,2026,1,-0.4430069505696332,-0.2215034752848166,5554.557268025005
2026-05-12 01:30:00+00:00,2026,-1,0.06055350958415147,0.030276754792075734,5556.239007708831
2026-05-13 01:20:00+00:00,2026,1,-0.4415087062111888,-0.2207543531055944,5543.973368230363
2026-05-13 11:00:00+00:00,2026,-1,0.8032593359941799,0.40162966799708993,5566.239610063033
2026-05-14 13:20:00+00:00,2026,1,0.5785963197117684,0.2892981598558842,5582.342638828114
2026-05-15 05:30:00+00:00,2026,-1,2.92,1.46,5663.844841355004
2026-05-17 10:05:00+00:00,2026,1,-0.5831342159353524,-0.2915671079676762,5647.330932751289
2026-05-17 14:15:00+00:00,2026,-1,-0.6743422009908383,-0.33717110049541915,5628.289764896714
2026-05-17 19:45:00+00:00,2026,1,-0.7920070511913101,-0.39600352559565505,5606.001538996983
2026-05-17 22:50:00+00:00,2026,-1,0.22357181856603964,0.11178590928301982,5612.268258791772
2026-05-18 12:35:00+00:00,2026,1,-1.1348479709704296,-0.5674239854852148,5580.422902561613
2026-05-18 13:40:00+00:00,2026,-1,-0.6479494692973907,-0.32397473464869536,5562.343742270765
2026-05-19 07:40:00+00:00,2026,1,-0.9157819300683466,-0.4578909650341733,5536.874272830763
2026-05-19 13:25:00+00:00,2026,-1,-0.8950105059437917,-0.44750525297189586,5512.096469609396
2026-05-20 05:10:00+00:00,2026,1,0.11326474939054261,0.056632374695271305,5515.218100735629
2026-05-21 10:25:00+00:00,2026,-1,-0.7026324839364583,-0.35131624196822914,5495.842243767774
2026-05-21 17:20:00+00:00,2026,1,-0.788847162941073,-0.3944235814705365,5474.165345957934
2026-05-22 07:05:00+00:00,2026,-1,2.92,1.46,5554.08816000892
2026-05-23 15:05:00+00:00,2026,1,1.1289997432728205,0.5644998716364102,5585.440980542743
2026-05-24 14:10:00+00:00,2026,-1,-0.688915771663776,-0.344457885831888,5566.201488626778
2026-05-24 22:10:00+00:00,2026,1,0.13066749495426416,0.06533374747713208,5569.838096651425
2026-05-25 22:30:00+00:00,2026,-1,-0.19736784769413868,-0.09868392384706934,5564.341561865721
2026-05-26 10:25:00+00:00,2026,1,-0.8363618464089261,-0.41818092320446304,5541.072546952061
2026-05-26 15:25:00+00:00,2026,-1,2.92,1.46,5621.972206137561
2026-05-28 21:40:00+00:00,2026,1,-0.9725550029914353,-0.48627750149571763,5594.633820158772
2026-05-29 02:50:00+00:00,2026,-1,-0.9258256394567431,-0.46291281972837156,5568.735542988398
2026-05-29 09:20:00+00:00,2026,1,-0.8244706430454917,-0.41223532152274583,5545.779248118009
2026-05-29 12:20:00+00:00,2026,-1,-1.0800272895972052,-0.5400136447986026,5515.831283467763
2026-05-29 15:30:00+00:00,2026,1,-1.1900918794556659,-0.5950459397278329,5483.00955337325
2026-05-30 04:30:00+00:00,2026,-1,-0.8181228210144419,-0.40906141050722095,5460.580677155976
2026-05-30 13:05:00+00:00,2026,1,-0.07647407427496582,-0.03823703713748291,5458.49271289453
2026-05-31 10:20:00+00:00,2026,-1,-0.3768453569941687,-0.18842267849708436,5448.207674719326
2026-05-31 22:30:00+00:00,2026,1,-0.6534103108395061,-0.32670515541975303,5430.408099368044
2026-05-31 23:35:00+00:00,2026,-1,2.92,1.46,5509.692057618817
2026-06-07 01:05:00+00:00,2026,1,-0.12829152418491802,-0.06414576209245901,5506.15782365951
2026-06-07 19:15:00+00:00,2026,-1,-2.08,-1.04,5448.893782293451
2026-06-07 22:10:00+00:00,2026,1,-1.2963381291119602,-0.6481690645559801,5413.57573843611
2026-06-09 00:20:00+00:00,2026,-1,2.92,1.46,5492.613944217277
2026-06-10 13:35:00+00:00,2026,1,-1.570315603818393,-0.7851578019091965,5449.488257305503
2026-06-10 21:50:00+00:00,2026,-1,-1.6487305909816374,-0.8243652954908187,5404.564567330429
2026-06-11 01:15:00+00:00,2026,1,1.1026220659617803,0.5513110329808901,5434.360528074698
2026-06-12 06:30:00+00:00,2026,-1,-1.2381495675616394,-0.6190747837808197,5400.717772385649
2026-06-12 09:20:00+00:00,2026,1,0.6761365382711572,0.3380682691355786,5418.975885479651
2026-06-14 14:25:00+00:00,2026,-1,-1.0133988350059608,-0.5066994175029804,5391.5179662332985
2026-06-14 21:15:00+00:00,2026,1,2.92,1.46,5470.2341285403045
2026-06-16 02:25:00+00:00,2026,-1,-1.212570882659878,-0.606285441329939,5437.068895412303
2026-06-16 06:50:00+00:00,2026,1,-0.8197724725819232,-0.4098862362909616,5414.783098352352
2026-06-16 13:25:00+00:00,2026,-1,0.3373479763775689,0.16867398818878446,5423.916428956115
2026-06-17 15:55:00+00:00,2026,1,-1.5670793621324264,-0.7835396810662132,5381.417891467374
2026-06-17 19:15:00+00:00,2026,-1,2.92,1.46,5459.986592682797
2026-06-19 13:45:00+00:00,2026,1,-0.18808846187274625,-0.09404423093637312,5454.85179028248
2026-06-20 14:05:00+00:00,2026,-1,-1.2144167585516374,-0.6072083792758187,5421.729473134807
2026-06-20 14:45:00+00:00,2026,1,-0.08813387100305763,-0.04406693550152881,5419.340283104813
2026-06-21 08:45:00+00:00,2026,-1,-0.7135549472037627,-0.35677747360188133,5400.005297756863
2026-06-21 10:20:00+00:00,2026,1,-1.0436250582931828,-0.5218125291465914,5371.827393538588
2026-06-21 20:45:00+00:00,2026,-1,-1.0373050426855412,-0.5186525213427706,5343.966275319818
2026-06-22 01:20:00+00:00,2026,1,-0.33559701492537947,-0.16779850746268973,5334.999179670522
2026-06-22 21:40:00+00:00,2026,-1,2.92,1.46,5412.890167693711
2026-06-24 00:35:00+00:00,2026,1,-0.984951513650476,-0.492475756825238,5386.232995874243
2026-06-24 10:55:00+00:00,2026,-1,-1.1273141846425894,-0.5636570923212947,5355.873111584048
2026-06-24 11:45:00+00:00,2026,1,-1.2065171514416417,-0.6032585757208209,5323.563347733691
2026-06-24 13:00:00+00:00,2026,-1,2.92,1.46,5401.287372610603
2026-06-25 05:00:00+00:00,2026,1,-1.4428866717198208,-0.7214433358599104,5362.320144810261
2026-06-25 13:35:00+00:00,2026,-1,2.92,1.46,5440.610018924491
2026-06-26 06:40:00+00:00,2026,1,-1.7696475745381446,-0.8848237872690723,5392.470207304503
2026-06-26 10:50:00+00:00,2026,-1,-1.9004705620658457,-0.9502352810329229,5341.229052875507
2026-06-26 15:35:00+00:00,2026,1,-0.5174227310868006,-0.2587113655434003,5327.410686256012
2026-06-27 19:30:00+00:00,2026,-1,0.18181143592352017,0.09090571796176009,5332.2536071891245
