setup,side,filter,tp,sl,ts,n_is,exp_is,win_is,n_oos,exp_oos,win_oos,pf_oos
pocket,cont,sweep,3.0,3.0,288,89,0.0819236006256108,59.55056179775281,62,0.11700503488002972,62.903225806451616,1.592167415690342
pocket,cont,posHigh,4.0,3.0,96,543,0.07385049487168856,44.751381215469614,370,-0.09567567418543678,40.81081081081081,0.7263896030841095
flip,cont,noBOS,4.0,3.0,96,131,0.07179862873662068,45.038167938931295,80,0.18619069570770688,58.75,1.7901094775949824
flip,cont,noBOS,4.0,3.0,288,131,0.06797475735503522,45.038167938931295,80,0.2005016547433076,58.75,1.8364428733231533
pocket,cont,sweep,3.0,3.0,96,89,0.059543297475926626,58.42696629213483,62,0.12449029064580724,62.903225806451616,1.654858752659923
pocket,cont,posHigh,3.0,3.0,96,543,0.05914719182753304,51.93370165745856,370,-0.07995425869632142,48.37837837837838,0.741366596909569
pocket,cont,sweep,4.0,3.0,288,89,0.05876403061786635,49.43820224719101,62,0.06849248937971357,50.0,1.2558973031550265
pocket,cont,posHigh,3.0,3.0,288,543,0.0520233218908048,52.117863720073665,370,-0.07720052527530483,49.18918918918919,0.757627278840525
pocket,cont,sweep,2.0,3.0,288,89,0.05152288052165066,68.53932584269663,62,0.04881223813698378,69.35483870967742,1.2905975073316196
pocket,cont,posHigh,4.0,3.0,288,543,0.04816572596406989,43.462246777163905,370,-0.08993752468284166,41.891891891891895,0.7517236896549405
pocket,cont,sweep,2.0,3.0,96,89,0.04698253057088639,67.41573033707866,62,0.05629749390276132,69.35483870967742,1.350792221839056
pocket,cont,sweep,4.0,3.0,96,89,0.04697646444801335,51.68539325842697,62,0.07210629472099371,51.61290322580645,1.296975954395505
pocket,cont,posHigh,3.0,2.0,96,543,0.044833717244779296,43.0939226519337,370,-0.08898984662493324,37.83783783783784,0.6666696045176436
pocket,cont,posHigh,3.0,2.0,288,543,0.04418867148819227,43.0939226519337,370,-0.08569555292009727,38.648648648648646,0.6784346451564844
pocket,cont,posHigh,3.0,3.0,24,543,0.0412709967641949,51.19705340699816,370,-0.07846300618010779,46.75675675675676,0.6857486583072956
pocket,cont,posHigh,3.0,1.5,96,543,0.038634634124563666,37.569060773480665,370,-0.07413120185938747,31.351351351351354,0.6694818885215591
pocket,cont,posHigh,3.0,1.5,288,543,0.03805500567554586,37.569060773480665,370,-0.07083690815455149,32.16216216216216,0.6834966873496297
pocket,cont,sweep,2.0,2.0,288,89,0.03590909597376761,57.30337078651685,62,-0.03408104743949172,53.2258064516129,0.8205485382214036
pocket,cont,sweep,2.0,2.0,96,89,0.03590909597376761,57.30337078651685,62,-0.030330252832174717,53.2258064516129,0.8370805070676346
flip,cont,noBOS,2.0,3.0,24,131,0.03286737513217799,57.25190839694656,80,0.06478756170594066,67.5,1.450579702302649
pocket,cont,posHigh,2.0,1.5,288,543,0.03199037405635205,46.77716390423573,370,-0.07408033017252935,41.351351351351354,0.6255430607091089
pocket,cont,posHigh,2.0,1.5,96,543,0.03199037405635205,46.77716390423573,370,-0.07408033017252935,41.351351351351354,0.6255430607091089
pocket,cont,structAgainst,3.0,1.5,288,493,0.03143542054770982,35.902636916835704,337,-0.056339546103584985,32.34421364985163,0.7359790483552683
pocket,cont,structAgainst,3.0,1.5,96,493,0.03143542054770982,35.902636916835704,337,-0.058775360502420305,31.750741839762615,0.7239184784308745
flip,cont,noBOS,2.0,3.0,96,131,0.031309582996258,60.30534351145038,80,0.09294390068215723,73.75,1.5840773930087855
flip,cont,noBOS,2.0,3.0,288,131,0.031309582996258,60.30534351145038,80,0.09294390068215723,73.75,1.5840773930087855
pocket,cont,posHigh,2.0,3.0,24,543,0.0310274335033151,56.353591160220994,370,-0.08006244779361849,53.51351351351351,0.6459439447649534
pocket,cont,posHigh,4.0,2.0,96,543,0.028871004374627314,35.91160220994475,370,-0.10436157325168663,30.810810810810814,0.6467684762777155
pocket,cont,posHigh,2.0,3.0,96,543,0.028063534194044035,60.773480662983424,370,-0.0820703369829085,59.189189189189186,0.6874650190195828
pocket,cont,posHigh,2.0,2.0,96,543,0.0280096201354046,51.93370165745856,370,-0.09253431465872962,47.83783783783784,0.6037564253273789
pocket,cont,posHigh,2.0,2.0,288,543,0.0280096201354046,51.93370165745856,370,-0.09253431465872962,47.83783783783784,0.6037564253273789
pocket,cont,posHigh,2.0,1.5,24,543,0.025652589301080754,46.96132596685083,370,-0.07285842082818089,41.351351351351354,0.6108305755524889
pocket,cont,posHigh,4.0,2.0,288,543,0.025570375908343372,34.99079189686925,370,-0.10432543073851751,30.810810810810814,0.6490715005316964
pocket,cont,structAgainst,3.0,1.5,24,493,0.025273563946801744,40.16227180527384,337,-0.06176172470257064,35.90504451038576,0.6795834279960379
pocket,cont,sweep,2.0,3.0,24,89,0.02336324279632715,59.55056179775281,62,0.014383142230979536,62.903225806451616,1.0933114045691943
flip,fade,sweep,1.0,3.0,24,111,0.023092340007788755,77.47747747747748,83,-0.07132071874957707,71.08433734939759,0.543995708071611
flip,fade,sweep,2.0,3.0,288,111,0.022970190697510714,62.16216216216216,83,-0.03564579784897191,63.85542168674698,0.8304841781774857
flip,fade,sweep,2.0,3.0,96,111,0.022970190697510714,62.16216216216216,83,-0.040201625037964546,62.65060240963856,0.8107637223716163
pocket,cont,posHigh,2.0,3.0,288,543,0.022871053989808307,60.773480662983424,370,-0.08332661425040898,59.189189189189186,0.686737943382533
pocket,cont,posHigh,2.0,2.0,24,543,0.020616680610002134,51.38121546961326,370,-0.0874468451378148,47.02702702702703,0.5907155202861534
pocket,cont,structAgainst,3.0,2.0,96,493,0.0180386790763889,41.98782961460446,337,-0.07501716029919002,37.0919881305638,0.7045637590970979
pocket,cont,noBOS,4.0,3.0,288,1671,0.01788462535695814,44.40454817474566,1162,-0.0411829698247722,42.77108433734939,0.8752613202673267
pocket,cont,posHigh,3.0,1.5,24,543,0.017883086380504804,40.88397790055249,370,-0.07258950307619075,34.5945945945946,0.6438495920592339
flip,fade,sweep,1.0,3.0,96,111,0.017628042320194236,76.57657657657657,83,-0.07544351666088961,72.28915662650603,0.5334026526578975
flip,fade,sweep,1.0,3.0,288,111,0.017628042320194236,76.57657657657657,83,-0.07544351666088961,72.28915662650603,0.5334026526578975
pocket,cont,structAgainst,3.0,2.0,288,493,0.0173957703088468,41.784989858012175,337,-0.07259085784607074,37.68545994065282,0.714690642591367
pocket,cont,ALL,4.0,3.0,288,1673,0.01734373349878315,44.35146443514644,1166,-0.042099043731930234,42.710120068610635,0.8726584613262581
pocket,cont,structAgainst,3.0,1.0,96,493,0.01649131077506857,27.38336713995943,337,-0.041458478646567404,24.629080118694365,0.7497106065907861
pocket,cont,structAgainst,3.0,1.0,288,493,0.01649131077506857,27.38336713995943,337,-0.04183947032985178,24.629080118694365,0.7483634381722788
pocket,cont,bigDisp,4.0,3.0,96,1215,0.015895601395896946,45.267489711934154,887,-0.04774797870462042,42.27733934611049,0.8524799297214523
flip,fade,structAgainst,3.0,3.0,288,331,0.015593649787722591,52.26586102719033,227,-0.06483119894697972,48.458149779735685,0.788940684810882
pocket,cont,noSweep,4.0,3.0,288,1584,0.015016456703582148,44.06565656565656,1104,-0.048309800120446465,42.30072463768116,0.8554180233477465
pocket,cont,posHigh,1.0,3.0,288,543,0.014940396240327962,76.42725598526704,370,-0.027911331840759078,77.02702702702703,0.8002664998894039
flip,fade,sweep,2.0,3.0,24,111,0.01471632420892574,61.261261261261254,83,-0.04678524912928186,59.036144578313255,0.7651853114650644
pocket,cont,noBOS,4.0,3.0,96,1671,0.014566580624130595,45.062836624775585,1162,-0.04360420317989061,42.59896729776248,0.8625184597881596
pocket,cont,posHigh,1.0,3.0,96,543,0.014464917603698993,76.42725598526704,370,-0.028351513639715456,76.75675675675676,0.7972229925464599
pocket,cont,ALL,4.0,3.0,96,1673,0.014367346366416471,45.068738792588164,1166,-0.04451197096919232,42.53859348198971,0.8598728327893562
pocket,cont,posHigh,4.0,1.5,96,543,0.013512376247359324,30.386740331491712,370,-0.08366756846991098,25.405405405405407,0.6561252571862677
flip,fade,structAgainst,3.0,3.0,96,331,0.013493910456213355,52.567975830815705,227,-0.0631476762212688,48.89867841409692,0.7910181256023895
pocket,cont,bigDisp,4.0,3.0,288,1215,0.012578050331836644,44.609053497942384,887,-0.0495755224206906,41.713641488162345,0.852427646296074
pocket,cont,noSweep,4.0,3.0,96,1584,0.012535142130771193,44.696969696969695,1104,-0.05106118516556147,42.028985507246375,0.8413548186484148
pocket,cont,noBOS,3.0,3.0,96,1671,0.01233271500241361,51.10712148414124,1162,-0.045519410685444205,48.88123924268503,0.8408360230829465
pocket,cont,ALL,3.0,3.0,96,1673,0.012139673600491003,51.10579796772265,1166,-0.04655937032393899,48.79931389365352,0.8375388142268402
pocket,cont,posHigh,3.0,2.0,24,543,0.0120484473850383,45.67219152854512,370,-0.08799869759871932,40.27027027027027,0.6217164513388101
pocket,cont,noBOS,3.0,3.0,288,1671,0.011824867095693522,51.526032315978455,1162,-0.045341146815128165,49.311531841652325,0.8450260620354296
pocket,cont,ALL,3.0,3.0,288,1673,0.011632432804239198,51.52420800956365,1166,-0.046381717993486817,49.22813036020583,0.8417800755763168
pocket,cont,structAlign,3.0,3.0,288,411,0.01114827285292516,49.87834549878345,323,-0.040480657298723424,50.15479876160991,0.8610427089941806
pocket,cont,structAgainst,3.0,2.0,24,493,0.011135121111618376,45.63894523326572,337,-0.07939793814126113,40.652818991097924,0.6404898070426281
pocket,cont,posHigh,4.0,1.5,288,543,0.009995292687537311,29.65009208103131,370,-0.08354223171123806,25.405405405405407,0.6590878428047142
pocket,cont,noSweep,3.0,3.0,96,1584,0.009476212410520192,50.69444444444444,1104,-0.05616542012477619,48.007246376811594,0.8076567583602092
pocket,cont,posHigh,1.0,3.0,24,543,0.009130823957775768,73.11233885819522,370,-0.03160614261913223,72.70270270270271,0.7672696089745085
pocket,cont,structAlign,4.0,3.0,96,411,0.008431191950936192,43.552311435523116,323,-0.012731228311022929,44.58204334365325,0.9586146566255153
pocket,cont,noSweep,3.0,3.0,288,1584,0.007682992188013142,51.07323232323232,1104,-0.05555742331790532,48.460144927536234,0.8138865188187556
pocket,cont,posHigh,3.0,1.0,288,543,0.007354991048790184,28.5451197053407,370,-0.05945548522822416,23.783783783783786,0.6605414442972835
pocket,cont,posHigh,3.0,1.0,96,543,0.007354991048790184,28.5451197053407,370,-0.060754279075830274,23.513513513513516,0.6533099072653753
pocket,cont,structAlign,1.0,3.0,24,411,0.0073509959543489566,74.20924574209245,323,-0.03405938199679841,73.37461300309597,0.752756229156402
flip,fade,sweep,3.0,3.0,288,111,0.0065400590313158535,52.25225225225225,83,-0.03210213826434427,55.42168674698795,0.8774380616393215
flip,fade,structAgainst,3.0,3.0,24,331,0.006445402032644294,52.567975830815705,227,-0.05924197087734878,49.33920704845815,0.7774251214178097
pocket,cont,bigDisp,3.0,3.0,96,1215,0.004920291329962863,51.193415637860085,887,-0.051310544366789015,48.47801578354002,0.8244697045823977
flip,fade,structAgainst,4.0,3.0,96,331,0.004837590768593495,44.41087613293052,227,-0.06159641090758359,42.290748898678416,0.8165183614013548
pocket,cont,posHigh,2.0,1.0,96,543,0.004829945575578158,36.46408839779006,370,-0.05921211685382624,32.16216216216216,0.6247736786557289
pocket,cont,posHigh,2.0,1.0,288,543,0.004829945575578158,36.46408839779006,370,-0.05921211685382624,32.16216216216216,0.6247736786557289
pocket,cont,structAgainst,3.0,1.0,24,493,0.00408141988379705,30.02028397565923,337,-0.047917344982579484,27.89317507418398,0.6950666881587825
pocket,cont,posHigh,2.0,1.0,24,543,0.003982974008943958,36.46408839779006,370,-0.05404762932374467,34.054054054054056,0.6406699671412811
pocket,cont,bigDisp,3.0,3.0,288,1215,0.0038952649446673563,51.68724279835391,887,-0.05021545587492237,48.47801578354002,0.8305185523718377
pocket,cont,sweep,2.0,2.0,24,89,0.0037839945473510986,52.80898876404494,62,-0.03740057454596032,53.2258064516129,0.7938174603032914
pocket,cont,structAlign,3.0,3.0,96,411,0.0035224046247220595,48.9051094890511,323,-0.048033441376337666,48.91640866873065,0.8347232533353195
pocket,cont,posHigh,1.0,2.0,288,543,0.003398714400492787,68.50828729281768,370,-0.03483221431556769,68.64864864864865,0.7386438313068115
pocket,cont,posHigh,1.0,2.0,96,543,0.003398714400492787,68.50828729281768,370,-0.03483221431556769,68.64864864864865,0.7386438313068115
pocket,cont,structAlign,1.0,3.0,96,411,0.0030728168064403385,75.669099756691,323,-0.03967011450170584,74.61300309597523,0.7268145840015756
pocket,cont,structAlign,1.0,3.0,288,411,0.0030728168064403385,75.669099756691,323,-0.039583168920441725,74.92260061919505,0.7280374861415365
flip,fade,structAgainst,3.0,2.0,288,331,0.003027550434655466,43.202416918429,227,-0.04826706863908887,40.52863436123348,0.8044524782925654
pocket,cont,structAlign,2.0,3.0,24,411,0.002692693717242798,57.66423357664233,323,-0.05544113369894466,55.417956656346746,0.7479643302341722
pocket,cont,noSweep,3.0,2.0,288,1584,0.002529204367038281,40.71969696969697,1104,-0.05444537995127371,39.221014492753625,0.7790493552625402
pocket,cont,posHigh,4.0,3.0,24,543,0.002504373017181677,48.25046040515654,370,-0.09704985143612163,42.16216216216216,0.6357159773873634
pocket,cont,structAlign,3.0,3.0,24,411,0.00188913489920466,50.60827250608273,323,-0.034450441804256056,50.15479876160991,0.8567066097331781
pocket,cont,structAlign,2.0,3.0,288,411,0.0018696721109630547,59.61070559610706,323,-0.06255189748064179,58.204334365325074,0.747340940596536
pocket,cont,posHigh,1.0,1.5,96,543,0.001659493355379996,63.35174953959485,370,-0.03877912959697542,60.54054054054055,0.69418137832978
pocket,cont,posHigh,1.0,1.5,288,543,0.001659493355379996,63.35174953959485,370,-0.03877912959697542,60.54054054054055,0.69418137832978
pocket,cont,noBOS,3.0,2.0,288,1671,0.0013363309139364531,40.81388390185518,1162,-0.05028346201794557,39.672977624784856,0.7940581477342372
pocket,cont,structAlign,2.0,2.0,288,411,0.0012676080297505782,49.39172749391727,323,-0.0486752672455671,50.15479876160991,0.7629987819678016
pocket,cont,ALL,3.0,2.0,288,1673,0.0012567974092529614,40.82486551105798,1166,-0.05081535168052248,39.62264150943396,0.7920915526661391
pocket,cont,structAlign,4.0,3.0,288,411,0.0010529339803062138,42.579075425790755,323,-0.0051938804314409686,45.20123839009288,0.9835513009648503
flip,fade,sweep,3.0,3.0,96,111,0.0004530666775156737,52.25225225225225,83,-0.03809616089383927,54.21686746987952,0.8557440088863385
flip,fade,structAgainst,4.0,1.5,288,331,0.00042497316970194855,31.1178247734139,227,-0.04650852233346124,27.312775330396477,0.7983230702810298
flip,fade,structAgainst,3.0,1.5,288,331,0.00038564552410266486,37.160120845921455,227,-0.06357680783068968,31.277533039647576,0.7089779188729279
flip,fade,structAgainst,3.0,1.5,96,331,0.00038564552410266486,37.160120845921455,227,-0.06697134930389606,31.277533039647576,0.6934394456825862
pocket,cont,posHigh,1.0,1.5,24,543,0.0003342476422957936,63.16758747697975,370,-0.040020658939484054,59.72972972972973,0.6839511702866837
pocket,cont,posHigh,1.0,2.0,24,543,0.00021508232187489063,67.95580110497238,370,-0.03793734368070046,66.75675675675676,0.7149963280074915
pocket,cont,noSweep,3.0,2.0,96,1584,-0.00010675219807798171,40.53030303030303,1104,-0.05298241631093836,39.039855072463766,0.7831806390400385
pocket,cont,structAgainst,2.0,1.5,24,493,-0.00021501945287478194,44.827586206896555,337,-0.0529938677882644,42.72997032640949,0.6974205364999325
flip,fade,structAgainst,4.0,1.5,96,331,-0.0005279301545282468,31.1178247734139,227,-0.04649197410078801,27.75330396475771,0.7950937921625979
pocket,cont,structAgainst,1.0,2.0,96,493,-0.000576089611083025,69.5740365111562,337,-0.0690213814037438,62.908011869436194,0.5540451267416568
pocket,cont,structAgainst,1.0,2.0,288,493,-0.000576089611083025,69.5740365111562,337,-0.0690213814037438,62.908011869436194,0.5540451267416568
pocket,cont,sweep,3.0,3.0,24,89,-0.0008632918109013412,51.68539325842697,62,0.051771011891196546,58.06451612903226,1.2902702774887262
pocket,cont,noBOS,3.0,2.0,96,1671,-0.0013684204585940201,40.694195092758825,1162,-0.048693392203329494,39.500860585197934,0.7987988606790696
pocket,cont,ALL,3.0,2.0,96,1673,-0.0014447205486062262,40.705319784817696,1166,-0.0492307366508622,39.451114922813034,0.796793615973413
pocket,cont,structAlign,2.0,2.0,96,411,-0.001557998360690743,48.9051094890511,323,-0.0486752672455671,50.15479876160991,0.7629987819678016
pocket,cont,noSweep,4.0,2.0,288,1584,-0.002018013421880625,33.90151515151515,1104,-0.05322263916712062,32.789855072463766,0.8039806061688858
pocket,cont,ALL,3.0,3.0,24,1673,-0.00206738831568602,50.68738792588165,1166,-0.04893889433700367,47.77015437392796,0.7941064669943027
flip,fade,structAgainst,3.0,2.0,96,331,-0.0021065195762103596,43.202416918429,227,-0.04988928530244116,40.969162995594715,0.7964814078988588
pocket,cont,noBOS,3.0,3.0,24,1671,-0.0021253513553316046,50.68821065230401,1162,-0.04790712583108398,47.84853700516351,0.7977962197051083
pocket,cont,noSweep,3.0,3.0,24,1584,-0.0021350427278866734,50.63131313131313,1104,-0.05459470428822506,47.19202898550724,0.7734871585185848
pocket,cont,posLow,1.0,3.0,288,553,-0.002746488148077596,77.9385171790235,350,-0.05580874577651055,71.42857142857143,0.6344263495799429
pocket,cont,structAgainst,1.0,2.0,24,493,-0.002859673364906668,68.96551724137932,337,-0.0737818108433052,61.12759643916914,0.5260503591660383
pocket,cont,structAlign,2.0,3.0,96,411,-0.0028790760405795106,58.88077858880778,323,-0.06318289376343612,57.89473684210527,0.744448221352482
pocket,cont,noBOS,4.0,2.0,288,1671,-0.002899035966457479,34.05146618791143,1162,-0.050671348248297284,32.96041308089501,0.8124360114764189
pocket,cont,ALL,4.0,2.0,288,1673,-0.0032578507582938913,34.01075911536163,1166,-0.051063145225537364,32.933104631217844,0.811097338409468
pocket,cont,posLow,1.0,3.0,96,553,-0.0034593418169333074,77.75768535262206,350,-0.055567523433617025,71.14285714285714,0.6341599350293236
pocket,cont,noSweep,1.0,3.0,288,1584,-0.0036860765523652342,76.4520202020202,1104,-0.0496338027239939,73.36956521739131,0.6759226858916608
pocket,cont,noSweep,1.0,3.0,96,1584,-0.00397404917438162,76.32575757575758,1104,-0.04958276613226888,73.18840579710145,0.67553182196924
pocket,cont,structAgainst,3.0,3.0,96,493,-0.004096114255582466,50.50709939148072,337,-0.046949982081974456,48.367952522255194,0.8366846728415912
pocket,cont,posLow,1.0,3.0,24,553,-0.004099453741795367,75.9493670886076,350,-0.057219535815996606,69.14285714285714,0.6170638433986516
pocket,cont,noBOS,2.0,3.0,288,1671,-0.004199787467092594,60.921603830041896,1162,-0.04816118792595057,59.552495697074015,0.7970293150102858
pocket,cont,structAgainst,3.0,3.0,288,493,-0.004346052794722135,50.50709939148072,337,-0.04464514143188578,48.96142433234421,0.8473056113505791
pocket,cont,ALL,2.0,3.0,288,1673,-0.004429933866322143,60.90854751942618,1166,-0.04933084689310685,59.43396226415094,0.7927672315145176
pocket,cont,structAgainst,2.0,1.5,96,493,-0.004611153914046396,43.81338742393509,337,-0.04332033390832079,43.62017804154303,0.7580090056587059
pocket,cont,structAgainst,2.0,1.5,288,493,-0.004611153914046396,43.81338742393509,337,-0.04332033390832079,43.62017804154303,0.7580090056587059
pocket,cont,structAgainst,2.0,2.0,24,493,-0.004913479805438959,50.709939148073026,337,-0.0662500873537669,47.774480712166174,0.6685595613156875
flip,cont,noBOS,3.0,3.0,96,131,-0.004972846613288509,47.32824427480916,80,0.12262248509180022,63.74999999999999,1.5607304802808617
flip,fade,structAgainst,3.0,1.5,24,331,-0.005011931449233799,38.368580060422964,227,-0.05312805475138489,34.36123348017621,0.7416422377704058
pocket,cont,noSweep,3.0,1.5,288,1584,-0.0055108930720748316,34.217171717171716,1104,-0.04971147414690145,32.69927536231884,0.7640418538160232
pocket,cont,ALL,1.0,3.0,288,1673,-0.0055353852276880285,76.3299462044232,1166,-0.04883191997974435,73.4991423670669,0.6792725971911646
pocket,cont,noBOS,1.0,3.0,288,1671,-0.0056515542161937075,76.30161579892281,1162,-0.04866886469792929,73.58003442340791,0.6799981680523687
pocket,cont,noBOS,2.0,3.0,96,1671,-0.0056749599487310775,60.502692998204665,1162,-0.047142703962249066,59.466437177280554,0.7992324512805425
pocket,cont,noSweep,4.0,2.0,96,1584,-0.005793948998335289,34.532828282828284,1104,-0.04913236702804867,33.242753623188406,0.8153927816486018
pocket,cont,ALL,1.0,3.0,96,1673,-0.005808038325879272,76.2104004781829,1166,-0.048783597169054456,73.32761578044597,0.6789075027949432
pocket,cont,noSweep,3.0,1.5,96,1584,-0.005852354262037611,34.217171717171716,1104,-0.04910088526469612,32.518115942028984,0.7655563347900378
pocket,cont,noSweep,1.0,3.0,24,1584,-0.005856319766650923,74.17929292929293,1104,-0.04924240363849363,70.1086956521739,0.6668523764128567
pocket,cont,ALL,2.0,3.0,96,1673,-0.005903342842304157,60.49013747758517,1166,-0.0483158568709618,59.348198970840485,0.7949110928442998
pocket,cont,noBOS,1.0,3.0,96,1671,-0.005924533649631142,76.18192698982645,1162,-0.048620375543656974,73.407917383821,0.6796329700022364
pocket,cont,noBOS,2.0,2.0,288,1671,-0.005945472445713849,50.62836624775583,1162,-0.053729807503681004,49.5697074010327,0.7406969021638156
pocket,cont,ALL,2.0,2.0,288,1673,-0.006073169763137462,50.627615062761514,1166,-0.054388636398023264,49.48542024013722,0.7379922060746289
pocket,cont,ALL,2.0,3.0,24,1673,-0.0061987182824798604,57.14285714285714,1166,-0.0509849119647365,54.8885077186964,0.758909261613114
pocket,cont,noBOS,2.0,3.0,24,1671,-0.006204689098606631,57.151406343506885,1162,-0.04982094685324847,54.99139414802065,0.7634562957931289
pocket,cont,structAgainst,1.0,1.5,96,493,-0.006568112685513466,62.27180527383367,337,-0.0690449770401634,54.59940652818991,0.5209075523057529
pocket,cont,structAgainst,1.0,1.5,288,493,-0.006568112685513466,62.27180527383367,337,-0.0690449770401634,54.59940652818991,0.5209075523057529
pocket,fade,structAgainst,4.0,2.0,288,493,-0.006665166808181861,35.699797160243406,337,-0.04555629405480842,32.34421364985163,0.831019665883162
pocket,cont,noBOS,4.0,2.0,96,1671,-0.006822889770492536,34.76959904248953,1162,-0.04715083370246112,33.47676419965577,0.8218378887704988
pocket,cont,ALL,4.0,2.0,96,1673,-0.007177013762802309,34.72803347280335,1166,-0.04755470791656513,33.44768439108062,0.8204329229701455
pocket,cont,structAgainst,1.0,1.5,24,493,-0.007492134207063214,62.06896551724138,337,-0.06930906694763324,54.3026706231454,0.5156951637465027
pocket,cont,noSweep,2.0,3.0,288,1584,-0.007573747300999904,60.47979797979798,1104,-0.054842505653854685,58.87681159420289,0.7733601737971069
pocket,cont,ALL,1.0,3.0,24,1673,-0.007580296148744831,73.99880454273759,1166,-0.048670716396858625,70.15437392795883,0.668558900328175
pocket,cont,noBOS,1.0,3.0,24,1671,-0.007698912666779008,73.96768402154399,1162,-0.048507106197374424,70.22375215146299,0.6692610272735935
pocket,cont,noSweep,2.0,3.0,24,1584,-0.00785971230774111,57.00757575757576,1104,-0.05465594399384374,54.43840579710145,0.7454262490777483
pocket,cont,bigDisp,3.0,2.0,288,1215,-0.008026662512412014,40.74074074074074,887,-0.05326077439101819,39.45885005636979,0.783724812085314
pocket,cont,noSweep,2.0,2.0,288,1584,-0.00843202181527418,50.252525252525245,1104,-0.05552909882141906,49.275362318840585,0.7337706333737697
pocket,cont,noSweep,2.0,3.0,96,1584,-0.008874834467161447,60.1010101010101,1104,-0.05419088200499335,58.78623188405797,0.7740186070190407
pocket,cont,noBOS,2.0,2.0,96,1671,-0.008979263449931364,50.50867743865949,1162,-0.05327156943981442,49.5697074010327,0.742338571206127
pocket,cont,structAgainst,4.0,1.5,24,493,-0.008991894920197566,37.93103448275862,337,-0.04986563566394326,34.124629080118694,0.7474662891196747
pocket,cont,ALL,2.0,2.0,96,1673,-0.009103333999866375,50.508069336521224,1166,-0.05393197033437577,49.48542024013722,0.739619301466222
flip,cont,noBOS,2.0,2.0,24,131,-0.009125087113314992,50.38167938931297,80,0.009286709725189728,57.49999999999999,1.056252577148102
pocket,cont,noSweep,3.0,1.5,24,1584,-0.00931383147350722,38.005050505050505,1104,-0.04678504006960073,35.869565217391305,0.7560598589333954
flip,cont,noBOS,2.0,1.5,24,131,-0.00941459163199344,41.221374045801525,80,0.00045264964342480173,50.0,1.00285632519966
pocket,cont,bigDisp,4.0,2.0,288,1215,-0.009527832236601782,34.32098765432099,887,-0.05058803175866828,33.14543404735062,0.8133835392854404
pocket,cont,noBOS,3.0,1.5,288,1671,-0.009624187779714822,34.05146618791143,1162,-0.045728290331123314,33.218588640275385,0.7809879390809013
pocket,cont,ALL,3.0,1.5,288,1673,-0.009640437357716096,34.070531978481775,1166,-0.04602994328139505,33.19039451114923,0.7796742910900869
flip,fade,noBOS,2.0,3.0,288,131,-0.009836790093009999,63.358778625954194,80,-0.16183283910357588,47.5,0.4981856990724222
pocket,cont,noBOS,3.0,1.5,96,1671,-0.00994787091849462,34.05146618791143,1162,-0.04514817834665286,33.04647160068847,0.7825358946398973
flip,fade,structAgainst,3.0,2.0,24,331,-0.009952712356137618,44.10876132930513,227,-0.036701752193640205,42.731277533039645,0.8356946578535233
pocket,cont,ALL,3.0,1.5,96,1673,-0.009963733547136921,34.070531978481775,1166,-0.04545182138949567,33.0188679245283,0.7812085388331234
pocket,fade,structAgainst,4.0,2.0,96,493,-0.010050715914243726,35.902636916835704,337,-0.05017939470399753,32.640949554896146,0.8124329271992637
pocket,cont,structAgainst,1.0,3.0,24,493,-0.010207899395803188,73.83367139959432,337,-0.0644155806560274,67.06231454005935,0.5913047166270919
pocket,cont,structAgainst,3.0,3.0,24,493,-0.010309360307275589,49.49290060851927,337,-0.06330983912016151,46.88427299703264,0.7308522502466553
pocket,cont,noSweep,2.0,1.5,24,1584,-0.01078850922418983,44.44444444444444,1104,-0.04988413684444926,42.481884057971016,0.7150425915902541
pocket,cont,ALL,2.0,1.5,24,1673,-0.011327095483799135,44.411237298266585,1166,-0.048447751995477614,42.881646655231556,0.7218043783391621
pocket,cont,noBOS,2.0,1.5,24,1671,-0.011339204393524132,44.40454817474566,1162,-0.048015182271260094,42.943201376936315,0.7239015648820271
pocket,cont,posHigh,3.0,1.0,24,543,-0.011391591194459537,30.386740331491712,370,-0.058985029121847166,27.56756756756757,0.6386884186752867
pocket,cont,bigDisp,2.0,3.0,288,1215,-0.011430872400580673,60.82304526748972,887,-0.05509134468578206,58.39909808342728,0.773112739639073
pocket,cont,bigDisp,3.0,2.0,96,1215,-0.01149042518178094,40.49382716049383,887,-0.05182405389301432,39.57158962795941,0.7887241505968919
pocket,cont,noSweep,2.0,2.0,96,1584,-0.011632441492071818,50.12626262626263,1104,-0.05525742910714431,49.275362318840585,0.7347276135069055
pocket,cont,posLow,4.0,1.5,288,553,-0.011648627366464024,28.75226039783002,350,-0.02073867004664305,28.000000000000004,0.9020511636219428
pocket,cont,bigDisp,3.0,3.0,24,1215,-0.01166278462472881,50.78189300411523,887,-0.053282573329708115,47.576099210822996,0.786770781741686
flip,fade,posHigh,1.0,3.0,288,900,-0.012161212025798658,75.44444444444444,619,-0.032820569596266135,76.25201938610662,0.7636180410290713
pocket,cont,structAlign,2.0,2.0,24,411,-0.01234882849750067,49.63503649635037,323,-0.03864967289394424,50.77399380804953,0.7977429259843825
flip,fade,posHigh,1.0,3.0,96,900,-0.01235828976171869,75.44444444444444,619,-0.032820569596266135,76.25201938610662,0.7636180410290713
pocket,cont,ALL,3.0,1.5,24,1673,-0.012421481164188708,37.89599521817095,1166,-0.044503892542508465,36.19210977701543,0.767071443453504
pocket,cont,noBOS,3.0,1.5,24,1671,-0.012491836894257393,37.881508078994614,1162,-0.044196986405528,36.23063683304647,0.768452711450756
pocket,cont,ALL,2.0,2.0,24,1673,-0.01263278288441566,50.388523610280934,1166,-0.0524413735258295,48.62778730703259,0.7298775516855733
pocket,cont,noBOS,2.0,2.0,24,1671,-0.012646454555840975,50.38898862956314,1162,-0.05177584148907005,48.709122203098104,0.7327249471031757
pocket,cont,posHigh,4.0,1.0,96,543,-0.01264747263438482,22.099447513812155,370,-0.06436408204844134,18.91891891891892,0.6530435490854961
pocket,cont,structAgainst,1.0,3.0,288,493,-0.012762153300056167,76.06490872210954,337,-0.05977566684780666,72.40356083086054,0.62994428032186
pocket,cont,posLow,4.0,1.5,96,553,-0.012954562050376258,28.933092224231466,350,-0.023571048819414752,28.000000000000004,0.8873678004349139
pocket,cont,structAgainst,1.0,3.0,96,493,-0.013130724809271641,75.86206896551724,337,-0.05952513919198252,72.10682492581603,0.6296604924722653
pocket,fade,sweep,1.0,3.0,288,89,-0.013231793033016859,76.40449438202246,62,-0.06428574373011915,70.96774193548387,0.5993484371932979
pocket,fade,sweep,1.0,3.0,96,89,-0.013231793033016859,76.40449438202246,62,-0.06428574373011915,70.96774193548387,0.5993484371932979
pocket,cont,structAgainst,4.0,3.0,288,493,-0.013270320305533505,42.799188640973625,337,-0.006279914118128956,44.80712166172107,0.979958399777827
pocket,cont,bigDisp,1.0,3.0,288,1215,-0.013472004255693493,75.55555555555556,887,-0.05144389634359693,72.82976324689966,0.6682023573332823
flip,cont,noBOS,3.0,3.0,288,131,-0.013484414121377526,47.32824427480916,80,0.12262248509180022,63.74999999999999,1.5607304802808617
pocket,cont,noSweep,2.0,2.0,24,1584,-0.013555190202235891,50.252525252525245,1104,-0.053286056077235196,48.369565217391305,0.7265347579983507
flip,fade,structAgainst,4.0,3.0,288,331,-0.013674427910556196,43.50453172205438,227,-0.0642527418097426,41.85022026431718,0.8143141070670273
pocket,cont,bigDisp,1.0,3.0,96,1215,-0.013697883168640596,75.47325102880659,887,-0.05144389634359693,72.82976324689966,0.6682023573332823
pocket,cont,posHigh,4.0,1.0,288,543,-0.013786946170596427,21.731123388581953,370,-0.0650010966930562,18.64864864864865,0.6517641168658619
pocket,cont,noSweep,4.0,3.0,24,1584,-0.013896121347140453,48.42171717171717,1104,-0.05115278983845763,44.20289855072464,0.7971500817593575
pocket,cont,posHigh,1.0,1.0,24,543,-0.013963569726271179,52.67034990791897,370,-0.030088118524346924,51.891891891891895,0.7187585790799418
pocket,cont,posHigh,1.0,1.0,288,543,-0.013963569726271179,52.67034990791897,370,-0.02923970461976515,52.16216216216216,0.7263951849656564
pocket,cont,posHigh,1.0,1.0,96,543,-0.013963569726271179,52.67034990791897,370,-0.02923970461976515,52.16216216216216,0.7263951849656564
pocket,cont,noSweep,3.0,2.0,24,1584,-0.01414106824912813,43.87626262626262,1104,-0.05133042047938051,41.66666666666667,0.76162537157337
pocket,cont,noSweep,2.0,1.5,96,1584,-0.014163448904669456,43.686868686868685,1104,-0.048397647722013055,42.844202898550726,0.7327471775884835
pocket,cont,noSweep,2.0,1.5,288,1584,-0.014163448904669456,43.686868686868685,1104,-0.048574612070710725,42.844202898550726,0.7320318354692851
flip,cont,BOS+struct,3.0,3.0,24,648,-0.014207733935666262,47.68518518518518,463,-0.07191245404827887,43.412526997840175,0.7102902255146666
flip,fade,noBOS,2.0,3.0,96,131,-0.014245599792137945,63.358778625954194,80,-0.16183283910357588,47.5,0.4981856990724222
pocket,cont,structAlign,1.0,2.0,24,411,-0.014289097332928845,66.42335766423358,323,-0.022316261266030896,68.73065015479877,0.8147227575374378
pocket,cont,noBOS,4.0,3.0,24,1671,-0.014304756009881296,48.53381208856972,1162,-0.04729394049885216,44.57831325301205,0.8101050391079018
pocket,cont,ALL,4.0,3.0,24,1673,-0.014362301915511886,48.53556485355649,1166,-0.04818905052719689,44.51114922813036,0.8070716082449232
pocket,cont,bigDisp,4.0,2.0,96,1215,-0.014421646320961963,34.81481481481482,887,-0.04464433900878459,34.04735062006765,0.8322725232347556
pocket,cont,noBOS,2.0,1.5,288,1671,-0.014639145310539661,43.68641532016756,1162,-0.046205658517890776,43.28743545611016,0.7429839044737054
pocket,cont,noBOS,2.0,1.5,96,1671,-0.014639145310539661,43.68641532016756,1162,-0.04603752715733808,43.28743545611016,0.7436794084889004
pocket,cont,ALL,2.0,1.5,96,1673,-0.014706268618589872,43.69396294082487,1166,-0.04647688129017969,43.22469982847341,0.7415560650352621
pocket,cont,ALL,2.0,1.5,288,1673,-0.014706268618589872,43.69396294082487,1166,-0.0466444358707648,43.22469982847341,0.740865785162741
pocket,cont,noSweep,1.0,2.0,96,1584,-0.015403074650426259,67.48737373737373,1104,-0.04629713541960361,65.76086956521739,0.6649699714766524
pocket,cont,noSweep,1.0,2.0,288,1584,-0.015403074650426259,67.48737373737373,1104,-0.04629713541960361,65.76086956521739,0.6649699714766524
pocket,cont,ALL,3.0,2.0,24,1673,-0.015538195187288531,43.93305439330544,1166,-0.04886600435285303,41.93825042881647,0.7722209011341802
pocket,cont,sweep,2.0,1.0,96,89,-0.015583897961455755,33.70786516853933,62,-0.02992230341475961,37.096774193548384,0.7830362964501
pocket,cont,sweep,2.0,1.0,288,89,-0.015583897961455755,33.70786516853933,62,-0.02992230341475961,37.096774193548384,0.7830362964501
pocket,cont,noBOS,3.0,2.0,24,1671,-0.015612281275254403,43.92579293836027,1162,-0.04832740437245282,41.996557659208264,0.7743616593798152
pocket,cont,bigDisp,2.0,3.0,96,1215,-0.01564633248034053,60.32921810699589,887,-0.05432121744475845,58.511837655016905,0.7750675898117576
pocket,cont,structAlign,1.0,2.0,96,411,-0.01566950383432929,66.18004866180048,323,-0.0245058566107453,69.04024767801857,0.8004255357444711
pocket,cont,structAlign,1.0,2.0,288,411,-0.01566950383432929,66.18004866180048,323,-0.0245058566107453,69.04024767801857,0.8004255357444711
pocket,cont,noSweep,1.0,1.5,96,1584,-0.015693412053688252,61.30050505050505,1104,-0.049495563211185443,58.06159420289855,0.6213972807839372
pocket,cont,noSweep,1.0,1.5,288,1584,-0.015693412053688252,61.30050505050505,1104,-0.049495563211185443,58.06159420289855,0.6213972807839372
pocket,cont,noSweep,1.0,1.5,24,1584,-0.015760037444952905,61.36363636363637,1104,-0.05046081649028009,57.33695652173913,0.6136081474820536
pocket,cont,noSweep,1.0,2.0,24,1584,-0.015775304453174932,67.2979797979798,1104,-0.048372036664048663,64.31159420289855,0.6493754546869521
pocket,cont,noSweep,4.0,1.5,96,1584,-0.016402618881415327,28.40909090909091,1104,-0.040615690314455,27.717391304347828,0.8180198492259126
pocket,cont,posLow,2.0,1.5,24,553,-0.016405778288291258,44.12296564195298,350,-0.03566451261944835,44.0,0.7806928788206904
pocket,cont,structAgainst,2.0,2.0,96,493,-0.016407860553905255,50.10141987829615,337,-0.05975851325040044,48.96142433234421,0.7165576306120827
pocket,cont,structAlign,4.0,2.0,96,411,-0.01644665929275205,32.846715328467155,323,0.010836008894843947,38.39009287925697,1.0442485946288014
flip,cont,noBOS,2.0,1.5,96,131,-0.01645086155617775,40.458015267175576,80,0.017556582271287296,50.0,1.1107861435214312
flip,cont,noBOS,2.0,1.5,288,131,-0.01645086155617775,40.458015267175576,80,0.017556582271287296,50.0,1.1107861435214312
pocket,cont,noSweep,4.0,1.5,288,1584,-0.016528706067560336,27.77777777777778,1104,-0.0421641338549601,27.445652173913043,0.8138816808738365
pocket,cont,ALL,1.0,2.0,288,1673,-0.016544157054374994,67.42378959952183,1166,-0.04759218665711499,65.60891938250428,0.6573384292310689
pocket,cont,ALL,1.0,2.0,96,1673,-0.016544157054374994,67.42378959952183,1166,-0.04759218665711499,65.60891938250428,0.6573384292310689
pocket,cont,posLow,4.0,1.0,288,553,-0.01658696785961023,22.24231464737794,350,-0.017644190469779827,22.0,0.8928899122220042
pocket,fade,sweep,4.0,1.5,288,89,-0.0166418420348005,26.96629213483146,62,-0.09456459986329675,20.967741935483872,0.6001417369668666
pocket,cont,noBOS,1.0,2.0,288,1671,-0.016673502310776175,67.38479952124476,1162,-0.04763139301406877,65.66265060240963,0.6570467637333142
pocket,cont,noBOS,1.0,2.0,96,1671,-0.016673502310776175,67.38479952124476,1162,-0.04763139301406877,65.66265060240963,0.6570467637333142
flip,fade,posHigh,2.0,3.0,288,900,-0.016856822617620188,59.333333333333336,619,-0.04669507034994152,58.966074313408726,0.8022757390228674
flip,fade,structAgainst,4.0,1.5,24,331,-0.01705132197022431,35.34743202416919,227,-0.03497037146004335,32.59911894273127,0.8332420196333296
pocket,cont,ALL,1.0,2.0,24,1673,-0.01706735463840368,67.1249252839211,1166,-0.049636417395155584,64.15094339622641,0.6419901199010107
pocket,cont,structAlign,4.0,3.0,24,411,-0.017085543728089694,47.688564476885645,323,-0.0054096404008109,48.60681114551084,0.9780233175439705
flip,cont,noBOS,4.0,3.0,24,131,-0.01714578333974205,41.98473282442748,80,0.1039797776418911,53.75,1.5638680261948081
pocket,cont,noBOS,1.0,2.0,24,1671,-0.0171973261037624,67.0855774985039,1162,-0.049682660690966655,64.19965576592082,0.6416445888871457
flip,fade,BOS+struct,1.0,2.0,96,648,-0.017219983205509985,68.20987654320987,463,-0.023622647773931204,68.89848812095032,0.801410044036239
flip,fade,BOS+struct,1.0,2.0,288,648,-0.017219983205509985,68.20987654320987,463,-0.023622647773931204,68.89848812095032,0.801410044036239
pocket,cont,posLow,4.0,1.0,96,553,-0.017231969403459883,22.24231464737794,350,-0.01732120565541215,22.285714285714285,0.8944011104223523
flip,fade,BOS+struct,1.0,2.0,24,648,-0.01734573742672933,68.05555555555556,463,-0.023665609412922672,68.68250539956804,0.8007471332290832
pocket,cont,structAgainst,2.0,1.0,96,493,-0.017517643533118184,33.67139959432049,337,-0.04164132603120931,33.23442136498516,0.7183372399370997
pocket,cont,structAgainst,2.0,1.0,288,493,-0.017517643533118184,33.67139959432049,337,-0.04164132603120931,33.23442136498516,0.7183372399370997
pocket,cont,posLow,1.0,2.0,24,553,-0.017521292410256125,67.99276672694394,350,-0.04784200142544397,63.714285714285715,0.638769564360956
pocket,cont,structAlign,2.0,1.5,24,411,-0.0178103885415136,43.552311435523116,323,-0.033558691710156255,44.89164086687307,0.8021892693264976
pocket,cont,bigDisp,2.0,2.0,288,1215,-0.01781604391330144,50.123456790123456,887,-0.059501208000656045,48.81623449830891,0.7182124306000969
pocket,cont,sweep,2.0,1.0,24,89,-0.018069104418339678,33.70786516853933,62,-0.03134320868322918,38.70967741935484,0.7701540296840697
pocket,cont,structAgainst,2.0,2.0,288,493,-0.018071124933663283,49.89858012170386,337,-0.060448570418512176,48.96142433234421,0.7142199668501074
flip,fade,structAgainst,4.0,2.0,288,331,-0.01810543320194105,35.04531722054381,227,-0.03487097977246089,35.24229074889868,0.8697013880906728
pocket,cont,structAlign,4.0,2.0,288,411,-0.0181422232462483,31.630170316301705,323,0.0076179813587483386,38.080495356037154,1.0304887927804587
pocket,cont,ALL,1.0,1.5,24,1673,-0.018244504697600528,61.02809324566647,1166,-0.05057103938090676,57.46140651801029,0.6123782542675689
pocket,cont,structAlign,1.0,1.5,24,411,-0.01825285967571709,60.82725060827251,323,-0.022944366747871335,62.538699690402474,0.7970725945762606
pocket,cont,ALL,1.0,1.5,288,1673,-0.01831241712622624,60.968320382546324,1166,-0.049657111747870325,58.147512864494,0.6197621921878014
pocket,cont,ALL,1.0,1.5,96,1673,-0.01831241712622624,60.968320382546324,1166,-0.049657111747870325,58.147512864494,0.6197621921878014
pocket,cont,noBOS,1.0,1.5,24,1671,-0.01837588507984638,60.98144823459006,1162,-0.05072376457578234,57.48709122203098,0.6114175048448385
pocket,cont,structAgainst,2.0,1.0,24,493,-0.018410361113286398,34.07707910750507,337,-0.04399654111300588,33.531157270029674,0.6971070958976278
pocket,cont,posLow,3.0,1.5,288,553,-0.01842025978922708,33.815551537070526,350,-0.03239633734341312,33.42857142857143,0.8352126739447856
pocket,cont,posLow,3.0,1.5,96,553,-0.01842025978922708,33.815551537070526,350,-0.031838141226378174,33.42857142857143,0.8375908644286337
pocket,cont,noBOS,1.0,1.5,288,1671,-0.018443878792049142,60.921603830041896,1162,-0.049806690892374,58.17555938037866,0.6188237986673317
pocket,cont,noBOS,1.0,1.5,96,1671,-0.018443878792049142,60.921603830041896,1162,-0.049806690892374,58.17555938037866,0.6188237986673317
flip,fade,posHigh,3.0,3.0,288,900,-0.018613951906480682,50.22222222222222,619,-0.046659533478259366,49.27302100161551,0.8406421466390727
pocket,cont,structAlign,1.0,1.5,96,411,-0.018696711223904025,60.58394160583942,323,-0.0231190709530649,62.848297213622295,0.796118389319078
pocket,cont,structAlign,1.0,1.5,288,411,-0.018696711223904025,60.58394160583942,323,-0.0231190709530649,62.848297213622295,0.796118389319078
pocket,cont,structAgainst,4.0,1.0,96,493,-0.018895570065230786,21.703853955375255,337,-0.02301496080112103,21.958456973293767,0.8654460731457831
flip,cont,noBOS,2.0,2.0,96,131,-0.019003215565839796,49.61832061068702,80,0.0323261842005496,58.75,1.189411183238223
flip,cont,noBOS,2.0,2.0,288,131,-0.019003215565839796,49.61832061068702,80,0.0323261842005496,58.75,1.189411183238223
flip,fade,posHigh,1.0,3.0,24,900,-0.01903650860760694,73.44444444444444,619,-0.02816620639931808,74.95961227786752,0.787059946302866
pocket,cont,posLow,1.0,2.0,96,553,-0.01907654440592322,68.1735985533454,350,-0.04463490575443133,65.14285714285715,0.6619421602729106
pocket,cont,posLow,1.0,2.0,288,553,-0.01907654440592322,68.1735985533454,350,-0.04463490575443133,65.14285714285715,0.6619421602729106
pocket,cont,bigDisp,3.0,1.5,24,1215,-0.01932382237061017,37.61316872427983,887,-0.041046891039531,36.18940248027058,0.7889825162675344
pocket,cont,posHigh,4.0,1.5,24,543,-0.019328646862908205,37.93738489871086,370,-0.08423297457543413,30.270270270270274,0.6066959319622618
pocket,cont,posLow,1.0,1.5,24,553,-0.019374758530460463,61.30198915009042,350,-0.05036643812492415,56.57142857142857,0.5998849470727888
flip,cont,structAlign,3.0,3.0,24,718,-0.01940213417841603,46.65738161559889,499,-0.057966442654112396,44.28857715430862,0.7596339312368565
pocket,cont,posLow,3.0,1.5,24,553,-0.0194811228461055,37.070524412296564,350,-0.03219521426964262,37.142857142857146,0.820648378600677
pocket,cont,bigDisp,1.0,3.0,24,1215,-0.01986989029263925,73.33333333333333,887,-0.0509614379328453,70.68771138669673,0.6632573473871864
pocket,cont,posLow,4.0,3.0,288,553,-0.019905629213335475,45.20795660036166,350,-0.026743250322067997,42.285714285714285,0.913899924494811
pocket,cont,bigDisp,2.0,1.5,24,1215,-0.01999873493397198,43.78600823045268,887,-0.046894693278377836,42.95377677564825,0.7339787150041717
pocket,cont,posLow,1.0,1.5,288,553,-0.020036775314222665,61.30198915009042,350,-0.049166235135455656,57.14285714285714,0.6102344145275531
pocket,cont,posLow,1.0,1.5,96,553,-0.020036775314222665,61.30198915009042,350,-0.049166235135455656,57.14285714285714,0.6102344145275531
pocket,cont,noSweep,3.0,1.0,288,1584,-0.02033310563536183,25.63131313131313,1104,-0.03521977915876416,25.543478260869566,0.7852175757624456
pocket,cont,bigDisp,2.0,3.0,24,1215,-0.020624313396599994,57.03703703703704,887,-0.0551131961736311,54.79143179255919,0.7502518512596076
pocket,cont,structAgainst,4.0,1.0,288,493,-0.020852535498392402,21.29817444219067,337,-0.024382049348444585,21.364985163204746,0.8590923768788786
pocket,cont,noSweep,3.0,1.0,96,1584,-0.020873265214097755,25.63131313131313,1104,-0.03510348006703696,25.543478260869566,0.7856765451028629
pocket,cont,structAgainst,4.0,2.0,24,493,-0.020905733501875648,43.6105476673428,337,-0.06664250262919508,38.87240356083086,0.7057769755150703
pocket,cont,sweep,2.0,1.5,24,89,-0.02091272059864345,43.82022471910113,62,-0.02287083468475675,50.0,0.8552265927526452
pocket,cont,noBOS,4.0,1.5,96,1671,-0.020933959180423855,28.30640335128665,1162,-0.03847180989551575,28.055077452667813,0.8266543481862956
pocket,cont,posLow,2.0,1.5,96,553,-0.021153361344115235,43.942133815551536,350,-0.035362414488301096,43.714285714285715,0.7895916277741479
pocket,cont,posLow,2.0,1.5,288,553,-0.021153361344115235,43.942133815551536,350,-0.03592061060533605,43.714285714285715,0.7869778394082565
pocket,cont,noBOS,4.0,1.5,288,1671,-0.02117831393695551,27.648114901256733,1162,-0.039335867801140054,27.710843373493976,0.8253952784046233
pocket,cont,ALL,4.0,1.5,96,1673,-0.021192598448592167,28.272564255827852,1166,-0.03865959440287248,28.044596912521442,0.8258703276460428
pocket,cont,structAgainst,4.0,1.5,96,493,-0.021205804731773793,28.803245436105477,337,-0.04273092288957913,27.596439169139465,0.8085062876196217
pocket,cont,bigDisp,3.0,1.5,288,1215,-0.02120894026758733,33.744855967078195,887,-0.044845036888664286,33.370913190529876,0.7856343414234966
pocket,cont,structAgainst,1.0,1.0,24,493,-0.021332963866522798,49.89858012170386,337,-0.058600590571489024,44.80712166172107,0.517107122615228
pocket,cont,structAgainst,4.0,1.5,288,493,-0.02135719283624248,28.1947261663286,337,-0.037467380698798416,27.89317507418398,0.833830885316163
pocket,cont,sweep,3.0,2.0,288,89,-0.021389187097847498,42.69662921348314,62,0.013822571076079928,46.774193548387096,1.0662119285062137
pocket,cont,ALL,4.0,1.5,288,1673,-0.021436661089455522,27.615062761506277,1166,-0.03952068813043289,27.70154373927959,0.8246275627919011
pocket,cont,bigDisp,3.0,1.5,96,1215,-0.02165410448561288,33.744855967078195,887,-0.04373673950391819,33.483652762119505,0.7902314168687421
flip,fade,posHigh,1.0,2.0,96,900,-0.021668303927753645,66.77777777777779,619,-0.027802089776893576,69.30533117932148,0.7756003330212031
flip,fade,posHigh,1.0,2.0,288,900,-0.021668303927753645,66.77777777777779,619,-0.027802089776893576,69.30533117932148,0.7756003330212031
pocket,fade,structAgainst,4.0,1.5,96,493,-0.02171189585348572,29.20892494929006,337,-0.04465367850545716,27.002967359050444,0.802232829289477
pocket,cont,posLow,4.0,1.5,24,553,-0.021820161053620314,35.081374321880645,350,-0.027878102250639553,34.85714285714286,0.8503724230237726
pocket,fade,structAgainst,4.0,1.5,288,493,-0.022066376623838306,29.006085192697768,337,-0.0425595060249214,26.706231454005934,0.8127943635010061
flip,fade,structAlign,1.0,2.0,96,718,-0.02213211498502451,67.82729805013928,499,-0.027100412965505027,68.5370741482966,0.778843234219035
flip,fade,structAlign,1.0,2.0,288,718,-0.02213211498502451,67.82729805013928,499,-0.027100412965505027,68.5370741482966,0.778843234219035
pocket,cont,structAgainst,1.0,1.0,288,493,-0.022139198738708607,49.69574036511156,337,-0.05832914577622744,44.80712166172107,0.5206448536440433
pocket,cont,structAgainst,1.0,1.0,96,493,-0.022139198738708607,49.69574036511156,337,-0.05832914577622744,44.80712166172107,0.5206448536440433
pocket,cont,posLow,2.0,3.0,24,553,-0.022140697102872177,58.77034358047016,350,-0.038178248756281404,56.285714285714285,0.8117620197978456
flip,fade,structAlign,1.0,2.0,24,718,-0.022245609045400738,67.68802228412257,499,-0.02690305919049007,68.13627254509018,0.7788245794457698
pocket,cont,structAlign,2.0,1.5,288,411,-0.02239952161564653,42.33576642335766,323,-0.04013135496786622,43.962848297213625,0.7741664489377348
pocket,cont,structAlign,2.0,1.5,96,411,-0.02239952161564653,42.33576642335766,323,-0.04013135496786622,43.962848297213625,0.7741664489377348
flip,cont,noBOS,2.0,1.0,96,131,-0.022403762197300458,32.06106870229007,80,-0.011354125731334276,36.25,0.9205104195960434
flip,cont,noBOS,2.0,1.0,288,131,-0.022403762197300458,32.06106870229007,80,-0.011354125731334276,36.25,0.9205104195960434
flip,cont,noBOS,2.0,1.0,24,131,-0.022403762197300458,32.06106870229007,80,-0.012833760388653203,37.5,0.907491049753697
flip,fade,structAgainst,4.0,2.0,96,331,-0.022633434532025317,35.34743202416919,227,-0.03920440730507319,35.24229074889868,0.8512246660287169
flip,fade,posHigh,1.0,2.0,24,900,-0.022655753560728426,66.44444444444444,619,-0.025771071960075616,68.98222940226171,0.7877059210532753
pocket,cont,sweep,4.0,3.0,24,89,-0.022659268435740593,50.56179775280899,62,0.0045846301120266155,50.0,1.0221316424488842
pocket,cont,bigDisp,2.0,2.0,96,1215,-0.022663331244386364,49.876543209876544,887,-0.059501208000656045,48.81623449830891,0.7182124306000969
pocket,cont,posLow,3.0,1.0,24,553,-0.022762970067958174,28.933092224231466,350,-0.028941425997574197,29.714285714285715,0.8038546055603744
pocket,cont,ALL,3.0,1.0,288,1673,-0.022803353106081673,25.463239689181112,1166,-0.03418260727273435,25.728987993138936,0.7907938412598383
pocket,cont,noBOS,3.0,1.0,288,1671,-0.02285309922134717,25.433871932974267,1162,-0.03408688147328918,25.73149741824441,0.7913359816772007
flip,fade,structAgainst,3.0,1.0,96,331,-0.02288363334271366,26.888217522658607,227,-0.03313126257467337,26.87224669603524,0.7990440631112108
flip,fade,structAgainst,3.0,1.0,288,331,-0.02288363334271366,26.888217522658607,227,-0.03313126257467337,26.87224669603524,0.7990440631112108
pocket,fade,sweep,4.0,1.5,96,89,-0.022940217959503247,26.96629213483146,62,-0.09456459986329675,20.967741935483872,0.6001417369668666
pocket,cont,structAgainst,2.0,3.0,24,493,-0.023134578946983245,54.96957403651116,337,-0.0499359663340843,54.59940652818991,0.7599432071338826
pocket,cont,posLow,3.0,1.0,288,553,-0.02322986221180386,26.40144665461121,350,-0.02329564461738873,26.857142857142858,0.8491768280291294
pocket,cont,posLow,3.0,1.0,96,553,-0.02322986221180386,26.40144665461121,350,-0.02329564461738873,26.857142857142858,0.8491768280291294
flip,cont,posLow,2.0,3.0,288,886,-0.02326430746928706,60.270880361173816,615,-0.0217648615655257,61.78861788617886,0.8958955199007893
pocket,cont,ALL,3.0,1.0,96,1673,-0.02331477735755669,25.463239689181112,1166,-0.034072492180738774,25.728987993138936,0.7912361353954778
flip,cont,posLow,3.0,1.5,24,886,-0.023317654903986542,34.19864559819413,615,-0.03090136197925195,35.28455284552845,0.8353127588199888
pocket,cont,noBOS,3.0,1.0,96,1671,-0.02336513559041821,25.433871932974267,1162,-0.03397638732762065,25.73149741824441,0.791780497575001
flip,cont,bigDisp,2.0,2.0,288,1651,-0.02374114630099014,51.05996365838885,1112,-0.04408944382174481,49.3705035971223,0.7805083426713151
flip,cont,bigDisp,2.0,2.0,96,1651,-0.02374114630099014,51.05996365838885,1112,-0.04408944382174481,49.3705035971223,0.7805083426713151
pocket,cont,posLow,2.0,3.0,288,553,-0.02378789976994977,61.84448462929476,350,-0.042301333441801314,58.285714285714285,0.8120504558814711
flip,fade,sweep,2.0,2.0,288,111,-0.024263976914779682,48.64864864864865,83,-0.0771316118219814,50.602409638554214,0.621323108705392
flip,fade,sweep,2.0,2.0,96,111,-0.024263976914779682,48.64864864864865,83,-0.0771316118219814,50.602409638554214,0.621323108705392
pocket,cont,bigDisp,2.0,2.0,24,1215,-0.024272657475840516,49.876543209876544,887,-0.05524745390518397,48.365276211950395,0.7242222392009624
pocket,cont,sweep,2.0,1.5,288,89,-0.024367239706791496,43.82022471910113,62,-0.012274846762050352,50.0,0.9220171322391396
pocket,cont,sweep,2.0,1.5,96,89,-0.024367239706791496,43.82022471910113,62,-0.012274846762050352,50.0,0.9220171322391396
pocket,cont,posHigh,4.0,2.0,24,543,-0.02440970983337514,42.7255985267035,370,-0.09889001062523572,35.945945945945944,0.5961871406302198
flip,fade,posHigh,2.0,3.0,96,900,-0.024435265994594287,59.0,619,-0.047848741438381005,58.64297253634895,0.797729035682184
flip,cont,bigDisp,3.0,3.0,24,1651,-0.024500613577209306,46.9412477286493,1112,-0.03915592708152775,47.84172661870504,0.8401687043706275
flip,cont,BOS+bigDisp,2.0,2.0,288,1566,-0.024501822968176656,51.14942528735632,1059,-0.04611134708172225,49.10292728989613,0.7708483971123955
flip,cont,BOS+bigDisp,2.0,2.0,96,1566,-0.024501822968176656,51.14942528735632,1059,-0.04611134708172225,49.10292728989613,0.7708483971123955
flip,cont,posLow,2.0,3.0,96,886,-0.02483340148177089,60.0451467268623,615,-0.022072995217236033,61.6260162601626,0.8943266460364804
flip,cont,posLow,3.0,1.5,288,886,-0.024839996192992743,33.747178329571106,615,-0.02277197835775148,35.12195121951219,0.8806574453211349
flip,cont,posLow,3.0,1.5,96,886,-0.024839996192992743,33.747178329571106,615,-0.02277197835775148,35.12195121951219,0.8806574453211349
flip,cont,BOS+struct,4.0,3.0,24,648,-0.024881079934043357,42.28395061728395,463,-0.07307905422237608,39.30885529157667,0.719694072960566
flip,cont,noBOS,1.0,3.0,288,131,-0.02494923295654169,70.99236641221374,80,0.046918938863477325,85.0,1.5645533391041153
flip,cont,noBOS,1.0,3.0,96,131,-0.02494923295654169,70.99236641221374,80,0.046918938863477325,85.0,1.5645533391041153
flip,cont,BOS+bigDisp,3.0,2.0,24,1566,-0.025054463774439307,41.123882503192846,1059,-0.04706799328553906,39.94334277620396,0.7884049401973244
flip,cont,BOS+bigDisp,3.0,3.0,24,1566,-0.025066178603792743,46.87100893997446,1059,-0.044690439107231174,47.30878186968839,0.819331279986396
pocket,fade,sweep,1.0,1.0,96,89,-0.025178759130119494,55.0561797752809,62,-0.04150202361856382,48.38709677419355,0.6174224543085978
pocket,fade,sweep,1.0,1.0,288,89,-0.025178759130119494,55.0561797752809,62,-0.04150202361856382,48.38709677419355,0.6174224543085978
pocket,cont,bigDisp,1.0,1.5,288,1215,-0.0251959764083546,60.08230452674898,887,-0.048144357570491673,58.39909808342728,0.6297146076831499
pocket,cont,bigDisp,1.0,1.5,96,1215,-0.0251959764083546,60.08230452674898,887,-0.048144357570491673,58.39909808342728,0.6297146076831499
pocket,cont,sweep,3.0,2.0,96,89,-0.025257550517558305,43.82022471910113,62,0.017573365683396933,46.774193548387096,1.0857188193771588
flip,fade,structAgainst,2.0,1.5,24,331,-0.025309939376836843,45.01510574018127,227,-0.0662342693959603,39.647577092511014,0.6506221735674761
pocket,cont,sweep,4.0,2.0,288,89,-0.02532416919513218,35.95505617977528,62,-0.012610220846377527,35.483870967741936,0.9493362250904163
pocket,cont,noSweep,4.0,1.5,24,1584,-0.02536908847956731,35.73232323232323,1104,-0.042160862501413404,33.242753623188406,0.7878111250402564
pocket,cont,bigDisp,3.0,2.0,24,1215,-0.025386258450775984,43.53909465020576,887,-0.05071316406339129,41.60090191657272,0.7718514877017429
flip,cont,BOS+struct,3.0,2.0,24,648,-0.0254064690647364,41.82098765432099,463,-0.05966048471666823,38.66090712742981,0.727518321957797
flip,cont,bigDisp,3.0,2.0,24,1651,-0.025414767340241028,41.06602059357965,1112,-0.044918492960643104,40.28776978417266,0.7976571342936299
pocket,cont,noSweep,3.0,1.0,24,1584,-0.025525357694001917,28.28282828282828,1104,-0.03584813264977991,28.442028985507246,0.7698247351533054
pocket,cont,bigDisp,1.0,1.5,24,1215,-0.02561483583024663,60.08230452674898,887,-0.04876652952743674,57.94813979706878,0.6257128035896596
flip,fade,sweep,2.0,1.5,96,111,-0.025723049125529293,40.54054054054054,83,-0.03663830914833667,49.39759036144578,0.7717798823286799
flip,fade,sweep,2.0,1.5,288,111,-0.025723049125529293,40.54054054054054,83,-0.03663830914833667,49.39759036144578,0.7717798823286799
pocket,cont,bigDisp,2.0,1.5,96,1215,-0.025756068296608908,43.12757201646091,887,-0.0486312216454401,42.84103720405862,0.7322767733001208
pocket,cont,bigDisp,2.0,1.5,288,1215,-0.025756068296608908,43.12757201646091,887,-0.0486312216454401,42.84103720405862,0.7322767733001208
pocket,fade,sweep,1.0,3.0,24,89,-0.025830798422937052,70.78651685393258,62,-0.05580521756556892,69.35483870967742,0.6321708992375527
flip,cont,noBOS,3.0,3.0,24,131,-0.02589225041584289,45.038167938931295,80,0.06893278020964747,57.49999999999999,1.3892845269039111
pocket,cont,structAgainst,4.0,3.0,96,493,-0.025971349630757957,43.81338742393509,337,-0.017273044570177483,44.21364985163205,0.9432295045147083
flip,fade,structAgainst,3.0,1.0,24,331,-0.02608797350475286,27.794561933534744,227,-0.028616106139905846,29.074889867841406,0.8194124632203305
pocket,cont,posLow,4.0,1.0,24,553,-0.026216753975642538,26.763110307414106,350,-0.020545569497209818,28.000000000000004,0.8642891906878956
flip,fade,structAgainst,4.0,3.0,24,331,-0.02629119911030934,48.036253776435046,227,-0.05036874862189767,46.25550660792951,0.8207453153167145
flip,fade,sweep,2.0,2.0,24,111,-0.02632087066761943,48.64864864864865,83,-0.0764721969133051,49.39759036144578,0.6107786915164847
flip,fade,BOS,3.0,3.0,288,1713,-0.02634246750569236,49.67892586106246,1194,-0.0464767903795858,49.246231155778894,0.8381777823981867
pocket,cont,noBOS,2.0,1.0,24,1671,-0.026558917286466772,34.05146618791143,1162,-0.03946393398474313,34.42340791738382,0.7254513304489529
pocket,cont,ALL,2.0,1.0,24,1673,-0.02656160992153199,34.070531978481775,1166,-0.03967997566423592,34.39108061749571,0.7241431955768493
pocket,cont,bigDisp,1.0,2.0,96,1215,-0.026770501712980396,66.2551440329218,887,-0.04933196896404763,65.2762119503946,0.6492961215346182
pocket,cont,bigDisp,1.0,2.0,288,1215,-0.026770501712980396,66.2551440329218,887,-0.04933196896404763,65.2762119503946,0.6492961215346182
pocket,cont,bigDisp,4.0,3.0,24,1215,-0.02678687551185528,48.312757201646086,887,-0.051334276235232526,43.9684329199549,0.8056584106818285
pocket,fade,sweep,1.0,1.0,24,89,-0.02688777418272138,53.93258426966292,62,-0.04150202361856382,48.38709677419355,0.6174224543085978
pocket,cont,noSweep,2.0,1.0,24,1584,-0.027038777213062363,34.090909090909086,1104,-0.04014816366498086,34.14855072463768,0.7217006890785563
pocket,cont,ALL,3.0,1.0,24,1673,-0.027049148552096614,28.212791392707707,1166,-0.03522848624038743,28.55917667238422,0.773467023266789
pocket,cont,noSweep,4.0,2.0,24,1584,-0.027078538701023638,41.792929292929294,1104,-0.04739947790888906,38.768115942028984,0.7886242451230042
pocket,cont,structAgainst,4.0,1.0,24,493,-0.027079113380759107,27.789046653144016,337,-0.03615718498468655,26.706231454005934,0.7738150967877099
pocket,cont,noBOS,3.0,1.0,24,1671,-0.027103976409368118,28.186714542190305,1162,-0.03513636071277584,28.57142857142857,0.7739702334504477
pocket,cont,noSweep,4.0,1.0,288,1584,-0.027326501129541544,20.32828282828283,1104,-0.030311618611508086,21.105072463768117,0.8258330302150891
flip,fade,posHigh,1.0,1.5,24,900,-0.02734988049404565,59.55555555555555,619,-0.029050678117353682,62.84329563812601,0.7488463971475249
flip,fade,posHigh,1.0,1.5,96,900,-0.027449218115440124,59.66666666666667,619,-0.03002192466797455,62.84329563812601,0.7426108592471555
flip,fade,posHigh,1.0,1.5,288,900,-0.027449218115440124,59.66666666666667,619,-0.03002192466797455,62.84329563812601,0.7426108592471555
pocket,cont,posLow,2.0,1.0,24,553,-0.027611613229344873,35.2622061482821,350,-0.03273723845003075,35.42857142857142,0.7600082944119707
pocket,cont,structAlign,2.0,1.0,24,411,-0.02783164319636361,32.846715328467155,323,-0.018584460535830252,37.461300309597526,0.8646983741587491
pocket,cont,noSweep,4.0,1.0,96,1584,-0.028012765350684032,20.643939393939394,1104,-0.029948652783162315,21.3768115942029,0.827094434169288
pocket,cont,structAlign,3.0,2.0,288,411,-0.02801433596561847,37.95620437956204,323,-0.028455919005064903,42.10526315789473,0.8791431018328791
flip,cont,posLow,1.0,3.0,288,886,-0.028030804794779176,74.2663656884876,615,-0.03465466237539137,74.79674796747967,0.7412113378183146
flip,cont,posLow,1.0,3.0,96,886,-0.028030804794779176,74.2663656884876,615,-0.034308620853383195,74.79674796747967,0.7431316753060528
pocket,cont,posLow,2.0,3.0,96,553,-0.02806206993493517,61.12115732368897,350,-0.04124933222816654,57.99999999999999,0.8148947468461758
flip,cont,structAlign,4.0,3.0,24,718,-0.028154696776836925,41.64345403899721,499,-0.05645151980498487,40.28056112224449,0.7772739177286507
flip,cont,noBOS,1.0,3.0,24,131,-0.02815561430079667,67.93893129770993,80,0.04378081531758356,82.5,1.5461901955835924
pocket,cont,noBOS,2.0,1.0,288,1671,-0.028161850949920603,33.39317773788151,1162,-0.04017676002223406,33.820998278829606,0.7260267808923159
pocket,cont,noBOS,2.0,1.0,96,1671,-0.028161850949920603,33.39317773788151,1162,-0.04017676002223406,33.820998278829606,0.7260267808923159
pocket,cont,ALL,2.0,1.0,288,1673,-0.028162627346296692,33.41303048416019,1166,-0.04039035632938554,33.79073756432247,0.7247421115054574
pocket,cont,ALL,2.0,1.0,96,1673,-0.028162627346296692,33.41303048416019,1166,-0.04039035632938554,33.79073756432247,0.7247421115054574
pocket,cont,posLow,3.0,3.0,24,553,-0.028298246998747296,50.63291139240506,350,-0.03801092886018425,49.142857142857146,0.8346559002401486
flip,fade,noBOS,2.0,3.0,24,131,-0.02829850389929668,60.30534351145038,80,-0.09331448072770895,48.75,0.623149628354926
pocket,cont,bigDisp,1.0,2.0,24,1215,-0.02840313002824081,66.09053497942386,887,-0.05074640208448371,64.37429537767756,0.6402271748210034
flip,fade,structAgainst,4.0,1.0,288,331,-0.028419761496570373,21.75226586102719,227,-0.02662973083096253,22.026431718061673,0.8478347841662718
pocket,cont,posLow,2.0,1.0,96,553,-0.028696541824785,35.081374321880645,350,-0.03122363380537434,35.14285714285714,0.7737712062471013
pocket,cont,posLow,2.0,1.0,288,553,-0.028696541824785,35.081374321880645,350,-0.03122363380537434,35.14285714285714,0.7737712062471013
flip,cont,bigDisp,2.0,3.0,24,1651,-0.028846829591435853,55.72380375529982,1112,-0.0490080716244525,55.84532374100719,0.7745503066618099
pocket,cont,noSweep,2.0,1.0,96,1584,-0.02886938676249041,33.39646464646464,1104,-0.04097823611263445,33.60507246376812,0.7216755342444987
pocket,cont,noSweep,2.0,1.0,288,1584,-0.02886938676249041,33.39646464646464,1104,-0.04097823611263445,33.60507246376812,0.7216755342444987
flip,cont,bigDisp,2.0,3.0,288,1651,-0.028982674102121377,60.50878255602665,1112,-0.043278697502256554,59.53237410071942,0.813723331497585
pocket,cont,noBOS,4.0,2.0,24,1671,-0.029037606143145562,41.89108318372232,1162,-0.046914042515770055,38.81239242685026,0.7903402150535296
pocket,cont,ALL,4.0,2.0,24,1673,-0.02907753955608845,41.90077704722056,1166,-0.04731872904955396,38.76500857632933,0.7888324657582293
flip,fade,posHigh,3.0,3.0,96,900,-0.029120024352283065,50.22222222222222,619,-0.049407254972108156,48.949919224555735,0.8290769628040582
flip,cont,bigDisp,2.0,2.0,24,1651,-0.029187706153906836,49.54572986069049,1112,-0.04838080296211388,48.11151079136691,0.7529230289793557
flip,fade,ALL,3.0,3.0,288,1844,-0.029196414635222653,49.891540130151846,1274,-0.05628185755146739,48.430141287284144,0.8084403063234263
flip,cont,sweep,2.0,3.0,24,111,-0.029228181609357317,56.75675675675676,83,-0.023529470829917253,53.01204819277109,0.8780682450968983
flip,fade,noBOS,2.0,1.0,288,131,-0.02925519749231962,37.404580152671755,80,-0.08160831286642667,26.25,0.5206728402976246
flip,fade,noBOS,2.0,1.0,24,131,-0.02925519749231962,37.404580152671755,80,-0.07787419162702802,26.25,0.5323485181087291
flip,fade,noBOS,2.0,1.0,96,131,-0.02925519749231962,37.404580152671755,80,-0.08160831286642667,26.25,0.5206728402976246
pocket,cont,noBOS,4.0,1.5,24,1671,-0.029317961872820465,35.66726511071215,1162,-0.04226162928073417,33.304647160068846,0.7869318812152427
flip,cont,bigDisp,2.0,3.0,96,1651,-0.029350093071839906,60.448213204118716,1112,-0.04087914196355385,59.53237410071942,0.8222151471927913
pocket,cont,ALL,4.0,1.5,24,1673,-0.02935756013247025,35.68439928272564,1166,-0.042436412692429766,33.27615780445969,0.7862232034960714
flip,fade,structAgainst,4.0,1.0,96,331,-0.029372664820800573,21.75226586102719,227,-0.02662973083096253,22.026431718061673,0.8478347841662718
pocket,cont,noSweep,1.0,1.0,24,1584,-0.029377974119542086,49.81060606060606,1104,-0.04480216666059202,48.188405797101446,0.6037000917703251
pocket,cont,posLow,1.0,1.0,24,553,-0.029395207646518713,50.45207956600362,350,-0.04913177878925458,46.85714285714286,0.5598522663172654
pocket,cont,noSweep,1.0,1.0,96,1584,-0.029532880339432258,49.74747474747475,1104,-0.044434965536771,48.278985507246375,0.6071637632289311
pocket,cont,noSweep,1.0,1.0,288,1584,-0.029532880339432258,49.74747474747475,1104,-0.044434965536771,48.278985507246375,0.6071637632289311
pocket,cont,bigDisp,4.0,1.5,288,1215,-0.029694587418878052,27.818930041152264,887,-0.03419198598789798,28.29763246899662,0.8476818778357523
pocket,cont,posLow,1.0,1.0,96,553,-0.029772890312554236,50.45207956600362,350,-0.04887041622924557,46.85714285714286,0.5634338829462913
pocket,cont,posLow,1.0,1.0,288,553,-0.029772890312554236,50.45207956600362,350,-0.04887041622924557,46.85714285714286,0.5634338829462913
pocket,cont,bigDisp,4.0,1.5,96,1215,-0.029774148319495337,28.39506172839506,887,-0.030803159842588208,28.97406989853439,0.8609134904537052
flip,cont,posLow,3.0,3.0,96,886,-0.029950621620322554,50.79006772009029,615,-0.015835865074852254,52.19512195121951,0.9395536191735616
pocket,cont,posLow,2.0,2.0,24,553,-0.029965062167671665,49.90958408679928,350,-0.030711713035195907,50.0,0.8252822671349502
pocket,cont,structAlign,2.0,1.0,288,411,-0.030007899677123497,32.360097323600975,323,-0.021617586261559477,37.15170278637771,0.8453101366648573
pocket,cont,structAlign,2.0,1.0,96,411,-0.030007899677123497,32.360097323600975,323,-0.021617586261559477,37.15170278637771,0.8453101366648573
pocket,cont,posLow,4.0,3.0,24,553,-0.030103909192189596,48.10126582278481,350,-0.03551403906372146,46.57142857142857,0.8540697381463644
flip,cont,BOS+bigDisp,2.0,3.0,288,1566,-0.030129539778058503,60.60025542784163,1059,-0.04926597129454636,58.92351274787535,0.7905815364757711
flip,fade,BOS+struct,3.0,3.0,288,648,-0.03017702888414072,49.2283950617284,463,-0.013072388509289313,52.05183585313174,0.9516034961652358
flip,cont,BOS+bigDisp,3.0,2.0,96,1566,-0.030422183259673323,41.06002554278416,1059,-0.039826813824510296,40.32105760151086,0.8318032791607244
flip,cont,posLow,3.0,2.0,24,886,-0.030497604489771138,40.18058690744921,615,-0.03122649098422152,41.300813008130085,0.853161011149018
flip,cont,BOS+bigDisp,2.0,3.0,96,1566,-0.03051690166758935,60.53639846743295,1059,-0.04674632468544589,58.92351274787535,0.7991406896185438
flip,cont,noBOS,1.0,1.0,96,131,-0.030586585571726495,45.038167938931295,80,-0.04516088455866952,46.25,0.6212775897335792
flip,cont,noBOS,1.0,1.0,24,131,-0.030586585571726495,45.038167938931295,80,-0.04516088455866952,46.25,0.6212775897335792
flip,cont,noBOS,1.0,1.0,288,131,-0.030586585571726495,45.038167938931295,80,-0.04516088455866952,46.25,0.6212775897335792
pocket,cont,posLow,4.0,2.0,288,553,-0.030689338964691764,33.99638336347197,350,-0.022070289866893814,34.0,0.9118684954761959
flip,cont,BOS+struct,3.0,1.5,96,648,-0.030698569109223948,35.03086419753087,463,-0.05696334165374609,31.533477321814257,0.7278442559582377
pocket,cont,structAlign,3.0,2.0,24,411,-0.0307075659023828,42.579075425790755,323,-0.017758470395873263,45.82043343653251,0.9145283560110756
flip,cont,BOS+bigDisp,2.0,2.0,24,1566,-0.030898627577476856,49.489144316730524,1059,-0.049888580139141936,47.780925401322,0.7454886366460665
flip,cont,posHigh,4.0,3.0,24,900,-0.030992914997364156,43.0,619,-0.06989029456931438,41.51857835218094,0.7360714564107796
pocket,fade,structAlign,1.0,3.0,96,411,-0.03104066673521086,75.669099756691,323,-0.07302107893383891,69.96904024767801,0.576950024987863
pocket,cont,noBOS,4.0,1.0,288,1671,-0.031138496802227553,20.107719928186714,1162,-0.029078554390588568,21.17039586919105,0.8323855212062077
pocket,cont,noBOS,1.0,1.0,24,1671,-0.03116770579518161,49.371633752244165,1162,-0.0448927481951772,48.278829604130806,0.6023738291306547
flip,fade,posLow,3.0,1.5,24,886,-0.03121073427233111,36.794582392776526,615,-0.05836879950822839,32.84552845528455,0.6989576841877959
pocket,cont,ALL,1.0,1.0,24,1673,-0.031221757718003007,49.37238493723849,1166,-0.04465711612787663,48.284734133790735,0.6040650147641041
pocket,cont,ALL,4.0,1.0,288,1673,-0.03130632143805132,20.0836820083682,1166,-0.029052699385702235,21.18353344768439,0.8325340697287644
flip,cont,posLow,2.0,1.5,96,886,-0.03134698327180026,42.88939051918736,615,-0.03469725975796687,43.41463414634146,0.7917243598690459
flip,cont,posLow,2.0,1.5,288,886,-0.03134698327180026,42.88939051918736,615,-0.03469725975796687,43.41463414634146,0.7917243598690459
pocket,cont,noBOS,1.0,1.0,96,1671,-0.03140557161923164,49.31178934769599,1162,-0.04454387552676203,48.364888123924274,0.6056697459096199
pocket,cont,noBOS,1.0,1.0,288,1671,-0.03140557161923164,49.31178934769599,1162,-0.04454387552676203,48.364888123924274,0.6056697459096199
pocket,cont,ALL,1.0,1.0,288,1673,-0.03145933918362621,49.31261207411835,1166,-0.04430944027822104,48.3704974271012,0.607352035994485
pocket,cont,ALL,1.0,1.0,96,1673,-0.03145933918362621,49.31261207411835,1166,-0.04430944027822104,48.3704974271012,0.607352035994485
flip,fade,noSweep,3.0,3.0,288,1733,-0.031485363612133076,49.740334679746105,1191,-0.05796692614998227,47.942905121746435,0.804185856368536
flip,cont,BOS+bigDisp,2.0,3.0,24,1566,-0.03160834639813672,55.61941251596424,1059,-0.054376614082515214,55.240793201133144,0.7529668013643364
pocket,cont,noBOS,4.0,1.0,96,1671,-0.03166419867594331,20.46678635547576,1162,-0.02906163203426365,21.428571428571427,0.831718558829245
pocket,cont,sweep,4.0,2.0,96,89,-0.031792458559608675,38.20224719101123,62,-0.019462197286277606,37.096774193548384,0.9193786764249791
pocket,cont,ALL,4.0,1.0,96,1673,-0.03183139485764429,20.442319187089062,1166,-0.029035835082057676,21.440823327615778,0.8318700794652713
flip,fade,structAlign,1.0,3.0,24,718,-0.03184657198485935,74.79108635097494,499,-0.027410345370388188,74.9498997995992,0.7894066643653674
flip,fade,sweep,4.0,3.0,96,111,-0.031947109520035696,40.54054054054054,83,-0.056371812898430934,46.98795180722892,0.8098138402609808
pocket,cont,bigDisp,2.0,1.0,24,1215,-0.03198295284760857,33.744855967078195,887,-0.035874244589926316,34.72378804960542,0.7507621074951768
flip,cont,bigDisp,3.0,2.0,96,1651,-0.03215284854379725,40.88431253785584,1112,-0.035122156105165656,40.73741007194245,0.850970196500119
flip,cont,BOS+struct,3.0,1.5,288,648,-0.03224763052876207,34.876543209876544,463,-0.05696334165374609,31.533477321814257,0.7278442559582377
flip,fade,BOS+struct,4.0,1.0,24,648,-0.03226186238063676,25.154320987654323,463,-0.0034596196643950205,28.077753779697623,0.9766754431925172
flip,fade,structAlign,3.0,3.0,288,718,-0.03228457480969403,50.0,499,-0.032964711309057516,50.901803607214426,0.8835306899201385
flip,fade,BOS+struct,1.0,1.5,96,648,-0.032374212061637576,59.5679012345679,463,-0.0271246629715594,62.419006479481645,0.7599286184653873
flip,fade,BOS+struct,1.0,1.5,288,648,-0.032374212061637576,59.5679012345679,463,-0.0271246629715594,62.419006479481645,0.7599286184653873
flip,cont,BOS+struct,3.0,1.5,24,648,-0.03242430915297831,35.49382716049383,463,-0.0642693431336064,31.96544276457883,0.6827892461133759
flip,fade,BOS+struct,1.0,3.0,24,648,-0.032442280984792515,74.38271604938271,463,-0.023386369262437073,75.377969762419,0.8154047390783952
flip,cont,BOS+bigDisp,3.0,3.0,96,1566,-0.032545680467162164,50.510855683269476,1059,-0.03489042929960828,50.6137865911237,0.875678490750098
pocket,cont,structAlign,3.0,2.0,96,411,-0.03261769517862805,37.469586374695865,323,-0.028013800181995382,41.795665634674926,0.880606264748324
flip,fade,ALL,2.0,3.0,288,1844,-0.03264035574199267,59.219088937093275,1274,-0.05277618778095501,58.55572998430141,0.7768830997265519
flip,cont,posLow,3.0,2.0,288,886,-0.03268877309688959,40.51918735891648,615,-0.022805116831959047,41.78861788617886,0.896870376285002
flip,fade,BOS+struct,1.0,1.5,24,648,-0.032749572483615604,59.413580246913575,463,-0.0271246629715594,62.419006479481645,0.7599286184653873
pocket,cont,bigDisp,3.0,1.0,24,1215,-0.03289233931378759,27.983539094650205,887,-0.028728882718507626,28.861330326944756,0.8155746089432987
flip,fade,structAgainst,2.0,3.0,24,331,-0.03290055052137989,58.30815709969789,227,-0.06547110396853172,55.50660792951542,0.7210681932859543
pocket,fade,structAgainst,3.0,2.0,288,493,-0.032911187986376454,42.190669371196755,337,-0.04742628995676652,39.16913946587537,0.8059169380828716
flip,cont,structAlign,3.0,2.0,24,718,-0.033004300311535326,40.947075208913645,499,-0.05253909434731371,39.478957915831664,0.7568356455484688
pocket,cont,posLow,3.0,3.0,288,553,-0.03301875194199775,50.99457504520796,350,-0.040631737944582955,48.57142857142857,0.8546990696827199
pocket,fade,structAlign,1.0,3.0,288,411,-0.033122449637200416,75.669099756691,323,-0.07302107893383891,69.96904024767801,0.576950024987863
pocket,fade,structAgainst,3.0,2.0,96,493,-0.03319473388702602,42.190669371196755,337,-0.04943458985950376,39.16913946587537,0.79668086081589
pocket,cont,bigDisp,3.0,1.0,288,1215,-0.03322769137413123,25.185185185185183,887,-0.029822812324573914,26.493799323562573,0.8165396833449589
flip,fade,BOS,1.0,3.0,96,1713,-0.03325049324285522,74.19731465265616,1194,-0.038244378264527,75.12562814070351,0.7278151126412583
flip,fade,BOS,1.0,3.0,288,1713,-0.03325049324285522,74.19731465265616,1194,-0.038244378264527,75.12562814070351,0.7278151126412583
flip,cont,posLow,3.0,2.0,96,886,-0.033291689763755655,40.40632054176072,615,-0.023306540079166355,41.78861788617886,0.8946028329442911
flip,cont,BOS+bigDisp,3.0,1.5,24,1566,-0.0333023623432757,34.41890166028097,1059,-0.049405802431822396,33.050047214353164,0.7527673735775428
flip,fade,structAlign,2.0,2.0,288,718,-0.033358012062320176,49.58217270194986,499,-0.037543676242543816,49.69939879759519,0.809261554839248
flip,fade,structAlign,2.0,2.0,96,718,-0.033358012062320176,49.58217270194986,499,-0.037543676242543816,49.69939879759519,0.809261554839248
flip,fade,ALL,1.0,3.0,288,1844,-0.03338537719355871,74.34924078091106,1274,-0.04176758248596657,74.72527472527473,0.7098783960643469
pocket,cont,bigDisp,2.0,1.0,288,1215,-0.03345445397888863,33.25102880658436,887,-0.0379189240265429,34.2728297632469,0.7406696385262683
pocket,cont,bigDisp,2.0,1.0,96,1215,-0.03345445397888863,33.25102880658436,887,-0.0379189240265429,34.2728297632469,0.7406696385262683
flip,fade,ALL,1.0,3.0,96,1844,-0.03348156480870406,74.34924078091106,1274,-0.04176758248596657,74.72527472527473,0.7098783960643469
flip,fade,structAlign,4.0,1.0,24,718,-0.03356079533488974,25.62674094707521,499,-0.014237884046627469,27.054108216432866,0.9063739533487557
flip,cont,bigDisp,3.0,3.0,96,1651,-0.03366654079009296,50.39370078740157,1112,-0.02628526587116293,51.2589928057554,0.9052392055704718
flip,cont,posLow,2.0,1.5,24,886,-0.03369237657258669,42.43792325056434,615,-0.0365247570005522,43.2520325203252,0.7793885108636258
pocket,cont,posLow,4.0,3.0,96,553,-0.03381286622451024,45.02712477396022,350,-0.02995090484149609,42.285714285714285,0.901081075216519
flip,fade,structAlign,2.0,3.0,288,718,-0.03382319278841929,59.610027855153206,499,-0.04194843182952939,59.719438877755515,0.818256153492595
flip,cont,posLow,1.0,3.0,24,886,-0.033830369389400705,71.55756207674943,615,-0.03472639657942735,73.00813008130082,0.7349081867851024
flip,cont,bigDisp,3.0,1.5,24,1651,-0.03385702847240083,34.161114476075106,1112,-0.04567328790454056,33.543165467625904,0.7699935750215283
flip,cont,posLow,2.0,2.0,288,886,-0.033868582415830004,50.0,615,-0.028442708258454713,51.21951219512195,0.8457025732892426
flip,fade,BOS,3.0,3.0,96,1713,-0.03388816165664206,49.67892586106246,1194,-0.04771124545383034,49.16247906197655,0.8324443372474103
pocket,cont,bigDisp,3.0,1.0,96,1215,-0.033931899417520284,25.185185185185183,887,-0.029136287047368613,26.606538895152198,0.8204569459099644
flip,cont,BOS+bigDisp,3.0,2.0,288,1566,-0.03395026052065881,40.9323116219668,1059,-0.04020995556833612,40.226628895184135,0.830600474752326
flip,fade,structAgainst,2.0,1.5,288,331,-0.033991104517151864,44.10876132930513,227,-0.06847034764452159,38.76651982378855,0.6464195068815239
flip,fade,structAgainst,2.0,1.5,96,331,-0.033991104517151864,44.10876132930513,227,-0.06847034764452159,38.76651982378855,0.6464195068815239
flip,cont,BOS+bigDisp,1.0,3.0,288,1566,-0.034203043856193015,74.13793103448276,1059,-0.05217046954280396,72.8989612842304,0.659543511706754
flip,cont,BOS+bigDisp,1.0,3.0,96,1566,-0.034203043856193015,74.13793103448276,1059,-0.052383572804355266,72.80453257790369,0.6582126397013184
flip,cont,posLow,3.0,3.0,24,886,-0.034377333442975645,46.27539503386004,615,-0.017510372169164193,48.78048780487805,0.923355926141371
flip,fade,BOS,2.0,3.0,288,1713,-0.0343842361272914,58.90251021599533,1194,-0.04546920946788159,59.2964824120603,0.8029771445001643
flip,fade,structAlign,1.0,1.5,96,718,-0.034396110350340355,59.610027855153206,499,-0.029815678493089994,62.124248496993985,0.7423706207726054
flip,fade,structAlign,1.0,1.5,288,718,-0.034396110350340355,59.610027855153206,499,-0.029815678493089994,62.124248496993985,0.7423706207726054
flip,fade,sweep,2.0,1.5,24,111,-0.0345785822778922,39.63963963963964,83,-0.03822600864049298,48.19277108433735,0.7542907807842818
pocket,cont,structAlign,3.0,1.5,24,411,-0.03458709769013221,36.25304136253041,323,-0.016983053559974547,39.628482972136226,0.907916129710599
flip,cont,bigDisp,4.0,3.0,24,1651,-0.03460136743574641,41.06602059357965,1112,-0.04286626749565274,42.62589928057554,0.8382177000228808
flip,cont,BOS+bigDisp,1.0,3.0,24,1566,-0.03467473509386415,71.71136653895275,1059,-0.054711972515404036,70.0661000944287,0.6376585510898747
flip,fade,BOS+struct,2.0,2.0,288,648,-0.034707685994383904,49.2283950617284,463,-0.027637434380407038,50.75593952483801,0.8543708049731298
flip,fade,BOS+struct,2.0,2.0,96,648,-0.034707685994383904,49.2283950617284,463,-0.027637434380407038,50.75593952483801,0.8543708049731298
flip,fade,structAlign,1.0,1.5,24,718,-0.03473487574510604,59.47075208913649,499,-0.02935204120119086,62.124248496993985,0.745356643973849
pocket,cont,posLow,2.0,2.0,96,553,-0.03475201433234539,50.09041591320072,350,-0.03587710039942096,50.28571428571429,0.8110703595159919
pocket,cont,posLow,2.0,2.0,288,553,-0.03475201433234539,50.09041591320072,350,-0.03673402429816186,50.28571428571429,0.8074267807098962
flip,fade,structAlign,2.0,1.0,288,718,-0.03481353326356847,33.28690807799443,499,-0.024010443390628564,34.86973947895792,0.827696517956901
flip,fade,structAlign,2.0,1.0,96,718,-0.03481353326356847,33.28690807799443,499,-0.024010443390628564,34.86973947895792,0.827696517956901
flip,cont,posLow,2.0,2.0,96,886,-0.03484037353841577,49.887133182844245,615,-0.028442708258454713,51.21951219512195,0.8457025732892426
flip,fade,sweep,4.0,1.5,288,111,-0.03489752567888615,25.225225225225223,83,-0.07389642599720385,28.915662650602407,0.6611397329669324
flip,fade,sweep,4.0,1.5,96,111,-0.03489752567888615,25.225225225225223,83,-0.07121651707448455,30.120481927710845,0.669728577239687
pocket,cont,bigDisp,1.0,1.0,96,1215,-0.034951400564625215,49.053497942386834,887,-0.041227089018797826,49.267192784667415,0.6296061190149678
pocket,cont,bigDisp,1.0,1.0,288,1215,-0.034951400564625215,49.053497942386834,887,-0.041227089018797826,49.267192784667415,0.6296061190149678
pocket,cont,bigDisp,1.0,1.0,24,1215,-0.034951400564625215,49.053497942386834,887,-0.041227089018797826,49.267192784667415,0.6296061190149678
flip,cont,posLow,3.0,3.0,288,886,-0.0351259311269979,50.79006772009029,615,-0.015466921585349135,52.357723577235774,0.9410782924960167
flip,fade,noBOS,1.0,3.0,288,131,-0.035149165037490604,76.33587786259542,80,-0.09435140549095204,68.75,0.5175342324282897
flip,cont,structAlign,2.0,3.0,24,718,-0.03517811769159238,55.013927576601674,499,-0.06415006725040541,52.705410821643284,0.7051720037937038
flip,fade,noBOS,4.0,3.0,288,131,-0.03524482293718231,48.091603053435115,80,-0.23942197681816274,28.749999999999996,0.45616348038729243
flip,fade,BOS,1.0,2.0,96,1713,-0.035430486996033725,65.90776415645068,1194,-0.03382016287407228,67.8391959798995,0.7315449036627258
flip,fade,BOS,1.0,2.0,288,1713,-0.035430486996033725,65.90776415645068,1194,-0.03382016287407228,67.8391959798995,0.7315449036627258
flip,cont,bigDisp,3.0,2.0,288,1651,-0.03549928645458057,40.763173834039975,1112,-0.03548703659681273,40.647482014388494,0.8497743242802054
pocket,fade,sweep,4.0,1.0,24,89,-0.035650700775780766,24.719101123595504,62,-0.06955476210699017,19.35483870967742,0.5713228722995399
flip,fade,structAlign,2.0,1.0,24,718,-0.035693844026696016,33.42618384401114,499,-0.02188703517327161,35.27054108216433,0.8398739077231931
pocket,cont,posLow,3.0,3.0,96,553,-0.035713854434766365,50.27124773960217,350,-0.03842824324215838,48.57142857142857,0.8608189895287895
flip,fade,BOS+struct,3.0,1.0,24,648,-0.035715680270768047,27.469135802469136,463,-0.008690675518849814,30.021598272138228,0.9399786326120596
pocket,cont,posLow,4.0,2.0,96,553,-0.0357776346027577,33.99638336347197,350,-0.02234906538772645,34.285714285714285,0.9091131680264525
flip,fade,structAlign,3.0,1.0,24,718,-0.03581404869961565,28.133704735376046,499,-0.01849181186882379,28.857715430861724,0.875722458218727
flip,fade,BOS,1.0,2.0,24,1713,-0.035863574018305464,65.73263280793928,1194,-0.03311462465128278,67.50418760469012,0.73473040829982
pocket,fade,structAlign,1.0,3.0,24,411,-0.035893988316100314,72.26277372262774,323,-0.07649621877150653,66.87306501547987,0.5520914331915621
flip,fade,structAlign,2.0,3.0,96,718,-0.03604028032161749,59.47075208913649,499,-0.04208822814146105,59.519038076152306,0.8174460392610038
flip,fade,ALL,2.0,3.0,96,1844,-0.03604947443637084,59.11062906724512,1274,-0.0530946705962702,58.398744113029835,0.7754891253897512
flip,fade,structAlign,2.0,2.0,24,718,-0.03610063649855809,49.58217270194986,499,-0.031655414045739495,50.1002004008016,0.8248966166249163
flip,fade,BOS+struct,2.0,2.0,24,648,-0.036164597482377984,49.382716049382715,463,-0.02547847865531622,51.18790496760259,0.8560070481167893
flip,fade,noSweep,2.0,3.0,288,1733,-0.03620225456183391,59.03058280438545,1191,-0.05396999329258776,58.18639798488665,0.7735878731678457
flip,fade,sweep,1.0,2.0,96,111,-0.03621096825796806,65.76576576576578,83,-0.07015854726365481,65.06024096385542,0.513878707984835
flip,fade,sweep,1.0,2.0,288,111,-0.03621096825796806,65.76576576576578,83,-0.07015854726365481,65.06024096385542,0.513878707984835
flip,fade,sweep,1.0,2.0,24,111,-0.03621096825796806,65.76576576576578,83,-0.07338091185323428,63.85542168674698,0.4987067758217951
flip,cont,structAlign,2.0,3.0,96,718,-0.036220311509928445,59.610027855153206,499,-0.05541714625336185,58.116232464929865,0.7668073482090628
flip,fade,structAgainst,2.0,3.0,96,331,-0.03627487390687843,59.516616314199396,227,-0.07342820208337902,56.38766519823789,0.714550230761768
flip,cont,bigDisp,1.0,3.0,96,1651,-0.036287154162850874,73.83403997577226,1112,-0.04805900913024564,73.29136690647482,0.6804104272365977
flip,cont,bigDisp,1.0,3.0,288,1651,-0.036287154162850874,73.83403997577226,1112,-0.04785606276875029,73.38129496402878,0.6817059582443799
flip,cont,bigDisp,1.0,3.0,24,1651,-0.036323549879410555,71.41126589945488,1112,-0.05065885053155368,70.59352517985612,0.6586134143743954
flip,cont,BOS+bigDisp,3.0,1.5,96,1566,-0.036401127357785064,33.4610472541507,1059,-0.04596272506256871,32.48347497639282,0.7777496222629603
flip,cont,structAlign,2.0,3.0,288,718,-0.03641663434395148,59.749303621169915,499,-0.0601369342676781,58.116232464929865,0.7518746381689105
flip,fade,noBOS,1.0,3.0,96,131,-0.03650313421556714,76.33587786259542,80,-0.09435140549095204,68.75,0.5175342324282897
flip,fade,noBOS,1.0,3.0,24,131,-0.036554123737593154,75.57251908396947,80,-0.07750228355057236,67.5,0.5523370710890214
flip,fade,noSweep,1.0,3.0,288,1733,-0.03665282645266234,74.2065781881131,1191,-0.03942072897083759,74.89504617968093,0.723810402782054
flip,fade,noSweep,1.0,3.0,96,1733,-0.036755174959487505,74.2065781881131,1191,-0.03942072897083759,74.89504617968093,0.723810402782054
pocket,cont,posLow,3.0,2.0,24,553,-0.0367724085829072,42.31464737793852,350,-0.026731060498480667,43.42857142857143,0.8644828827218916
flip,cont,BOS+struct,4.0,2.0,24,648,-0.03680046141770166,36.41975308641975,463,-0.06294368150798588,34.34125269978402,0.7274307388142516
flip,fade,ALL,3.0,3.0,96,1844,-0.03681072560275872,49.891540130151846,1274,-0.05743879582356156,48.35164835164835,0.8029561607221856
flip,fade,structAgainst,4.0,2.0,24,331,-0.036817835694778735,39.87915407854985,227,-0.02184122005736952,40.08810572687225,0.9061666075539506
pocket,cont,sweep,1.0,2.0,96,89,-0.03685285961454138,66.29213483146067,62,-0.07065245385409162,62.903225806451616,0.5332944078108954
pocket,cont,sweep,1.0,2.0,288,89,-0.03685285961454138,66.29213483146067,62,-0.07065245385409162,62.903225806451616,0.5332944078108954
flip,cont,BOS+bigDisp,4.0,3.0,24,1566,-0.036892160227604255,40.86845466155811,1059,-0.050724068889633524,42.1152030217186,0.8105807728993124
flip,cont,BOS+bigDisp,4.0,2.0,24,1566,-0.0369309200451566,35.18518518518518,1059,-0.05038816732470168,34.938621340887636,0.7886584350110868
flip,cont,noSweep,2.0,3.0,288,1733,-0.03701199320852365,60.011540680900175,1191,-0.04301833210760713,60.11754827875735,0.8137142386258159
flip,cont,bigDisp,4.0,2.0,24,1651,-0.037016038312494094,35.190793458509994,1112,-0.046993671374037226,35.25179856115108,0.802308570203494
flip,fade,BOS,3.0,1.5,24,1713,-0.03706577729136514,36.018680677174544,1194,-0.03088316541246316,36.515912897822446,0.8337150845870407
flip,fade,structAlign,1.0,3.0,288,718,-0.03710093739409619,75.20891364902506,499,-0.03267133715333018,75.75150300601202,0.7625375374712612
flip,cont,bigDisp,2.0,1.5,288,1651,-0.03714547593545405,42.39854633555421,1112,-0.051365628188194005,40.827338129496404,0.7171552852990701
flip,cont,bigDisp,2.0,1.5,96,1651,-0.03714547593545405,42.39854633555421,1112,-0.051365628188194005,40.827338129496404,0.7171552852990701
flip,fade,BOS+struct,3.0,1.0,96,648,-0.037225947881773566,24.074074074074073,463,-0.01285172534853133,27.429805615550755,0.9165731011499818
flip,fade,BOS+struct,3.0,1.0,288,648,-0.037225947881773566,24.074074074074073,463,-0.013339147279379774,27.213822894168466,0.9137443330723964
flip,fade,ALL,1.0,3.0,24,1844,-0.03723861636274669,72.99349240780911,1274,-0.03859827893455007,73.62637362637363,0.7221474317527385
flip,fade,BOS,1.0,3.0,24,1713,-0.03729096226694699,72.79626386456509,1194,-0.0359916454594397,74.03685092127303,0.7365647786855111
flip,fade,noSweep,3.0,1.5,24,1733,-0.03730874801312845,36.29544143104443,1191,-0.03753383042382171,35.34844668345928,0.8018106647238529
flip,fade,structAlign,1.0,3.0,96,718,-0.0373479707678121,75.20891364902506,499,-0.03267133715333018,75.75150300601202,0.7625375374712612
flip,fade,structAgainst,2.0,3.0,288,331,-0.03735106226593481,59.516616314199396,227,-0.07342820208337902,56.38766519823789,0.714550230761768
flip,fade,posHigh,4.0,3.0,288,900,-0.03745601626889021,42.11111111111111,619,-0.040461893875145975,42.48788368336026,0.8776319526733989
flip,cont,BOS+bigDisp,4.0,1.5,24,1566,-0.037498288086764746,29.310344827586203,1059,-0.05167684526978452,28.611898016997166,0.7566984324837436
flip,fade,BOS,1.0,1.5,24,1713,-0.03753027779482857,58.72737886748395,1194,-0.03760517486305182,60.80402010050251,0.6855618344247253
flip,fade,BOS,1.0,1.5,288,1713,-0.037582469189606754,58.78575598365441,1194,-0.037690928921043074,60.88777219430486,0.685283075407343
flip,fade,BOS,1.0,1.5,96,1713,-0.037582469189606754,58.78575598365441,1194,-0.037690928921043074,60.88777219430486,0.685283075407343
flip,cont,BOS+struct,4.0,1.5,24,648,-0.03764209632813173,31.17283950617284,463,-0.06838548579945578,28.077753779697623,0.6782309525972358
flip,cont,ALL,2.0,3.0,288,1844,-0.03764443191572877,59.924078091106296,1274,-0.040765003620065375,59.811616954474104,0.82178254896438
pocket,cont,structAlign,1.0,1.0,96,411,-0.037675512947149346,48.41849148418492,323,-0.01932888576338665,54.4891640866873,0.8036098066682095
pocket,cont,structAlign,1.0,1.0,24,411,-0.037675512947149346,48.41849148418492,323,-0.01932888576338665,54.4891640866873,0.8036098066682095
pocket,cont,structAlign,1.0,1.0,288,411,-0.037675512947149346,48.41849148418492,323,-0.01932888576338665,54.4891640866873,0.8036098066682095
flip,fade,structAlign,3.0,1.0,288,718,-0.03767886740009782,24.651810584958216,499,-0.02245582782983176,26.252505010020037,0.8583843824915599
flip,fade,structAlign,3.0,1.0,96,718,-0.03767886740009782,24.651810584958216,499,-0.02200357060742128,26.452905811623246,0.8607485228802307
flip,cont,noSweep,2.0,3.0,96,1733,-0.037703375528343276,59.83843046739757,1191,-0.040853853270429764,60.0335852225021,0.8212131367475833
flip,fade,BOS,2.0,3.0,96,1713,-0.037716904429595896,58.78575598365441,1194,-0.04580903116529495,59.12897822445561,0.8014586700606333
flip,cont,noSweep,2.0,2.0,288,1733,-0.03777997969700109,50.37507212925563,1191,-0.04213884058376925,49.95801847187238,0.7880398769747478
flip,cont,bigDisp,4.0,1.5,24,1651,-0.0379194116744078,29.133858267716533,1112,-0.04613114132276776,29.136690647482016,0.7811064950347929
flip,cont,posHigh,3.0,3.0,24,900,-0.03792719652135751,47.0,619,-0.058884450642622814,46.52665589660743,0.7598705427512435
flip,cont,bigDisp,3.0,1.5,96,1651,-0.03794053799721568,33.13143549364022,1112,-0.03939699166968198,33.093525179856115,0.8079467493225388
pocket,cont,noSweep,4.0,1.0,24,1584,-0.0379962451372947,26.136363636363637,1104,-0.03093684164691038,26.17753623188406,0.8073571362085128
flip,cont,ALL,2.0,3.0,96,1844,-0.038110452323945915,59.76138828633406,1274,-0.03874153871027084,59.7331240188383,0.8289364013635253
flip,cont,noSweep,3.0,2.0,24,1733,-0.038122633252390736,40.68090017311021,1191,-0.04214820900108394,40.973971452560875,0.8065064036143468
flip,cont,noSweep,3.0,3.0,24,1733,-0.03818129672093332,46.33583381419504,1191,-0.03704096145298616,48.02686817800168,0.8448034854237313
pocket,cont,sweep,1.0,3.0,24,89,-0.03826320164578695,70.78651685393258,62,-0.03849099519097081,70.96774193548387,0.7031932416418862
flip,cont,noSweep,2.0,2.0,96,1733,-0.038276810011260175,50.317368724754765,1191,-0.04213884058376925,49.95801847187238,0.7880398769747478
flip,fade,posLow,4.0,1.5,24,886,-0.03829702341988986,33.521444695259596,615,-0.05267214776971742,29.43089430894309,0.7379201551496386
flip,cont,bigDisp,2.0,1.5,24,1651,-0.03841501338227614,42.216838279830405,1112,-0.052872704750047975,40.647482014388494,0.7049728869800727
flip,cont,BOS+bigDisp,2.0,1.5,96,1566,-0.038430493525441096,42.592592592592595,1059,-0.055352194783503374,40.32105760151086,0.6972995134722778
flip,cont,BOS+bigDisp,2.0,1.5,288,1566,-0.038430493525441096,42.592592592592595,1059,-0.055352194783503374,40.32105760151086,0.6972995134722778
pocket,cont,sweep,1.0,3.0,288,89,-0.03844892389860149,74.15730337078652,62,-0.03455323369504274,75.80645161290323,0.7463389512377568
pocket,cont,sweep,1.0,3.0,96,89,-0.03844892389860149,74.15730337078652,62,-0.03455323369504274,75.80645161290323,0.7463389512377568
flip,cont,BOS+struct,2.0,3.0,96,648,-0.03851549335213245,60.03086419753087,463,-0.06952577898966891,57.01943844492441,0.715511555432574
flip,cont,BOS+struct,4.0,1.5,288,648,-0.03852041394305598,28.858024691358025,463,-0.0697331321318007,25.48596112311015,0.697078148513432
flip,fade,BOS+struct,1.0,3.0,288,648,-0.03854827474026394,74.69135802469135,463,-0.028136615430825573,76.02591792656588,0.7881441615028192
flip,fade,BOS+struct,1.0,3.0,96,648,-0.03854827474026394,74.69135802469135,463,-0.028136615430825573,76.02591792656588,0.7881441615028192
pocket,cont,posLow,3.0,2.0,288,553,-0.038591460488347024,39.42133815551537,350,-0.02834821804088623,40.57142857142857,0.8746273711311012
flip,fade,posLow,2.0,1.5,24,886,-0.03861770155270185,43.22799097065463,615,-0.04791339069553497,42.113821138211385,0.7196680580956528
flip,cont,BOS+struct,2.0,3.0,288,648,-0.038733023899707356,60.18518518518518,463,-0.07461254836146981,57.01943844492441,0.7009223801570515
flip,fade,posHigh,1.0,1.0,24,900,-0.038772098218800136,48.0,619,-0.030584257016783425,52.827140549273025,0.7057734559080122
flip,fade,posHigh,1.0,1.0,288,900,-0.038772098218800136,48.0,619,-0.030584257016783425,52.827140549273025,0.7057734559080122
flip,fade,posHigh,1.0,1.0,96,900,-0.038772098218800136,48.0,619,-0.030584257016783425,52.827140549273025,0.7057734559080122
flip,fade,ALL,1.0,2.0,288,1844,-0.038783090543502416,65.67245119305856,1274,-0.036303894069980726,67.425431711146,0.7172148004807197
flip,fade,ALL,1.0,2.0,96,1844,-0.038783090543502416,65.67245119305856,1274,-0.036303894069980726,67.425431711146,0.7172148004807197
flip,cont,noSweep,1.0,3.0,96,1733,-0.038815294568630754,73.74495095210617,1191,-0.04652694899120184,73.97145256087322,0.6863358984054452
flip,cont,noSweep,1.0,3.0,288,1733,-0.038815294568630754,73.74495095210617,1191,-0.04633746422715245,74.05541561712846,0.6875631019020095
flip,cont,BOS+bigDisp,3.0,3.0,288,1566,-0.03882157883967536,50.510855683269476,1059,-0.03689335400387361,50.519357884796975,0.8704001742136324
flip,cont,BOS+bigDisp,3.0,1.5,288,1566,-0.03885735483994343,33.33333333333333,1059,-0.04596272506256871,32.48347497639282,0.7777496222629603
flip,cont,BOS+struct,4.0,1.5,96,648,-0.03892089197282512,29.01234567901235,463,-0.06819092831249259,25.917926565874733,0.7011785642513201
flip,fade,noSweep,1.0,2.0,288,1733,-0.038947836979563756,65.666474321985,1191,-0.033944585744980764,67.59026028547439,0.7332840370569735
flip,fade,noSweep,1.0,2.0,96,1733,-0.038947836979563756,65.666474321985,1191,-0.033944585744980764,67.59026028547439,0.7332840370569735
flip,cont,BOS+struct,2.0,3.0,24,648,-0.03895365378115596,55.401234567901234,463,-0.07578308330685653,51.61987041036718,0.6622132039914668
flip,fade,posHigh,2.0,1.5,96,900,-0.03896129389918083,40.44444444444444,619,-0.03218539786135655,43.780290791599356,0.8142074954372673
flip,fade,posHigh,2.0,1.5,288,900,-0.03896129389918083,40.44444444444444,619,-0.03218539786135655,43.780290791599356,0.8142074954372673
flip,cont,ALL,3.0,3.0,24,1844,-0.03899580077862569,46.31236442516269,1274,-0.03657321940113814,47.72370486656201,0.8465195431392725
flip,fade,BOS,3.0,1.5,96,1713,-0.039008616498159565,33.09982486865149,1194,-0.03581169749439957,34.17085427135678,0.8210902827802519
flip,fade,BOS,2.0,1.5,24,1713,-0.03903997867599131,42.08990075890251,1194,-0.03651914687667737,43.551088777219434,0.7824730769872187
flip,fade,BOS,2.0,1.5,288,1713,-0.03904410635673984,41.62288382953882,1194,-0.039325805830236545,42.96482412060301,0.773201641138127
flip,fade,BOS,2.0,1.5,96,1713,-0.03904410635673984,41.62288382953882,1194,-0.039325805830236545,42.96482412060301,0.773201641138127
flip,cont,posLow,1.0,2.0,96,886,-0.039047988450384694,64.78555304740406,615,-0.03964010014962468,65.6910569105691,0.6881321868297642
flip,cont,posLow,1.0,2.0,288,886,-0.039047988450384694,64.78555304740406,615,-0.03964010014962468,65.6910569105691,0.6881321868297642
flip,cont,noSweep,1.0,3.0,24,1733,-0.03907243964671769,71.09059434506636,1191,-0.048293342731465315,71.03274559193954,0.6679818875179065
flip,cont,posLow,2.0,2.0,24,886,-0.039085714973076474,48.75846501128668,615,-0.03189650575792556,50.24390243902439,0.825056159099693
flip,fade,posHigh,2.0,1.0,96,900,-0.03909495170183592,31.666666666666664,619,-0.023354823034371586,35.70274636510501,0.8332055678956243
flip,fade,posHigh,2.0,1.0,288,900,-0.03909495170183592,31.666666666666664,619,-0.023354823034371586,35.70274636510501,0.8332055678956243
flip,cont,posHigh,4.0,2.0,24,900,-0.03916359625014581,37.666666666666664,619,-0.05966684816167209,35.54119547657512,0.7428785246445405
flip,fade,ALL,1.0,2.0,24,1844,-0.03918541053761928,65.50976138828634,1274,-0.03554974696590209,67.03296703296702,0.7201178368432343
flip,fade,noSweep,3.0,3.0,96,1733,-0.03919750052665395,49.740334679746105,1191,-0.058786771221686636,47.942905121746435,0.7996450933484638
flip,fade,structAgainst,1.0,3.0,288,331,-0.039214051859177076,73.1117824773414,227,-0.03866297323558013,75.33039647577093,0.7353219184368899
flip,fade,structAgainst,1.0,3.0,96,331,-0.039214051859177076,73.1117824773414,227,-0.03866297323558013,75.33039647577093,0.7353219184368899
pocket,cont,bigDisp,4.0,1.5,24,1215,-0.0392186786654539,35.1440329218107,887,-0.03790700022344509,32.91995490417137,0.8135747467966541
flip,fade,BOS,3.0,1.5,288,1713,-0.03927770974030457,33.04144775248103,1194,-0.03435206473811487,34.08710217755444,0.8286662112624986
flip,fade,ALL,2.0,1.5,96,1844,-0.03927791407777176,41.81127982646421,1274,-0.04340647507062708,42.3861852433281,0.753577041201273
flip,fade,ALL,2.0,1.5,288,1844,-0.03927791407777176,41.81127982646421,1274,-0.04340647507062708,42.3861852433281,0.753577041201273
pocket,fade,structAgainst,4.0,2.0,24,493,-0.03928556336771876,38.94523326572008,337,-0.04331605177178079,38.87240356083086,0.8028104565858597
flip,fade,BOS,3.0,2.0,24,1713,-0.03929586860209747,43.08231173380035,1194,-0.028167383144983023,42.629815745393635,0.8644878540032868
flip,fade,posHigh,3.0,1.5,96,900,-0.039328402037721914,32.0,619,-0.023157486241049408,35.70274636510501,0.8833272969790148
flip,fade,posHigh,3.0,1.5,288,900,-0.039328402037721914,32.0,619,-0.02068578030410447,35.54119547657512,0.896115086771234
flip,fade,ALL,2.0,1.5,24,1844,-0.03934789892434827,42.24511930585683,1274,-0.04018261644574433,42.93563579277865,0.7637260758565726
flip,cont,structAlign,3.0,3.0,96,718,-0.039375198080232564,50.0,499,-0.042575568400520056,49.298597194388776,0.8505420084762855
flip,fade,noSweep,1.0,2.0,24,1733,-0.03937592588270946,65.4933641084824,1191,-0.032913318178623696,67.2544080604534,0.7380914318556836
flip,cont,BOS+bigDisp,1.0,2.0,288,1566,-0.03944870478530914,65.51724137931035,1059,-0.05296247736613365,64.02266288951841,0.6256631762742081
flip,cont,BOS+bigDisp,1.0,2.0,96,1566,-0.03944870478530914,65.51724137931035,1059,-0.05296247736613365,64.02266288951841,0.6256631762742081
flip,fade,BOS+struct,3.0,3.0,96,648,-0.03946197720011587,48.91975308641975,463,-0.01787886890868629,51.83585313174947,0.9334628662830151
pocket,cont,structAgainst,4.0,2.0,96,493,-0.03947272928169093,34.68559837728195,337,-0.06096535945544929,32.047477744807125,0.7742869559759947
flip,cont,posLow,3.0,1.0,24,886,-0.03957166232553596,24.37923250564334,615,-0.03612583052684658,26.34146341463415,0.7654642827321343
flip,fade,ALL,3.0,1.5,24,1844,-0.039591242195634056,36.062906724511926,1274,-0.0377828336633147,35.63579277864992,0.799691611759019
pocket,fade,sweep,2.0,3.0,24,89,-0.03959608492455332,52.80898876404494,62,-0.07501650215821686,51.61290322580645,0.6782436903543727
flip,cont,bigDisp,3.0,3.0,288,1651,-0.03961933113010244,50.39370078740157,1112,-0.028192727437545105,51.16906474820144,0.8997478542139788
pocket,cont,structAgainst,4.0,3.0,24,493,-0.039649082956880397,47.66734279918864,337,-0.05471071840503937,44.80712166172107,0.7746093833591116
flip,fade,noSweep,2.0,1.5,24,1733,-0.03965337737083218,42.41200230813618,1191,-0.0403189711458584,42.56926952141058,0.764324026293978
flip,fade,posHigh,2.0,1.0,24,900,-0.039684853244484786,32.0,619,-0.021759313541616514,36.187399030694664,0.8410605962999894
flip,fade,noBOS,4.0,3.0,24,131,-0.039693513153444215,49.61832061068702,80,-0.1677279879959523,33.75,0.44605840426686844
pocket,cont,posLow,3.0,2.0,96,553,-0.03973148529745236,39.24050632911392,350,-0.02609509735676535,40.85714285714286,0.8836819828019624
flip,cont,ALL,1.0,3.0,96,1844,-0.03976951785147674,73.64425162689805,1274,-0.04601528420088103,73.70486656200941,0.6879682367341243
flip,cont,ALL,1.0,3.0,288,1844,-0.03976951785147674,73.64425162689805,1274,-0.04583814420560409,73.78335949764521,0.689122444682082
flip,cont,structAlign,3.0,1.5,24,718,-0.039782494640986446,34.540389972144844,499,-0.06062240625868658,32.46492985971944,0.699574484973632
flip,fade,noSweep,2.0,3.0,96,1733,-0.039829729964276694,58.91517599538373,1191,-0.053993178389166396,58.102434928631396,0.7732963853116012
flip,cont,BOS+bigDisp,1.0,2.0,24,1566,-0.03990111303926258,65.00638569604087,1059,-0.053939692417014434,63.26723323890463,0.6172543729996575
flip,cont,posLow,1.0,2.0,24,886,-0.03991679508042498,64.55981941309255,615,-0.04001253949362487,65.3658536585366,0.6846982977375456
pocket,cont,posLow,4.0,2.0,24,553,-0.03992796200393211,40.3254972875226,350,-0.025419525059547966,40.57142857142857,0.8774886578916045
flip,fade,posHigh,2.0,2.0,24,900,-0.03997152512614505,48.11111111111111,619,-0.025064672472629206,50.24232633279483,0.8596243418972199
flip,fade,posHigh,2.0,1.5,24,900,-0.03999211413879632,40.88888888888889,619,-0.024907184278442546,44.58804523424879,0.8466545224796758
flip,cont,posHigh,2.0,3.0,24,900,-0.039995700625811224,55.55555555555556,619,-0.07430328181973234,52.66558966074314,0.6722207375028026
flip,cont,BOS,3.0,3.0,24,1713,-0.039997881979749184,46.409807355516634,1194,-0.043642298102028305,47.06867671691792,0.8199530455408565
flip,cont,ALL,1.0,3.0,24,1844,-0.04000011326282331,71.09544468546638,1274,-0.04826496499121451,70.80062794348508,0.6671732997137193
pocket,cont,sweep,1.0,2.0,24,89,-0.04006294445191306,64.04494382022472,62,-0.07215055170389811,61.29032258064516,0.5217257530148034
flip,cont,structAlign,3.0,1.5,96,718,-0.04013699157979084,33.844011142061284,499,-0.04838640436251076,32.26452905811623,0.7671837481186089
flip,fade,noSweep,2.0,1.5,96,1733,-0.04014611373714793,41.89267166762839,1191,-0.04387814406437192,41.8975650713686,0.7524279875565918
flip,fade,noSweep,2.0,1.5,288,1733,-0.04014611373714793,41.89267166762839,1191,-0.04387814406437192,41.8975650713686,0.7524279875565918
flip,cont,ALL,2.0,2.0,288,1844,-0.04016655790896704,50.27114967462039,1274,-0.04095813736688034,49.686028257456826,0.7926368776770398
flip,fade,posHigh,2.0,3.0,24,900,-0.04022822898217663,56.00000000000001,619,-0.02891420422917326,56.865912762520196,0.8552281082783946
flip,fade,BOS+struct,2.0,3.0,288,648,-0.04025168943569044,58.64197530864198,463,-0.026744668927104167,60.90712742980562,0.8779894981481066
flip,cont,bigDisp,3.0,1.5,288,1651,-0.04027030918865118,33.01029678982435,1112,-0.03939699166968198,33.093525179856115,0.8079467493225388
flip,cont,BOS+bigDisp,2.0,1.5,24,1566,-0.0402883297764422,42.337164750957854,1059,-0.056103906431696965,40.13220018885741,0.6889182871487323
flip,fade,posLow,2.0,1.5,96,886,-0.04034879402386456,42.776523702031604,615,-0.04726620643582254,41.78861788617886,0.7261994738793934
flip,fade,posLow,2.0,1.5,288,886,-0.04034879402386456,42.776523702031604,615,-0.04726620643582254,41.78861788617886,0.7261994738793934
pocket,cont,sweep,3.0,2.0,24,89,-0.04040391507544671,44.9438202247191,62,-0.0049834978417831535,46.774193548387096,0.9751123865836292
pocket,cont,noBOS,4.0,1.0,24,1671,-0.0404738941536742,26.092160383004188,1162,-0.031355976015472596,26.161790017211707,0.8044722325404711
pocket,cont,ALL,4.0,1.0,24,1673,-0.04053315203415973,26.120741183502687,1166,-0.031322308243433995,26.157804459691253,0.8047363630081171
flip,fade,posHigh,3.0,1.0,288,900,-0.04060239097490798,24.22222222222222,619,-0.021080624014377682,26.81744749596123,0.8677299596838715
flip,fade,posHigh,3.0,1.0,96,900,-0.04060239097490798,24.22222222222222,619,-0.020372236469922346,26.978998384491113,0.8718144415356348
flip,cont,posLow,3.0,1.0,96,886,-0.04060733512954859,23.927765237020317,615,-0.03574439463402125,25.528455284552848,0.7718596639816546
flip,cont,posLow,3.0,1.0,288,886,-0.04060733512954859,23.927765237020317,615,-0.03574439463402125,25.528455284552848,0.7718596639816546
flip,fade,posLow,3.0,2.0,24,886,-0.040613148659410916,42.88939051918736,615,-0.05914741290787716,39.51219512195122,0.7318654853655852
flip,cont,ALL,2.0,2.0,96,1844,-0.040633481409298386,50.21691973969631,1274,-0.04095813736688034,49.686028257456826,0.7926368776770398
flip,cont,BOS,3.0,2.0,24,1713,-0.040751394877052996,40.68884997081144,1194,-0.04524329958189052,40.117252931323286,0.7927019864153774
flip,fade,structAlign,2.0,1.5,96,718,-0.040823430338245884,41.364902506963794,499,-0.03388598789650171,43.08617234468938,0.8037486664814184
flip,fade,structAlign,2.0,1.5,288,718,-0.040823430338245884,41.364902506963794,499,-0.03388598789650171,43.08617234468938,0.8037486664814184
flip,fade,noSweep,1.0,1.5,24,1733,-0.0408295093364132,58.6266589728794,1191,-0.037291000069079344,60.621326616288826,0.6903201719259504
flip,fade,noSweep,1.0,1.5,96,1733,-0.04088109840695852,58.68436237738026,1191,-0.037795787319150134,60.621326616288826,0.6874384565258137
flip,fade,noSweep,1.0,1.5,288,1733,-0.04088109840695852,58.68436237738026,1191,-0.037795787319150134,60.621326616288826,0.6874384565258137
flip,fade,sweep,4.0,3.0,288,111,-0.04089726424792616,39.63963963963964,83,-0.03687368221848115,45.78313253012048,0.8786351745332602
flip,cont,BOS,1.0,3.0,288,1713,-0.040902884647294885,73.84705195563339,1194,-0.052053024143230986,73.03182579564489,0.6570007920370791
flip,cont,BOS,1.0,3.0,96,1713,-0.040902884647294885,73.84705195563339,1194,-0.0522420328149084,72.94807370184255,0.6558092731036059
flip,cont,BOS,1.0,3.0,24,1713,-0.04090590973919546,71.33683596030356,1194,-0.05443218645244051,70.01675041876047,0.6355661162094629
flip,fade,ALL,1.0,1.5,24,1844,-0.04091977306092498,58.51409978308026,1274,-0.0383401085657522,60.596546310832025,0.6820181315853292
flip,fade,ALL,1.0,1.5,288,1844,-0.040968256715618594,58.56832971800434,1274,-0.03860207509157577,60.67503924646782,0.6807396059786424
flip,fade,ALL,1.0,1.5,96,1844,-0.040968256715618594,58.56832971800434,1274,-0.03860207509157577,60.67503924646782,0.6807396059786424
flip,fade,noSweep,1.0,3.0,24,1733,-0.041102861115850806,72.7062896710906,1191,-0.03631787380890167,73.80352644836272,0.7362492905486326
pocket,cont,bigDisp,4.0,2.0,24,1215,-0.041114519475183874,41.31687242798353,887,-0.047949764796334005,38.10597519729425,0.7946947663199155
flip,cont,structAlign,4.0,3.0,96,718,-0.04112971910219258,43.31476323119777,499,-0.04509962916531271,42.48496993987976,0.8589226879914651
flip,fade,BOS+struct,2.0,1.0,288,648,-0.0411546034236608,32.25308641975309,463,-0.01903575339009428,35.63714902807775,0.8603042727178072
flip,fade,BOS+struct,2.0,1.0,96,648,-0.0411546034236608,32.25308641975309,463,-0.01903575339009428,35.63714902807775,0.8603042727178072
flip,cont,structAgainst,2.0,1.5,24,331,-0.0411804289207265,41.69184290030212,227,-0.0497119318769842,40.969162995594715,0.7228661957262308
flip,cont,bigDisp,1.0,2.0,288,1651,-0.04119278996799678,65.11205330102968,1112,-0.05202343413536119,64.11870503597122,0.6318206643350334
flip,cont,bigDisp,1.0,2.0,96,1651,-0.04119278996799678,65.11205330102968,1112,-0.05202343413536119,64.11870503597122,0.6318206643350334
flip,cont,ALL,2.0,3.0,24,1844,-0.04124003261151656,55.09761388286334,1274,-0.04689683221064742,55.65149136577708,0.7785949662235933
pocket,cont,bigDisp,4.0,1.0,96,1215,-0.041347579788259974,20.5761316872428,887,-0.020604352096126682,22.435174746335964,0.8797554968124776
flip,fade,BOS,2.0,2.0,24,1713,-0.04141474971372353,49.15353181552831,1194,-0.03472441961258141,50.16750418760469,0.8120237205927303
flip,fade,posHigh,3.0,2.0,288,900,-0.04144643580364921,39.111111111111114,619,-0.023185355334318924,41.68012924071082,0.9001236323336768
flip,fade,noSweep,3.0,1.5,96,1733,-0.04146000225453341,33.17945758799769,1191,-0.04270781507449036,32.91351805205709,0.7913331743637844
pocket,cont,bigDisp,4.0,1.0,288,1215,-0.04149102225706106,20.246913580246915,887,-0.02129536424858809,22.096956031567082,0.8763091236197132
flip,cont,ALL,3.0,2.0,24,1844,-0.041529303369622496,40.509761388286336,1274,-0.04206099081312955,40.65934065934066,0.8061423093883798
flip,fade,structAlign,3.0,3.0,96,718,-0.041585630818416694,49.721448467966574,499,-0.03742443159947995,50.70140280561122,0.8671619538608056
flip,cont,noSweep,2.0,2.0,24,1733,-0.041601232935642246,49.04789382573572,1191,-0.04725543652411459,48.614609571788414,0.7547003896317795
flip,cont,BOS+struct,3.0,3.0,96,648,-0.041602644943757865,50.77160493827161,463,-0.062121131091313724,48.16414686825054,0.7874710689606602
flip,cont,bigDisp,1.0,2.0,24,1651,-0.04162190645842142,64.6274984857662,1112,-0.05306276566885844,63.39928057553957,0.6230546623880487
flip,fade,noSweep,3.0,1.5,288,1733,-0.04172598997743842,33.121754183496826,1191,-0.04124450566138882,32.82955499580184,0.7988095578892589
flip,cont,BOS,2.0,2.0,288,1713,-0.041785003820788216,50.32107413893754,1194,-0.04586830966620562,49.0787269681742,0.7698737780982554
flip,cont,posLow,1.0,1.5,288,886,-0.04180346488683627,57.44920993227991,615,-0.04390240363451068,58.211382113821145,0.6382575098164764
flip,cont,posLow,1.0,1.5,96,886,-0.04180346488683627,57.44920993227991,615,-0.04390240363451068,58.211382113821145,0.6382575098164764
flip,fade,BOS+bigDisp,1.0,3.0,96,1566,-0.041820265027362684,73.88250319284802,1059,-0.03762225838157662,75.2596789423985,0.7337771657724053
flip,fade,BOS+bigDisp,1.0,3.0,288,1566,-0.041820265027362684,73.88250319284802,1059,-0.03762225838157662,75.2596789423985,0.7337771657724053
flip,fade,bigDisp,1.0,3.0,96,1651,-0.041892824389565944,73.95517867958813,1112,-0.04122518717924939,74.91007194244604,0.7151134070751293
flip,fade,bigDisp,1.0,3.0,288,1651,-0.041892824389565944,73.95517867958813,1112,-0.04122518717924939,74.91007194244604,0.7151134070751293
flip,fade,BOS+struct,3.0,2.0,24,648,-0.041933531338738804,43.364197530864196,463,-0.008089198247724397,45.57235421166307,0.9579808960809113
flip,cont,structAlign,3.0,1.5,288,718,-0.04195063670233188,33.70473537604457,499,-0.04838640436251076,32.26452905811623,0.7671837481186089
flip,cont,noSweep,2.0,3.0,24,1733,-0.042009401025388284,54.99134448932487,1191,-0.04852528812550938,55.83543240973972,0.7723183138486137
pocket,fade,posLow,2.0,3.0,96,553,-0.04202998857498098,60.397830018083184,350,-0.05390490264323465,59.14285714285714,0.766578054977697
flip,fade,posHigh,3.0,2.0,96,900,-0.04203629765065839,39.22222222222223,619,-0.02765610895448062,41.68012924071082,0.8808648102938924
flip,fade,BOS+struct,2.0,3.0,96,648,-0.04206099192784601,58.48765432098766,463,-0.0268953349306763,60.69114470842333,0.8771460183427938
flip,fade,noSweep,3.0,2.0,24,1733,-0.04208175150264014,42.93133294864397,1191,-0.03271547269490641,41.645675902602854,0.8447440457429211
flip,fade,ALL,3.0,1.5,96,1844,-0.0421064204164748,33.13449023861171,1274,-0.043245183028581435,33.35949764521193,0.7879273310171998
flip,fade,BOS+struct,2.0,1.0,24,648,-0.042130009485274345,32.407407407407405,463,-0.01713139717481259,36.06911447084234,0.8719429418046634
flip,fade,BOS+struct,3.0,2.0,288,648,-0.042154161220187406,39.50617283950617,463,-0.009259733193111129,42.54859611231102,0.9583270770952835
flip,fade,BOS,4.0,1.5,24,1713,-0.04223380876676483,33.39171044950379,1194,-0.02362135671973424,33.50083752093803,0.877127399599466
flip,cont,BOS,2.0,2.0,96,1713,-0.042287634839241806,50.26269702276708,1194,-0.04586830966620562,49.0787269681742,0.7698737780982554
flip,fade,sweep,1.0,1.5,24,111,-0.04232902562469888,56.75675675675676,83,-0.05339418349993746,60.24096385542169,0.5652018567831658
flip,fade,sweep,1.0,1.5,96,111,-0.04232902562469888,56.75675675675676,83,-0.05017181891035799,61.44578313253012,0.5844713977929188
flip,fade,sweep,1.0,1.5,288,111,-0.04232902562469888,56.75675675675676,83,-0.05017181891035799,61.44578313253012,0.5844713977929188
flip,fade,noBOS,2.0,1.5,288,131,-0.04233526236882268,44.274809160305345,80,-0.10431046348345567,33.75,0.5197524773485012
flip,fade,noBOS,2.0,1.5,96,131,-0.04233526236882268,44.274809160305345,80,-0.10431046348345567,33.75,0.5197524773485012
flip,fade,ALL,3.0,1.5,288,1844,-0.042356396947816656,33.08026030368764,1274,-0.04187720696028949,33.28100470957614,0.7949483308138843
flip,fade,BOS+struct,3.0,2.0,96,648,-0.04237169176776231,39.660493827160494,463,-0.014346502564912,42.54859611231102,0.9354343496868052
flip,fade,structAgainst,2.0,2.0,24,331,-0.042449117692205725,50.453172205438065,227,-0.04878181720093305,48.89867841409692,0.7552879893575283
flip,cont,posLow,2.0,3.0,24,886,-0.042468533305224446,55.191873589164786,615,-0.022205566057758665,58.536585365853654,0.8859401488051717
pocket,cont,structAgainst,4.0,2.0,288,493,-0.04259324108159659,33.46855983772819,337,-0.0562736657727942,32.34421364985163,0.7938732276700886
pocket,cont,posHigh,4.0,1.0,24,543,-0.04266011115705037,27.992633517495396,370,-0.0669746956772839,24.054054054054056,0.6044634237268192
flip,fade,structAgainst,4.0,1.0,24,331,-0.04269235924709061,24.773413897280967,227,-0.02298838537251065,25.991189427312776,0.8608211985313755
flip,cont,structAgainst,2.0,1.5,96,331,-0.04273583898294314,41.69184290030212,227,-0.052340225976913936,40.969162995594715,0.7183807537913641
flip,cont,structAgainst,2.0,1.5,288,331,-0.04273583898294314,41.69184290030212,227,-0.052340225976913936,40.969162995594715,0.7183807537913641
flip,fade,BOS,3.0,2.0,96,1713,-0.04278391111236354,39.6964389959136,1194,-0.034982573095889584,40.871021775544385,0.8489592101821294
flip,fade,structAgainst,2.0,1.0,24,331,-0.042807550557371815,33.23262839879154,227,-0.04076353687329278,34.801762114537446,0.7217083354418762
flip,fade,posHigh,2.0,2.0,288,900,-0.04283976716116624,47.77777777777778,619,-0.03191845138208139,50.72697899838449,0.8366883767348051
flip,fade,posHigh,2.0,2.0,96,900,-0.04283976716116624,47.77777777777778,619,-0.03191845138208139,50.72697899838449,0.8366883767348051
flip,cont,posLow,1.0,1.5,24,886,-0.04289684696222642,57.2234762979684,615,-0.04348112012964531,58.211382113821145,0.6404807776290614
flip,cont,bigDisp,4.0,3.0,96,1651,-0.04291749540815179,43.06480920654149,1112,-0.03786110625977989,43.70503597122302,0.8810081857809543
flip,cont,BOS,2.0,3.0,288,1713,-0.042917622781735935,59.89492119089317,1194,-0.0497237241763282,58.87772194304858,0.7869603749975321
flip,cont,BOS+struct,3.0,2.0,96,648,-0.04296047934476383,40.89506172839506,463,-0.054278987844954274,39.09287257019439,0.7749019389326863
flip,fade,BOS+struct,4.0,2.0,24,648,-0.043012864220600855,40.74074074074074,463,0.006725164582491466,44.06047516198704,1.0343892636109076
flip,fade,noSweep,4.0,1.5,24,1733,-0.04311594068057701,33.64108482400462,1191,-0.03122858526766668,32.40973971452561,0.8404894323047026
flip,cont,BOS+bigDisp,4.0,1.5,96,1566,-0.043121361258571474,27.07535121328225,1059,-0.05136827606947136,26.534466477809254,0.7719423151081904
pocket,fade,posLow,2.0,3.0,288,553,-0.043170013384086305,60.397830018083184,350,-0.051651781959113775,59.42857142857143,0.7756422459142722
flip,cont,structAlign,4.0,2.0,24,718,-0.04318861845322928,35.93314763231198,499,-0.054284151477801024,35.27054108216433,0.7617394895784408
flip,fade,BOS,3.0,2.0,288,1713,-0.043285569975616556,39.52130764740222,1194,-0.032823532647750356,40.787269681742046,0.8584781739865461
flip,fade,noBOS,4.0,3.0,96,131,-0.04334813591381523,48.091603053435115,80,-0.2270601385950183,30.0,0.4674732445664653
flip,fade,noBOS,2.0,1.5,24,131,-0.04337436751545875,44.274809160305345,80,-0.09485989976406865,33.75,0.5319555664545539
flip,cont,BOS,2.0,3.0,96,1713,-0.04341928164498895,59.719789842381786,1194,-0.04756468372818897,58.79396984924623,0.7940804277421842
flip,fade,structAgainst,2.0,2.0,288,331,-0.0434814511529347,50.15105740181269,227,-0.056424808607241944,48.458149779735685,0.7337719640385622
flip,fade,structAgainst,2.0,2.0,96,331,-0.0434814511529347,50.15105740181269,227,-0.056424808607241944,48.458149779735685,0.7337719640385622
flip,cont,ALL,2.0,2.0,24,1844,-0.043633974750615576,48.96963123644252,1274,-0.04578435181144191,48.430141287284144,0.7606907400922017
flip,fade,ALL,2.0,2.0,24,1844,-0.043719431722788256,49.0238611713666,1274,-0.038546454190055375,49.529042386185246,0.794094897158285
flip,cont,BOS+struct,1.0,1.5,288,648,-0.043757527197186764,59.413580246913575,463,-0.0627473788324775,56.15550755939525,0.5418030230233254
flip,cont,BOS+struct,1.0,1.5,96,648,-0.043757527197186764,59.413580246913575,463,-0.0627473788324775,56.15550755939525,0.5418030230233254
flip,fade,structAlign,2.0,1.5,24,718,-0.043776594898366286,41.22562674094708,499,-0.028068641222914564,44.08817635270541,0.8281059292295192
flip,cont,bigDisp,4.0,1.5,96,1651,-0.04387700193765403,26.83222289521502,1112,-0.04300322656454114,27.15827338129496,0.8075404495668571
flip,fade,sweep,4.0,2.0,288,111,-0.04389176923703623,32.432432432432435,83,-0.1104328812333086,32.53012048192771,0.5924213469465158
flip,fade,structAgainst,2.0,1.0,288,331,-0.04390694937140321,32.93051359516616,227,-0.04143671795414313,33.92070484581498,0.7218743915406978
flip,fade,structAgainst,2.0,1.0,96,331,-0.04390694937140321,32.93051359516616,227,-0.04143671795414313,33.92070484581498,0.7218743915406978
flip,fade,ALL,4.0,1.5,24,1844,-0.04395615001511875,33.40563991323211,1274,-0.03180733601646594,32.6530612244898,0.8369648025600983
flip,cont,BOS+bigDisp,4.0,2.0,96,1566,-0.043978991571086215,33.84418901660281,1059,-0.048553223515771814,33.33333333333333,0.8160810628479113
pocket,cont,structAlign,3.0,1.0,24,411,-0.04410601168389969,26.034063260340634,323,-0.006084518685676629,32.19814241486068,0.9590786414723748
flip,cont,structAlign,4.0,1.5,24,718,-0.04413473110235558,30.501392757660167,499,-0.06225026234695864,28.857715430861724,0.704967610427929
flip,fade,BOS+bigDisp,1.0,1.5,24,1566,-0.04417961095355721,58.36526181353767,1059,-0.037228083996912686,61.095372993389994,0.6905326517612416
flip,cont,noSweep,3.0,1.5,24,1733,-0.04420524595907588,33.698788228505485,1191,-0.044608260845499306,34.005037783375315,0.7731903770004347
flip,fade,BOS+bigDisp,1.0,1.5,96,1566,-0.04423670154056553,58.429118773946364,1059,-0.037324769875327755,61.18980169971672,0.6902124975147003
flip,fade,BOS+bigDisp,1.0,1.5,288,1566,-0.04423670154056553,58.429118773946364,1059,-0.037324769875327755,61.18980169971672,0.6902124975147003
pocket,fade,posLow,3.0,3.0,96,553,-0.04428614556523367,49.36708860759494,350,-0.04157175675784164,51.142857142857146,0.849788900029284
flip,cont,noSweep,1.0,2.0,24,1733,-0.0443355900465162,64.74321984997114,1191,-0.04942300834996658,64.31570109151973,0.6404819445887382
flip,fade,posHigh,3.0,1.0,24,900,-0.04439677293056421,26.222222222222225,619,-0.01612481563217703,29.72536348949919,0.8920741955466169
flip,cont,noSweep,1.0,2.0,96,1733,-0.04440831984491998,65.20484708597807,1191,-0.04814037201079675,64.98740554156171,0.6506527333360846
flip,cont,noSweep,1.0,2.0,288,1733,-0.04440831984491998,65.20484708597807,1191,-0.04814037201079675,64.98740554156171,0.6506527333360846
flip,cont,BOS,3.0,1.5,24,1713,-0.0444135757469869,34.15061295971979,1194,-0.04758530447911873,33.33333333333333,0.7582873327491081
flip,cont,sweep,2.0,3.0,96,111,-0.04446598463727371,58.55855855855856,83,-0.008431097250641036,55.42168674698795,0.9572729838351249
flip,cont,posHigh,2.0,2.0,96,900,-0.04453207669133987,51.22222222222222,619,-0.05421323647291462,48.1421647819063,0.7388904303141235
flip,cont,posHigh,2.0,2.0,288,900,-0.04453207669133987,51.22222222222222,619,-0.05421323647291462,48.1421647819063,0.7388904303141235
flip,fade,posHigh,4.0,1.0,24,900,-0.0446732088152913,24.22222222222222,619,-0.008591344558624776,27.30210016155089,0.9442361285745718
flip,fade,ALL,4.0,3.0,288,1844,-0.04472779314745042,41.81127982646421,1274,-0.05649064539748965,41.208791208791204,0.8303590690343171
flip,cont,BOS+struct,1.0,2.0,24,648,-0.04475837373853118,66.0493827160494,463,-0.06552921247710349,63.06695464362851,0.5561584233810651
flip,cont,BOS+struct,1.0,1.5,24,648,-0.044761258794929606,59.25925925925925,463,-0.06378677801325136,55.93952483801296,0.5362414959341694
flip,cont,BOS+struct,3.0,2.0,288,648,-0.044769781836919396,40.74074074074074,463,-0.0544296538485264,38.8768898488121,0.7748392676981725
flip,cont,BOS+bigDisp,4.0,1.5,288,1566,-0.04477088276170615,26.947637292464876,1059,-0.05147018941767272,26.440037771482533,0.7725203696890174
flip,cont,bigDisp,4.0,2.0,96,1651,-0.04478446226685587,33.73712901271956,1112,-0.04272215401954717,33.723021582733814,0.8374575134981597
flip,fade,ALL,3.0,2.0,24,1844,-0.044787223085157285,42.78741865509762,1274,-0.03549047128067895,41.679748822605966,0.8320999395823769
flip,fade,noSweep,2.0,2.0,24,1733,-0.044833823111780594,49.04789382573572,1191,-0.03590343433612614,49.538203190596136,0.8075491038045081
flip,cont,BOS+bigDisp,4.0,1.0,24,1566,-0.04483406575684852,20.81736909323116,1059,-0.04959337885179632,20.396600566572236,0.7103318436213467
flip,cont,posLow,1.0,1.0,96,886,-0.04488439024832852,46.04966139954853,615,-0.055015306182647605,45.52845528455284,0.5196962527590703
flip,cont,posLow,1.0,1.0,288,886,-0.04488439024832852,46.04966139954853,615,-0.055015306182647605,45.52845528455284,0.5196962527590703
flip,cont,posLow,1.0,1.0,24,886,-0.04488439024832852,46.04966139954853,615,-0.055015306182647605,45.52845528455284,0.5196962527590703
flip,cont,BOS,1.0,2.0,24,1713,-0.044893683591927,64.79859894921191,1194,-0.0534687321927763,63.31658291457286,0.6168354721755304
flip,cont,BOS,1.0,2.0,96,1713,-0.04496726254150886,65.2656158785756,1194,-0.05269993749141648,63.98659966499163,0.6239356820269727
flip,cont,BOS,1.0,2.0,288,1713,-0.04496726254150886,65.2656158785756,1194,-0.05269993749141648,63.98659966499163,0.6239356820269727
flip,fade,noSweep,4.0,3.0,288,1733,-0.044973141507431494,41.950375072129255,1191,-0.05785773854934332,40.890008396305625,0.8273081361519947
flip,fade,BOS+bigDisp,1.0,2.0,24,1566,-0.04498134037983602,65.26181353767561,1059,-0.03185321011815494,67.98866855524079,0.7453486065927616
pocket,fade,posLow,2.0,3.0,24,553,-0.04498906528952613,54.79204339963834,350,-0.05326893950151935,55.14285714285714,0.741185159443465
flip,fade,ALL,2.0,3.0,24,1844,-0.045003859573636396,57.10412147505423,1274,-0.04018600772820984,57.14285714285714,0.8083626513006987
flip,fade,structAlign,3.0,2.0,288,718,-0.04506398720063562,39.83286908077994,499,-0.02345598428897715,41.48296593186373,0.898158560702978
pocket,fade,sweep,1.0,1.5,288,89,-0.04506537257080262,60.67415730337079,62,-0.04937235104901962,56.451612903225815,0.6128976216126426
pocket,fade,sweep,1.0,1.5,96,89,-0.04506537257080262,60.67415730337079,62,-0.04937235104901962,56.451612903225815,0.6128976216126426
flip,cont,BOS+struct,1.0,3.0,96,648,-0.04510151936337975,75.0,463,-0.0685859974400061,72.35421166306696,0.5825678644835321
flip,cont,BOS+struct,1.0,3.0,288,648,-0.04510151936337975,75.0,463,-0.06809857550915766,72.57019438444925,0.585379674124065
flip,cont,posLow,4.0,1.5,24,886,-0.045108582513914905,27.42663656884876,615,-0.023983598544562744,30.89430894308943,0.8790693822503254
flip,fade,structAlign,3.0,2.0,96,718,-0.04526031003465865,39.97214484679666,499,-0.028175772303293403,41.48296593186373,0.8776661354594684
flip,fade,bigDisp,1.0,3.0,24,1651,-0.04527263810103405,72.6832222895215,1112,-0.038596266583178454,73.92086330935251,0.7250551554714494
flip,fade,BOS+bigDisp,1.0,2.0,96,1566,-0.04528708282795613,65.38952745849298,1059,-0.032678193582891764,68.27195467422096,0.7411223678929107
flip,fade,BOS+bigDisp,1.0,2.0,288,1566,-0.04528708282795613,65.38952745849298,1059,-0.032678193582891764,68.27195467422096,0.7411223678929107
flip,cont,noSweep,3.0,3.0,96,1733,-0.045373839590888934,49.85574148874783,1191,-0.021213228778313394,51.88916876574308,0.9223108777947815
flip,fade,BOS+bigDisp,1.0,3.0,24,1566,-0.04538352967463845,72.54150702426566,1059,-0.03519579742323615,74.31539187913125,0.7440842157682427
flip,fade,BOS,2.0,2.0,96,1713,-0.04540012306379339,48.51138353765324,1194,-0.038330315127106246,50.16750418760469,0.8035486677031108
pocket,fade,sweep,4.0,1.0,96,89,-0.04542518790180202,19.101123595505616,62,-0.056220166855995145,16.129032258064516,0.6807968269018545
pocket,fade,sweep,4.0,1.0,288,89,-0.04542518790180202,19.101123595505616,62,-0.056220166855995145,16.129032258064516,0.6807968269018545
flip,cont,bigDisp,4.0,1.5,288,1651,-0.04544159955964609,26.711084191399152,1112,-0.04250984932512396,27.068345323741006,0.810572368698693
flip,fade,BOS,4.0,3.0,288,1713,-0.04545299402167408,41.33099824868651,1194,-0.04423393977466399,42.04355108877722,0.8642363066167291
flip,fade,noSweep,3.0,1.0,24,1733,-0.04567346258718736,26.83208309290248,1191,-0.033090728198063225,27.204030226700255,0.7866809634101808
flip,cont,BOS+struct,1.0,2.0,96,648,-0.04573377980014472,66.20370370370371,463,-0.06362485626182181,63.93088552915766,0.5691892243465239
flip,cont,BOS+struct,1.0,2.0,288,648,-0.04573377980014472,66.20370370370371,463,-0.06362485626182181,63.93088552915766,0.5691892243465239
flip,fade,BOS,2.0,2.0,288,1713,-0.04590275408224698,48.45300642148278,1194,-0.038330315127106246,50.16750418760469,0.8035486677031108
flip,fade,noSweep,3.0,1.0,288,1733,-0.045930607665274285,24.52394691286786,1191,-0.035046606702376096,25.356842989084804,0.7835405125509586
flip,fade,noSweep,3.0,1.0,96,1733,-0.045930607665274285,24.52394691286786,1191,-0.03485712193832669,25.440806045340054,0.7844008166683448
flip,fade,noSweep,2.0,1.0,96,1733,-0.0459946421554702,32.198499711482974,1191,-0.03616091848845319,33.75314861460957,0.7483557681370242
flip,fade,noSweep,2.0,1.0,288,1733,-0.0459946421554702,32.198499711482974,1191,-0.03616091848845319,33.75314861460957,0.7483557681370242
flip,cont,ALL,3.0,1.5,24,1844,-0.04604711139519399,33.73101952277657,1274,-0.045214720548656,33.75196232339089,0.7695897915566032
flip,fade,noSweep,2.0,1.0,24,1733,-0.04606737195387398,32.4870167339873,1191,-0.03487828214928335,34.089000839630565,0.7538092219119562
flip,cont,posHigh,1.0,3.0,24,900,-0.04609131244151503,71.22222222222221,619,-0.06674756222517965,68.17447495961227,0.5829033833950485
flip,cont,bigDisp,4.0,1.0,24,1651,-0.046174477812067516,20.59357964869776,1112,-0.044768718881473914,20.68345323741007,0.7372679864871602
flip,cont,ALL,1.0,2.0,24,1844,-0.04623578344172538,64.42516268980476,1274,-0.05054156007851846,63.81475667189953,0.6334916420401652
flip,cont,BOS+bigDisp,4.0,2.0,288,1566,-0.046271270808271425,33.58876117496807,1059,-0.050544743391333496,33.050047214353164,0.8107309430945107
flip,cont,BOS,2.0,2.0,24,1713,-0.04627300818931166,48.86164623467601,1194,-0.049474205180730466,47.82244556113903,0.7437580955278018
flip,fade,BOS,2.0,3.0,24,1713,-0.046281385314055845,56.85931115002919,1194,-0.03662631104482632,57.70519262981575,0.8231959047374493
flip,fade,ALL,2.0,1.0,96,1844,-0.046289802467229545,32.049891540130155,1274,-0.03591460365987164,34.065934065934066,0.7487692712138972
flip,fade,ALL,2.0,1.0,288,1844,-0.046289802467229545,32.049891540130155,1274,-0.03591460365987164,34.065934065934066,0.7487692712138972
flip,fade,structAlign,3.0,2.0,24,718,-0.046302503852994704,43.5933147632312,499,-0.019442851306249863,44.28857715430862,0.9018634982112907
flip,cont,ALL,1.0,2.0,288,1844,-0.04630413525334887,64.8590021691974,1274,-0.049586559629087146,64.44270015698586,0.6418538591283324
flip,cont,ALL,1.0,2.0,96,1844,-0.04630413525334887,64.8590021691974,1274,-0.049586559629087146,64.44270015698586,0.6418538591283324
flip,cont,noSweep,4.0,3.0,24,1733,-0.04630803673148401,40.68090017311021,1191,-0.039964660500973706,43.24097397145256,0.8444789910165718
flip,fade,ALL,2.0,1.0,24,1844,-0.04635815427885305,32.32104121475054,1274,-0.03495960321044031,34.37990580847723,0.7521648248111313
flip,fade,noSweep,3.0,2.0,96,1733,-0.046387776999685146,39.58453548759377,1191,-0.04038690754998604,39.79848866498741,0.8290446204956674
flip,fade,noSweep,3.0,3.0,24,1733,-0.04639004339660957,50.54818234275822,1191,-0.042959038547013856,48.782535684298914,0.8219969130862004
flip,fade,BOS+struct,2.0,1.5,96,648,-0.04639397054525309,40.4320987654321,463,-0.027578678081944995,43.84449244060475,0.8360573312936881
flip,fade,BOS+struct,2.0,1.5,288,648,-0.04639397054525309,40.4320987654321,463,-0.027578678081944995,43.84449244060475,0.8360573312936881
flip,cont,posHigh,3.0,2.0,24,900,-0.046407722645576445,41.44444444444444,619,-0.05469212063076198,40.064620355411954,0.7502394994615569
flip,fade,BOS,3.0,1.0,24,1713,-0.046546505330589606,26.38645650904845,1194,-0.028004914981540167,28.14070351758794,0.8161754492887786
flip,fade,BOS,3.0,1.0,96,1713,-0.04654953042249018,24.168126094570926,1194,-0.030195068619072268,26.38190954773869,0.8099218421728885
flip,fade,BOS,3.0,1.0,288,1713,-0.04654953042249018,24.168126094570926,1194,-0.030384077290749684,26.298157453936348,0.8090112335290273
flip,fade,structAlign,4.0,2.0,24,718,-0.04656655648475375,40.807799442896936,499,-0.007413621187663464,42.68537074148296,0.9631809679791139
flip,fade,BOS,4.0,2.0,24,1713,-0.04657918375163282,40.16345592527729,1194,-0.0195042010285272,39.53098827470687,0.9099334377934706
flip,cont,noSweep,2.0,1.5,24,1733,-0.04660512001817524,41.83496826312753,1191,-0.05145860856102553,41.22586062132662,0.7094383816835121
flip,cont,BOS+struct,1.0,3.0,24,648,-0.046611786974385276,71.60493827160494,463,-0.07274704726968761,68.25053995680346,0.550576422200198
pocket,fade,structAgainst,3.0,1.5,96,493,-0.046620805228835445,34.68559837728195,337,-0.037035733120377355,34.124629080118694,0.8196746942740344
pocket,fade,posLow,2.0,2.0,96,553,-0.04665716476560127,49.728752260397826,350,-0.04412289960057904,49.714285714285715,0.7728528550175202
pocket,fade,posLow,2.0,2.0,288,553,-0.04665716476560127,49.728752260397826,350,-0.043265975701838134,49.714285714285715,0.7772643469826516
flip,cont,structAlign,1.0,3.0,288,718,-0.04671215685663605,74.23398328690809,499,-0.058878171470955476,73.54709418837675,0.6278143409841324
flip,cont,structAlign,1.0,3.0,96,718,-0.04671215685663605,74.23398328690809,499,-0.059330428693365946,73.34669338677354,0.6250903560488882
flip,fade,ALL,2.0,2.0,96,1844,-0.04671992506410546,48.53579175704989,1274,-0.043372668634616945,49.529042386185246,0.7818155142380787
flip,fade,BOS+bigDisp,3.0,1.5,288,1566,-0.04673862637593949,32.50319284802043,1059,-0.03458743923553316,34.08876298394712,0.8290899536506099
flip,fade,BOS+bigDisp,3.0,1.5,96,1566,-0.04673862637593949,32.50319284802043,1059,-0.03593861510250787,34.183191690273844,0.8220845847437831
flip,fade,BOS,3.0,3.0,24,1713,-0.046766591277846534,50.43782837127846,1194,-0.036357701897971724,49.83249581239531,0.8470179951390701
pocket,fade,sweep,1.0,1.5,24,89,-0.046774387623404495,59.55056179775281,62,-0.04900539902462746,54.83870967741935,0.6138845783113596
flip,cont,BOS+bigDisp,4.0,3.0,96,1566,-0.046785556345582485,42.84802043422733,1059,-0.05022807122181889,42.870632672332384,0.8443150607814089
flip,cont,noSweep,2.0,1.5,96,1733,-0.046803327759934364,41.950375072129255,1191,-0.04910213387760018,41.47774979009236,0.7266646709774703
flip,cont,noSweep,2.0,1.5,288,1733,-0.046803327759934364,41.950375072129255,1191,-0.04910213387760018,41.47774979009236,0.7266646709774703
pocket,cont,structAgainst,2.0,3.0,96,493,-0.04680526611297401,57.606490872210955,337,-0.03056541014049623,60.534124629080125,0.8641798996856767
pocket,cont,structAlign,3.0,1.0,288,411,-0.0468775503627996,23.114355231143552,323,-0.009559658523344242,29.411764705882355,0.9388976819546008
flip,fade,bigDisp,3.0,1.5,96,1651,-0.04689717248860268,32.646880678376746,1112,-0.04141970553130443,33.63309352517986,0.7977999542926655
flip,fade,bigDisp,3.0,1.5,288,1651,-0.04689717248860268,32.646880678376746,1112,-0.04013292923352904,33.543165467625904,0.8044215927868776
flip,cont,BOS,2.0,3.0,24,1713,-0.04690732415525502,54.932866316403974,1194,-0.05437987367909554,54.85762144053601,0.7486748844050215
pocket,fade,posLow,2.0,1.5,24,553,-0.0469427146873548,42.857142857142854,350,-0.033910922889759235,44.857142857142854,0.7894612428016466
flip,cont,bigDisp,4.0,2.0,288,1651,-0.046958725916421,33.49485160508783,1112,-0.04402832112588051,33.45323741007194,0.8343247976571636
pocket,fade,posLow,3.0,3.0,288,553,-0.0469812480580023,49.00542495479204,350,-0.03936826205541706,51.42857142857142,0.8583181992675234
flip,cont,ALL,4.0,3.0,24,1844,-0.04704429895474858,40.726681127982644,1274,-0.038621310005036255,42.77864992150707,0.8492865827535803
flip,fade,bigDisp,1.0,1.5,24,1651,-0.047066708381019555,58.14657783161719,1112,-0.03813738735731862,60.97122302158273,0.685675583874795
flip,fade,noSweep,3.0,2.0,288,1733,-0.04707915931950477,39.41142527409117,1191,-0.03822242871280868,39.71452560873216,0.8384278859612129
pocket,cont,structAgainst,2.0,3.0,288,493,-0.047088812013623575,57.809330628803245,337,-0.032573710043233485,60.83086053412463,0.8573017163713312
flip,fade,bigDisp,3.0,3.0,288,1651,-0.04711518800857762,49.24288310115082,1112,-0.05180727256245491,48.830935251798564,0.8237612400913193
flip,fade,bigDisp,1.0,1.5,288,1651,-0.047120859719151004,58.20714718352513,1112,-0.03822946500591713,61.061151079136685,0.685380409175275
flip,fade,bigDisp,1.0,1.5,96,1651,-0.047120859719151004,58.20714718352513,1112,-0.03822946500591713,61.061151079136685,0.685380409175275
flip,cont,noSweep,3.0,2.0,96,1733,-0.04712188715480548,40.16156953260243,1191,-0.027881141584217235,41.56171284634761,0.8795725174125297
pocket,fade,bigDisp,1.0,3.0,96,1215,-0.04717092559402241,73.66255144032921,887,-0.05180348544267667,73.05524239007892,0.6662830792619029
flip,fade,ALL,2.0,2.0,288,1844,-0.0471868485644368,48.48156182212581,1274,-0.043372668634616945,49.529042386185246,0.7818155142380787
flip,cont,posHigh,2.0,3.0,96,900,-0.04727913488711898,60.22222222222222,619,-0.055913103620775874,57.83521809369952,0.7671877623344665
flip,fade,ALL,3.0,3.0,24,1844,-0.047288116081602875,50.59652928416486,1274,-0.04342678059886188,48.97959183673469,0.819966110093557
flip,cont,BOS,4.0,1.5,24,1713,-0.04737503555324986,29.188558085230586,1194,-0.04858479674155079,29.061976549413735,0.7671709744066711
pocket,fade,structAlign,2.0,3.0,96,411,-0.04738230482137197,62.04379562043796,323,-0.058696713606763214,57.89473684210527,0.7596432456010953
flip,cont,posHigh,2.0,2.0,24,900,-0.04740031872636106,49.77777777777778,619,-0.06106701538236681,46.68820678513732,0.6916916307075187
flip,cont,BOS+bigDisp,1.0,1.5,288,1566,-0.04749921880340635,57.47126436781609,1059,-0.054680730045250966,56.185080264400376,0.5887372190270893
flip,cont,BOS+bigDisp,1.0,1.5,96,1566,-0.04749921880340635,57.47126436781609,1059,-0.054680730045250966,56.185080264400376,0.5887372190270893
flip,cont,sweep,2.0,3.0,288,111,-0.04751845245254394,58.55855855855856,83,-0.008431097250641036,55.42168674698795,0.9572729838351249
flip,fade,BOS,2.0,1.0,288,1713,-0.047592507225964635,31.64039696438996,1194,-0.03285304860415606,34.58961474036851,0.7672067376271956
flip,fade,BOS,2.0,1.0,96,1713,-0.047592507225964635,31.64039696438996,1194,-0.03285304860415606,34.58961474036851,0.7672067376271956
flip,cont,structAlign,1.0,1.0,96,718,-0.04765747709782883,47.49303621169916,499,-0.058052915294410694,45.09018036072144,0.5160683984645154
flip,cont,structAlign,1.0,1.0,288,718,-0.04765747709782883,47.49303621169916,499,-0.058052915294410694,45.09018036072144,0.5160683984645154
flip,cont,structAlign,1.0,1.0,24,718,-0.04765747709782883,47.49303621169916,499,-0.058052915294410694,45.09018036072144,0.5160683984645154
flip,fade,BOS,2.0,1.0,24,1713,-0.04766608617554649,31.932282545242263,1194,-0.03208425390279625,34.92462311557789,0.7697642174439685
pocket,fade,structAgainst,3.0,1.5,288,493,-0.04767853125536995,34.48275862068966,337,-0.03711941942151768,34.124629080118694,0.8200458697632982
pocket,fade,structAgainst,4.0,1.5,24,493,-0.04768167399865571,32.454361054766736,337,-0.04353020717958306,33.23442136498516,0.7793749586618156
flip,cont,structAlign,4.0,1.5,96,718,-0.04780924351761083,27.99442896935933,499,-0.0536875627109471,27.054108216432866,0.7617730123236612
flip,cont,posLow,2.0,1.0,288,886,-0.04781045608155,31.264108352144472,615,-0.04186432403574573,32.84552845528455,0.7035499080591878
flip,cont,posLow,2.0,1.0,96,886,-0.04781045608155,31.264108352144472,615,-0.04186432403574573,32.84552845528455,0.7035499080591878
flip,fade,ALL,3.0,1.0,24,1844,-0.04781471518404078,26.572668112798265,1274,-0.03401910024596989,27.315541601255887,0.7802128413407691
flip,fade,bigDisp,1.0,2.0,24,1651,-0.047848988628904895,65.05148394912175,1112,-0.034395167828722296,67.62589928057554,0.7297932187008941
flip,cont,BOS+struct,2.0,2.0,24,648,-0.04785257953570989,49.2283950617284,463,-0.058558804808852956,46.868250539956804,0.7001210881912178
flip,cont,structAlign,4.0,1.5,288,718,-0.047863415710972045,27.85515320334262,499,-0.05380275037099219,26.65330661322645,0.7632137475794346
flip,cont,posHigh,2.0,3.0,288,900,-0.04786899673412816,60.333333333333336,619,-0.06038385724093757,57.83521809369952,0.7531672346054601
pocket,fade,bigDisp,1.0,3.0,288,1215,-0.047875133637411464,73.66255144032921,887,-0.051116960165471376,73.16798196166854,0.6696423293156581
flip,fade,posLow,3.0,3.0,288,886,-0.0479108813913026,48.75846501128668,615,-0.06453307841465089,47.642276422764226,0.7766393974948768
flip,fade,ALL,3.0,2.0,96,1844,-0.04791680337272792,39.58785249457701,1274,-0.04364576478105553,39.95290423861852,0.8155292696629977
flip,cont,structAlign,1.0,1.5,288,718,-0.04796858675078603,58.495821727019504,499,-0.05925572910435171,56.91382765531062,0.5628581538459708
flip,cont,structAlign,1.0,1.5,96,718,-0.04796858675078603,58.495821727019504,499,-0.05925572910435171,56.91382765531062,0.5628581538459708
flip,cont,posLow,2.0,1.0,24,886,-0.047976174592301475,31.264108352144472,615,-0.04138234579507233,33.170731707317074,0.7047074313492975
flip,fade,posLow,3.0,1.5,96,886,-0.047990228555795524,33.63431151241535,615,-0.055393705858473134,31.54471544715447,0.7271264107351754
flip,fade,ALL,3.0,1.0,288,1844,-0.04804531059538735,24.349240780911064,1274,-0.03644592103158031,25.510204081632654,0.7744586609888553
flip,fade,ALL,3.0,1.0,96,1844,-0.04804531059538735,24.349240780911064,1274,-0.03626878103630336,25.588697017268448,0.7752521642262217
flip,cont,structAlign,2.0,2.0,24,718,-0.04806883837160671,49.02506963788301,499,-0.052090602475122885,47.89579158316633,0.7286895883168857
flip,cont,BOS+bigDisp,3.0,1.0,24,1566,-0.04809926643304308,24.26564495530013,1059,-0.04856462501323088,24.268177525967893,0.703055660044858
flip,cont,BOS+bigDisp,1.0,1.5,24,1566,-0.04811782449867818,57.34355044699873,1059,-0.054839476401487494,55.996222851746936,0.5867209503703772
flip,fade,bigDisp,1.0,2.0,96,1651,-0.04813899024838162,65.17262265293762,1112,-0.03484797372157968,67.98561151079137,0.728329459281861
flip,fade,bigDisp,1.0,2.0,288,1651,-0.04813899024838162,65.17262265293762,1112,-0.03484797372157968,67.98561151079137,0.728329459281861
flip,fade,noSweep,2.0,2.0,96,1733,-0.04815824603616267,48.52856318522793,1191,-0.041020030276471484,49.454240134340886,0.7932954255367975
flip,fade,noSweep,4.0,1.0,24,1733,-0.04815941279133927,24.408540103866127,1191,-0.029392438974129003,24.43324937027708,0.8166282459054186
pocket,fade,bigDisp,1.0,3.0,24,1215,-0.0482104856977551,70.37037037037037,887,-0.052210889771537664,70.46223224351748,0.6545554975066588
flip,cont,BOS+struct,1.0,1.0,288,648,-0.048251357404352886,47.68518518518518,463,-0.060659339701356264,44.70842332613391,0.49692810763294765
flip,cont,BOS+struct,1.0,1.0,24,648,-0.048251357404352886,47.68518518518518,463,-0.060659339701356264,44.70842332613391,0.49692810763294765
flip,cont,BOS+struct,1.0,1.0,96,648,-0.048251357404352886,47.68518518518518,463,-0.060659339701356264,44.70842332613391,0.49692810763294765
flip,fade,BOS+bigDisp,3.0,3.0,288,1566,-0.04827847933271339,49.10600255427842,1059,-0.043106645996126416,49.480642115203025,0.850424619140319
flip,fade,BOS,4.0,1.0,24,1713,-0.04828008643286949,23.992994746059544,1194,-0.02346143361145769,25.376884422110553,0.8510222711261755
flip,cont,structAlign,2.0,1.5,24,718,-0.0482856151549911,42.33983286908078,499,-0.06180506088334223,40.28056112224449,0.6611479168149157
pocket,fade,bigDisp,1.0,2.0,96,1215,-0.048336937461474584,65.4320987654321,887,-0.04556842819199023,64.82525366403607,0.670667804313632
pocket,fade,bigDisp,1.0,2.0,288,1215,-0.048336937461474584,65.4320987654321,887,-0.04556842819199023,64.82525366403607,0.670667804313632
flip,cont,bigDisp,1.0,1.5,288,1651,-0.04833862054646847,57.05632949727438,1112,-0.053404538560870206,56.4748201438849,0.5970591715109744
flip,cont,bigDisp,1.0,1.5,96,1651,-0.04833862054646847,57.05632949727438,1112,-0.053404538560870206,56.4748201438849,0.5970591715109744
flip,fade,ALL,3.0,2.0,288,1844,-0.04838282378094508,39.42516268980477,1274,-0.04162229987126099,39.87441130298273,0.824306010110288
flip,cont,ALL,2.0,1.5,24,1844,-0.048401218013902764,41.81127982646421,1274,-0.05118009810856784,41.051805337519625,0.7101112348067166
flip,cont,BOS+struct,4.0,1.0,288,648,-0.048452739592645185,19.90740740740741,463,-0.061599318686190084,18.790496760259177,0.6535747751457703
flip,cont,structAlign,3.0,2.0,96,718,-0.0484916324703758,39.97214484679666,499,-0.03900137395296169,40.28056112224449,0.8351557277568895
flip,fade,posLow,3.0,1.5,288,886,-0.0485104957384077,33.521444695259596,615,-0.05504766433646496,31.54471544715447,0.7288310374735686
flip,fade,posHigh,3.0,1.5,24,900,-0.04852012839526329,34.77777777777778,619,-0.00892694031351147,39.09531502423263,0.9492958850537703
pocket,fade,posLow,2.0,1.5,96,553,-0.04857037257923575,43.037974683544306,350,-0.0315729071957392,44.57142857142857,0.8098595035497015
pocket,fade,posLow,2.0,1.5,288,553,-0.04857037257923575,43.037974683544306,350,-0.03280707776894002,44.285714285714285,0.8036220199632275
flip,cont,structAlign,1.0,3.0,24,718,-0.04857697555711823,70.61281337047353,499,-0.06284218743196343,69.33867735470942,0.5949068622065206
flip,fade,noSweep,2.0,2.0,288,1733,-0.04865507635042176,48.47085978072706,1191,-0.041020030276471484,49.454240134340886,0.7932954255367975
flip,fade,posLow,3.0,3.0,24,886,-0.04865947907532487,50.67720090293454,615,-0.06248962783083584,48.13008130081301,0.7512872325519044
flip,cont,structAlign,3.0,3.0,288,718,-0.048676254088955234,49.721448467966574,499,-0.0470352886909425,49.09819639278557,0.8382500828533967
flip,fade,sweep,4.0,2.0,96,111,-0.048692692397459984,32.432432432432435,83,-0.10709922404641792,33.734939759036145,0.6001547989002953
flip,cont,noSweep,4.0,2.0,24,1733,-0.048714164361427885,35.025966532025386,1191,-0.042771939647465486,36.35600335852225,0.8159017570538197
flip,fade,posLow,2.0,2.0,24,886,-0.04873033702432892,49.43566591422122,615,-0.050083401918451405,48.94308943089431,0.7390576276557669
flip,cont,bigDisp,3.0,1.0,24,1651,-0.04880264524815903,24.04603270745003,1112,-0.045438424246778165,24.550359712230215,0.7209197295798805
flip,fade,noSweep,2.0,3.0,24,1733,-0.04882898386669145,56.83785343335257,1191,-0.0397261109722997,57.01091519731318,0.811211732640008
flip,cont,structAlign,1.0,1.5,24,718,-0.048874461507523295,58.35654596100278,499,-0.06022014157068096,56.71342685370742,0.5575574922057556
flip,cont,BOS,3.0,1.5,96,1713,-0.04887997046699442,33.04144775248103,1194,-0.04288520905384518,32.747068676716914,0.7896528945666588
flip,cont,bigDisp,1.0,1.5,24,1651,-0.048925377977598494,56.93519079345851,1112,-0.05366441114865858,56.29496402877698,0.5943272673039954
pocket,cont,structAlign,3.0,1.0,96,411,-0.04895933326478915,23.114355231143552,323,-0.009559658523344242,29.411764705882355,0.9388976819546008
flip,cont,noSweep,4.0,3.0,96,1733,-0.04905331006855819,42.64281592613964,1191,-0.026848679843203282,44.584382871536526,0.9135624212935262
flip,cont,ALL,2.0,1.5,96,1844,-0.04908990382286005,41.86550976138829,1274,-0.049240639513529076,41.208791208791204,0.7250931506345388
flip,cont,ALL,2.0,1.5,288,1844,-0.04908990382286005,41.86550976138829,1274,-0.049240639513529076,41.208791208791204,0.7250931506345388
flip,cont,noSweep,4.0,1.5,24,1733,-0.04912386155521614,28.736295441431043,1191,-0.04361331688543265,29.974811083123427,0.7902820422849641
pocket,cont,structAlign,4.0,1.5,96,411,-0.04920504240311982,26.520681265206814,323,0.008265248244678518,32.19814241486068,1.0395709586110466
flip,cont,structAgainst,2.0,1.0,24,331,-0.049237281258430333,31.1178247734139,227,-0.054312207819869826,30.396475770925107,0.647396823036363
flip,cont,structAlign,4.0,1.0,288,718,-0.04926008023179201,19.498607242339833,499,-0.05184388209994975,19.438877755511022,0.7070076494904322
pocket,fade,structAlign,2.0,3.0,24,411,-0.04929243409761721,55.71776155717762,323,-0.06895204339288534,52.63157894736842,0.7018297869774155
flip,cont,BOS+struct,2.0,2.0,96,648,-0.04930949102370396,50.15432098765432,463,-0.056399849083762145,48.59611231101512,0.724911833604518
flip,cont,BOS+struct,2.0,2.0,288,648,-0.04930949102370396,50.15432098765432,463,-0.056399849083762145,48.59611231101512,0.724911833604518
flip,cont,BOS,3.0,2.0,96,1713,-0.04931587576151294,40.338587273788676,1194,-0.03606057946142189,40.53601340033501,0.8452885898825975
flip,fade,posHigh,3.0,2.0,24,900,-0.04931973191196614,42.22222222222222,619,-0.009265930755524161,43.94184168012924,0.9530088836181352
flip,cont,BOS,4.0,3.0,24,1713,-0.04933075870113845,40.63047285464098,1194,-0.04817582174017378,42.04355108877722,0.8154683848231737
flip,cont,bigDisp,4.0,3.0,288,1651,-0.04935010078706297,42.761962447001814,1112,-0.03956345015422614,43.435251798561154,0.8791925732297332
flip,cont,posHigh,4.0,3.0,96,900,-0.049382806661261616,43.0,619,-0.04871745668996282,43.134087237479804,0.8486826859285063
pocket,cont,bigDisp,4.0,1.0,24,1215,-0.049418696790899275,25.679012345679013,887,-0.02439975801337334,26.155580608793688,0.8490311751955957
flip,cont,ALL,3.0,3.0,96,1844,-0.04947319125746985,49.67462039045553,1274,-0.022561204176438455,51.49136577708007,0.9173014188042599
flip,cont,ALL,4.0,1.5,24,1844,-0.04952686238137384,28.850325379609544,1274,-0.044593726682346235,29.591836734693878,0.785070823196068
flip,fade,structAlign,3.0,1.5,24,718,-0.04957730335761777,35.515320334261844,499,-0.023472482163828478,37.87575150300601,0.8691361327157889
flip,fade,ALL,4.0,1.0,24,1844,-0.049579030717409475,24.132321041214748,1274,-0.029954385848902584,24.646781789638933,0.8124837846504617
pocket,cont,structAlign,4.0,2.0,24,411,-0.049641859521686905,39.90267639902677,323,0.012638233711258913,44.58204334365325,1.0598917162313182
flip,cont,BOS+struct,3.0,1.0,96,648,-0.04965833018618905,23.765432098765434,463,-0.05272986842764102,23.542116630669547,0.6822793385214778
flip,cont,BOS+struct,3.0,1.0,288,648,-0.04965833018618905,23.765432098765434,463,-0.05272986842764102,23.542116630669547,0.6822793385214778
flip,fade,BOS+struct,2.0,1.5,24,648,-0.04966614979550997,40.27777777777778,463,-0.023098699633056743,44.9244060475162,0.8557973703531568
flip,cont,noSweep,3.0,1.5,96,1733,-0.049706251919236104,32.4870167339873,1191,-0.03602435547131814,33.58522250209908,0.8225051415079756
flip,cont,BOS+struct,4.0,3.0,96,648,-0.049787203804187274,43.82716049382716,463,-0.07019802235000693,41.252699784017274,0.7858772494831973
pocket,fade,bigDisp,1.0,2.0,24,1215,-0.04980843859275465,64.77366255144032,887,-0.04761310762860681,64.14881623449831,0.6565555270769267
flip,cont,noSweep,1.0,1.5,96,1733,-0.04982649197861435,57.29948066935949,1191,-0.049547915512067435,57.43073047858942,0.6168926070480734
flip,cont,noSweep,1.0,1.5,288,1733,-0.04982649197861435,57.29948066935949,1191,-0.049547915512067435,57.43073047858942,0.6168926070480734
flip,fade,BOS+bigDisp,3.0,1.5,24,1566,-0.04987081639780654,35.37675606641124,1059,-0.031401984553851556,36.16619452313503,0.8336716130375927
flip,cont,posHigh,1.0,3.0,288,900,-0.049885694397171255,73.66666666666667,619,-0.06179175384297898,72.53634894991923,0.6188238454491372
flip,cont,posHigh,1.0,3.0,96,900,-0.049885694397171255,73.66666666666667,619,-0.06250014138743432,72.37479806138933,0.6153785616246142
flip,cont,noBOS,1.0,1.5,24,131,-0.04993292860816624,52.67175572519084,80,-0.020616789432640392,63.74999999999999,0.8225161000556589
flip,cont,noBOS,1.0,1.5,96,131,-0.04993292860816624,52.67175572519084,80,-0.01910596535306298,63.74999999999999,0.8355223419173858
flip,cont,noBOS,1.0,1.5,288,131,-0.04993292860816624,52.67175572519084,80,-0.01910596535306298,63.74999999999999,0.8355223419173858
flip,cont,BOS+struct,2.0,1.5,24,648,-0.04996309388485002,42.43827160493827,463,-0.06534788005957615,39.524838012958966,0.6439077368475283
flip,fade,structAlign,4.0,1.5,24,718,-0.05001591214435338,32.729805013927574,499,-0.014475999054290034,36.27254509018036,0.9204843748462574
flip,fade,BOS+bigDisp,2.0,1.5,24,1566,-0.05003357020779411,41.50702426564495,1059,-0.03567112563570731,43.626062322946176,0.7895975147669109
flip,cont,BOS+bigDisp,4.0,1.0,288,1566,-0.0500376143376205,19.284802043422733,1059,-0.0511306506101907,18.69688385269122,0.7111211706597945
flip,cont,structAgainst,1.0,2.0,96,331,-0.05005795795831512,64.35045317220543,227,-0.041370041786855695,65.19823788546255,0.6978283300247305
flip,cont,structAgainst,1.0,2.0,288,331,-0.05005795795831512,64.35045317220543,227,-0.041370041786855695,65.19823788546255,0.6978283300247305
flip,cont,structAlign,3.0,1.0,96,718,-0.050058547327371104,23.398328690807798,499,-0.048132634843603764,23.847695390781563,0.7099569908128472
flip,fade,bigDisp,3.0,1.5,24,1651,-0.05016645062015612,35.43307086614173,1112,-0.036696247151665445,35.52158273381295,0.808440002679772
flip,cont,noSweep,1.0,1.5,24,1733,-0.05023613122116556,57.18407386035776,1191,-0.04979055053945675,57.262804366078925,0.6143150516140988
flip,fade,posLow,4.0,2.0,24,886,-0.050252058345603104,39.61625282167043,615,-0.05229385955467906,35.9349593495935,0.7723729629151416
flip,fade,noSweep,4.0,2.0,24,1733,-0.05026048286774366,39.98845931909983,1191,-0.025224574502263335,38.62300587741394,0.8849355074072468
pocket,fade,structAlign,1.0,2.0,96,411,-0.050275859548276236,66.42335766423358,323,-0.06207456749302938,61.91950464396285,0.5880498179574595
pocket,fade,structAlign,1.0,2.0,288,411,-0.050275859548276236,66.42335766423358,323,-0.06207456749302938,61.91950464396285,0.5880498179574595
flip,fade,bigDisp,2.0,1.5,24,1651,-0.05027899200438818,41.67171411265899,1112,-0.03789067719505209,43.25539568345324,0.778875761006928
flip,cont,structAlign,3.0,1.0,288,718,-0.05030558070108701,23.398328690807798,499,-0.048132634843603764,23.847695390781563,0.7099569908128472
flip,fade,posHigh,4.0,1.5,24,900,-0.0503086000868631,32.666666666666664,619,-0.00022025675822602485,36.67205169628433,0.9987865878054376
flip,cont,BOS+struct,4.0,1.0,96,648,-0.05040227904195246,19.90740740740741,463,-0.061599318686190084,18.790496760259177,0.6535747751457703
flip,fade,BOS+bigDisp,2.0,1.5,96,1566,-0.05047952753958399,40.99616858237548,1059,-0.03867492678268212,42.965061378659115,0.7785654778270105
flip,fade,BOS+bigDisp,2.0,1.5,288,1566,-0.05047952753958399,40.99616858237548,1059,-0.03867492678268212,42.965061378659115,0.7785654778270105
flip,cont,ALL,3.0,2.0,96,1844,-0.050483688506888065,40.02169197396963,1274,-0.029152327945069174,41.208791208791204,0.8738817702594531
flip,cont,BOS,4.0,2.0,24,1713,-0.050503503884650865,34.967892586106245,1194,-0.047309795293914506,35.25963149078727,0.796961772156728
pocket,fade,structAgainst,4.0,3.0,288,493,-0.0506681286417359,42.799188640973625,337,-0.03962398323451024,43.02670623145401,0.8799029868650817
flip,fade,BOS+struct,1.0,1.0,288,648,-0.05067894363880789,46.60493827160494,463,-0.03155006585381651,51.18790496760259,0.69473247466949
flip,fade,BOS+struct,1.0,1.0,96,648,-0.05067894363880789,46.60493827160494,463,-0.03155006585381651,51.18790496760259,0.69473247466949
flip,fade,BOS+struct,1.0,1.0,24,648,-0.05067894363880789,46.60493827160494,463,-0.03155006585381651,51.18790496760259,0.69473247466949
flip,fade,bigDisp,2.0,1.5,288,1651,-0.05070198969159772,41.18715929739552,1112,-0.04093644048583302,42.62589928057554,0.7679531615097643
flip,fade,bigDisp,2.0,1.5,96,1651,-0.05070198969159772,41.18715929739552,1112,-0.04093644048583302,42.62589928057554,0.7679531615097643
flip,cont,structAlign,3.0,2.0,288,718,-0.05070872000357401,39.83286908077994,499,-0.03914117026489334,40.08016032064128,0.8349545308742702
flip,cont,noSweep,3.0,2.0,288,1733,-0.050749362557248275,40.10386612810156,1191,-0.027904326680795878,41.56171284634761,0.8796190586550889
flip,cont,structAlign,4.0,1.0,96,718,-0.05077251978725591,19.498607242339833,499,-0.05184388209994975,19.438877755511022,0.7070076494904322
flip,cont,structAlign,2.0,2.0,288,718,-0.050811462807844605,49.721448467966574,499,-0.04620234027831857,49.69939879759519,0.7703234370774884
flip,cont,structAlign,2.0,2.0,96,718,-0.050811462807844605,49.721448467966574,499,-0.04620234027831857,49.69939879759519,0.7703234370774884
pocket,fade,posLow,1.0,1.5,288,553,-0.05081150010384384,57.86618444846293,350,-0.03679203708557483,60.0,0.6870779178856365
pocket,fade,posLow,1.0,1.5,96,553,-0.05081150010384384,57.86618444846293,350,-0.03679203708557483,60.0,0.6870779178856365
flip,fade,ALL,4.0,2.0,24,1844,-0.05083323974070084,39.859002169197396,1274,-0.028313198542487865,38.61852433281005,0.8712727611262427
flip,cont,BOS+bigDisp,4.0,1.0,96,1566,-0.050844320316644195,19.284802043422733,1059,-0.05100633970636113,18.69688385269122,0.711620966176042
flip,cont,bigDisp,4.0,1.0,288,1651,-0.05085103340131829,19.079345850999392,1112,-0.045573103518896596,18.974820143884894,0.741625696012224
flip,cont,BOS+struct,3.0,3.0,288,648,-0.050887593259733015,50.46296296296296,463,-0.06692761149071069,47.94816414686825,0.7759214658200003
flip,fade,sweep,2.0,1.0,96,111,-0.05089802607334607,29.72972972972973,83,-0.032380134252153296,38.55421686746988,0.7552149857710104
flip,fade,sweep,2.0,1.0,24,111,-0.05089802607334607,29.72972972972973,83,-0.036126511449451615,38.55421686746988,0.7268933924012473
flip,fade,sweep,2.0,1.0,288,111,-0.05089802607334607,29.72972972972973,83,-0.032380134252153296,38.55421686746988,0.7552149857710104
pocket,fade,posLow,1.0,1.5,24,553,-0.05094753100235747,57.68535262206148,350,-0.03653684878270478,60.0,0.6856386396132692
flip,fade,structAlign,4.0,1.0,288,718,-0.05099944521869985,19.080779944289695,499,-0.014215705267567264,21.64328657314629,0.9155666653144894
flip,fade,structAlign,4.0,1.0,96,718,-0.05099944521869985,19.080779944289695,499,-0.013302099680823057,21.8436873747495,0.9207313545134694
flip,cont,ALL,1.0,1.5,96,1844,-0.051049269212261016,57.10412147505423,1274,-0.05114259764403598,56.907378335949765,0.6066512436234814
flip,cont,ALL,1.0,1.5,288,1844,-0.051049269212261016,57.10412147505423,1274,-0.05114259764403598,56.907378335949765,0.6066512436234814
flip,fade,BOS+struct,3.0,1.5,24,648,-0.05107345972150919,34.72222222222222,463,-0.014297690582572643,38.8768898488121,0.9183526360332176
flip,cont,BOS,3.0,1.5,288,1713,-0.05112541835786424,32.9246935201401,1194,-0.04288520905384518,32.747068676716914,0.7896528945666588
flip,cont,BOS,1.0,1.5,96,1713,-0.051134640268382686,57.4430823117338,1194,-0.05328910567023184,56.44891122278057,0.593047968709624
flip,cont,BOS,1.0,1.5,288,1713,-0.051134640268382686,57.4430823117338,1194,-0.05328910567023184,56.44891122278057,0.593047968709624
flip,cont,posHigh,4.0,1.5,24,900,-0.051140468512808165,30.777777777777775,619,-0.06473073822281314,28.594507269789982,0.6954033086707888
flip,cont,structAgainst,1.0,2.0,24,331,-0.05115735677234652,63.74622356495468,227,-0.04204322286770605,64.31718061674009,0.6903559822566181
pocket,fade,sweep,2.0,1.0,24,89,-0.05116042776106718,32.58426966292135,62,-0.013213904977428692,35.483870967741936,0.8988541224890284
flip,cont,noSweep,4.0,1.0,24,1733,-0.05130167726414184,20.427005193306407,1191,-0.04474399846694198,21.41057934508816,0.7350125284887961
flip,cont,BOS,2.0,1.5,24,1713,-0.051382682144685075,41.85639229422067,1194,-0.054639578694966016,40.45226130653266,0.6926252260300259
flip,cont,ALL,1.0,1.5,24,1844,-0.051434250127305084,56.995661605206074,1274,-0.051369425208887376,56.75039246467818,0.6042372972013188
pocket,fade,posLow,2.0,2.0,24,553,-0.051444116930274994,48.282097649186255,350,-0.049288286964804084,48.857142857142854,0.7342668399271833
flip,fade,structAlign,1.0,1.0,24,718,-0.05144501466115684,46.796657381615596,499,-0.033275651383034184,51.10220440881763,0.6833725193110698
flip,fade,structAlign,1.0,1.0,288,718,-0.05144501466115684,46.796657381615596,499,-0.033275651383034184,51.10220440881763,0.6833725193110698
flip,fade,structAlign,1.0,1.0,96,718,-0.05144501466115684,46.796657381615596,499,-0.033275651383034184,51.10220440881763,0.6833725193110698
pocket,fade,structAgainst,4.0,3.0,24,493,-0.0514779428178293,43.40770791075051,337,-0.027223201578034806,45.103857566765576,0.882455772509564
flip,fade,structAlign,2.0,3.0,24,718,-0.051527612480457965,57.10306406685237,499,-0.02855050774710904,57.91583166332666,0.8549881898360361
flip,cont,BOS,1.0,1.5,24,1713,-0.05154906222246397,57.32632807939287,1194,-0.05342990331784866,56.28140703517588,0.5912403014329524
flip,fade,bigDisp,2.0,3.0,288,1651,-0.05156094540921037,58.44942459115687,1112,-0.0470873124514484,58.992805755395686,0.7995809420518109
flip,cont,BOS,2.0,1.5,96,1713,-0.05158594266520411,41.97314652656159,1194,-0.05371616526125546,40.619765494137354,0.7024048036367966
flip,cont,BOS,2.0,1.5,288,1713,-0.05158594266520411,41.97314652656159,1194,-0.05371616526125546,40.619765494137354,0.7024048036367966
flip,cont,bigDisp,4.0,1.0,96,1651,-0.051616206970761726,19.079345850999392,1112,-0.04545471750526754,18.974820143884894,0.7421237970765424
flip,cont,BOS+bigDisp,3.0,1.0,96,1566,-0.051662531080318846,23.49936143039591,1059,-0.046138164054890414,23.79603399433428,0.7210088915141148
flip,cont,BOS+bigDisp,3.0,1.0,288,1566,-0.051662531080318846,23.49936143039591,1059,-0.046138164054890414,23.79603399433428,0.7210088915141148
flip,cont,noBOS,3.0,2.0,24,131,-0.05170149610070332,38.16793893129771,80,0.005434967560628101,48.75,1.027476563392061
pocket,fade,posLow,3.0,3.0,24,553,-0.05170175300125274,44.846292947558766,350,-0.04198907113981577,47.714285714285715,0.8191089920143437
flip,cont,sweep,3.0,3.0,24,111,-0.05171233710277755,45.94594594594595,83,-0.029861402729439303,43.373493975903614,0.8717591229983811
flip,cont,ALL,3.0,1.5,96,1844,-0.05177061301862402,32.48373101952278,1274,-0.03741320671491835,33.28100470957614,0.8154617563016561
flip,fade,posLow,3.0,1.0,24,886,-0.051780541243947015,26.52370203160271,615,-0.04711408670263628,25.365853658536587,0.6977005984711725
flip,cont,posHigh,4.0,2.0,96,900,-0.05182215931530552,34.44444444444444,619,-0.0467124038831828,33.60258481421648,0.8241171182718157
flip,fade,posHigh,4.0,2.0,24,900,-0.05182277157316175,39.666666666666664,619,6.073743644063573e-05,41.35702746365105,1.0002959989931894
pocket,fade,bigDisp,1.0,1.5,24,1215,-0.05183257461784097,59.01234567901235,887,-0.04094791970978013,59.07553551296505,0.6722590255084564
pocket,fade,bigDisp,1.0,1.5,288,1215,-0.051862763974534556,59.01234567901235,887,-0.04015512996543799,59.301014656144304,0.6784875927965296
pocket,fade,bigDisp,1.0,1.5,96,1215,-0.051862763974534556,59.01234567901235,887,-0.04015512996543799,59.301014656144304,0.6784875927965296
flip,cont,posHigh,1.0,2.0,24,900,-0.05186783677060099,65.0,619,-0.06531676832713273,61.7124394184168,0.5633963760024395
flip,cont,ALL,4.0,2.0,24,1844,-0.051870760885622605,34.869848156182215,1274,-0.042728149232579275,35.8712715855573,0.8152210925143463
flip,cont,BOS,4.0,1.0,24,1713,-0.051923852894014244,20.665499124343256,1194,-0.047146862764490004,20.938023450586265,0.7205698403590876
flip,fade,posHigh,3.0,3.0,24,900,-0.05195827769980608,49.666666666666664,619,-0.021115549357377205,49.919224555735056,0.9061319304924015
pocket,fade,structAlign,2.0,3.0,288,411,-0.05198566403438156,62.04379562043796,323,-0.05825459478369369,57.585139318885446,0.7620608313517003
flip,fade,BOS+struct,4.0,1.5,24,648,-0.05200354455852816,32.098765432098766,463,-0.0027601346706259207,37.365010799136066,0.9844564654271775
flip,cont,noSweep,3.0,1.5,288,1733,-0.05209797588645121,32.37160992498557,1191,-0.03602435547131814,33.58522250209908,0.8225051415079756
flip,fade,bigDisp,3.0,1.0,24,1651,-0.052118918149700925,26.226529376135677,1112,-0.031957965216803254,27.428057553956837,0.7948467718258215
flip,fade,bigDisp,3.0,1.0,96,1651,-0.0521553138662606,24.106602059357964,1112,-0.0345578066181113,25.899280575539567,0.7867430409522511
flip,fade,bigDisp,3.0,1.0,288,1651,-0.0521553138662606,24.106602059357964,1112,-0.03476075297960665,25.809352517985612,0.7858202263017597
flip,cont,bigDisp,3.0,1.0,288,1651,-0.05218245895962714,23.319200484554813,1112,-0.04280950365070723,24.010791366906474,0.7405935795150285
flip,cont,bigDisp,3.0,1.0,96,1651,-0.05218245895962714,23.319200484554813,1112,-0.04280950365070723,24.010791366906474,0.7405935795150285
flip,fade,sweep,3.0,1.5,96,111,-0.05219869676462267,32.432432432432435,83,-0.05095608945415329,39.75903614457831,0.7361301743262436
flip,fade,sweep,3.0,1.5,288,111,-0.05219869676462267,32.432432432432435,83,-0.05095608945415329,39.75903614457831,0.7361301743262436
flip,fade,bigDisp,2.0,1.0,24,1651,-0.05222981943605517,31.920048455481524,1112,-0.03286753905481443,34.622302158273385,0.7673959481781927
pocket,fade,posLow,1.0,2.0,96,553,-0.05235060495785709,63.83363471971067,350,-0.05073509465609034,64.28571428571429,0.6281590231714173
pocket,fade,posLow,1.0,2.0,288,553,-0.05235060495785709,63.83363471971067,350,-0.05073509465609034,64.28571428571429,0.6281590231714173
pocket,fade,structAlign,1.0,2.0,24,411,-0.052452116029036114,65.69343065693431,323,-0.0651076932187586,61.30030959752322,0.5711332553337793
flip,cont,posHigh,1.0,2.0,288,900,-0.052457738313249874,65.66666666666666,619,-0.06372125883437767,62.68174474959613,0.5767124608764782
flip,cont,posHigh,1.0,2.0,96,900,-0.052457738313249874,65.66666666666666,619,-0.06372125883437767,62.68174474959613,0.5767124608764782
pocket,fade,posLow,4.0,3.0,24,553,-0.05248354926824979,41.77215189873418,350,-0.06365856307196864,41.14285714285714,0.7517059112407318
flip,cont,noSweep,3.0,1.0,24,1733,-0.05248678720366346,24.062319676860934,1191,-0.047025776367604286,24.853064651553318,0.7098136401955715
flip,fade,noSweep,1.0,1.0,24,1733,-0.0525079093659603,46.5666474321985,1191,-0.03926788077717631,50.20990764063812,0.6373212889509836
flip,fade,noSweep,1.0,1.0,96,1733,-0.0525079093659603,46.5666474321985,1191,-0.03926788077717631,50.20990764063812,0.6373212889509836
flip,fade,noSweep,1.0,1.0,288,1733,-0.0525079093659603,46.5666474321985,1191,-0.03926788077717631,50.20990764063812,0.6373212889509836
flip,fade,BOS,4.0,1.5,288,1713,-0.05259416223607645,26.32807939287799,1194,-0.03203250312840913,27.470686767169177,0.853570449639327
flip,cont,bigDisp,2.0,1.0,96,1651,-0.05263942778585228,30.708661417322837,1112,-0.052525588442865416,30.125899280575542,0.6525494671816938
flip,cont,bigDisp,2.0,1.0,288,1651,-0.05263942778585228,30.708661417322837,1112,-0.052525588442865416,30.125899280575542,0.6525494671816938
flip,cont,BOS,3.0,2.0,288,1713,-0.05264854406381743,40.280210157618214,1194,-0.03640040115883525,40.45226130653266,0.8441748429193268
flip,fade,bigDisp,2.0,1.0,96,1651,-0.052658935926479813,31.617201695941855,1112,-0.03390687058831168,34.26258992805755,0.7634074966895334
flip,fade,bigDisp,2.0,1.0,288,1651,-0.052658935926479813,31.617201695941855,1112,-0.03390687058831168,34.26258992805755,0.7634074966895334
flip,fade,BOS,1.0,1.0,288,1713,-0.052687838645944465,46.234676007005255,1194,-0.04031636748393742,50.083752093802346,0.6267869082897364
flip,fade,BOS,1.0,1.0,96,1713,-0.052687838645944465,46.234676007005255,1194,-0.04031636748393742,50.083752093802346,0.6267869082897364
flip,fade,BOS,1.0,1.0,24,1713,-0.052687838645944465,46.234676007005255,1194,-0.04031636748393742,50.083752093802346,0.6267869082897364
pocket,fade,sweep,4.0,1.5,24,89,-0.052779463903223266,30.337078651685395,62,-0.10686242452812598,22.58064516129032,0.49979445557082397
flip,cont,structAgainst,2.0,2.0,288,331,-0.05282910278936025,48.338368580060425,227,-0.026006810643326415,51.10132158590308,0.8670920652199794
flip,cont,structAgainst,2.0,2.0,96,331,-0.05282910278936025,48.338368580060425,227,-0.026006810643326415,51.10132158590308,0.8670920652199794
flip,cont,structAlign,2.0,1.5,288,718,-0.05283093862380822,42.20055710306407,499,-0.05926478695110935,40.480961923847694,0.6789295495473358
flip,cont,structAlign,2.0,1.5,96,718,-0.05283093862380822,42.20055710306407,499,-0.05926478695110935,40.480961923847694,0.6789295495473358
flip,cont,posLow,4.0,1.5,96,886,-0.052847200201606964,25.95936794582393,615,-0.018548326580908974,29.105691056910572,0.9105523393372129
flip,cont,posLow,4.0,1.5,288,886,-0.052847200201606964,25.95936794582393,615,-0.01678059152069255,29.268292682926827,0.9191744297457273
flip,cont,BOS,3.0,3.0,96,1713,-0.05287631160095365,49.854057209573845,1194,-0.03228875454616968,50.67001675041875,0.8831976285325175
flip,cont,structAlign,1.0,2.0,24,718,-0.05290226721855536,64.76323119777159,499,-0.060581626688125466,63.92785571142284,0.5821931465560866
flip,cont,bigDisp,2.0,1.0,24,1651,-0.052929429405329007,30.708661417322837,1112,-0.05297839433572281,30.125899280575542,0.6482012441930733
flip,fade,posLow,4.0,1.5,288,886,-0.05293991218473112,26.86230248306998,615,-0.05829856535930867,24.715447154471544,0.7362365232690067
flip,fade,posLow,2.0,2.0,96,886,-0.05297567845898961,48.75846501128668,615,-0.05353719941792225,48.45528455284553,0.729596214715164
flip,cont,posLow,4.0,1.0,24,886,-0.05303381522171006,19.525959367945823,615,-0.030462010657467026,22.11382113821138,0.8108633211005678
flip,fade,bigDisp,3.0,3.0,96,1651,-0.05306797834858711,49.18231374924289,1112,-0.05371473412883709,48.65107913669065,0.8161499299544817
pocket,fade,posLow,3.0,1.5,24,553,-0.05307985927920954,33.45388788426763,350,-0.030051641810629113,37.142857142857146,0.8352944435701458
flip,cont,noSweep,3.0,3.0,288,1733,-0.053085976505409825,49.9134448932487,1191,-0.02203307385001775,52.05709487825357,0.9202906637985666
flip,fade,posLow,3.0,3.0,96,886,-0.05308619089797795,48.75846501128668,615,-0.06416413492514776,47.80487804878049,0.777132224868172
pocket,fade,noSweep,1.0,2.0,288,1584,-0.05313781442124736,65.21464646464646,1104,-0.04182364922961091,65.57971014492753,0.6908150292052839
pocket,fade,noSweep,1.0,2.0,96,1584,-0.05313781442124736,65.21464646464646,1104,-0.04182364922961091,65.57971014492753,0.6908150292052839
flip,fade,BOS+bigDisp,3.0,1.0,24,1566,-0.053175812846485426,25.989782886334613,1059,-0.028035807571633656,27.950897072710102,0.8178451215920743
flip,fade,posLow,2.0,1.0,24,886,-0.05339336608622333,32.39277652370203,615,-0.04364627468744477,33.33333333333333,0.6904967785488427
flip,cont,BOS,4.0,1.5,96,1713,-0.053394733732639865,26.79509632224168,1194,-0.04618231688564869,26.968174204355112,0.7916956607550004
pocket,fade,posLow,1.0,2.0,24,553,-0.05343553355329721,63.47197106690777,350,-0.04922149001143394,64.0,0.6314374174559122
flip,cont,ALL,4.0,1.0,24,1844,-0.05348213103371609,20.390455531453362,1274,-0.04341937448317354,21.350078492935637,0.7414997805290603
flip,fade,BOS+bigDisp,2.0,3.0,288,1566,-0.05349318954774404,58.23754789272031,1059,-0.04189799069068174,59.490084985835686,0.8184009470568778
flip,fade,BOS+struct,4.0,1.0,288,648,-0.053498810239315325,18.51851851851852,463,-0.0026264891834761536,22.4622030237581,0.9840203605000939
flip,fade,BOS+struct,4.0,1.0,96,648,-0.053498810239315325,18.51851851851852,463,-0.0016418473092097163,22.67818574514039,0.9899744222986341
flip,fade,posLow,2.0,3.0,96,886,-0.05356473913284891,58.57787810383746,615,-0.05669345992083364,58.211382113821145,0.7548443573480432
flip,fade,BOS+bigDisp,2.0,1.0,24,1566,-0.05361157144778489,31.545338441890163,1059,-0.0319302624656148,34.844192634560905,0.7725653399965327
flip,fade,BOS+bigDisp,3.0,1.0,288,1566,-0.053647504084156576,23.818646232439335,1059,-0.03057731054423373,26.345609065155806,0.8094455966453358
flip,fade,BOS+bigDisp,3.0,1.0,96,1566,-0.053647504084156576,23.818646232439335,1059,-0.03036420728268243,26.440037771482533,0.8104643653717727
flip,fade,noSweep,4.0,3.0,24,1733,-0.05368067451345912,47.72071552221581,1191,-0.03593155599899525,45.67590260285475,0.857347391416529
flip,fade,posLow,4.0,1.5,96,886,-0.05373160528917881,26.975169300225733,615,-0.05912674836022215,24.878048780487806,0.7311159447096074
pocket,fade,ALL,1.0,2.0,96,1673,-0.053737795053608046,65.21219366407651,1166,-0.04226254368591369,65.43739279588337,0.6878647320522542
pocket,fade,ALL,1.0,2.0,288,1673,-0.053737795053608046,65.21219366407651,1166,-0.04226254368591369,65.43739279588337,0.6878647320522542
pocket,fade,noBOS,1.0,2.0,288,1671,-0.053740846042922376,65.23040095751047,1162,-0.042485272179004226,65.40447504302927,0.6865743398088138
pocket,fade,noBOS,1.0,2.0,96,1671,-0.053740846042922376,65.23040095751047,1162,-0.042485272179004226,65.40447504302927,0.6865743398088138
flip,cont,BOS+struct,2.0,1.5,288,648,-0.053744231240168264,42.43827160493827,463,-0.06493720428205312,39.740820734341256,0.6506381002513796
flip,cont,BOS+struct,2.0,1.5,96,648,-0.053744231240168264,42.43827160493827,463,-0.06493720428205312,39.740820734341256,0.6506381002513796
flip,cont,posHigh,4.0,1.0,24,900,-0.053749513655984744,21.444444444444443,619,-0.05815641996310207,20.516962843295637,0.6629748113371174
flip,cont,structAlign,1.0,2.0,288,718,-0.05378257798168291,64.9025069637883,499,-0.058458218470768514,64.72945891783567,0.5969543142639061
flip,cont,structAlign,1.0,2.0,96,718,-0.05378257798168291,64.9025069637883,499,-0.058458218470768514,64.72945891783567,0.5969543142639061
flip,cont,structAlign,4.0,1.0,24,718,-0.05383052377998772,20.75208913649025,499,-0.055533775794678476,21.24248496993988,0.6727136980565652
flip,cont,structAgainst,2.0,2.0,24,331,-0.05386143625008921,47.43202416918429,227,-0.03364980204963531,49.33920704845815,0.8240429777020488
flip,fade,ALL,4.0,1.5,288,1844,-0.05386538268872337,26.46420824295011,1274,-0.04165330837178494,26.687598116169546,0.812946242164768
pocket,cont,structAlign,3.0,1.5,288,411,-0.053879352227090116,30.656934306569344,323,-0.025471986651978525,35.60371517027864,0.8739135072990155
flip,cont,ALL,3.0,2.0,288,1844,-0.05389280720126624,39.96746203904556,1274,-0.029470810760384363,41.13029827315541,0.8727695451642911
flip,fade,posLow,2.0,2.0,288,886,-0.05394746958157538,48.645598194130926,615,-0.05353719941792225,48.45528455284553,0.729596214715164
flip,cont,ALL,3.0,1.5,288,1844,-0.05401836661687986,32.375271149674624,1274,-0.03741320671491835,33.28100470957614,0.8154617563016561
flip,cont,BOS+bigDisp,4.0,3.0,288,1566,-0.05402357717653335,42.5287356321839,1059,-0.05340308917663331,42.58734655335222,0.8393417258672229
flip,fade,BOS+bigDisp,2.0,1.0,96,1566,-0.054063979701738325,31.226053639846747,1059,-0.03290747751649558,34.466477809254016,0.7688927212288332
flip,fade,BOS+bigDisp,2.0,1.0,288,1566,-0.054063979701738325,31.226053639846747,1059,-0.03290747751649558,34.466477809254016,0.7688927212288332
flip,fade,noBOS,3.0,3.0,24,131,-0.05410774958415715,52.67175572519084,80,-0.14893278020964748,36.25,0.4938824233839139
flip,fade,BOS,4.0,1.5,96,1713,-0.054128225700974864,26.444833625218916,1194,-0.033511662113959687,27.721943048576215,0.84565206165802
flip,fade,posLow,2.0,3.0,288,886,-0.05416765579971498,58.465011286681715,615,-0.05719488316804095,58.211382113821145,0.7532111919830526
pocket,cont,sweep,3.0,1.0,24,89,-0.054169201577062946,26.96629213483146,62,-0.02419478243443108,30.64516129032258,0.8401863566095726
flip,cont,BOS+struct,4.0,1.0,24,648,-0.0542317495590203,20.833333333333336,463,-0.06139805425195586,20.518358531317496,0.641199509361798
flip,fade,posLow,2.0,1.0,288,886,-0.05426217271626362,32.167042889390515,615,-0.04401871403144496,33.170731707317074,0.6895868094686177
flip,fade,posLow,2.0,1.0,96,886,-0.05426217271626362,32.167042889390515,615,-0.04401871403144496,33.170731707317074,0.6895868094686177
flip,cont,ALL,4.0,3.0,96,1844,-0.054360663702385556,42.5704989154013,1274,-0.027455155809184496,44.27001569858713,0.9114608126906661
pocket,fade,sweep,2.0,1.0,288,89,-0.05437051259843886,31.46067415730337,62,-0.014712002827235181,35.483870967741936,0.8897885914060834
pocket,fade,sweep,2.0,1.0,96,89,-0.05437051259843886,31.46067415730337,62,-0.014712002827235181,35.483870967741936,0.8897885914060834
flip,cont,structAgainst,1.0,1.5,288,331,-0.05441418716279203,56.49546827794561,227,-0.045243703449948165,57.70925110132159,0.6517840743034746
flip,cont,structAgainst,1.0,1.5,96,331,-0.05441418716279203,56.49546827794561,227,-0.045243703449948165,57.70925110132159,0.6517840743034746
flip,cont,structAgainst,1.0,1.5,24,331,-0.05441418716279203,56.49546827794561,227,-0.042637264698788674,57.70925110132159,0.6651267340348085
flip,fade,structAgainst,1.0,3.0,24,331,-0.05443679295437782,70.39274924471299,227,-0.03875862662087915,74.00881057268722,0.7326026275197993
flip,cont,sweep,1.0,3.0,24,111,-0.054483522062021936,71.17117117117117,83,-0.047857761513639616,67.46987951807229,0.6550074141435281
flip,fade,posLow,1.0,2.0,24,886,-0.054484703411673115,64.67268623024832,615,-0.0450320749131029,65.20325203252033,0.6537842463212392
pocket,fade,ALL,1.0,1.5,288,1673,-0.054492908928576944,58.81649731022116,1166,-0.03862587108260261,59.7770154373928,0.686776340678074
pocket,fade,ALL,1.0,1.5,96,1673,-0.054492908928576944,58.81649731022116,1166,-0.03862587108260261,59.7770154373928,0.686776340678074
flip,cont,posLow,4.0,3.0,96,886,-0.054503296422435364,42.776523702031604,615,-0.009471419718202142,45.203252032520325,0.9676919037317181
pocket,fade,noBOS,1.0,1.5,288,1671,-0.054525332186273506,58.82704967085578,1162,-0.038905700756999034,59.72461273666093,0.6849700972675025
pocket,fade,noBOS,1.0,1.5,96,1671,-0.054525332186273506,58.82704967085578,1162,-0.038905700756999034,59.72461273666093,0.6849700972675025
flip,cont,BOS+bigDisp,2.0,1.0,288,1566,-0.054525612311674215,30.65134099616858,1059,-0.05470724975501481,29.933899905571295,0.6388247762960693
flip,cont,BOS+bigDisp,2.0,1.0,96,1566,-0.054525612311674215,30.65134099616858,1059,-0.05470724975501481,29.933899905571295,0.6388247762960693
flip,fade,BOS+bigDisp,3.0,3.0,96,1566,-0.0545543777052266,49.042145593869726,1059,-0.04510957070039173,49.29178470254957,0.8424443915283366
flip,fade,ALL,4.0,3.0,96,1844,-0.054573399351841266,42.40780911062907,1274,-0.059792891301371394,41.444270015698585,0.8159755460632443
flip,fade,posLow,1.0,2.0,288,886,-0.05465042192242459,64.67268623024832,615,-0.0445500966724295,65.6910569105691,0.6582908611183584
flip,fade,posLow,1.0,2.0,96,886,-0.05465042192242459,64.67268623024832,615,-0.0445500966724295,65.6910569105691,0.6582908611183584
pocket,fade,noBOS,1.0,3.0,24,1671,-0.054666990817688166,69.8982645122681,1162,-0.04558100434632069,70.74010327022376,0.6834125775071387
flip,cont,sweep,1.0,3.0,96,111,-0.05466743631248663,72.07207207207207,83,-0.03867320269157885,69.87951807228916,0.7136905024546203
flip,cont,sweep,1.0,3.0,288,111,-0.05466743631248663,72.07207207207207,83,-0.03867320269157885,69.87951807228916,0.7136905024546203
pocket,fade,ALL,1.0,1.5,24,1673,-0.054668465088516915,58.69695158398087,1166,-0.03876610111010347,59.51972555746141,0.6835651662607698
pocket,fade,noBOS,1.0,1.5,24,1671,-0.054701098467290606,58.707360861759426,1162,-0.03904641350404379,59.466437177280554,0.6817406147571735
flip,cont,BOS,4.0,1.5,288,1713,-0.05471154890499521,26.67834208990076,1194,-0.04580749068167519,26.884422110552762,0.7942262811250969
flip,fade,ALL,1.0,1.0,96,1844,-0.0547152511004289,46.149674620390456,1274,-0.04047552155837026,50.078492935635786,0.6270728198763965
flip,fade,ALL,1.0,1.0,288,1844,-0.0547152511004289,46.149674620390456,1274,-0.04047552155837026,50.078492935635786,0.6270728198763965
flip,fade,ALL,1.0,1.0,24,1844,-0.0547152511004289,46.149674620390456,1274,-0.04047552155837026,50.078492935635786,0.6270728198763965
pocket,fade,ALL,1.0,3.0,24,1673,-0.05471970155932661,69.8744769874477,1166,-0.04548641787511013,70.75471698113208,0.6839744439194357
pocket,fade,sweep,2.0,3.0,96,89,-0.054742449482441724,56.17977528089888,62,-0.09757336568339695,53.2258064516129,0.6247242855747352
flip,cont,BOS+bigDisp,2.0,1.0,24,1566,-0.054831354759794323,30.65134099616858,1059,-0.055532233219751655,29.83947119924457,0.6326503046352897
flip,fade,bigDisp,2.0,3.0,96,1651,-0.0549073833199937,58.26771653543307,1112,-0.04745219294309547,58.81294964028777,0.7979785328159033
flip,cont,structAlign,4.0,3.0,288,718,-0.054921773977037874,42.618384401114206,499,-0.051518161569086604,41.883767535070135,0.8453952360862932
flip,fade,BOS+bigDisp,3.0,2.0,24,1566,-0.05492764308659782,42.464878671775224,1059,-0.028495363866445893,42.20963172804532,0.8656556292872835
flip,fade,posLow,1.0,1.5,288,886,-0.05493171218751006,57.33634311512416,615,-0.04293182354645155,59.18699186991871,0.6432102854674789
flip,fade,posLow,1.0,1.5,96,886,-0.05493171218751006,57.33634311512416,615,-0.04293182354645155,59.18699186991871,0.6432102854674789
flip,fade,posLow,1.0,1.5,24,886,-0.05493171218751006,57.33634311512416,615,-0.043366711775614304,59.02439024390244,0.6404269185499291
pocket,cont,structAlign,4.0,1.0,288,411,-0.05494124824992272,17.761557177615572,323,0.01707240381672215,26.006191950464398,1.1046960718592267
flip,fade,bigDisp,4.0,1.0,24,1651,-0.05496619518895852,23.864324651726225,1112,-0.026480939637556822,24.910071942446045,0.8351394988579364
pocket,fade,noSweep,1.0,2.0,24,1584,-0.05496842397067542,64.33080808080808,1104,-0.04265372167726451,64.76449275362319,0.6810146769658226
pocket,fade,noSweep,1.0,1.5,96,1584,-0.0550226126759519,58.71212121212122,1104,-0.03802235499753209,59.96376811594203,0.6910757903882059
pocket,fade,noSweep,1.0,1.5,288,1584,-0.0550226126759519,58.71212121212122,1104,-0.03802235499753209,59.96376811594203,0.6910757903882059
flip,fade,noSweep,4.0,1.5,288,1733,-0.055080288706087444,26.543566070398157,1191,-0.039406306891592024,26.532325776658272,0.8232917226997044
pocket,fade,noSweep,1.0,1.5,24,1584,-0.05511200858245315,58.6489898989899,1104,-0.038191068075048684,59.78260869565217,0.6876274685469849
pocket,cont,structAlign,3.0,1.5,96,411,-0.055195348638041555,30.656934306569344,323,-0.02463225882915372,35.60371517027864,0.8775612291651819
flip,cont,BOS,3.0,1.0,24,1713,-0.05521728433715676,24.168126094570926,1194,-0.04734360358596951,24.706867671691793,0.7067152535928599
flip,fade,structAlign,3.0,1.5,96,718,-0.0552425298701275,32.03342618384401,499,-0.030184461296905937,34.66933867735471,0.8486530939934207
flip,cont,noSweep,1.0,1.0,24,1733,-0.05526762953421341,45.008655510675126,1191,-0.05908594529154842,44.08060453400503,0.5105294925050011
flip,cont,noSweep,1.0,1.0,96,1733,-0.05526762953421341,45.008655510675126,1191,-0.05908594529154842,44.08060453400503,0.5105294925050011
flip,cont,noSweep,1.0,1.0,288,1733,-0.05526762953421341,45.008655510675126,1191,-0.05908594529154842,44.08060453400503,0.5105294925050011
flip,fade,ALL,4.0,1.5,96,1844,-0.05529046442157098,26.572668112798265,1274,-0.04241789621725419,27.001569858712713,0.8079127726362347
pocket,fade,ALL,1.0,2.0,24,1673,-0.055338812478372766,64.31560071727435,1166,-0.042972924351063306,64.57975986277873,0.6789178425345891
pocket,fade,noBOS,1.0,2.0,24,1671,-0.055343779706376224,64.33273488928786,1162,-0.04319809821649515,64.54388984509465,0.677591476672861
flip,fade,BOS,4.0,3.0,96,1713,-0.0554318403970143,41.97314652656159,1194,-0.04858570555305333,42.211055276381906,0.8472723465894434
flip,fade,ALL,4.0,3.0,24,1844,-0.0554464478152307,47.613882863340564,1274,-0.036163538902528825,45.839874411302986,0.8564623829051782
flip,cont,ALL,3.0,1.0,24,1844,-0.05553299998091829,23.91540130151844,1274,-0.04492336643665225,25.039246467817893,0.7207549464932894
flip,cont,structAlign,3.0,1.0,24,718,-0.055559946110323846,23.53760445682451,499,-0.05339362662654575,24.448897795591183,0.6729521699239632
flip,fade,posLow,4.0,1.0,24,886,-0.05556607586461769,23.589164785553045,615,-0.045191733740002744,22.439024390243905,0.7195415997309719
pocket,fade,posLow,3.0,1.5,96,553,-0.05557294952158336,32.368896925858955,350,-0.029219922211546,36.0,0.8487533644501599
flip,fade,posHigh,4.0,3.0,24,900,-0.05568526509612315,46.88888888888889,619,-0.013343173287914383,47.011308562197094,0.9435787790306732
pocket,fade,posLow,3.0,2.0,96,553,-0.05569799646237127,38.517179023508135,350,-0.03994588447489923,41.42857142857143,0.8254187051068769
flip,cont,BOS+struct,3.0,1.0,24,648,-0.05576432394166047,23.765432098765434,463,-0.05748011459602952,23.974082073434126,0.6499405604329155
pocket,fade,structAlign,1.0,1.0,24,411,-0.055768416572970096,47.44525547445255,323,-0.07033899555186457,42.72445820433436,0.4531755471681938
pocket,fade,structAlign,1.0,1.0,96,411,-0.055768416572970096,47.44525547445255,323,-0.07033899555186457,42.72445820433436,0.4531755471681938
pocket,fade,structAlign,1.0,1.0,288,411,-0.055768416572970096,47.44525547445255,323,-0.07033899555186457,42.72445820433436,0.4531755471681938
pocket,cont,structAlign,4.0,1.0,96,411,-0.05577622370449251,18.491484184914842,323,0.014177232783064774,26.006191950464398,1.0869415108824267
flip,cont,sweep,4.0,1.5,24,111,-0.05581875816273693,30.630630630630627,83,-0.05866201665974473,24.096385542168676,0.7075420429410051
flip,fade,structAlign,3.0,1.5,288,718,-0.05588453087819768,31.894150417827298,499,-0.028236083347835606,34.46893787575151,0.8589833977288865
flip,fade,BOS+bigDisp,1.0,1.0,288,1566,-0.05593672329855516,46.04086845466156,1059,-0.04084512940536469,50.04721435316336,0.6259213809031943
flip,fade,BOS+bigDisp,1.0,1.0,96,1566,-0.05593672329855516,46.04086845466156,1059,-0.04084512940536469,50.04721435316336,0.6259213809031943
flip,fade,BOS+bigDisp,1.0,1.0,24,1566,-0.05593672329855516,46.04086845466156,1059,-0.04084512940536469,50.04721435316336,0.6259213809031943
pocket,fade,bigDisp,2.0,1.5,24,1215,-0.05594960459404373,42.88065843621399,887,-0.02082891834694876,45.20856820744081,0.8736330789064259
flip,fade,BOS+bigDisp,3.0,2.0,96,1566,-0.05601908781714519,38.88888888888889,1059,-0.0361256532635152,40.698772426817754,0.8458961252100599
flip,fade,noSweep,4.0,3.0,96,1733,-0.0560226308413568,42.52740911713791,1191,-0.06003130398604314,41.05793450881612,0.8163648854452813
pocket,fade,bigDisp,1.0,1.0,24,1215,-0.05605971984653759,47.40740740740741,887,-0.04763560185842739,47.91431792559188,0.58606778578324
pocket,fade,bigDisp,1.0,1.0,288,1215,-0.05605971984653759,47.40740740740741,887,-0.04763560185842739,47.91431792559188,0.58606778578324
pocket,fade,bigDisp,1.0,1.0,96,1215,-0.05605971984653759,47.40740740740741,887,-0.04763560185842739,47.91431792559188,0.58606778578324
flip,fade,bigDisp,4.0,1.5,24,1651,-0.05608032393075605,32.88915808600848,1112,-0.030678833216808466,32.37410071942446,0.8454728393331573
pocket,cont,structAlign,4.0,1.5,24,411,-0.05611212529795391,33.57664233576642,323,0.009039943343753836,38.39009287925697,1.0482941953567892
flip,cont,ALL,1.0,1.0,288,1844,-0.05617480245886442,44.7939262472885,1274,-0.05883102545206411,43.956043956043956,0.5107099147769789
flip,cont,ALL,1.0,1.0,96,1844,-0.05617480245886442,44.7939262472885,1274,-0.05883102545206411,43.956043956043956,0.5107099147769789
flip,cont,ALL,1.0,1.0,24,1844,-0.05617480245886442,44.7939262472885,1274,-0.05883102545206411,43.956043956043956,0.5107099147769789
pocket,cont,structAlign,4.0,1.5,288,411,-0.05630301229305559,24.817518248175183,323,0.007743303626117781,31.88854489164087,1.0365609234847977
pocket,fade,noSweep,1.0,3.0,24,1584,-0.0563428785663586,69.82323232323232,1104,-0.04490692006640684,70.83333333333334,0.687050342589232
flip,fade,posLow,2.0,3.0,24,886,-0.05635882440683344,57.44920993227991,615,-0.04877350901577849,57.56097560975609,0.7731714137428776
flip,cont,noSweep,4.0,1.5,96,1733,-0.0563770553715588,26.19734564339296,1191,-0.03505261914773555,28.127623845507976,0.8406063331138732
flip,fade,BOS+bigDisp,3.0,2.0,288,1566,-0.05640644970667602,38.8250319284802,1059,-0.03360600665441474,40.698772426817754,0.8566443683693294
flip,fade,posLow,1.0,3.0,288,886,-0.05646268800612966,73.13769751693002,615,-0.04853431178170594,73.4959349593496,0.6647753327936194
flip,fade,posLow,1.0,3.0,96,886,-0.05646268800612966,73.13769751693002,615,-0.04853431178170594,73.4959349593496,0.6647753327936194
pocket,fade,sweep,3.0,1.0,96,89,-0.05651557238537218,23.595505617977526,62,-0.05259937521339299,22.58064516129032,0.6807193219077895
pocket,fade,sweep,3.0,1.0,288,89,-0.05651557238537218,23.595505617977526,62,-0.05259937521339299,22.58064516129032,0.6807193219077895
flip,fade,BOS+bigDisp,4.0,1.0,24,1566,-0.056549108434863014,23.627075351213282,1059,-0.022018807239242613,25.401322001888577,0.8613675411531617
flip,fade,noSweep,4.0,1.5,96,1733,-0.05659664803405684,26.658972879399883,1191,-0.04041093943207358,26.78421494542401,0.8173007545654927
flip,cont,noSweep,4.0,3.0,288,1733,-0.056603563023932976,42.41200230813618,1191,-0.02816495320419007,44.500419815281276,0.91209233174353
flip,fade,bigDisp,4.0,1.5,288,1651,-0.056617514695822914,26.105390672319807,1112,-0.04297776204738011,26.618705035971225,0.8088748456087405
flip,fade,BOS,4.0,3.0,24,1713,-0.0566511380900083,47.46059544658494,1194,-0.027348500437307827,46.6499162479062,0.8899624795249211
pocket,fade,sweep,3.0,1.0,24,89,-0.05670129463818671,25.842696629213485,62,-0.04866161371746491,25.806451612903224,0.6774625554464537
flip,cont,ALL,4.0,1.5,96,1844,-0.05672552972271119,26.301518438177872,1274,-0.03790393779204682,27.629513343799054,0.8277874069925814
pocket,fade,posLow,1.0,3.0,96,553,-0.05677013778819614,72.69439421338156,350,-0.05774650949156997,72.85714285714285,0.6239057122031442
pocket,fade,posLow,1.0,3.0,288,553,-0.05677013778819614,72.69439421338156,350,-0.05774650949156997,72.85714285714285,0.6239057122031442
pocket,fade,bigDisp,2.0,3.0,24,1215,-0.0567939971358381,53.991769547325106,887,-0.03245888762748716,56.25704622322435,0.8435759651101821
flip,cont,noSweep,2.0,1.0,24,1733,-0.05681781589488086,30.64050778995961,1191,-0.05279709074633756,30.89840470193115,0.646658203519776
flip,cont,noSweep,3.0,1.0,96,1733,-0.05683447336002676,23.08136180034622,1191,-0.04392292120566836,24.181360201511335,0.733149783250507
flip,fade,BOS+bigDisp,4.0,1.5,24,1566,-0.05685835282529957,32.82247765006386,1059,-0.024143651368321046,33.050047214353164,0.8766140857681538
flip,cont,BOS+struct,4.0,2.0,96,648,-0.05686373253123596,33.95061728395062,463,-0.061227057094966675,32.82937365010799,0.7698079334820231
pocket,fade,structAgainst,3.0,2.0,24,493,-0.056865421053016785,41.784989858012175,337,-0.0300640336659157,43.62017804154303,0.8513289447433092
flip,cont,BOS,4.0,1.0,288,1713,-0.05692204093439113,19.089316987740805,1194,-0.04813213471870033,19.09547738693467,0.7246453955955423
flip,fade,bigDisp,1.0,1.0,24,1651,-0.05693511163688421,46.03270745003029,1112,-0.040345619817539854,50.26978417266187,0.6305494415025371
flip,fade,bigDisp,1.0,1.0,288,1651,-0.05693511163688421,46.03270745003029,1112,-0.040345619817539854,50.26978417266187,0.6305494415025371
flip,fade,bigDisp,1.0,1.0,96,1651,-0.05693511163688421,46.03270745003029,1112,-0.040345619817539854,50.26978417266187,0.6305494415025371
flip,cont,noSweep,3.0,1.0,288,1733,-0.056936821866851936,23.08136180034622,1191,-0.04392292120566836,24.181360201511335,0.733149783250507
flip,cont,bigDisp,1.0,1.0,96,1651,-0.0569428308700231,44.155057540884314,1112,-0.06177357163146499,42.89568345323741,0.4975929497162194
flip,cont,bigDisp,1.0,1.0,24,1651,-0.0569428308700231,44.155057540884314,1112,-0.06177357163146499,42.89568345323741,0.4975929497162194
flip,cont,bigDisp,1.0,1.0,288,1651,-0.0569428308700231,44.155057540884314,1112,-0.06177357163146499,42.89568345323741,0.4975929497162194
flip,cont,noSweep,4.0,1.0,288,1733,-0.05694542092411101,18.69590305828044,1191,-0.042193972415936365,19.73131821998321,0.7585075521062129
flip,fade,BOS+bigDisp,2.0,3.0,96,1566,-0.05702126680872953,58.04597701149425,1059,-0.042281132434507554,59.301227573182246,0.8166924014223634
flip,fade,sweep,4.0,1.5,24,111,-0.05707401286882007,29.72972972972973,83,-0.04011206061670589,36.144578313253014,0.7835286022947593
flip,cont,ALL,3.0,3.0,288,1844,-0.057087502225005915,49.72885032537961,1274,-0.023718142448532625,51.569858712715856,0.9141489068932861
flip,cont,BOS+bigDisp,1.0,1.0,24,1566,-0.057118822640346366,44.38058748403576,1059,-0.06177583229157335,43.05949008498583,0.49573489072241034
flip,cont,BOS+bigDisp,1.0,1.0,288,1566,-0.057118822640346366,44.38058748403576,1059,-0.06177583229157335,43.05949008498583,0.49573489072241034
flip,cont,BOS+bigDisp,1.0,1.0,96,1566,-0.057118822640346366,44.38058748403576,1059,-0.06177583229157335,43.05949008498583,0.49573489072241034
flip,fade,BOS+bigDisp,2.0,2.0,24,1566,-0.05711924727152257,48.46743295019157,1059,-0.03432405483095755,50.2360717658168,0.8166796837457814
flip,fade,bigDisp,3.0,2.0,96,1651,-0.05714509157044719,38.94609327680194,1112,-0.04185595214431468,40.10791366906475,0.8240760401146852
pocket,fade,posLow,1.0,3.0,24,553,-0.05723702993204184,69.43942133815551,350,-0.052100728111384505,70.0,0.6363630876662191
flip,cont,noSweep,2.0,1.0,96,1733,-0.057245904798026555,30.58280438545874,1191,-0.051765823179980484,30.89840470193115,0.6549913705189347
flip,cont,noSweep,2.0,1.0,288,1733,-0.057245904798026555,30.58280438545874,1191,-0.051765823179980484,30.89840470193115,0.6549913705189347
flip,fade,BOS+struct,3.0,1.5,96,648,-0.05731883805720983,31.32716049382716,463,-0.02090140243487257,35.42116630669546,0.8924049002533037
pocket,fade,bigDisp,2.0,1.0,24,1215,-0.05733644199114083,32.427983539094654,887,-0.03176180802999763,34.61104847801578,0.7780841104243733
flip,cont,noSweep,4.0,2.0,96,1733,-0.05743018597870441,33.121754183496826,1191,-0.03125063058260801,34.76070528967254,0.8784692412028302
flip,cont,posHigh,4.0,2.0,288,900,-0.057483834049331425,34.0,619,-0.0502251039181621,32.956381260096926,0.8139314745817365
flip,fade,posLow,1.0,3.0,24,886,-0.05749836081014229,72.34762979683973,615,-0.0481528758888806,72.52032520325203,0.6619333002229093
flip,fade,bigDisp,3.0,2.0,288,1651,-0.05751251054016573,38.885523924894,1112,-0.039456396605611975,40.10791366906475,0.8341615665621026
flip,cont,noSweep,4.0,1.0,96,1733,-0.05757204042833667,18.69590305828044,1191,-0.04208343904300983,19.73131821998321,0.7589877069382017
flip,fade,posLow,3.0,1.0,288,886,-0.05758010583856854,24.040632054176072,615,-0.04718582090667227,24.552845528455283,0.7049555264816525
flip,fade,posLow,3.0,1.0,96,886,-0.05758010583856854,24.040632054176072,615,-0.04753186242868044,24.552845528455283,0.7027917909205329
flip,fade,bigDisp,3.0,2.0,24,1651,-0.05764835505085125,42.27740763173834,1112,-0.03372702248341603,41.54676258992806,0.8432636649276186
flip,cont,BOS,4.0,1.0,96,1713,-0.057659519955495106,19.089316987740805,1194,-0.04802187906781631,19.09547738693467,0.7251027550193574
flip,fade,BOS+bigDisp,4.0,1.5,288,1566,-0.0576688480658982,25.862068965517242,1059,-0.03631856969720881,27.101038715769594,0.8364184146353144
pocket,fade,posLow,3.0,1.5,288,553,-0.05780625463698604,32.00723327305606,350,-0.03053467073755908,35.714285714285715,0.843460106855572
flip,cont,noSweep,4.0,1.5,288,1733,-0.05785086367413725,26.081938834391227,1191,-0.034125579505819924,28.043660789252726,0.8454594182365409
pocket,fade,posLow,3.0,2.0,24,553,-0.05785930289712784,38.698010849909586,350,-0.043016967946784376,41.714285714285715,0.7959577003343408
flip,fade,BOS+struct,3.0,1.5,288,648,-0.05803019102602832,31.17283950617284,463,-0.01880153073598253,35.20518358531318,0.9036386820524895
flip,cont,posHigh,1.0,1.5,24,900,-0.058090456814796444,57.55555555555556,619,-0.06318691145304951,54.76575121163167,0.5458220339703784
flip,cont,posHigh,1.0,1.5,96,900,-0.058090456814796444,57.55555555555556,619,-0.0623015032573906,55.08885298869144,0.5522957470464692
flip,cont,posHigh,1.0,1.5,288,900,-0.058090456814796444,57.55555555555556,619,-0.0623015032573906,55.08885298869144,0.5522957470464692
flip,cont,ALL,4.0,1.5,288,1844,-0.05811062179883292,26.193058568329718,1274,-0.03703729398237531,27.55102040816326,0.8323708923280309
flip,cont,BOS,1.0,1.0,96,1713,-0.0581316363247226,44.775248102743724,1194,-0.059746947789979986,43.80234505862647,0.5033668861346332
flip,cont,BOS,1.0,1.0,288,1713,-0.0581316363247226,44.775248102743724,1194,-0.059746947789979986,43.80234505862647,0.5033668861346332
flip,cont,BOS,1.0,1.0,24,1713,-0.0581316363247226,44.775248102743724,1194,-0.059746947789979986,43.80234505862647,0.5033668861346332
flip,cont,posHigh,4.0,1.0,288,900,-0.05823445423410402,19.333333333333332,619,-0.05489224793941478,18.578352180936992,0.6939692666626384
flip,fade,posLow,3.0,2.0,96,886,-0.058248280482864484,39.39051918735892,615,-0.059279983748399795,38.21138211382114,0.7495707838851038
flip,cont,structAgainst,2.0,1.0,96,331,-0.05834946990069198,30.513595166163142,227,-0.05471052496849675,29.955947136563875,0.6470200618798881
flip,cont,structAgainst,2.0,1.0,288,331,-0.05834946990069198,30.513595166163142,227,-0.05471052496849675,29.955947136563875,0.6470200618798881
flip,cont,ALL,4.0,1.0,288,1844,-0.058376445623614215,18.76355748373102,1274,-0.04180254243272105,19.5447409733124,0.7598576495393077
pocket,fade,noBOS,1.0,3.0,96,1671,-0.058405831636638074,73.30939557151407,1162,-0.04674097773147588,73.8382099827883,0.6893081258514594
flip,cont,structAlign,4.0,2.0,96,718,-0.05843639565217455,33.28690807799443,499,-0.04150204637674945,34.06813627254509,0.8409430642035504
pocket,fade,bigDisp,2.0,2.0,24,1215,-0.05843831428360544,48.39506172839506,887,-0.02533528692551739,50.16910935738444,0.8627878585270727
pocket,fade,ALL,1.0,3.0,96,1673,-0.05845407275386654,73.28153018529588,1166,-0.04664241193475879,73.84219554030875,0.6898282516394025
flip,fade,posHigh,4.0,1.5,288,900,-0.058514588546680436,25.444444444444443,619,-0.011811104422311359,29.563812600969307,0.9454720832400516
flip,cont,sweep,4.0,3.0,24,111,-0.05853927582787911,41.44144144144144,83,-0.01934503963562067,36.144578313253014,0.9213554174281321
flip,cont,BOS+struct,4.0,2.0,288,648,-0.058587428837739465,33.641975308641975,463,-0.06500995514094575,31.96544276457883,0.7597278553521314
flip,cont,posLow,4.0,1.0,288,886,-0.05860782966777816,18.284424379232505,615,-0.03251484774571008,20.32520325203252,0.8051317733015014
flip,cont,posLow,4.0,1.0,96,886,-0.05860782966777816,18.284424379232505,615,-0.032300790433262096,20.32520325203252,0.8061659954929146
pocket,fade,sweep,2.0,3.0,288,89,-0.05861081290215251,57.30337078651685,62,-0.09382257107607993,53.2258064516129,0.6391501703032647
flip,fade,bigDisp,2.0,2.0,24,1651,-0.05865393180041811,48.45548152634767,1112,-0.03608454710625709,49.910071942446045,0.8090042976282213
pocket,fade,ALL,1.0,1.0,288,1673,-0.058831747633302296,47.28033472803347,1166,-0.04276683649249349,49.22813036020583,0.6172177572213914
pocket,fade,ALL,1.0,1.0,96,1673,-0.058831747633302296,47.28033472803347,1166,-0.04276683649249349,49.22813036020583,0.6172177572213914
flip,fade,posHigh,4.0,3.0,96,900,-0.058867518013856486,42.66666666666667,619,-0.04370413104488219,42.64943457189014,0.8636015682888545
pocket,fade,noBOS,1.0,1.0,96,1671,-0.05889783247695111,47.27707959305805,1162,-0.042556760200133964,49.225473321858864,0.6187213602954589
pocket,fade,noBOS,1.0,1.0,288,1671,-0.05889783247695111,47.27707959305805,1162,-0.042556760200133964,49.225473321858864,0.6187213602954589
pocket,fade,noBOS,1.0,3.0,288,1671,-0.05891786800570912,73.30939557151407,1162,-0.04663048358580734,73.92426850258175,0.6901088288426087
flip,fade,bigDisp,4.0,1.5,96,1651,-0.05896307087892778,26.105390672319807,1112,-0.04413459346345627,26.888489208633093,0.8021817453789849
flip,cont,ALL,4.0,1.0,96,1844,-0.05896534562406057,18.76355748373102,1274,-0.041699210213603705,19.5447409733124,0.760308977183539
pocket,fade,ALL,1.0,3.0,288,1673,-0.05896549700534156,73.28153018529588,1166,-0.04653229684276322,73.92795883361921,0.6906264450739421
pocket,fade,bigDisp,2.0,1.0,96,1215,-0.058969070306401236,32.26337448559671,887,-0.03317624115043371,34.04735062006765,0.7707681773194133
pocket,fade,bigDisp,2.0,1.0,288,1215,-0.058969070306401236,32.26337448559671,887,-0.03317624115043371,34.04735062006765,0.7707681773194133
flip,cont,posHigh,4.0,1.5,96,900,-0.05903276374252985,27.0,619,-0.0581138489995446,26.33279483037157,0.7463951822116448
pocket,fade,posLow,4.0,2.0,24,553,-0.05906839507694818,35.2622061482821,350,-0.06265931367299181,35.42857142857142,0.7278555335190727
pocket,fade,ALL,1.0,1.0,24,1673,-0.05906932909892549,47.160789001793184,1166,-0.042419160642837905,49.22813036020583,0.618818679660461
pocket,fade,noBOS,1.0,1.0,24,1671,-0.05913569830100114,47.1573907839617,1162,-0.04220788753171881,49.225473321858864,0.6203354209944273
pocket,fade,bigDisp,2.0,1.5,96,1215,-0.05924113868401755,43.12757201646091,887,-0.019557669316833046,44.983089064261556,0.8838138436448224
pocket,fade,bigDisp,2.0,1.5,288,1215,-0.05924113868401755,43.12757201646091,887,-0.019557669316833046,44.983089064261556,0.8838138436448224
flip,cont,BOS,3.0,1.0,288,1713,-0.059257753361248534,23.29246935201401,1194,-0.04509087078088219,24.036850921273032,0.7245004947304409
flip,cont,BOS,3.0,1.0,96,1713,-0.059257753361248534,23.29246935201401,1194,-0.04509087078088219,24.036850921273032,0.7245004947304409
flip,cont,ALL,3.0,1.0,96,1844,-0.05929005153496092,23.04772234273319,1274,-0.041754062885235754,24.332810047095762,0.7444532279515992
flip,cont,structAgainst,3.0,1.5,24,331,-0.05930627900276716,32.62839879154079,227,-0.026909000387305752,35.68281938325991,0.8618007026305232
flip,fade,noSweep,4.0,1.0,96,1733,-0.05934585359889731,19.042123485285632,1191,-0.030506803780902262,20.31905961376994,0.8225875351998332
flip,cont,ALL,3.0,1.0,288,1844,-0.05938623915010627,23.04772234273319,1274,-0.041754062885235754,24.332810047095762,0.7444532279515992
flip,cont,posHigh,4.0,1.0,96,900,-0.05944104490168522,19.333333333333332,619,-0.05489224793941478,18.578352180936992,0.6939692666626384
pocket,fade,structAgainst,4.0,3.0,96,493,-0.059550005506644355,42.393509127789045,337,-0.04216923845402369,43.02670623145401,0.868422120198238
flip,fade,noSweep,4.0,1.0,288,1733,-0.059554875239872226,18.984420080784766,1191,-0.030889582276104076,20.23509655751469,0.8206043733471736
flip,fade,BOS+struct,2.0,3.0,24,648,-0.05961500220787344,56.018518518518526,463,-0.021513838058962332,58.747300215982726,0.8880120068739417
flip,cont,noBOS,3.0,1.0,24,131,-0.05966140378063962,20.610687022900763,80,-0.008801326983092307,30.0,0.9423431397272443
flip,cont,noBOS,3.0,1.0,96,131,-0.05971239330266563,19.84732824427481,80,0.008047794957287361,28.749999999999996,1.050540235838632
flip,cont,noSweep,4.0,2.0,288,1733,-0.059752002991686474,32.94864396999423,1191,-0.03234262390880058,34.5088161209068,0.8756723050528127
flip,fade,sweep,4.0,2.0,24,111,-0.0597754709193928,37.83783783783784,83,-0.0726330929028181,38.55421686746988,0.684704851700487
flip,fade,structAlign,4.0,3.0,288,718,-0.059776612985192386,41.64345403899721,499,-0.022048566325535184,44.48897795591182,0.9308873758761481
flip,cont,BOS,4.0,2.0,96,1713,-0.05980279013839342,33.33333333333333,1194,-0.04203313409286849,33.75209380234506,0.8377126927289329
flip,fade,BOS,4.0,1.0,96,1713,-0.059808642725401456,18.680677174547576,1194,-0.02452145221516166,21.1892797319933,0.8549424063654149
flip,fade,posLow,3.0,2.0,288,886,-0.05981737449534831,39.1647855530474,615,-0.059588117400110115,38.048780487804876,0.7489332568744319
pocket,fade,posLow,4.0,1.5,24,553,-0.059868366947328895,29.8372513562387,350,-0.04765731073111143,31.142857142857146,0.7595451632749374
pocket,fade,posLow,3.0,2.0,288,553,-0.05997216662735667,37.9746835443038,350,-0.03889388326126446,41.42857142857143,0.8308866800505711
flip,cont,ALL,2.0,1.0,24,1844,-0.05997339174266914,30.42299349240781,1274,-0.050886203683126914,31.004709576138147,0.6567115247899943
flip,fade,BOS,4.0,1.0,288,1713,-0.06002010478249984,18.622300058377117,1194,-0.024903268955350402,21.105527638190953,0.8528858534642448
pocket,fade,bigDisp,2.0,2.0,96,1215,-0.060047640515059605,49.547325102880656,887,-0.021081532830045317,51.07102593010146,0.8896511928787955
flip,cont,posHigh,4.0,3.0,288,900,-0.06012131193723632,42.333333333333336,619,-0.05085339203432538,42.64943457189014,0.8480017469587184
flip,fade,BOS+bigDisp,4.0,1.5,96,1566,-0.060141717324075805,25.862068965517242,1059,-0.0375332973031358,27.384324834749762,0.8295279246454768
flip,cont,ALL,4.0,2.0,96,1844,-0.06023443950166939,33.08026030368764,1274,-0.03287375837405382,34.37990580847723,0.8719807026060044
flip,fade,ALL,4.0,1.0,96,1844,-0.06029624838923922,18.872017353579178,1274,-0.031804250630449775,20.486656200941916,0.814568949623733
pocket,fade,structAlign,1.0,1.5,24,411,-0.060320983465170425,58.3941605839416,323,-0.05574613354980881,56.03715170278638,0.5872789015971301
pocket,fade,sweep,4.0,3.0,24,89,-0.06034521372993851,41.57303370786517,62,-0.1639016558704961,32.25806451612903,0.4628669246776674
flip,cont,ALL,2.0,1.0,288,1844,-0.060375711736786,30.36876355748373,1274,-0.05013205657904828,30.926216640502357,0.6634296212515264
flip,cont,ALL,2.0,1.0,96,1844,-0.060375711736786,30.36876355748373,1274,-0.05013205657904828,30.926216640502357,0.6634296212515264
pocket,fade,structAlign,1.0,1.5,288,411,-0.060389719603018144,58.3941605839416,323,-0.055498203315457684,56.03715170278638,0.5905597458509397
pocket,fade,structAlign,1.0,1.5,96,411,-0.060389719603018144,58.3941605839416,323,-0.055498203315457684,56.03715170278638,0.5905597458509397
flip,cont,BOS,3.0,3.0,288,1713,-0.06042200575190336,49.91243432574431,1194,-0.03352320962041422,50.753768844221106,0.880329450170001
flip,cont,posLow,4.0,3.0,288,886,-0.06047015808031418,42.88939051918736,615,-0.010176565712190763,45.36585365853659,0.966084033569408
flip,fade,ALL,4.0,1.0,288,1844,-0.060492687924927686,18.817787418655097,1274,-0.03216209143718868,20.408163265306122,0.8127202496833066
flip,fade,posLow,4.0,3.0,96,886,-0.06050216630789905,41.309255079006775,615,-0.06747571976287407,40.65040650406504,0.7899791194221492
flip,cont,structAgainst,4.0,1.5,24,331,-0.06051049089465994,27.492447129909365,227,-0.021923692043976747,31.718061674008812,0.8941915491054792
flip,cont,structAlign,4.0,2.0,288,718,-0.060576223006678406,33.00835654596101,499,-0.04369627497256339,33.26653306613226,0.8352205898551892
flip,cont,structAgainst,4.0,1.0,24,331,-0.060697455439130105,19.939577039274926,227,-0.03719157498823361,22.46696035242291,0.7851199817349419
pocket,fade,noSweep,1.0,1.0,96,1584,-0.06072260367925133,46.84343434343434,1104,-0.042837867650268535,49.275362318840585,0.6172066137460536
pocket,fade,noSweep,1.0,1.0,288,1584,-0.06072260367925133,46.84343434343434,1104,-0.042837867650268535,49.275362318840585,0.6172066137460536
flip,cont,posHigh,3.0,3.0,96,900,-0.060765449868880515,49.333333333333336,619,-0.03059274502789186,50.72697899838449,0.8903299756931612
pocket,fade,bigDisp,3.0,1.5,24,1215,-0.06077413473554282,34.732510288065846,887,-0.020317055519325736,37.88049605411499,0.8911709526681224
flip,cont,posLow,4.0,3.0,24,886,-0.060817745227691025,39.05191873589165,615,-0.01056867569081014,43.90243902439025,0.9565430536072058
pocket,fade,structAgainst,4.0,1.0,288,493,-0.060868776083131376,19.47261663286004,337,-0.01972894934275534,21.66172106824926,0.8852877269874442
pocket,fade,noSweep,1.0,1.0,24,1584,-0.06087750989914151,46.78030303030303,1104,-0.042470666526447515,49.275362318840585,0.6188950075919802
flip,fade,structAgainst,1.0,1.5,24,331,-0.06088470799030668,56.797583081571,227,-0.05239875787504536,57.70925110132159,0.6086870758742375
pocket,fade,posLow,4.0,3.0,288,553,-0.06094700171616423,41.22965641952984,350,-0.07908846466658834,41.14285714285714,0.7645025169568864
pocket,fade,noSweep,1.0,3.0,96,1584,-0.060994971046262766,73.10606060606061,1104,-0.04565157264914979,74.0036231884058,0.6952705313656207
flip,cont,noBOS,3.0,1.0,288,131,-0.06106636248074217,19.84732824427481,80,0.008047794957287361,28.749999999999996,1.050540235838632
pocket,fade,sweep,2.0,1.5,96,89,-0.0611256808547023,40.44943820224719,62,-0.04758845173568187,40.32258064516129,0.7302391420921724
pocket,fade,sweep,2.0,1.5,288,89,-0.0611256808547023,40.44943820224719,62,-0.04758845173568187,40.32258064516129,0.7302391420921724
flip,fade,bigDisp,4.0,1.0,288,1651,-0.06117672904651566,18.715929739551786,1112,-0.03115459255857603,20.68345323741007,0.8196439230423713
pocket,fade,structAgainst,4.0,1.0,96,493,-0.061203449830097824,19.675456389452332,337,-0.019846107890266914,21.958456973293767,0.8839071307288507
flip,fade,sweep,3.0,3.0,24,111,-0.0613093770103722,51.35135135135135,83,-0.05013859727056071,51.80722891566265,0.7905931915249845
flip,cont,posLow,4.0,2.0,24,886,-0.06135242222248187,32.61851015801354,615,-0.027091807704064337,36.260162601626014,0.8807430216408977
flip,fade,BOS,4.0,2.0,288,1713,-0.061363402440837246,31.75715119673088,1194,-0.033017916359441415,33.584589614740366,0.8722718076936007
flip,fade,bigDisp,4.0,1.0,96,1651,-0.06136777144525594,18.715929739551786,1112,-0.03074462026740215,20.77338129496403,0.8217599876286137
pocket,fade,bigDisp,3.0,2.0,24,1215,-0.06141878994459148,40.08230452674897,887,-0.02535842259308032,42.615558060879366,0.8795120195078294
flip,fade,posHigh,4.0,1.5,96,900,-0.06152582903998164,25.444444444444443,619,-0.012561916004808986,30.048465266558967,0.9412750451341776
pocket,fade,noSweep,1.0,3.0,288,1584,-0.06153513062499869,73.10606060606061,1104,-0.04553527355742259,74.09420289855072,0.6961154953220651
flip,fade,posLow,4.0,3.0,24,886,-0.061539083587162424,47.51693002257336,615,-0.054314051309982986,44.71544715447154,0.7919653863129137
flip,fade,structAlign,3.0,3.0,24,718,-0.06155869472023323,50.83565459610028,499,-0.022033557345887623,51.703406813627254,0.9000281138060126
pocket,fade,structAgainst,1.0,2.0,24,493,-0.0615896388867136,65.51724137931035,337,-0.0374539093758844,66.17210682492582,0.7100383487139292
flip,fade,bigDisp,2.0,3.0,24,1651,-0.06164546452354992,56.45063597819503,1112,-0.03765585608761803,57.46402877697842,0.8222402489603327
flip,fade,posLow,4.0,1.0,96,886,-0.061778296538474504,18.623024830699777,615,-0.04772517015924117,19.1869918699187,0.7196238866622148
flip,fade,posLow,4.0,1.0,288,886,-0.061778296538474504,18.623024830699777,615,-0.04775345844829403,19.1869918699187,0.7194576984535368
flip,cont,BOS,4.0,2.0,288,1713,-0.061814555936941074,33.15820198482195,1194,-0.043539488375318354,33.41708542713568,0.8338430990266343
flip,cont,posHigh,4.0,1.5,288,900,-0.06187066350738369,26.77777777777778,619,-0.05808647072573457,26.009693053311793,0.7481604913424332
pocket,fade,structAgainst,2.0,2.0,288,493,-0.061928875066336715,50.10141987829615,337,-0.01955142958148782,51.038575667655785,0.8972285784592899
pocket,fade,sweep,1.0,2.0,24,89,-0.061930895581660324,64.04494382022472,62,-0.04865679131677082,61.29032258064516,0.6422049488678774
flip,cont,structAgainst,3.0,1.0,24,331,-0.061971157789120955,24.169184290030213,227,-0.04124137337912086,25.55066079295154,0.7511026164223686
flip,fade,posHigh,4.0,1.0,288,900,-0.061978468949647314,18.555555555555557,619,-0.009369219194886327,22.132471728594506,0.9445090074051855
flip,fade,BOS+bigDisp,3.0,3.0,24,1566,-0.06203387956859601,49.936143039591315,1059,-0.03530956089276885,49.57507082152974,0.8540133494762467
flip,fade,BOS,4.0,2.0,96,1713,-0.06215364218280594,32.16579100992411,1194,-0.03753068418301782,33.66834170854271,0.8537867164486906
flip,cont,sweep,4.0,1.5,288,111,-0.06216612477268497,27.927927927927925,83,-0.07881864267607959,20.481927710843372,0.6462190031327031
flip,cont,sweep,4.0,1.5,96,111,-0.06216612477268497,27.927927927927925,83,-0.07881864267607959,20.481927710843372,0.6462190031327031
flip,fade,posLow,4.0,3.0,288,886,-0.062192924068117446,40.63205417607224,615,-0.06875280482390005,40.16260162601626,0.7902948596778512
flip,cont,posHigh,3.0,2.0,96,900,-0.06220068563315879,40.22222222222222,619,-0.03575758342155422,40.7108239095315,0.8493044804310147
flip,fade,posHigh,4.0,2.0,288,900,-0.06223345290294038,31.555555555555554,619,-0.017776076609439365,35.056542810985455,0.9310867774493663
flip,fade,bigDisp,3.0,3.0,24,1651,-0.06223390556147077,49.9091459721381,1112,-0.04084407291847228,49.010791366906474,0.8335976227678771
flip,fade,posHigh,4.0,1.0,96,900,-0.06232892561666975,18.555555555555557,619,-0.008660831650430993,22.294022617124394,0.94856811608238
flip,fade,BOS+bigDisp,2.0,3.0,24,1566,-0.06238898629396354,56.25798212005109,1059,-0.035039952973478804,57.79036827195468,0.8328200076463
pocket,fade,structAgainst,3.0,1.5,24,493,-0.06241381679760009,35.294117647058826,337,-0.026687417628406596,38.57566765578635,0.8535775561186102
flip,cont,ALL,4.0,2.0,288,1844,-0.06241649421072465,32.9175704989154,1274,-0.03394857864207722,34.065934065934066,0.8693327410806441
pocket,cont,sweep,1.0,1.5,24,89,-0.0624624387222503,55.0561797752809,62,-0.05253371794948493,59.67741935483871,0.5900603782574656
pocket,fade,structAgainst,1.0,2.0,288,493,-0.06248235646688182,66.12576064908721,337,-0.03980912445768097,66.46884272997032,0.7026350402689094
pocket,fade,structAgainst,1.0,2.0,96,493,-0.06248235646688182,66.12576064908721,337,-0.03980912445768097,66.46884272997032,0.7026350402689094
flip,fade,structAgainst,1.0,1.5,96,331,-0.06265303606498471,56.797583081571,227,-0.052883928377593994,57.70925110132159,0.6064896159776655
flip,fade,structAgainst,1.0,1.5,288,331,-0.06265303606498471,56.797583081571,227,-0.052883928377593994,57.70925110132159,0.6064896159776655
flip,cont,ALL,4.0,3.0,288,1844,-0.06276725897605806,42.299349240780906,1274,-0.028833341652562378,44.11302982731554,0.9097674461133899
pocket,fade,sweep,3.0,1.5,288,89,-0.06284555000002982,30.337078651685395,62,-0.09253246044220909,27.419354838709676,0.5807524424516688
pocket,fade,sweep,3.0,1.5,96,89,-0.06284555000002982,30.337078651685395,62,-0.09253246044220909,27.419354838709676,0.5807524424516688
flip,cont,BOS,2.0,1.0,24,1713,-0.06284649242594018,30.297723292469353,1194,-0.053435781123292656,30.569514237855945,0.6410531797945582
flip,cont,posHigh,2.0,1.5,24,900,-0.06296020914366134,41.77777777777778,619,-0.0653482547711321,39.09531502423263,0.645358084521168
flip,cont,structAgainst,3.0,2.0,288,331,-0.06303713016193387,38.972809667673715,227,-0.006571797916620974,43.61233480176212,0.9712920117264315
flip,cont,BOS,2.0,1.0,288,1713,-0.06327957944821191,30.23934617629889,1194,-0.052730242900503155,30.569514237855945,0.6469568442476137
flip,cont,BOS,2.0,1.0,96,1713,-0.06327957944821191,30.23934617629889,1194,-0.052730242900503155,30.569514237855945,0.6469568442476137
flip,fade,BOS+bigDisp,4.0,1.0,288,1566,-0.06346067228179404,18.39080459770115,1059,-0.02589352253684138,21.152030217186024,0.848474860824863
flip,cont,posHigh,3.0,1.5,24,900,-0.06348195746859193,33.88888888888889,619,-0.05942324682663227,32.47172859450727,0.7049859751667762
flip,fade,BOS+bigDisp,2.0,2.0,288,1566,-0.06351605188082278,47.63729246487867,1059,-0.03810128788837724,50.14164305949008,0.8064016616883072
flip,fade,BOS+bigDisp,2.0,2.0,96,1566,-0.06351605188082278,47.63729246487867,1059,-0.03810128788837724,50.14164305949008,0.8064016616883072
flip,fade,bigDisp,4.0,3.0,288,1651,-0.06357011818336959,41.12658994548759,1112,-0.05538098745013169,41.456834532374096,0.8348167367919069
pocket,fade,structAgainst,2.0,2.0,96,493,-0.06359213944609475,49.89858012170386,337,-0.02024148674959956,51.038575667655785,0.8936013165337299
flip,fade,BOS+bigDisp,4.0,1.0,96,1566,-0.06366208415939315,18.39080459770115,1059,-0.025463032274532258,21.246458923512748,0.8507653694381794
flip,cont,noBOS,1.0,2.0,96,131,-0.0637855318593179,59.541984732824424,80,-0.003119395033821809,71.25,0.9724798245964362
flip,cont,noBOS,1.0,2.0,288,131,-0.0637855318593179,59.541984732824424,80,-0.003119395033821809,71.25,0.9724798245964362
flip,cont,noBOS,1.0,2.0,24,131,-0.0637855318593179,59.541984732824424,80,-0.00685351627322046,71.25,0.9395363626840411
flip,cont,BOS+struct,4.0,3.0,288,648,-0.0638933191537447,43.05555555555556,463,-0.07853367979160591,40.60475161987041,0.7706630236057382
flip,fade,noBOS,2.0,2.0,288,131,-0.06397809931246085,48.854961832061065,80,-0.11862979473421424,40.0,0.5322993415384352
flip,fade,noBOS,2.0,2.0,96,131,-0.06397809931246085,48.854961832061065,80,-0.11862979473421424,40.0,0.5322993415384352
flip,fade,ALL,4.0,2.0,288,1844,-0.06399405974334733,31.83297180043384,1274,-0.04342847953943252,32.73155416012558,0.8352097684324845
flip,cont,BOS,4.0,3.0,96,1713,-0.06400857223099608,42.38178633975482,1194,-0.04176978572656414,43.299832495812396,0.8674303150704896
pocket,cont,sweep,1.0,1.0,24,89,-0.06403696243667836,41.57303370786517,62,-0.04207428083565405,50.0,0.6108592975012043
flip,fade,bigDisp,2.0,2.0,96,1651,-0.06410049165333483,47.72864930345245,1112,-0.04037590624662617,49.82014388489209,0.7969366904063631
flip,fade,bigDisp,2.0,2.0,288,1651,-0.06410049165333483,47.72864930345245,1112,-0.04037590624662617,49.82014388489209,0.7969366904063631
flip,cont,structAgainst,3.0,2.0,96,331,-0.06411331852099024,38.670694864048336,227,-0.006571797916620974,43.61233480176212,0.9712920117264315
flip,fade,BOS+bigDisp,4.0,2.0,24,1566,-0.06431096788048006,39.52745849297574,1059,-0.019767164375779255,38.99905571293673,0.9106863174116863
pocket,fade,structAgainst,1.0,1.5,288,493,-0.06438930708630425,58.82352941176471,337,-0.02829821292508087,62.31454005934718,0.7572678924644385
pocket,fade,structAgainst,1.0,1.5,96,493,-0.06438930708630425,58.82352941176471,337,-0.02829821292508087,62.31454005934718,0.7572678924644385
flip,fade,noBOS,3.0,1.0,24,131,-0.06439825319138331,29.00763358778626,80,-0.12378081531758353,15.0,0.35241175932918156
pocket,fade,sweep,1.0,2.0,288,89,-0.06441610203854425,65.1685393258427,62,-0.05007769658524039,62.903225806451616,0.6362456130935817
pocket,fade,sweep,1.0,2.0,96,89,-0.06441610203854425,65.1685393258427,62,-0.05007769658524039,62.903225806451616,0.6362456130935817
flip,fade,structAlign,4.0,3.0,24,718,-0.06456410707714327,47.910863509749305,499,-0.007273955966909374,50.1002004008016,0.9674333938609648
pocket,fade,structAgainst,1.0,1.0,288,493,-0.0645762682126507,48.6815415821501,337,-0.02662414030248116,53.70919881305638,0.7396660784361311
pocket,fade,structAgainst,1.0,1.0,96,493,-0.0645762682126507,48.6815415821501,337,-0.02662414030248116,53.70919881305638,0.7396660784361311
pocket,cont,sweep,4.0,2.0,24,89,-0.06465526263948908,43.82022471910113,62,-0.04588087839300651,38.70967741935484,0.7925909736485433
flip,fade,BOS+struct,4.0,3.0,288,648,-0.06470364970005398,40.4320987654321,463,0.005102316908155692,45.78833693304535,1.0167866957971678
flip,fade,ALL,4.0,2.0,96,1844,-0.06472815989410241,32.21258134490238,1274,-0.047338327674880325,32.88854003139717,0.8189193907868939
flip,fade,structAgainst,1.0,1.0,96,331,-0.06482500424971908,45.01510574018127,227,-0.04978155842551883,48.458149779735685,0.57429750287445
flip,fade,structAgainst,1.0,1.0,24,331,-0.06482500424971908,45.01510574018127,227,-0.04978155842551883,48.458149779735685,0.57429750287445
flip,fade,structAgainst,1.0,1.0,288,331,-0.06482500424971908,45.01510574018127,227,-0.04978155842551883,48.458149779735685,0.57429750287445
pocket,fade,noSweep,2.0,1.5,24,1584,-0.06488427214922272,41.98232323232323,1104,-0.025378022091273194,44.565217391304344,0.8454024911833059
pocket,fade,bigDisp,2.0,2.0,288,1215,-0.0648949278461445,49.465020576131685,887,-0.021081532830045317,51.07102593010146,0.8896511928787955
pocket,fade,bigDisp,3.0,1.0,24,1215,-0.06491861396386944,24.691358024691358,887,-0.02991581396025666,27.959413754227736,0.8102549149520274
pocket,cont,sweep,1.0,1.5,96,89,-0.06492482201274496,55.0561797752809,62,-0.05253371794948493,59.67741935483871,0.5900603782574656
pocket,cont,sweep,1.0,1.5,288,89,-0.06492482201274496,55.0561797752809,62,-0.05253371794948493,59.67741935483871,0.5900603782574656
pocket,fade,ALL,2.0,1.5,24,1673,-0.06498704172806183,41.90077704722056,1166,-0.026436785382558656,44.25385934819897,0.839340265856832
pocket,fade,noBOS,2.0,1.5,24,1671,-0.06499898973463873,41.89108318372232,1162,-0.027168075507721053,44.14802065404475,0.8352197305383425
flip,cont,structAgainst,3.0,1.5,96,331,-0.06519418735626893,31.419939577039273,227,-0.026595152652093838,34.36123348017621,0.8702040603953931
flip,cont,structAgainst,3.0,1.5,288,331,-0.06519418735626893,31.419939577039273,227,-0.026595152652093838,34.36123348017621,0.8702040603953931
pocket,fade,structAgainst,1.0,1.5,24,493,-0.06519554195849006,58.41784989858012,337,-0.027658796177991243,62.31454005934718,0.7590813306582489
flip,fade,noSweep,4.0,2.0,288,1733,-0.06528162710987967,31.794575879976918,1191,-0.03875898722995164,32.7455919395466,0.8526394728398815
flip,cont,structAlign,2.0,1.0,24,718,-0.06531567820096472,30.22284122562674,499,-0.055976557484122294,30.66132264529058,0.6287883188862728
pocket,fade,structAgainst,1.0,1.0,24,493,-0.06538250308483651,48.275862068965516,337,-0.026352695507219567,53.70919881305638,0.7407976049423306
flip,cont,structAgainst,1.0,3.0,24,331,-0.06539313047266555,69.48640483383686,227,-0.05138389386009416,70.48458149779736,0.6651123043637657
flip,fade,structAgainst,1.0,2.0,96,331,-0.06541057180473393,62.839879154078545,227,-0.03037024870667731,68.72246696035242,0.7628106213196959
flip,fade,structAgainst,1.0,2.0,288,331,-0.06541057180473393,62.839879154078545,227,-0.03037024870667731,68.72246696035242,0.7628106213196959
flip,cont,structAlign,2.0,1.0,96,718,-0.06542917226134096,30.22284122562674,499,-0.05577920370910735,30.460921843687377,0.6323127308374068
flip,cont,structAlign,2.0,1.0,288,718,-0.06542917226134096,30.22284122562674,499,-0.05577920370910735,30.460921843687377,0.6323127308374068
flip,cont,posLow,4.0,2.0,288,886,-0.06560542804501407,32.27990970654628,615,-0.019690833501955232,35.12195121951219,0.9198765220549261
pocket,fade,structAgainst,4.0,1.0,24,493,-0.06568912261378534,22.718052738336713,337,-0.025444781089962024,27.299703264094955,0.8367569083749758
flip,fade,bigDisp,4.0,2.0,24,1651,-0.06573369105884719,39.37007874015748,1112,-0.026434221083430416,38.30935251798561,0.8822221500276339
pocket,cont,sweep,1.0,1.0,288,89,-0.06574597748928024,41.57303370786517,62,-0.04207428083565405,50.0,0.6108592975012043
pocket,cont,sweep,1.0,1.0,96,89,-0.06574597748928024,41.57303370786517,62,-0.04207428083565405,50.0,0.6108592975012043
flip,cont,noBOS,3.0,2.0,96,131,-0.06575440020786208,35.87786259541985,80,0.07395332593649503,51.24999999999999,1.3655365733654352
flip,fade,noSweep,4.0,2.0,96,1733,-0.06575524407882678,32.198499711482974,1191,-0.04317363044663714,32.82955499580184,0.8345667821620798
flip,cont,noBOS,4.0,2.0,96,131,-0.06587883155733155,29.770992366412212,80,0.1038299242292551,43.75,1.4641481542551087
flip,cont,posHigh,1.0,1.0,96,900,-0.06596662360321066,44.22222222222222,619,-0.06384114496643416,42.16478190630048,0.4888183665618478
flip,cont,posHigh,1.0,1.0,24,900,-0.06596662360321066,44.22222222222222,619,-0.06384114496643416,42.16478190630048,0.4888183665618478
flip,cont,posHigh,1.0,1.0,288,900,-0.06596662360321066,44.22222222222222,619,-0.06384114496643416,42.16478190630048,0.4888183665618478
pocket,fade,posLow,4.0,2.0,96,553,-0.06607718265458694,31.645569620253166,350,-0.06103970781943735,32.857142857142854,0.7651498937966887
flip,cont,posHigh,2.0,1.5,96,900,-0.06617250142259695,41.44444444444444,619,-0.06282074031978833,39.25686591276252,0.6661522573019721
flip,cont,posHigh,2.0,1.5,288,900,-0.06617250142259695,41.44444444444444,619,-0.06282074031978833,39.25686591276252,0.6661522573019721
flip,fade,posHigh,4.0,2.0,96,900,-0.06647060794596141,31.88888888888889,619,-0.02117681215594833,35.21809369951534,0.9169605793362104
flip,fade,noBOS,4.0,1.5,24,131,-0.06647806267489184,33.587786259541986,80,-0.15398307702018657,20.0,0.3520989189370308
flip,fade,noBOS,3.0,3.0,288,131,-0.06651558587862252,52.67175572519084,80,-0.20262248509180023,36.25,0.4835090205250787
flip,fade,noBOS,4.0,1.0,24,131,-0.06656446246868425,25.954198473282442,80,-0.12686169799276764,13.750000000000002,0.3442981643375537
flip,fade,noBOS,4.0,1.0,96,131,-0.06667234382553,21.374045801526716,80,-0.14050001697862494,10.0,0.3256986840656096
flip,fade,noBOS,4.0,1.0,288,131,-0.06667234382553,21.374045801526716,80,-0.14050001697862494,10.0,0.3256986840656096
pocket,fade,noBOS,2.0,3.0,24,1671,-0.06676167424437797,53.081986834230996,1162,-0.034093946617055934,55.33562822719449,0.8311419655247452
pocket,cont,sweep,3.0,1.0,288,89,-0.06676820696698313,22.47191011235955,62,-0.015714256269880864,29.03225806451613,0.8972531209341568
pocket,cont,sweep,3.0,1.0,96,89,-0.06676820696698313,22.47191011235955,62,-0.015714256269880864,29.03225806451613,0.8972531209341568
pocket,fade,posLow,1.0,1.0,288,553,-0.06677327298483067,44.66546112115732,350,-0.040445908037227966,50.28571428571429,0.6197230277947255
pocket,fade,posLow,1.0,1.0,96,553,-0.06677327298483067,44.66546112115732,350,-0.040445908037227966,50.28571428571429,0.6197230277947255
flip,cont,posLow,4.0,2.0,96,886,-0.06681513275960256,32.167042889390515,615,-0.020999842120150984,35.12195121951219,0.9138871838804512
pocket,fade,sweep,2.0,1.5,24,89,-0.06681610928852397,40.44943820224719,62,-0.04528960269835139,38.70967741935484,0.7360779334006997
pocket,fade,ALL,2.0,3.0,24,1673,-0.06683292236997729,53.07830245068739,1166,-0.033547040115250885,55.40308747855918,0.8336512130827525
pocket,cont,structAlign,4.0,1.0,24,411,-0.06685396230817002,23.600973236009732,323,0.0183613030910538,31.269349845201237,1.122371258349778
flip,fade,BOS+struct,3.0,3.0,24,648,-0.06685688820820745,49.691358024691354,463,-0.008087545951721155,52.915766738660906,0.961980911228956
pocket,fade,posLow,1.0,1.0,24,553,-0.0671509556508662,44.48462929475588,350,-0.04018454547721895,50.28571428571429,0.620114255295425
pocket,fade,noBOS,2.0,1.0,24,1671,-0.06728703255464713,31.478156792339917,1162,-0.03223195408661076,34.59552495697074,0.7722154954396357
pocket,fade,posLow,4.0,2.0,288,553,-0.06738603684958455,31.103074141048825,350,-0.06375083302319766,32.285714285714285,0.7594342233481357
flip,cont,noBOS,3.0,1.5,24,131,-0.06740777219961183,28.24427480916031,80,-0.009833755386499785,40.0,0.9473598328276341
pocket,fade,ALL,2.0,1.0,24,1673,-0.06741164316088044,31.440526001195458,1166,-0.032271629235671985,34.6483704974271,0.7719477638450625
flip,cont,structAgainst,3.0,2.0,24,331,-0.06748764190648879,38.368580060422964,227,-0.0145288960314683,43.17180616740088,0.932051075067475
flip,fade,noBOS,3.0,1.0,96,131,-0.06760463453563827,26.717557251908396,80,-0.12691893886347733,13.750000000000002,0.36214295117815193
flip,fade,noBOS,3.0,1.0,288,131,-0.06760463453563827,26.717557251908396,80,-0.12691893886347733,13.750000000000002,0.36214295117815193
flip,fade,BOS+bigDisp,4.0,3.0,288,1566,-0.06768075754266348,40.804597701149426,1059,-0.044741341168871,42.1152030217186,0.864047999844467
pocket,cont,sweep,3.0,1.5,24,89,-0.06773066217586822,35.95505617977528,62,-0.003884749479446272,41.935483870967744,0.9781907817976597
pocket,fade,noBOS,2.0,1.0,96,1671,-0.06781085634763336,31.358467983243564,1162,-0.03428322176350864,33.820998278829606,0.7630415867298198
pocket,fade,noBOS,2.0,1.0,288,1671,-0.06781085634763336,31.358467983243564,1162,-0.03428322176350864,33.820998278829606,0.7630415867298198
pocket,fade,ALL,2.0,1.0,288,1673,-0.06793484074490912,31.32098027495517,1166,-0.03431585997371259,33.876500857632934,0.7628109952077305
pocket,fade,ALL,2.0,1.0,96,1673,-0.06793484074490912,31.32098027495517,1166,-0.03431585997371259,33.876500857632934,0.7628109952077305
pocket,fade,structAlign,2.0,2.0,24,411,-0.06802951713636567,48.661800486618006,323,-0.041350327106055754,48.297213622291025,0.7862627038883406
pocket,fade,bigDisp,3.0,2.0,96,1215,-0.06810814264497476,39.09465020576132,887,-0.026150401321952958,41.37542277339346,0.8883521542737401
flip,fade,structAlign,4.0,2.0,288,718,-0.06813891975993884,32.17270194986072,499,-0.01960137832203111,35.07014028056113,0.9234368046595938
pocket,fade,noSweep,2.0,1.0,24,1584,-0.06832474806655174,31.376262626262623,1104,-0.03334189998205884,34.60144927536232,0.7653963751704054
pocket,fade,noSweep,2.0,3.0,24,1584,-0.06836327497896891,53.09343434343434,1104,-0.031218139167185775,55.61594202898551,0.8438304173410623
pocket,fade,noSweep,2.0,2.0,24,1584,-0.06852424836324823,47.6010101010101,1104,-0.02718214239815621,49.81884057971014,0.8500129213867244
pocket,fade,ALL,2.0,1.5,96,1673,-0.06858380296099105,42.319187089061565,1166,-0.027641189713418318,43.82504288164665,0.8388329390289346
pocket,fade,ALL,2.0,1.5,288,1673,-0.06858380296099105,42.319187089061565,1166,-0.02801165257844429,43.739279588336196,0.8369612256058142
flip,cont,structAgainst,1.0,3.0,96,331,-0.06859747063470475,70.99697885196375,227,-0.046868737425326636,73.12775330396477,0.6941378297619977
flip,cont,structAgainst,1.0,3.0,288,331,-0.06859747063470475,70.99697885196375,227,-0.046868737425326636,73.12775330396477,0.6941378297619977
pocket,fade,posLow,2.0,1.0,96,553,-0.0686062601992653,29.65641952983725,350,-0.03708846425097184,34.57142857142857,0.7354630716207418
pocket,fade,posLow,2.0,1.0,288,553,-0.0686062601992653,29.65641952983725,350,-0.03708846425097184,34.57142857142857,0.7354630716207418
pocket,fade,noSweep,2.0,1.0,96,1584,-0.06869697786930043,31.313131313131315,1104,-0.03541680122650389,33.78623188405797,0.7562599200929568
pocket,fade,noSweep,2.0,1.0,288,1584,-0.06869697786930043,31.313131313131315,1104,-0.03541680122650389,33.78623188405797,0.7562599200929568
pocket,fade,noBOS,2.0,1.5,96,1671,-0.06873357375427644,42.309994015559546,1162,-0.028376625808738575,43.71772805507745,0.8348790206206337
pocket,fade,noBOS,2.0,1.5,288,1671,-0.06873357375427644,42.309994015559546,1162,-0.028748363933196647,43.631669535284,0.833011652344095
flip,fade,sweep,3.0,2.0,288,111,-0.06873643199424262,39.63963963963964,83,-0.09040840287989603,42.168674698795186,0.6259952774320802
pocket,fade,structAgainst,3.0,1.0,96,493,-0.06889027731146664,23.935091277890468,337,-0.020474860808017487,27.596439169139465,0.8713278481483728
pocket,fade,noSweep,2.0,1.5,96,1584,-0.06900285148842773,42.42424242424242,1104,-0.02652096304187815,44.02173913043478,0.8451159481052842
pocket,fade,noSweep,2.0,1.5,288,1584,-0.06900285148842773,42.42424242424242,1104,-0.0269122308866429,43.93115942028986,0.8431244108668728
flip,fade,bigDisp,4.0,3.0,96,1651,-0.06908148321773533,41.67171411265899,1112,-0.06036440379583873,41.456834532374096,0.8158421681620314
pocket,fade,bigDisp,4.0,2.0,24,1215,-0.06921258629635695,36.21399176954733,887,-0.028615409139216907,37.429537767756486,0.8735324558883137
pocket,fade,structAgainst,3.0,1.0,288,493,-0.06925884882068212,23.732251521298174,337,-0.020224333152193352,27.596439169139465,0.8733435858037866
pocket,fade,bigDisp,3.0,1.5,96,1215,-0.0692968297011224,32.67489711934156,887,-0.019452610479917948,35.963923337091316,0.9024177053505468
pocket,fade,noBOS,2.0,2.0,24,1671,-0.0693247188060542,47.45661280670257,1162,-0.02866898735501955,49.48364888123925,0.8423491993269243
flip,fade,structAlign,4.0,2.0,96,718,-0.06932503707649997,32.590529247910865,499,-0.027752474817281235,35.47094188376754,0.8904558442207392
pocket,fade,ALL,2.0,2.0,24,1673,-0.0693360340239686,47.4596533173939,1166,-0.028001929318794954,49.57118353344768,0.8457526977022622
flip,cont,structAgainst,1.0,1.0,96,331,-0.06938676576847885,42.59818731117825,227,-0.06553182561844921,42.290748898678416,0.4856451414830884
flip,cont,structAgainst,1.0,1.0,24,331,-0.06938676576847885,42.59818731117825,227,-0.06553182561844921,42.290748898678416,0.4856451414830884
flip,cont,structAgainst,1.0,1.0,288,331,-0.06938676576847885,42.59818731117825,227,-0.06553182561844921,42.290748898678416,0.4856451414830884
flip,cont,posHigh,3.0,1.0,24,900,-0.0694086366200859,23.666666666666668,619,-0.054016156952130016,23.747980613893375,0.6733840492367595
pocket,fade,structAgainst,3.0,3.0,24,493,-0.06969063969272445,46.24746450304259,337,-0.01669016087983851,49.554896142433236,0.9207161321220866
flip,fade,posLow,4.0,2.0,96,886,-0.06974724920885991,31.94130925507901,615,-0.06532590375741912,30.89430894308943,0.7499153672175889
flip,cont,noBOS,4.0,2.0,24,131,-0.06974947266168822,33.587786259541986,80,0.025652918232848976,45.0,1.1252446916121344
flip,cont,posHigh,3.0,2.0,288,900,-0.06977912901013288,40.0,619,-0.03691125450999371,40.54927302100161,0.8450908285268035
pocket,fade,bigDisp,3.0,1.5,288,1215,-0.06996556473768338,32.592592592592595,887,-0.018077535264105722,36.076662908680944,0.9092465837315193
pocket,fade,posLow,4.0,1.5,288,553,-0.0700747409024753,25.85895117540687,350,-0.04578924761625415,27.42857142857143,0.7907161555017423
pocket,fade,structAgainst,2.0,1.5,96,493,-0.07013878063957649,41.784989858012175,337,-0.014473701242670594,45.40059347181009,0.9127781843571516
pocket,fade,structAgainst,2.0,1.5,288,493,-0.07013878063957649,41.784989858012175,337,-0.014473701242670594,45.40059347181009,0.9127781843571516
flip,cont,sweep,1.0,1.5,96,111,-0.07014001647270852,54.054054054054056,83,-0.07402532558589799,49.39759036144578,0.47076961359116226
flip,cont,sweep,1.0,1.5,288,111,-0.07014001647270852,54.054054054054056,83,-0.07402532558589799,49.39759036144578,0.47076961359116226
flip,cont,sweep,1.0,1.5,24,111,-0.07014001647270852,54.054054054054056,83,-0.07402532558589799,49.39759036144578,0.47076961359116226
pocket,fade,posLow,2.0,1.0,24,553,-0.0701615121949324,29.65641952983725,350,-0.03388136857995921,35.714285714285715,0.7516250973877375
flip,cont,noBOS,3.0,2.0,288,131,-0.07016320990699003,35.87786259541985,80,0.07395332593649503,51.24999999999999,1.3655365733654352
flip,cont,noBOS,4.0,2.0,288,131,-0.0702876412564595,29.770992366412212,80,0.10919574912654673,43.75,1.4820128492908993
flip,cont,sweep,1.0,1.0,24,111,-0.07033814190409153,41.44144144144144,83,-0.05517307932163251,42.168674698795186,0.5134658410115338
flip,cont,sweep,1.0,1.0,288,111,-0.07033814190409153,41.44144144144144,83,-0.05517307932163251,42.168674698795186,0.5134658410115338
flip,cont,sweep,1.0,1.0,96,111,-0.07033814190409153,41.44144144144144,83,-0.05517307932163251,42.168674698795186,0.5134658410115338
flip,fade,BOS+struct,4.0,3.0,24,648,-0.07034940302141855,46.913580246913575,463,0.009401080886559327,51.40388768898488,1.0436293861080603
pocket,fade,posLow,4.0,3.0,96,553,-0.07038135791358631,41.41048824593128,350,-0.07556910870687994,41.42857142857143,0.7688934838750329
pocket,fade,structAlign,2.0,1.0,96,411,-0.07041808039176746,32.11678832116788,323,-0.058967181373811364,30.340557275541798,0.619375622981686
pocket,fade,structAlign,2.0,1.0,288,411,-0.07041808039176746,32.11678832116788,323,-0.058967181373811364,30.340557275541798,0.619375622981686
pocket,fade,noSweep,2.0,2.0,96,1584,-0.0704469970734123,49.368686868686865,1104,-0.025210769368247087,50.63405797101449,0.8691964686958079
flip,fade,noBOS,4.0,1.5,288,131,-0.07048828830234304,28.24427480916031,80,-0.1852438266291691,15.0,0.341342328316076
flip,fade,noBOS,4.0,1.5,96,131,-0.07048828830234304,28.24427480916031,80,-0.17534344020892484,16.25,0.3651038612317189
flip,cont,BOS+struct,2.0,1.0,24,648,-0.0705803274746555,29.78395061728395,463,-0.05943790834222112,30.021598272138228,0.6082503815069473
pocket,fade,bigDisp,3.0,3.0,24,1215,-0.07059696400751697,45.18518518518518,887,-0.02964977745329397,48.92897406989854,0.8750113473486764
pocket,fade,bigDisp,2.0,3.0,96,1215,-0.07068983040483315,58.8477366255144,887,-0.031347997797864124,60.20293122886133,0.8619745935194998
flip,cont,BOS+struct,2.0,1.0,96,648,-0.07070608169587483,29.78395061728395,463,-0.05948086998121259,30.021598272138228,0.6086623954005935
flip,cont,BOS+struct,2.0,1.0,288,648,-0.07070608169587483,29.78395061728395,463,-0.05948086998121259,30.021598272138228,0.6086623954005935
pocket,fade,posLow,4.0,1.5,96,553,-0.07099026351287449,26.220614828209765,350,-0.04376974986539062,28.000000000000004,0.7976297820708347
pocket,fade,bigDisp,3.0,1.0,96,1215,-0.0710906210878681,23.209876543209877,887,-0.029433355549505033,26.606538895152198,0.8187766773996069
flip,fade,structAlign,4.0,3.0,96,718,-0.0711458112153202,42.33983286908078,499,-0.032589009840956557,45.09018036072144,0.8949360790857247
flip,cont,posHigh,3.0,3.0,288,900,-0.0712715223146829,49.44444444444444,619,-0.03334046652174064,50.72697899838449,0.8832437187981584
pocket,fade,bigDisp,3.0,1.0,288,1215,-0.0713165000008152,23.127572016460906,887,-0.029433355549505033,26.606538895152198,0.8187766773996069
flip,fade,BOS+struct,4.0,2.0,288,648,-0.07146484380871819,31.635802469135804,463,0.0006502989971543161,36.285097192224626,1.0026380259403982
flip,fade,posLow,4.0,2.0,288,886,-0.0715192500289217,31.60270880361174,615,-0.06392278808482436,30.73170731707317,0.7566268119755376
flip,fade,posLow,1.0,1.0,96,886,-0.07171229885009012,44.24379232505643,615,-0.04902101346965899,47.642276422764226,0.5569204603797485
flip,fade,posLow,1.0,1.0,24,886,-0.07171229885009012,44.24379232505643,615,-0.04902101346965899,47.642276422764226,0.5569204603797485
flip,fade,posLow,1.0,1.0,288,886,-0.07171229885009012,44.24379232505643,615,-0.04902101346965899,47.642276422764226,0.5569204603797485
flip,fade,sweep,4.0,1.0,24,111,-0.07174297545506421,19.81981981981982,83,-0.03801798497968965,27.710843373493976,0.7497329477333897
pocket,fade,bigDisp,4.0,1.5,24,1215,-0.0717458055744735,30.69958847736626,887,-0.02702142023955326,32.46899661781285,0.8651645998468276
flip,fade,sweep,3.0,2.0,96,111,-0.07178889980951285,39.63963963963964,83,-0.09040840287989603,42.168674698795186,0.6259952774320802
pocket,fade,structAlign,2.0,1.0,24,411,-0.07179848689316791,31.873479318734795,323,-0.06115677671852578,30.340557275541798,0.6044959057831663
pocket,fade,structAgainst,3.0,1.0,24,493,-0.0718131027249351,25.354969574036513,337,-0.015584419343972623,31.750741839762615,0.8940398707847955
pocket,fade,sweep,4.0,2.0,288,89,-0.07187972751228577,29.213483146067414,62,-0.13778897344114344,24.193548387096776,0.5288523028387052
pocket,fade,posHigh,1.0,1.5,288,543,-0.07214004781907124,57.0902394106814,370,-0.039490922251042566,58.648648648648646,0.6914308175175392
pocket,fade,posHigh,1.0,1.5,96,543,-0.07214004781907124,57.0902394106814,370,-0.039490922251042566,58.648648648648646,0.6914308175175392
pocket,fade,posHigh,1.0,1.5,24,543,-0.0722105719567487,57.0902394106814,370,-0.04017423067826019,57.83783783783784,0.6829453583106553
pocket,fade,noSweep,3.0,1.5,24,1584,-0.0722310108369666,34.1540404040404,1104,-0.025305454231159482,37.5,0.8626675422578879
pocket,fade,bigDisp,3.0,2.0,288,1215,-0.07232360272473463,38.8477366255144,887,-0.02538027408092935,41.48816234498309,0.89184945665185
pocket,fade,posHigh,1.0,1.0,24,543,-0.07245956284552058,44.935543278084715,370,-0.061436591338191994,44.32432432432433,0.511128996133823
pocket,fade,posHigh,1.0,1.0,288,543,-0.07245956284552058,44.935543278084715,370,-0.062285005242773764,44.32432432432433,0.50770144969157
pocket,fade,posHigh,1.0,1.0,96,543,-0.07245956284552058,44.935543278084715,370,-0.062285005242773764,44.32432432432433,0.50770144969157
flip,cont,posHigh,2.0,1.0,24,900,-0.07256328548020971,29.888888888888886,619,-0.0589578645101433,29.079159935379646,0.615636285468146
pocket,fade,ALL,3.0,1.5,24,1673,-0.07256403084266849,34.01075911536163,1166,-0.028302599009038573,37.04974271012007,0.8470020008522767
pocket,fade,noBOS,3.0,1.5,24,1671,-0.07258504765728202,33.99162178336326,1162,-0.029533731338242414,36.91910499139415,0.840685648036399
flip,fade,noBOS,3.0,1.5,24,131,-0.07261506953160836,36.6412213740458,80,-0.1407603823072739,22.5,0.3929858887773524
flip,cont,BOS,4.0,3.0,288,1713,-0.07276562683325201,42.08990075890251,1194,-0.044199170556808276,43.132328308207704,0.863958185910712
flip,fade,BOS+struct,4.0,2.0,96,648,-0.07277909108231523,32.098765432098766,463,-0.010108315664073593,36.50107991360691,0.9587028386240756
pocket,fade,ALL,2.0,2.0,96,1673,-0.07286548290851788,49.01374775851763,1166,-0.02651133251024867,50.42881646655232,0.8626638304246632
flip,fade,bigDisp,4.0,3.0,24,1651,-0.07298672737842263,46.88067837674137,1112,-0.033050151407680875,45.773381294964025,0.8714207224738063
pocket,fade,noBOS,2.0,2.0,96,1671,-0.07299190991196383,49.012567324955114,1162,-0.02717325940427517,50.34423407917383,0.8594907884242751
flip,fade,BOS+bigDisp,4.0,3.0,96,1566,-0.07349127074300692,41.37931034482759,1059,-0.049815036683942486,42.1152030217186,0.8450821311872848
flip,cont,posHigh,2.0,1.0,96,900,-0.07355073511318448,29.777777777777775,619,-0.056926846693325345,29.24071082390953,0.6298574463472825
flip,cont,posHigh,2.0,1.0,288,900,-0.07355073511318448,29.777777777777775,619,-0.056926846693325345,29.24071082390953,0.6298574463472825
pocket,fade,noSweep,2.0,2.0,288,1584,-0.07364741675020993,49.368686868686865,1104,-0.02493909965397234,50.63405797101449,0.8706059995774912
pocket,fade,noSweep,3.0,2.0,24,1584,-0.07370744082328645,39.70959595959596,1104,-0.026693899366827135,42.66304347826087,0.8699077981546299
pocket,fade,bigDisp,4.0,1.0,288,1215,-0.07381996387965203,18.43621399176955,887,-0.03350430851509817,20.856820744081173,0.8086603545081835
flip,fade,noBOS,2.0,2.0,24,131,-0.07385622776498567,47.32824427480916,80,-0.09559032025885439,40.0,0.5735970429688381
flip,cont,noBOS,4.0,1.0,24,131,-0.07385869937958832,16.793893129770993,80,0.012213388115474646,27.500000000000004,1.0779684596603312
pocket,fade,bigDisp,4.0,1.0,96,1215,-0.07393977964085129,18.60082304526749,887,-0.03318639683366063,20.9695603156708,0.8098628879422565
pocket,fade,noSweep,3.0,2.0,96,1584,-0.07400501861191564,39.33080808080808,1104,-0.027158961355677528,40.85144927536232,0.8836236448606664
pocket,fade,posHigh,1.0,3.0,24,543,-0.07405829137719985,67.21915285451196,370,-0.02228206347419235,71.08108108108108,0.8256144797659604
flip,cont,posHigh,3.0,1.5,96,900,-0.0741486546840975,31.77777777777778,619,-0.052581452214443,31.663974151857836,0.7511583420281271
pocket,fade,bigDisp,2.0,3.0,288,1215,-0.07415359307420206,59.01234567901235,887,-0.029911277299860248,60.31567080045096,0.8679784764970795
flip,fade,BOS+bigDisp,4.0,3.0,24,1566,-0.07417493496115551,46.934865900383144,1059,-0.025768454690555852,46.36449480642115,0.89830585594358
flip,fade,bigDisp,4.0,2.0,288,1651,-0.07432128440359834,31.193216232586312,1112,-0.04453052796378332,32.73381294964029,0.832629544394165
flip,fade,structAgainst,1.0,2.0,24,331,-0.07452276044699557,61.933534743202415,227,-0.030768565855304228,68.28193832599119,0.7592988361145738
flip,cont,sweep,3.0,1.5,24,111,-0.07480344293386684,34.234234234234236,83,-0.053917051951784006,30.120481927710845,0.7160804259418186
pocket,fade,structAgainst,2.0,1.5,24,493,-0.07481086161087774,40.36511156186612,337,-0.007205128770133812,47.18100890207715,0.9534512145940996
pocket,fade,ALL,3.0,1.5,96,1673,-0.0749298456089963,32.33711894799761,1166,-0.028496245362276528,34.6483704974271,0.8586819490140213
flip,fade,BOS+bigDisp,4.0,2.0,288,1566,-0.07502443976522545,30.970625798212005,1059,-0.0380978613131733,33.23890462700661,0.8549615307137913
flip,fade,noBOS,3.0,3.0,96,131,-0.0750271533867115,52.67175572519084,80,-0.20262248509180023,36.25,0.4835090205250787
pocket,fade,structAgainst,2.0,2.0,24,493,-0.07508652019456107,47.05882352941176,337,-0.0137499126462331,51.632047477744806,0.9200964226773831
flip,fade,sweep,4.0,1.0,288,111,-0.07513439407989254,16.216216216216218,83,-0.05042183132696889,22.89156626506024,0.6948155720253398
flip,fade,sweep,4.0,1.0,96,111,-0.07513439407989254,16.216216216216218,83,-0.05042183132696889,22.89156626506024,0.6948155720253398
pocket,fade,noBOS,3.0,1.5,96,1671,-0.07518769421748223,32.31597845601436,1162,-0.02972804428822129,34.50946643717728,0.8529021243888639
flip,fade,sweep,3.0,1.5,24,111,-0.07522693965763583,32.432432432432435,83,-0.041355880148087505,39.75903614457831,0.7672874644754286
pocket,fade,noBOS,3.0,2.0,24,1671,-0.07528087078143386,39.497307001795335,1162,-0.03146152050491043,42.08261617900172,0.8475471291555325
pocket,fade,ALL,3.0,2.0,24,1673,-0.0752850656742133,39.50986252241482,1166,-0.03029315584845445,42.19554030874786,0.852926357441349
pocket,fade,noSweep,3.0,2.0,288,1584,-0.07530610577807718,39.26767676767677,1104,-0.02650733770681618,40.94202898550724,0.8871318455430395
flip,cont,sweep,2.0,2.0,24,111,-0.07537038524925337,47.74774774774775,83,-0.024675172380198923,45.78313253012048,0.856794492687217
flip,fade,bigDisp,4.0,2.0,96,1651,-0.0753977912039964,31.43549364021805,1112,-0.04963896148604823,32.73381294964029,0.8122972251967228
pocket,fade,noSweep,3.0,1.5,96,1584,-0.0756088243395506,32.44949494949495,1104,-0.02490000864583104,35.05434782608695,0.8758571926330807
pocket,fade,bigDisp,4.0,1.0,24,1215,-0.07563354031316982,21.39917695473251,887,-0.03588640757925055,23.337091319052988,0.7845036977694195
pocket,fade,structAgainst,3.0,3.0,288,493,-0.07565394720527789,49.49290060851927,337,-0.035354858568114225,50.74183976261127,0.8768198446785326
pocket,fade,noBOS,3.0,1.0,24,1671,-0.07578285434199304,24.236983842010773,1162,-0.03216253444736004,28.055077452667813,0.7927835092495883
pocket,fade,ALL,2.0,2.0,288,1673,-0.0758956471452468,49.01374775851763,1166,-0.02605466644660118,50.42881646655232,0.8650294892587543
pocket,fade,ALL,3.0,1.0,24,1673,-0.07589730855637059,24.208009563658102,1166,-0.03199662702439475,28.130360205831906,0.7938003630480616
flip,cont,sweep,1.0,2.0,24,111,-0.07590276681017133,59.45945945945946,83,-0.0665921035568956,56.62650602409639,0.5377801819495271
flip,cont,sweep,1.0,2.0,96,111,-0.07590276681017133,59.45945945945946,83,-0.07033848075419391,56.62650602409639,0.524150267144235
flip,cont,sweep,1.0,2.0,288,111,-0.07590276681017133,59.45945945945946,83,-0.07033848075419391,56.62650602409639,0.524150267144235
pocket,fade,structAgainst,3.0,3.0,96,493,-0.07590388574441756,48.88438133874239,337,-0.03305001791802555,50.74183976261127,0.8818770995671613
flip,cont,structAgainst,4.0,1.5,288,331,-0.0759495465960161,24.47129909365559,227,-0.017156253939507485,29.515418502202646,0.9226229651946355
flip,cont,structAgainst,4.0,1.5,96,331,-0.0759495465960161,24.47129909365559,227,-0.017156253939507485,29.515418502202646,0.9226229651946355
pocket,fade,structAlign,2.0,1.5,24,411,-0.07595624929026454,41.3625304136253,323,-0.028830043092664803,44.58204334365325,0.8286546728094755
pocket,fade,ALL,3.0,1.5,288,1673,-0.07600514925841288,32.157800358637175,1166,-0.02794428813991338,34.6483704974271,0.8618711648568177
pocket,fade,noBOS,2.0,2.0,288,1671,-0.07602570091618134,49.012567324955114,1162,-0.026715021340408585,50.34423407917383,0.8618602748414163
pocket,fade,bigDisp,4.0,3.0,24,1215,-0.07602959438193432,41.56378600823045,887,-0.03168170293851833,43.63021420518602,0.8766501375350004
flip,cont,noBOS,4.0,1.0,96,131,-0.07604076066415712,14.50381679389313,80,0.05266662243551956,26.25,1.322651807761677
flip,cont,posHigh,3.0,1.0,96,900,-0.07608685546597416,22.333333333333332,619,-0.04936179375518196,23.101777059773827,0.7060611971446571
flip,fade,BOS+bigDisp,4.0,2.0,96,1566,-0.0761593776499363,31.226053639846747,1059,-0.042983446673446765,33.23890462700661,0.8353057380165534
pocket,fade,bigDisp,4.0,1.5,288,1215,-0.07618160829968929,26.502057613168724,887,-0.020173015342995128,28.97406989853439,0.9084640539615216
pocket,fade,noBOS,3.0,1.5,288,1671,-0.07626428488503097,32.13644524236984,1162,-0.02917418704099631,34.50946643717728,0.8561140394724712
flip,cont,posHigh,3.0,1.0,288,900,-0.0762839332018942,22.333333333333332,619,-0.04936179375518196,23.101777059773827,0.7060611971446571
flip,cont,sweep,2.0,1.5,24,111,-0.07644300023548639,41.44144144144144,83,-0.04718364089318109,38.55421686746988,0.7202492636666011
pocket,fade,ALL,4.0,1.5,24,1673,-0.07659847795002483,30.723251643753734,1166,-0.034938094183412954,32.16123499142367,0.8225891164528185
pocket,fade,noBOS,4.0,1.5,24,1671,-0.0766243235463348,30.700179533213646,1162,-0.03668548758601416,32.01376936316696,0.8141263108478111
pocket,fade,noSweep,3.0,1.5,288,1584,-0.07674454593391546,32.26010101010101,1104,-0.024317053825835187,35.05434782608695,0.8791833465476114
flip,fade,BOS+struct,4.0,3.0,96,648,-0.0768033090189406,41.2037037037037,463,-0.00875760490180612,46.220302375809936,0.9704221429674631
pocket,fade,ALL,3.0,2.0,96,1673,-0.07682330824990033,38.97190675433354,1166,-0.03296221094222916,40.308747855917666,0.8599974389852956
pocket,fade,noSweep,3.0,1.0,24,1584,-0.07697587246970287,24.116161616161616,1104,-0.031060731032573785,28.26086956521739,0.8001428258258119
pocket,fade,noBOS,3.0,2.0,96,1671,-0.07705495463969388,38.95870736086176,1162,-0.03413976339590984,40.18932874354561,0.8553017381138532
pocket,fade,noSweep,4.0,2.0,24,1584,-0.07707082782861963,36.30050505050505,1104,-0.029091083495333146,38.04347826086957,0.8670311542249137
pocket,fade,noBOS,4.0,2.0,24,1671,-0.07709970672985117,36.20586475164572,1162,-0.035716013109605024,37.34939759036144,0.8379172284850258
pocket,fade,ALL,4.0,2.0,24,1673,-0.07710172728198697,36.22235505080693,1166,-0.03404132653461644,37.478559176672384,0.8452051439014698
flip,cont,structAgainst,3.0,1.0,288,331,-0.0771938988843217,22.356495468277945,227,-0.04133702676441987,24.229074889867842,0.7539125849033551
flip,cont,structAgainst,3.0,1.0,96,331,-0.0771938988843217,22.356495468277945,227,-0.04133702676441987,24.229074889867842,0.7539125849033551
pocket,fade,bigDisp,4.0,1.5,96,1215,-0.07734726759930442,26.666666666666668,887,-0.021608473295170353,29.086809470124013,0.9014565663100366
flip,cont,noBOS,4.0,1.0,288,131,-0.07739472984223365,14.50381679389313,80,0.05266662243551956,26.25,1.322651807761677
flip,cont,sweep,2.0,2.0,288,111,-0.07742727900209309,48.64864864864865,83,-0.024015757471522615,45.78313253012048,0.8658764074193613
flip,cont,sweep,2.0,2.0,96,111,-0.07742727900209309,48.64864864864865,83,-0.024015757471522615,45.78313253012048,0.8658764074193613
pocket,fade,noBOS,3.0,1.0,96,1671,-0.07755723335914089,22.740873728306404,1162,-0.03204926510107749,25.903614457831324,0.8027329643065306
pocket,fade,structAlign,3.0,2.0,96,411,-0.0775938560017534,40.632603406326034,323,-0.018112232694994294,41.48606811145511,0.921652948493702
pocket,fade,sweep,4.0,2.0,24,89,-0.0776516681149519,34.831460674157306,62,-0.12218758968572538,27.419354838709676,0.4910065471178297
flip,cont,noBOS,4.0,1.5,24,131,-0.07766487273691873,24.427480916030532,80,0.014972993951281838,37.5,1.0789247403692195
pocket,fade,ALL,3.0,1.0,96,1673,-0.07766956637923614,22.713687985654513,1166,-0.03188374625219893,25.986277873070325,0.8036743328883487
pocket,fade,bigDisp,4.0,2.0,96,1215,-0.07776599391856717,32.34567901234568,887,-0.03134805388594828,34.2728297632469,0.8803062992819499
pocket,fade,noBOS,3.0,1.0,288,1671,-0.07783021279257833,22.621184919210055,1162,-0.03200077594680517,25.903614457831324,0.8033956222424308
pocket,fade,noSweep,4.0,1.5,24,1584,-0.07793679376452316,30.7449494949495,1104,-0.030898865486517844,32.69927536231884,0.8423488098250141
pocket,fade,ALL,3.0,1.0,288,1673,-0.07794221947742737,22.594142259414227,1166,-0.03183542344150903,25.986277873070325,0.8043332464416709
pocket,fade,structAlign,2.0,1.5,96,411,-0.07805488958335849,42.579075425790755,323,-0.026936416707839573,44.27244582043344,0.8433240916103322
pocket,fade,structAlign,2.0,1.5,288,411,-0.07805488958335849,42.579075425790755,323,-0.026936416707839573,44.27244582043344,0.8433240916103322
flip,fade,structAlign,4.0,1.5,288,718,-0.07808479922233072,25.20891364902507,499,-0.022582057828545034,28.65731462925852,0.8962549722558648
pocket,fade,ALL,3.0,2.0,288,1673,-0.07829671722588234,38.85236102809325,1166,-0.0319472209200841,40.39451114922813,0.865111532638087
pocket,fade,sweep,3.0,1.5,24,89,-0.07849103858459852,31.46067415730337,62,-0.08167111247320817,29.03225806451613,0.5872121637697165
pocket,fade,noBOS,3.0,2.0,288,1671,-0.07853012712133237,38.839018551765406,1162,-0.03312127943220835,40.27538726333907,0.8604504010278246
pocket,fade,ALL,4.0,1.5,288,1673,-0.07873608340018595,26.300059772863122,1166,-0.03106946177230623,27.70154373927959,0.8607050575706058
flip,cont,posHigh,3.0,1.5,288,900,-0.07875405205652392,31.555555555555554,619,-0.052581452214443,31.663974151857836,0.7511583420281271
pocket,fade,structAlign,2.0,2.0,96,411,-0.07882034727317558,50.60827250608273,323,-0.03132473275443288,49.84520123839009,0.8408525688592
pocket,fade,noSweep,3.0,1.0,96,1584,-0.07885814306197218,22.664141414141415,1104,-0.030720368538798535,26.17753623188406,0.8106846272898528
pocket,fade,ALL,4.0,1.5,96,1673,-0.07899094576506649,26.539151225343694,1166,-0.0316438114485945,27.958833619210978,0.8569710962229153
pocket,fade,noBOS,4.0,1.5,288,1671,-0.07909896996168593,26.271693596648717,1162,-0.03280353802375043,27.538726333907054,0.8532756452086289
pocket,fade,sweep,3.0,3.0,24,89,-0.0791367081890987,43.82022471910113,62,-0.13177101189119653,38.70967741935484,0.525323285503235
pocket,fade,noSweep,3.0,1.0,288,1584,-0.07914611568398856,22.53787878787879,1104,-0.030669331947073518,26.17753623188406,0.8113673773453395
pocket,fade,noBOS,4.0,1.5,96,1671,-0.07935413736829583,26.511071214841415,1162,-0.03337986480735812,27.796901893287433,0.8494768289173891
pocket,fade,noBOS,3.0,3.0,24,1671,-0.0795177333772708,44.703770197486534,1162,-0.03433125209019214,48.10671256454389,0.8505981690709719
pocket,fade,ALL,3.0,3.0,24,1673,-0.07957373217934005,44.7101016138673,1166,-0.033291804757784364,48.19897084048028,0.8549083729980504
pocket,fade,noSweep,3.0,3.0,24,1584,-0.07959828718889275,44.76010101010101,1104,-0.027761269574567374,48.731884057971016,0.8775686598254469
pocket,fade,structAgainst,2.0,1.0,24,493,-0.0797104054358978,30.223123732251523,337,-0.008504227104145464,38.57566765578635,0.9354151884997354
flip,fade,structAlign,4.0,1.5,96,718,-0.07982263231982899,25.348189415041784,499,-0.025108156843393948,29.258517034068138,0.8833210057265083
pocket,fade,posHigh,2.0,1.5,24,543,-0.0798504693736946,42.173112338858196,370,-0.01419140330415322,43.78378378378379,0.9128650142033204
pocket,fade,structAlign,3.0,1.5,96,411,-0.0799479022343905,33.09002433090024,323,-0.009926066767814486,36.22291021671827,0.949339664258076
pocket,fade,noBOS,4.0,3.0,24,1671,-0.08036047182584245,41.53201675643327,1162,-0.03749708916721557,43.373493975903614,0.8481958817682059
flip,cont,structAgainst,4.0,1.0,288,331,-0.08040178804036399,17.522658610271904,227,-0.03293360854036356,20.704845814977972,0.8137184400104468
flip,cont,structAgainst,4.0,1.0,96,331,-0.08040178804036399,17.522658610271904,227,-0.03293360854036356,20.704845814977972,0.8137184400104468
pocket,fade,ALL,4.0,3.0,24,1673,-0.08041546317011306,41.5421398684997,1166,-0.03595505458360855,43.4819897084048,0.8542044935665171
pocket,fade,noBOS,4.0,1.0,288,1671,-0.08042435531002023,18.0131657690006,1162,-0.03376802570724113,20.395869191049915,0.8067443880545424
pocket,fade,ALL,4.0,1.0,288,1673,-0.0805332608083571,17.99163179916318,1166,-0.033390789877260886,20.497427101200685,0.8087871641059208
pocket,fade,noBOS,4.0,1.0,96,1671,-0.0806119764438139,18.192698982645123,1162,-0.03334142808332687,20.567986230636834,0.8082292300939987
flip,cont,sweep,4.0,1.0,96,111,-0.0807184798960382,19.81981981981982,83,-0.03618575797477605,16.867469879518072,0.7803995747703512
flip,cont,sweep,4.0,1.0,288,111,-0.0807184798960382,19.81981981981982,83,-0.03618575797477605,16.867469879518072,0.7803995747703512
pocket,fade,ALL,4.0,1.0,96,1673,-0.0807206576491038,18.17095038852361,1166,-0.03296565571003245,20.668953687821613,0.810278002634834
pocket,fade,ALL,2.0,3.0,96,1673,-0.08092639700865958,58.69695158398087,1166,-0.03318230781724172,60.12006861063465,0.8533538485924452
pocket,fade,noBOS,2.0,3.0,96,1671,-0.08100553506103837,58.707360861759426,1162,-0.03372795878617926,60.06884681583477,0.8511573438617243
flip,fade,sweep,3.0,1.0,96,111,-0.08106134823399942,21.62162162162162,83,-0.05652523869522148,27.710843373493976,0.6401240919895104
flip,fade,sweep,3.0,1.0,288,111,-0.08106134823399942,21.62162162162162,83,-0.05652523869522148,27.710843373493976,0.6401240919895104
pocket,fade,posHigh,2.0,1.5,96,543,-0.08107044657974731,42.7255985267035,370,-0.014782652776307283,43.513513513513516,0.9138318539980755
pocket,fade,posHigh,2.0,1.5,288,543,-0.08107044657974731,42.7255985267035,370,-0.014782652776307283,43.513513513513516,0.9138318539980755
flip,fade,noBOS,1.0,1.0,24,131,-0.08122637731822917,45.038167938931295,80,-0.04285089611928037,50.0,0.6310418809709535
flip,fade,noBOS,1.0,1.0,288,131,-0.08122637731822917,45.038167938931295,80,-0.04285089611928037,50.0,0.6310418809709535
flip,fade,noBOS,1.0,1.0,96,131,-0.08122637731822917,45.038167938931295,80,-0.04285089611928037,50.0,0.6310418809709535
flip,fade,sweep,3.0,1.0,24,111,-0.0812452624844641,22.52252252252252,83,-0.0473406798731607,28.915662650602407,0.6841565001755366
pocket,fade,bigDisp,4.0,2.0,288,1215,-0.08126802646036509,31.604938271604937,887,-0.0320173513253203,34.04735062006765,0.8791629517208046
pocket,fade,posLow,3.0,1.0,24,553,-0.08132777178212426,21.880650994575046,350,-0.02373663754645603,29.714285714285715,0.8398040015606429
pocket,fade,noBOS,4.0,1.0,24,1671,-0.08138624633018625,21.364452423698385,1162,-0.037416319700981936,23.752151462994835,0.7708596661384819
pocket,fade,structAlign,3.0,1.5,288,411,-0.08139587231707994,32.846715328467155,323,-0.010285037699843711,36.22291021671827,0.9477147062070412
pocket,fade,ALL,4.0,1.0,24,1673,-0.08149400192891743,21.338912133891213,1166,-0.03702656828268698,23.842195540308747,0.77315360387206
pocket,fade,noSweep,4.0,3.0,24,1584,-0.08154314763992086,41.54040404040404,1104,-0.028769647627279706,44.11231884057971,0.8817649960615307
pocket,fade,structAlign,2.0,2.0,288,411,-0.0816459536636169,50.36496350364964,323,-0.03132473275443288,49.84520123839009,0.8408525688592
pocket,fade,ALL,4.0,2.0,288,1673,-0.08177508199867987,31.85893604303646,1166,-0.039254701324786756,33.0188679245283,0.8527835948306636
pocket,fade,structAlign,3.0,3.0,24,411,-0.0818891348992047,46.228710462287104,323,-0.05360217474225427,46.43962848297213,0.7867033158116375
pocket,fade,posLow,3.0,1.0,96,553,-0.08196788370698632,20.61482820976492,350,-0.025388649928835605,28.285714285714285,0.8349396272624696
pocket,fade,structAgainst,2.0,1.0,288,493,-0.08199398918972144,30.02028397565923,337,-0.013264656543706885,36.795252225519285,0.9031478955297795
pocket,fade,structAgainst,2.0,1.0,96,493,-0.08199398918972144,30.02028397565923,337,-0.013264656543706885,36.795252225519285,0.9031478955297795
pocket,fade,noBOS,4.0,2.0,288,1671,-0.08211313741983287,31.837223219628964,1162,-0.040947334112478175,32.87435456110155,0.8467833636267823
pocket,fade,noSweep,4.0,1.5,96,1584,-0.0821402606480811,26.515151515151516,1104,-0.028110216447044197,28.351449275362317,0.8724489152770714
pocket,fade,noSweep,4.0,1.5,288,1584,-0.08222496438599358,26.262626262626267,1104,-0.027503611625891915,28.07971014492754,0.8762730620735142
pocket,fade,posHigh,2.0,1.0,24,543,-0.08228059674803984,31.123388581952117,370,-0.045043713353172886,31.62162162162162,0.7003957733315279
pocket,fade,noSweep,4.0,2.0,288,1584,-0.0823310709818169,32.00757575757576,1104,-0.033721073724049345,33.51449275362319,0.8728451440097136
pocket,fade,structAlign,3.0,2.0,288,411,-0.08234260415329596,40.14598540145985,323,-0.01874322897778863,41.48606811145511,0.9192894658814423
pocket,fade,noSweep,2.0,3.0,96,1584,-0.08239759103001905,58.838383838383834,1104,-0.02956614333562792,60.507246376811594,0.8682320655634604
pocket,fade,noSweep,4.0,1.0,288,1584,-0.08250587349060673,17.929292929292927,1104,-0.03210870530055661,20.742753623188406,0.8160402809406033
flip,fade,noBOS,3.0,1.5,96,131,-0.08261434493612352,33.587786259541986,80,-0.1541899546262457,21.25,0.4067178377501613
flip,fade,noBOS,3.0,1.5,288,131,-0.08261434493612352,33.587786259541986,80,-0.1541899546262457,21.25,0.4067178377501613
flip,fade,noBOS,1.0,2.0,96,131,-0.0826228605955167,62.59541984732825,80,-0.07337358216891424,61.25000000000001,0.5531056240496779
flip,fade,noBOS,1.0,2.0,24,131,-0.0826228605955167,62.59541984732825,80,-0.07189394751159531,60.0,0.549530735447228
flip,fade,noBOS,1.0,2.0,288,131,-0.0826228605955167,62.59541984732825,80,-0.07337358216891424,61.25000000000001,0.5531056240496779
pocket,fade,posLow,3.0,1.0,288,553,-0.08268073737584204,20.43399638336347,350,-0.025147427585942076,28.285714285714285,0.837073383537738
pocket,fade,noSweep,4.0,1.0,96,1584,-0.0827037995730368,18.11868686868687,1104,-0.03165969584495121,20.92391304347826,0.8176543743162228
pocket,fade,noSweep,4.0,2.0,96,1584,-0.08282019102875841,32.44949494949495,1104,-0.03354640997088498,33.78623188405797,0.8715448532233606
pocket,fade,ALL,4.0,2.0,96,1673,-0.08295721386345312,32.277346084877465,1166,-0.039257022528923664,33.27615780445969,0.8506298753174849
flip,fade,sweep,4.0,3.0,24,111,-0.08301478233748426,45.94594594594595,83,-0.039492353819498484,48.19277108433735,0.8438117338535865
pocket,cont,sweep,3.0,1.5,96,89,-0.08313704576733136,31.46067415730337,62,0.019525057936654166,41.935483870967744,1.1099682130876174
pocket,cont,sweep,3.0,1.5,288,89,-0.08313704576733136,31.46067415730337,62,0.019525057936654166,41.935483870967744,1.1099682130876174
pocket,fade,structAlign,3.0,2.0,24,411,-0.08316562575957571,39.65936739659367,323,-0.025853992759485755,42.10526315789473,0.8771365441738093
pocket,fade,noBOS,4.0,2.0,96,1671,-0.08329668416415702,32.25613405146619,1162,-0.04094966330699076,33.13253012048193,0.8445395607624369
pocket,fade,structAlign,3.0,3.0,96,411,-0.0835224046247221,50.60827250608273,323,-0.04001917517017266,50.464396284829725,0.8600913080063977
pocket,fade,ALL,2.0,3.0,288,1673,-0.08362791496651878,58.876270173341304,1166,-0.03159769278758144,60.2058319039451,0.8606873411072693
pocket,fade,noBOS,2.0,3.0,288,1671,-0.08371028643356881,58.88689407540395,1162,-0.03213788897156319,60.15490533562823,0.8585106422075673
pocket,fade,sweep,2.0,2.0,24,89,-0.08378399454735111,44.9438202247191,62,-0.04259942545403968,45.16129032258064,0.7722522519046419
flip,cont,sweep,3.0,1.5,96,111,-0.08400068315591441,32.432432432432435,83,-0.05734238540320573,28.915662650602407,0.71268014004936
flip,cont,sweep,3.0,1.5,288,111,-0.08400068315591441,32.432432432432435,83,-0.05734238540320573,28.915662650602407,0.71268014004936
pocket,fade,noSweep,4.0,1.0,24,1584,-0.0840697934709813,21.148989898989896,1104,-0.035199803774438064,24.094202898550723,0.7844172804480751
pocket,fade,structAgainst,1.0,3.0,24,493,-0.08408141988379705,69.1683569979716,337,-0.03208265501742052,72.10682492581603,0.756095182599292
flip,cont,structAgainst,2.0,3.0,24,331,-0.0843986676156354,53.776435045317214,227,-0.0432982478063598,55.50660792951542,0.8043950961910893
flip,cont,sweep,2.0,1.5,96,111,-0.08478933010259156,40.54054054054054,83,-0.051228111951978524,37.34939759036144,0.7014877083281227
flip,cont,sweep,2.0,1.5,288,111,-0.08478933010259156,40.54054054054054,83,-0.051228111951978524,37.34939759036144,0.7014877083281227
pocket,fade,noSweep,2.0,3.0,288,1584,-0.08503354759513532,58.964646464646464,1104,-0.02810317969529257,60.597826086956516,0.8750676880249751
flip,fade,noBOS,1.0,1.5,288,131,-0.08524195161682675,55.72519083969466,80,-0.05220093168677622,57.49999999999999,0.6219196741872826
flip,fade,noBOS,1.0,1.5,96,131,-0.08524195161682675,55.72519083969466,80,-0.05220093168677622,57.49999999999999,0.6219196741872826
flip,fade,noBOS,1.0,1.5,24,131,-0.08524195161682675,55.72519083969466,80,-0.04930899407855537,57.49999999999999,0.6352249002219441
pocket,fade,sweep,4.0,2.0,96,89,-0.08539591240453653,29.213483146067414,62,-0.140942768723677,24.193548387096776,0.5180683964957311
pocket,fade,posHigh,2.0,1.0,96,543,-0.08546422882665773,30.755064456721914,370,-0.04814884271830566,30.54054054054054,0.6888898805161539
pocket,fade,posHigh,2.0,1.0,288,543,-0.08546422882665773,30.755064456721914,370,-0.04814884271830566,30.54054054054054,0.6888898805161539
flip,cont,structAgainst,4.0,2.0,24,331,-0.08563928170266207,32.3262839879154,227,-0.0064159896496098845,38.32599118942731,0.9719970171633447
pocket,cont,sweep,4.0,1.0,24,89,-0.08568439388398234,25.842696629213485,62,-0.03818610054282226,25.806451612903224,0.7570572041628326
flip,fade,BOS+struct,4.0,1.5,288,648,-0.08593645352261683,24.382716049382715,463,-0.007388198459121143,29.589632829373652,0.9650350812377736
pocket,fade,bigDisp,3.0,3.0,288,1215,-0.08615501357691312,48.148148148148145,887,-0.03271689490807972,51.29650507328072,0.8857687277580004
pocket,fade,posHigh,4.0,1.5,96,543,-0.08659665483651066,27.071823204419886,370,-0.014737180469733059,27.837837837837835,0.9337678231203054
pocket,fade,posHigh,1.0,2.0,24,543,-0.0868289560303175,61.87845303867403,370,-0.028436155025256798,64.5945945945946,0.7738420367940186
flip,fade,sweep,3.0,2.0,24,111,-0.08702670283742926,40.54054054054054,83,-0.07531002930061982,42.168674698795186,0.6589745922589784
pocket,fade,bigDisp,3.0,3.0,96,1215,-0.08718003996220863,47.983539094650205,887,-0.03162180641621307,51.40924464487034,0.8875870760290528
flip,cont,sweep,4.0,1.0,24,111,-0.08752471105778988,19.81981981981982,83,-0.02441181828235179,20.481927710843372,0.842749779190921
pocket,fade,posHigh,1.0,2.0,96,543,-0.08767592759695168,62.246777163904234,370,-0.023271667495175216,67.02702702702703,0.8156102289835545
pocket,fade,posHigh,1.0,2.0,288,543,-0.08767592759695168,62.246777163904234,370,-0.023271667495175216,67.02702702702703,0.8156102289835545
pocket,fade,posLow,4.0,1.0,24,553,-0.08772638600780333,18.806509945750452,350,-0.03827147276003675,24.285714285714285,0.7589638228476343
flip,fade,BOS+struct,4.0,1.5,96,648,-0.0878620155041041,24.537037037037038,463,-0.011821361141689503,30.021598272138228,0.9435754265663026
pocket,fade,posHigh,4.0,1.5,288,543,-0.087895522059635,26.887661141804784,370,-0.009387939769417333,27.837837837837835,0.9580629953925331
pocket,fade,posHigh,3.0,1.5,96,543,-0.08829447551725847,33.33333333333333,370,-0.02183717275090036,33.513513513513516,0.8938098405957695
pocket,fade,structAlign,4.0,2.0,96,411,-0.08902988894991909,33.57664233576642,323,-0.012068394538641336,35.60371517027864,0.952643563170988
flip,fade,sweep,1.0,1.0,288,111,-0.08917762250433961,39.63963963963964,83,-0.05780443927405692,48.19277108433735,0.4852963675826393
flip,fade,sweep,1.0,1.0,96,111,-0.08917762250433961,39.63963963963964,83,-0.05780443927405692,48.19277108433735,0.4852963675826393
flip,fade,sweep,1.0,1.0,24,111,-0.08917762250433961,39.63963963963964,83,-0.05780443927405692,48.19277108433735,0.4852963675826393
pocket,fade,structAlign,3.0,1.5,24,411,-0.08936347322908299,33.09002433090024,323,-0.01605568132973233,38.39009287925697,0.9126339866048069
pocket,fade,noSweep,3.0,3.0,288,1584,-0.08941632210479257,48.80050505050505,1104,-0.026798550544887115,51.358695652173914,0.9052962856022028
pocket,fade,posHigh,3.0,1.5,24,543,-0.08947367652561095,35.727440147329645,370,-0.01808652321836145,37.027027027027025,0.9007606107075745
pocket,fade,posHigh,3.0,1.5,288,543,-0.08956959244239632,33.33333333333333,370,-0.019218361230591025,33.78378378378378,0.9066871088668361
flip,cont,noBOS,3.0,1.5,96,131,-0.08956962592657433,25.190839694656486,80,0.04425642819356463,41.25,1.2382652985009337
pocket,fade,structAlign,3.0,1.0,288,411,-0.08990659962196296,22.62773722627737,323,-0.041452932246302615,24.76780185758514,0.7507103230008728
pocket,fade,structAlign,3.0,1.0,96,411,-0.08990659962196296,22.62773722627737,323,-0.04136598666503849,24.76780185758514,0.750476552248171
flip,cont,structAgainst,4.0,2.0,288,331,-0.09053232844550367,31.419939577039273,227,-0.00851785382613516,36.12334801762114,0.9671387484565099
pocket,fade,structAlign,4.0,3.0,24,411,-0.0910775517231191,42.092457420924575,323,-0.05394942653954235,41.795665634674926,0.7968532731449737
pocket,fade,structAgainst,2.0,3.0,24,493,-0.09113512111161837,51.3184584178499,337,-0.0006020618587388671,57.566765578635014,0.9965542077910451
pocket,fade,structAlign,4.0,2.0,24,411,-0.09113716441344566,35.27980535279806,323,-0.02608592924438465,37.77089783281733,0.8824465001655498
pocket,fade,structAlign,3.0,3.0,288,411,-0.09114827285292519,50.121654501216554,323,-0.0475719592477869,49.53560371517028,0.8387995517881301
pocket,fade,noSweep,3.0,3.0,96,1584,-0.09120954232729962,48.484848484848484,1104,-0.026190553738016244,51.449275362318836,0.9050196353529768
flip,cont,noBOS,3.0,1.5,288,131,-0.09184752972904582,25.190839694656486,80,0.04425642819356463,41.25,1.2382652985009337
pocket,fade,posHigh,3.0,1.0,24,543,-0.09188484319266238,25.04604051565378,370,-0.04959240265741648,25.135135135135133,0.6968569457111317
pocket,fade,structAlign,4.0,2.0,288,411,-0.0922028755385609,32.60340632603406,323,-0.013533007654008786,35.294117647058826,0.947654452141898
flip,cont,structAgainst,2.0,3.0,96,331,-0.09224486039556266,55.89123867069487,227,-0.030110714697558837,59.03083700440529,0.8679469541697833
pocket,fade,posHigh,1.0,3.0,96,543,-0.09280487362044958,69.9815837937385,370,-0.020512813520209238,75.67567567567568,0.8474825320769133
pocket,fade,posHigh,1.0,3.0,288,543,-0.09280487362044958,69.9815837937385,370,-0.021811607367815355,75.67567567567568,0.8393768130508296
flip,cont,structAgainst,4.0,2.0,96,331,-0.09300589817517674,31.419939577039273,227,-0.006025776765143959,36.12334801762114,0.9765273257268421
pocket,fade,ALL,3.0,3.0,288,1673,-0.09327355329926529,48.35624626419606,1166,-0.03584898110130122,50.60034305317325,0.8752339894220137
pocket,fade,noBOS,3.0,3.0,288,1671,-0.09346795182829594,48.35427887492519,1162,-0.036897231106147954,50.51635111876076,0.8718252666325437
pocket,fade,structAlign,4.0,3.0,96,411,-0.09356178907887819,43.552311435523116,323,-0.03063964033998128,45.20123839009288,0.9032469670494062
pocket,fade,bigDisp,4.0,3.0,288,1215,-0.09371338864203323,40.74074074074074,887,-0.039504703315006245,43.63021420518602,0.8807719379626912
pocket,fade,ALL,3.0,3.0,96,1673,-0.09378079409551707,48.11715481171548,1166,-0.035671328770849046,50.686106346483704,0.872824229455786
pocket,fade,noBOS,3.0,3.0,96,1671,-0.09397579973501603,48.114901256732495,1162,-0.036718967235831915,50.602409638554214,0.8693283544289543
pocket,fade,structAlign,3.0,1.0,24,411,-0.09418477876987155,23.600973236009732,323,-0.04697671916994592,26.006191950464398,0.7116008341765836
pocket,fade,posHigh,4.0,1.5,24,543,-0.09442234433901349,31.675874769797424,370,-0.015831973501679367,33.24324324324324,0.9174781674689679
flip,cont,sweep,3.0,2.0,24,111,-0.09471632420892577,37.83783783783784,83,-0.0408094623570611,36.144578313253014,0.8005811502549715
pocket,fade,posLow,4.0,1.0,96,553,-0.09580183112302712,15.551537070524413,350,-0.04040107929768832,21.142857142857142,0.7609003594675432
pocket,fade,bigDisp,4.0,3.0,96,1215,-0.09604470633773123,41.06995884773663,887,-0.035843855701890436,44.306651634723785,0.8880927740737647
pocket,fade,noSweep,4.0,3.0,288,1584,-0.09641243273512969,41.47727272727273,1104,-0.039532559024570285,43.47826086956522,0.8805231613276695
pocket,fade,structAgainst,1.0,3.0,96,493,-0.09649131077506856,72.41379310344827,337,-0.0385415213534326,75.07418397626114,0.7323920956358001
pocket,fade,structAgainst,1.0,3.0,288,493,-0.09649131077506856,72.41379310344827,337,-0.03816052967014822,75.37091988130564,0.7352412864384389
pocket,fade,posLow,4.0,1.0,288,553,-0.09651468479188283,15.370705244122965,350,-0.04155778700518922,20.857142857142858,0.7554983548006858
pocket,fade,posHigh,3.0,1.0,96,543,-0.0972189368385856,23.02025782688766,370,-0.052847031636833255,22.162162162162165,0.6959571033238409
flip,cont,structAgainst,2.0,3.0,288,331,-0.09737893040642848,55.89123867069487,227,-0.03173293136091113,59.471365638766514,0.8626198054737988
pocket,fade,structAgainst,2.0,3.0,288,493,-0.09739577030884682,58.21501014198783,337,-0.007409142153929277,62.31454005934718,0.9650489248579197
pocket,fade,posHigh,2.0,3.0,24,543,-0.09756002127426491,51.01289134438306,370,0.006252443825637858,56.486486486486484,1.034910545612545
flip,cont,sweep,3.0,1.0,96,111,-0.09762804232019426,22.52252252252252,83,-0.010632252528184756,26.506024096385545,0.9272149259809145
flip,cont,sweep,3.0,1.0,288,111,-0.09762804232019426,22.52252252252252,83,-0.010632252528184756,26.506024096385545,0.9272149259809145
pocket,fade,posHigh,3.0,1.0,288,543,-0.09769441547521457,23.02025782688766,370,-0.05328721343578963,22.162162162162165,0.6941990568020593
pocket,fade,structAgainst,2.0,3.0,96,493,-0.09803867907638894,57.809330628803245,337,-0.004982839700809981,62.31454005934718,0.9761486498625291
pocket,fade,ALL,4.0,3.0,288,1673,-0.0981308932006792,41.123729826658696,1166,-0.04837208264386537,42.7958833619211,0.8552737921684074
flip,fade,noBOS,4.0,2.0,288,131,-0.09839341821052112,32.82442748091603,80,-0.19880613500079977,20.0,0.4130464317718173
flip,fade,noBOS,4.0,2.0,96,131,-0.09839341821052112,32.82442748091603,80,-0.1937174067909282,21.25,0.4167210161883859
pocket,fade,noBOS,4.0,3.0,288,1671,-0.09843158773432203,41.11310592459605,1162,-0.049956860869676385,42.68502581755594,0.8508439065517583
pocket,cont,sweep,4.0,1.0,96,89,-0.09979441889163336,16.853932584269664,62,-0.012781790855936337,22.58064516129032,0.9218855769792849
flip,cont,noBOS,4.0,1.5,96,131,-0.10028013682952162,19.84732824427481,80,0.08565087017996094,37.5,1.4367138969784643
pocket,cont,sweep,4.0,1.5,24,89,-0.10034339269649564,34.831460674157306,62,-0.04734298383568875,33.87096774193548,0.7574386665948296
pocket,fade,structAlign,4.0,1.5,288,411,-0.10048301199819108,26.034063260340634,323,0.002235470041975823,30.65015479876161,1.010456417458126
pocket,fade,structAlign,4.0,1.0,288,411,-0.1007848679200951,17.51824817518248,323,-0.04391687073622446,19.814241486068113,0.7529164330506571
flip,cont,sweep,4.0,2.0,24,111,-0.10115347959219438,32.432432432432435,83,-0.04209978315873026,28.915662650602407,0.8046939133109011
pocket,fade,posHigh,4.0,1.0,288,543,-0.10119443062791995,18.23204419889503,370,-0.041217765351284255,18.37837837837838,0.7735408074603018
pocket,fade,structAlign,4.0,1.0,96,411,-0.10134412770122128,17.761557177615572,323,-0.04450860113892435,19.814241486068113,0.7488748435758695
pocket,fade,posHigh,4.0,1.0,96,543,-0.10178074882617227,18.41620626151013,370,-0.04197847579053522,18.37837837837838,0.7688021610539055
pocket,cont,sweep,4.0,1.0,288,89,-0.10213817951310182,15.730337078651685,62,-0.0066358151068368456,22.58064516129032,0.9594459904574353
flip,cont,noBOS,4.0,1.5,288,131,-0.10255804063199311,19.84732824427481,80,0.09385789175467538,37.5,1.4785595941319114
pocket,fade,structAlign,4.0,1.5,96,411,-0.10256587950732311,26.520681265206814,323,0.00037706439745391866,30.65015479876161,1.001770147104864
pocket,fade,posHigh,4.0,1.0,24,543,-0.10287974932182734,21.54696132596685,370,-0.04958104598253844,21.891891891891895,0.7076172966076639
pocket,fade,noSweep,4.0,3.0,96,1584,-0.10295247124491703,41.54040404040404,1104,-0.030594734238104746,44.474637681159415,0.9024445582444512
flip,cont,sweep,3.0,2.0,288,111,-0.10297019069751073,37.83783783783784,83,-0.05194891363737106,34.93975903614458,0.7733847816388876
flip,cont,sweep,3.0,2.0,96,111,-0.10297019069751073,37.83783783783784,83,-0.0473930864483784,36.144578313253014,0.790184761522271
flip,cont,sweep,3.0,1.0,24,111,-0.10309234000778877,21.62162162162162,83,-0.014755050439497298,27.710843373493976,0.8974996599408823
pocket,fade,structAlign,4.0,1.5,24,411,-0.10330511099916562,28.467153284671532,323,-0.018606821574271577,34.36532507739938,0.9038717982809288
pocket,fade,sweep,3.0,2.0,24,89,-0.10336324279632715,35.95505617977528,62,-0.09438314223097953,33.87096774193548,0.5707349791841431
pocket,fade,posHigh,2.0,2.0,24,543,-0.10337069984488874,46.224677716390424,370,0.006049842119349627,50.810810810810814,1.036608559861935
flip,cont,structAgainst,3.0,3.0,24,331,-0.10366705799877192,43.50453172205438,227,-0.020758029122651223,48.89867841409692,0.9159229583167173
flip,cont,sweep,4.0,2.0,96,111,-0.10401616342327587,32.432432432432435,83,-0.056164664393474936,28.915662650602407,0.7768629211374826
flip,cont,sweep,4.0,2.0,288,111,-0.10401616342327587,32.432432432432435,83,-0.05699306162198665,27.710843373493976,0.7765530690446121
pocket,fade,ALL,4.0,3.0,96,1673,-0.10409300056482122,41.18350268977884,1166,-0.04007720849571711,43.739279588336196,0.8739246922875551
pocket,fade,noBOS,4.0,3.0,96,1671,-0.10440083107376523,41.17295032914423,1162,-0.04163343293788562,43.631669535284,0.8692931309887554
pocket,fade,posHigh,4.0,2.0,288,543,-0.10471610205037614,31.675874769797424,370,0.0057131739875059566,34.054054054054056,1.0220016894751338
pocket,fade,posHigh,3.0,2.0,288,543,-0.10631357803341655,38.858195211786374,370,0.00042958391498297294,40.54054054054054,1.0018573536082835
pocket,cont,sweep,4.0,1.5,96,89,-0.10644347074531249,25.842696629213485,62,-0.0038284672030804855,33.87096774193548,0.9809679041493764
flip,fade,noBOS,4.0,2.0,24,131,-0.10646070469698717,35.87786259541985,80,-0.15978748643835078,25.0,0.40951368230645946
pocket,cont,sweep,4.0,1.5,288,89,-0.10878723136678094,24.719101123595504,62,0.007549700254696975,32.25806451612903,1.0369847991300432
pocket,fade,structAlign,4.0,1.0,24,411,-0.1091461725330355,19.708029197080293,323,-0.05582344439480625,21.981424148606813,0.6730109477834466
flip,cont,sweep,2.0,1.0,288,111,-0.10924017502390415,27.027027027027028,83,-0.026688490052418593,31.32530120481928,0.7997475719408502
flip,cont,sweep,2.0,1.0,24,111,-0.10924017502390415,27.027027027027028,83,-0.023466125462839122,32.53012048192771,0.821071554424975
flip,cont,sweep,2.0,1.0,96,111,-0.10924017502390415,27.027027027027028,83,-0.026688490052418593,31.32530120481928,0.7997475719408502
flip,cont,structAgainst,3.0,3.0,96,331,-0.11071556642234101,46.22356495468278,227,-0.01685232377873121,51.10132158590308,0.9394105260803571
pocket,fade,posHigh,2.0,2.0,288,543,-0.1107636393702912,47.51381215469613,370,0.011137311640264448,51.891891891891895,1.0618494074890104
pocket,fade,posHigh,2.0,2.0,96,543,-0.1107636393702912,47.51381215469613,370,0.011137311640264448,51.891891891891895,1.0618494074890104
pocket,fade,posHigh,3.0,2.0,96,543,-0.11150605823765228,38.67403314917127,370,-0.0008266933525175136,40.27027027027027,0.9963944959573598
flip,cont,structAgainst,3.0,3.0,288,331,-0.11281530575385022,46.82779456193353,227,-0.015168801053020287,51.541850220264315,0.9460388259026556
flip,cont,sweep,3.0,3.0,96,111,-0.11347478079066543,46.846846846846844,83,-0.041903839106160724,45.78313253012048,0.8444344602458033
pocket,fade,posHigh,3.0,2.0,24,543,-0.11446995754692336,39.59484346224678,370,-0.002834582541807503,43.513513513513516,0.9851588814745494
flip,fade,noBOS,3.0,2.0,288,131,-0.11503622659413383,38.16793893129771,80,-0.1729439006821572,26.25,0.44404137071933464
flip,fade,noBOS,3.0,2.0,96,131,-0.11503622659413383,38.16793893129771,80,-0.1729439006821572,26.25,0.44404137071933464
pocket,fade,posHigh,4.0,2.0,96,543,-0.11556608869284604,31.860036832412526,370,0.0012160559435426166,34.054054054054056,1.0047442436037144
pocket,fade,sweep,2.0,2.0,96,89,-0.11590909597376763,42.69662921348314,62,-0.049669747167825275,46.774193548387096,0.7496705481203028
pocket,fade,sweep,2.0,2.0,288,89,-0.11590909597376763,42.69662921348314,62,-0.04591895256050827,46.774193548387096,0.7685740942766884
flip,fade,noBOS,3.0,2.0,24,131,-0.11659401873005379,38.93129770992366,80,-0.14478756170594065,27.500000000000004,0.4513789695533285
pocket,fade,structAlign,4.0,3.0,288,411,-0.1195418509145568,41.605839416058394,323,-0.05160794481537125,42.72445820433436,0.8472043850119803
flip,cont,sweep,3.0,3.0,288,111,-0.11956177314446562,46.846846846846844,83,-0.047897861735655724,44.57831325301205,0.8252929725152548
flip,cont,structAgainst,4.0,3.0,24,331,-0.12103845127210311,37.46223564954683,227,-0.027643452417327186,42.731277533039645,0.8978438786841249
pocket,fade,posHigh,4.0,2.0,24,543,-0.1223420577764563,35.543278084714544,370,0.004719179307624321,40.0,1.0234257057544758
pocket,fade,sweep,4.0,3.0,96,89,-0.12439185947188,34.831460674157306,62,-0.20892642753449212,30.64516129032258,0.46960030737534636
pocket,fade,posHigh,3.0,3.0,24,543,-0.12497246745210756,43.83057090239411,370,-0.0015369938198922378,49.18918918918919,0.99268244308788
pocket,fade,sweep,3.0,2.0,96,89,-0.1269825305708864,32.58426966292135,62,-0.13629749390276133,30.64516129032258,0.4993996714678157
pocket,fade,sweep,4.0,3.0,288,89,-0.12871562777854914,34.831460674157306,62,-0.20577263225195858,30.64516129032258,0.4776068198505607
pocket,fade,posHigh,2.0,3.0,288,543,-0.1297002453774189,56.353591160220994,370,0.003949299147015805,61.08108108108108,1.0185522671246197
pocket,fade,posHigh,2.0,3.0,96,543,-0.1303452911340059,55.98526703499079,370,0.00724359285185178,61.35135135135135,1.0345385525913393
pocket,fade,sweep,3.0,2.0,288,89,-0.13152288052165065,31.46067415730337,62,-0.12881223813698375,30.64516129032258,0.5268918973936201
pocket,fade,posHigh,4.0,3.0,24,543,-0.1324236481532754,39.77900552486188,370,0.007523045905904642,45.94594594594595,1.033691142667793
pocket,fade,posHigh,3.0,3.0,288,543,-0.13572479257871745,47.697974217311234,370,-0.0027994747246951825,50.810810810810814,0.9900257673460332
flip,cont,sweep,4.0,3.0,96,111,-0.13722231998547404,41.44144144144144,83,-0.03615772057404742,39.75903614457831,0.8805038139141538
pocket,fade,sweep,3.0,3.0,96,89,-0.13954329747592667,41.57303370786517,62,-0.20449029064580723,37.096774193548384,0.43962271040976647
flip,cont,structAgainst,4.0,3.0,288,331,-0.14054040566411685,39.577039274924466,227,-0.034814939718604235,42.731277533039645,0.8951425833709843
pocket,fade,posHigh,3.0,3.0,96,543,-0.14284866251544567,47.14548802946593,370,-4.574130367860123e-05,50.810810810810814,0.9998295456298913
flip,cont,structAgainst,4.0,3.0,96,331,-0.1430764434048278,38.972809667673715,227,-0.03951877937411659,42.290748898678416,0.8783178028183196
pocket,fade,posHigh,4.0,3.0,288,543,-0.14734467575051138,40.147329650092075,370,0.0023702380022677643,44.32432432432433,1.007323481985543
pocket,fade,posHigh,4.0,3.0,96,543,-0.15243923980987545,40.147329650092075,370,0.007443029745615695,45.13513513513514,1.0245147392334408
flip,cont,sweep,4.0,3.0,288,111,-0.1589986561385155,40.54054054054054,83,-0.038424313243061475,38.55421686746988,0.8749946047561246
pocket,fade,sweep,3.0,3.0,288,89,-0.16192360062561081,40.44943820224719,62,-0.1970050348800297,37.096774193548384,0.4601350160291144
